row_id,n_tokens,suffix3,LABEL_ENC,TF-IDF+SVM__seed42,TF-IDF+LR__seed42,TF-IDF+RF__seed42,TF-IDF+SVM__seed7,TF-IDF+LR__seed7,TF-IDF+RF__seed7,TF-IDF+SVM__seed123,TF-IDF+LR__seed123,TF-IDF+RF__seed123,TF-IDF+SVM__seed2024,TF-IDF+LR__seed2024,TF-IDF+RF__seed2024,TF-IDF+SVM__seed777,TF-IDF+LR__seed777,TF-IDF+RF__seed777
1,3,dqi,0,0,0,0,0,0,0,0,0,0,0,0,0,0,0,0
2,2,ita,1,1,1,1,1,1,1,1,1,1,1,1,1,1,1,1
3,2,zah,1,1,1,1,1,1,1,1,1,1,1,1,1,1,1,1
4,2,iah,1,1,1,1,1,1,1,1,1,1,1,1,1,1,1,1
5,3,kim,0,0,0,0,0,0,0,0,0,0,0,0,0,0,0,0
6,3,yis,0,0,0,0,0,0,0,0,0,0,0,0,0,0,0,0
7,4,hra,1,1,1,1,1,1,1,1,1,1,1,1,1,1,1,1
8,3,aya,0,0,0,0,0,0,0,0,0,0,0,0,0,0,0,0
9,2,qis,1,1,1,1,1,1,1,1,1,1,1,1,1,1,1,1
10,4,ris,0,0,0,0,0,0,0,0,0,0,0,0,0,0,0,0
11,3,ati,1,1,1,1,1,1,1,1,1,1,1,1,1,1,1,1
12,3,yah,1,1,1,1,1,1,1,1,1,1,1,1,1,1,1,1
13,3,mad,0,0,0,0,0,0,0,0,0,0,0,0,0,0,0,0
14,3,yid,0,0,0,0,0,0,0,0,0,0,0,0,0,0,0,0
15,3,ari,0,0,0,1,0,0,1,0,0,1,0,0,1,0,0,1
16,3,rim,0,0,0,0,0,0,0,0,0,0,0,0,0,0,0,0
17,4,zqi,0,0,0,0,0,0,0,0,0,0,0,0,0,0,0,0
18,3,lam,0,0,0,0,0,0,0,0,0,0,0,0,0,0,0,0
19,4,aya,0,0,0,0,0,0,0,0,0,0,0,0,0,0,0,0
20,3,yah,0,0,0,0,0,0,0,0,0,0,0,0,0,0,0,0
21,2,uti,0,0,0,0,0,0,0,0,0,0,0,0,0,0,0,0
22,2,fin,0,0,0,0,0,0,0,0,0,0,0,0,0,0,0,0
23,3,kel,0,0,0,0,0,0,0,0,0,0,0,0,0,0,0,0
24,3,adi,0,0,0,0,0,0,0,0,0,0,0,0,0,0,0,0
25,3,ani,0,0,0,0,0,0,0,0,0,0,0,0,0,0,0,0
26,2,lik,0,0,0,0,0,0,0,0,0,0,0,0,0,0,0,0
27,3,oro,0,0,0,0,0,0,0,0,0,0,0,0,0,0,0,0
28,3,gga,0,0,0,0,0,0,0,0,0,0,0,0,0,0,0,0
29,3,yal,0,0,0,0,0,0,0,0,0,0,0,0,0,0,0,0
30,2,fur,0,0,0,0,0,0,0,0,0,0,0,0,0,0,0,0
31,3,zki,0,0,0,0,0,0,0,0,0,0,0,0,0,0,0,0
32,3,lla,0,0,0,0,0,0,0,0,0,0,0,0,0,0,0,0
33,3,mud,0,0,0,0,0,0,0,0,0,0,0,0,0,0,0,0
34,3,dan,0,0,0,0,0,0,0,0,0,0,0,0,0,0,0,0
35,5, al,0,0,0,0,0,0,0,0,0,0,0,0,0,0,0,0
36,4,gka,0,0,0,0,0,0,0,0,0,0,0,0,0,0,0,0
37,3,iki,0,0,0,0,0,0,0,0,0,0,0,0,0,0,0,0
38,3,hir,0,0,0,0,0,0,0,0,0,0,0,0,0,0,0,0
39,4,ant,0,0,0,0,0,0,0,0,0,0,0,0,0,0,0,0
40,3,d l,0,0,0,0,0,0,0,0,0,0,0,0,0,0,0,0
41,3,nif,0,0,0,0,0,0,0,0,0,0,0,0,0,0,0,0
42,4,rda,0,0,0,0,0,0,0,0,0,0,0,0,0,0,0,0
43,2,ali,0,0,0,0,0,0,0,0,0,0,0,0,0,0,0,0
44,3,rsa,0,0,0,0,0,0,0,0,0,0,0,0,0,0,0,0
45,3,han,0,0,0,0,0,0,0,0,0,0,0,0,0,0,0,0
46,4,rna,0,0,0,0,0,0,0,0,0,0,0,0,0,0,0,0
47,3,uda,0,0,0,0,0,0,0,0,0,0,0,0,0,0,0,0
48,2,han,0,0,0,0,0,0,0,0,0,0,0,0,0,0,0,0
49,3,ana,0,0,0,0,0,0,0,0,0,0,0,0,0,0,0,0
50,4,lqa,0,0,0,0,0,0,0,0,0,0,0,0,0,0,0,0
51,2,hur,0,0,0,0,0,0,0,0,0,0,0,0,0,0,0,0
52,2,afi,0,0,0,0,0,0,0,0,0,0,0,0,0,0,0,0
53,2,ufi,0,0,0,0,0,0,0,0,0,0,0,0,0,0,0,0
54,3,hin,0,0,0,0,0,0,0,0,0,0,0,0,0,0,0,0
55,2,aki,0,0,0,0,0,0,0,0,0,0,0,0,0,0,0,0
56,2,zqy,0,0,0,0,0,0,0,0,0,0,0,0,0,0,0,0
57,3,ani,0,0,0,0,0,0,0,0,0,0,0,0,0,0,0,0
58,3,tah,0,0,0,0,0,0,0,0,0,0,0,0,0,0,0,0
59,2,yah,0,1,0,0,1,0,0,1,0,0,1,0,0,1,0,0
60,1,yid,0,0,0,0,0,0,0,0,0,0,0,0,0,0,0,0
61,3,lon,0,0,0,0,0,0,0,0,0,0,0,0,0,0,0,0
62,3,lon,0,0,0,0,0,0,0,0,0,0,0,0,0,0,0,0
63,3,aya,0,0,0,0,0,0,0,0,0,0,0,0,0,0,0,0
64,3,kur,1,0,0,1,0,0,1,0,0,1,0,0,1,0,0,1
65,2,man,0,0,0,0,0,0,0,0,0,0,0,0,0,0,0,0
66,3,ila,0,1,1,1,1,1,1,1,1,1,1,1,1,1,1,1
67,3,tra,0,0,0,0,0,0,0,0,0,0,0,0,0,0,0,0
68,2,ksa,0,0,0,0,0,0,0,0,0,0,0,0,0,0,0,0
69,3,hra,1,1,1,1,1,1,1,1,1,1,1,1,1,1,1,1
70,3,nto,0,0,0,0,0,0,0,0,0,0,0,0,0,0,0,0
71,4,dro,0,0,0,0,0,0,0,0,0,0,0,0,0,0,0,0
72,4,tra,0,0,0,0,0,0,0,0,0,0,0,0,0,0,0,0
73,3,han,0,0,0,0,0,0,0,0,0,0,0,0,0,0,0,0
74,3,nto,0,0,0,0,0,0,0,0,0,0,0,0,0,0,0,0
75,3,tio,0,0,0,0,0,0,0,0,0,0,0,0,0,0,0,0
76,3,ata,0,0,0,0,0,0,0,0,0,0,0,0,0,0,0,0
77,3,gga,0,0,0,0,0,0,0,0,0,0,0,0,0,0,0,0
78,3,aqi,0,0,0,0,0,0,0,0,0,0,0,0,0,0,0,0
79,3,man,0,0,0,0,0,0,0,0,0,0,0,0,0,0,0,0
80,2,adi,0,0,0,0,0,0,0,0,0,0,0,0,0,0,0,0
81,3,yah,0,0,0,0,0,0,0,0,0,0,0,0,0,0,0,0
82,3,hmi,0,0,0,0,0,0,0,0,0,0,0,0,0,0,0,0
83,3,ais,0,0,0,0,0,0,0,0,0,0,0,0,0,0,0,0
84,3,nto,0,0,0,0,0,0,0,0,0,0,0,0,0,0,0,0
85,3,key,0,0,0,0,0,0,0,0,0,0,0,0,0,0,0,0
86,4,ete,0,0,0,0,0,0,0,0,0,0,0,0,0,0,0,0
87,4,rso,0,0,0,0,0,0,0,0,0,0,0,0,0,0,0,0
88,2,par,0,0,0,1,0,0,0,0,0,1,0,0,1,0,0,1
89,3,ari,1,1,1,1,1,1,1,1,1,1,1,1,1,1,1,1
90,3,dra,1,0,0,0,0,0,0,0,0,0,0,0,0,0,0,0
91,4,ana,0,0,0,0,0,0,0,0,0,0,0,0,0,0,0,0
92,2,ran,0,0,0,0,0,0,0,0,0,0,0,0,0,0,0,0
93,3,lah,0,0,0,1,0,0,1,0,0,1,0,0,1,0,0,1
94,3,man,0,0,0,0,0,0,0,0,0,0,0,0,0,0,0,0
95,3,nto,0,0,0,0,0,0,0,0,0,0,0,0,0,0,0,0
96,3,tya,0,0,0,0,0,0,0,0,0,0,0,0,0,0,0,0
97,3,dra,0,0,0,0,0,0,0,0,0,0,0,0,0,0,0,0
98,3,yad,0,0,0,0,0,0,0,0,0,0,0,0,0,0,0,0
99,2,ara,0,1,0,0,1,0,0,1,0,0,1,0,0,1,0,0
100,3,dam,0,0,0,0,0,0,0,0,0,0,0,0,0,0,0,0
101,4,nto,0,0,0,0,0,0,0,0,0,0,0,0,0,0,0,0
102,3,mad,0,0,0,0,0,0,0,0,0,0,0,0,0,0,0,0
103,4,ruz,0,0,0,0,0,0,0,0,0,0,0,0,0,0,0,0
104,3,stu,0,0,0,0,0,0,0,0,0,0,0,0,0,0,0,0
105,2,iqi,0,0,0,0,0,0,0,0,0,0,0,0,0,0,0,0
106,3,ali,0,0,0,0,0,0,0,0,0,0,0,0,0,0,0,0
107,3,man,0,0,0,0,0,0,0,0,0,0,0,0,0,0,0,0
108,3,and,0,0,0,0,0,0,0,0,0,0,0,0,0,0,0,0
109,3,ali,0,0,0,0,0,0,0,0,0,0,0,0,0,0,0,0
110,3,ham,0,0,0,0,0,0,0,0,0,0,0,0,0,0,0,0
111,4,ham,0,0,0,0,0,0,0,0,0,0,0,0,0,0,0,0
112,1,din,0,0,0,0,0,0,0,0,0,0,0,0,0,0,0,0
113,2,ama,0,0,0,0,0,0,0,0,0,0,0,0,0,0,0,0
114,2,ira,0,0,0,0,0,0,0,0,0,0,0,0,0,0,0,0
115,3,ati,0,0,0,1,0,0,1,0,0,1,0,0,1,0,0,1
116,3,tra,0,0,0,0,0,0,0,0,0,0,0,0,0,0,0,0
117,5,jmi,0,0,0,0,0,0,0,0,0,0,0,0,0,0,0,0
118,2,din,1,0,0,0,0,0,0,0,0,0,0,0,0,0,0,0
119,3,man,0,0,0,0,0,0,0,0,0,0,0,0,0,0,0,0
120,3,uzi,0,0,0,0,0,0,0,0,0,0,0,0,0,0,0,0
121,3,ath,0,0,0,0,0,0,0,0,0,0,0,0,0,0,0,0
122,2,min,0,0,0,0,0,0,0,0,0,0,0,0,0,0,0,0
123,3,tra,0,0,0,0,0,0,0,0,0,0,0,0,0,0,0,0
124,2,rsy,0,0,0,0,0,0,0,0,0,0,0,0,0,0,0,0
125,3,ani,0,0,0,0,0,0,0,0,0,0,0,0,0,0,0,0
126,3,lah,0,0,0,0,0,0,0,0,0,0,0,0,0,0,0,0
127,4,yad,0,0,0,0,0,0,0,0,0,0,0,0,0,0,0,0
128,3,ian,0,0,0,0,0,0,0,0,0,0,0,0,0,0,0,0
129,2,ffa,0,0,0,0,0,0,0,0,0,0,0,0,0,0,0,0
130,2,dat,0,0,0,0,0,0,0,0,0,0,0,0,0,0,0,0
131,4,dly,0,0,0,0,0,0,0,0,0,0,0,0,0,0,0,0
132,3,ana,0,0,0,0,0,0,0,0,0,0,0,0,0,0,0,0
133,4,dhi,0,0,0,0,0,0,0,0,0,0,0,0,0,0,0,0
134,3,aqi,0,0,0,0,0,0,0,0,0,0,0,0,0,0,0,0
135,3,han,0,0,0,0,0,0,0,0,0,0,0,0,0,0,0,0
136,3,ara,0,0,0,0,0,0,0,0,0,0,0,0,0,0,0,0
137,4,wal,0,0,0,0,0,0,0,0,0,0,0,0,0,0,0,0
138,3,ara,0,0,0,0,0,0,0,0,0,0,0,0,0,0,0,0
139,3,wan,0,0,0,0,0,0,0,0,0,0,0,0,0,0,0,0
140,3,ini,0,0,0,0,0,0,0,0,0,0,0,0,0,0,0,0
141,2,dar,0,0,0,0,0,0,0,0,0,0,0,0,0,0,0,0
142,3,hir,0,0,0,0,0,0,0,0,0,0,0,0,0,0,0,0
143,3,hir,0,0,0,0,0,0,0,0,0,0,0,0,0,0,0,0
144,3,ika,0,0,0,0,0,0,0,0,0,0,0,0,0,0,0,0
145,3,nif,0,0,0,0,0,0,0,0,0,0,0,0,0,0,0,0
146,3,han,0,0,0,0,0,0,0,0,0,0,0,0,0,0,0,0
147,3,fiq,0,0,0,0,0,0,0,0,0,0,0,0,0,0,0,0
148,2,sya,0,0,0,0,0,0,0,0,0,0,0,0,0,0,0,0
149,3,fif,0,0,0,0,0,0,0,0,0,0,0,0,0,0,0,0
150,3,wan,0,0,0,0,0,0,0,0,0,0,0,0,0,0,0,0
151,3,yah,0,0,0,0,0,0,0,0,0,0,0,0,0,0,0,0
152,3,yah,0,0,0,0,0,0,0,0,0,0,0,0,0,0,0,0
153,2,ndy,0,0,0,0,0,0,0,0,0,0,0,0,0,0,0,0
154,4,nto,0,0,0,0,0,0,0,0,0,0,0,0,0,0,0,0
155,3,nto,0,0,0,0,0,0,0,0,0,0,0,0,0,0,0,0
156,3,ran,0,0,0,0,0,0,0,0,0,0,0,0,0,0,0,0
157,3,ana,0,0,0,0,0,0,0,0,0,0,0,0,0,0,0,0
158,4,ath,0,0,0,0,0,0,0,0,0,0,0,0,0,0,0,0
159,3,lbu,0,0,0,0,0,0,0,0,0,0,0,0,0,0,0,0
160,3,afi,0,0,0,0,0,0,0,0,0,0,0,0,0,0,0,0
161,3,aik,0,0,0,0,0,0,0,0,0,0,0,0,0,0,0,0
162,3,iqy,0,0,0,0,0,0,0,0,0,0,0,0,0,0,0,0
163,2,han,0,0,0,0,0,0,0,0,0,0,0,0,0,0,0,0
164,3,man,0,0,0,0,0,0,0,0,0,0,0,0,0,0,0,0
165,3,ono,0,0,0,0,0,0,0,0,0,0,0,0,0,0,0,0
166,2,rah,0,0,0,0,0,0,0,0,0,0,0,0,0,0,0,0
167,3,tra,0,0,0,0,0,0,0,0,0,0,0,0,0,0,0,0
168,4,ara,0,0,0,0,0,0,0,0,0,0,0,0,0,0,0,0
169,3,tra,0,0,0,0,0,0,0,0,0,0,0,0,0,0,0,0
170,3,azy,0,0,0,0,0,0,0,0,0,0,0,0,0,0,0,0
171,2,man,0,0,0,0,0,0,0,0,0,0,0,0,0,0,0,0
172,3,ana,0,0,0,0,0,0,0,0,0,0,0,0,0,0,0,0
173,3,ali,0,0,0,0,0,0,0,0,0,0,0,0,0,0,0,0
174,2,iri,0,0,0,0,0,0,0,0,0,0,0,0,0,0,0,0
175,3,dzy,0,0,0,0,0,0,0,0,0,0,0,0,0,0,0,0
176,2,eno,0,0,0,0,0,0,0,0,0,0,0,0,0,0,0,0
177,3,ono,0,0,0,0,0,0,0,0,0,0,0,0,0,0,0,0
178,3,wan,0,0,0,0,0,0,0,0,0,0,0,0,0,0,0,0
179,3,ama,0,0,0,0,0,0,0,0,0,0,0,0,0,0,0,0
180,2,lah,0,0,0,0,0,0,0,0,0,0,0,0,0,0,0,0
181,3,tyo,0,0,0,0,0,0,0,0,0,0,0,0,0,0,0,0
182,3,nta,0,0,0,0,0,0,0,0,0,0,0,0,0,0,0,0
183,4,tra,0,0,0,0,0,0,0,0,0,0,0,0,0,0,0,0
184,2,hin,0,0,0,0,0,0,0,0,0,0,0,0,0,0,0,0
185,3,stu,0,0,0,0,0,0,0,0,0,0,0,0,0,0,0,0
186,4,idz,0,0,0,0,0,0,0,0,0,0,0,0,0,0,0,0
187,3,izi,0,0,0,0,0,0,0,0,0,0,0,0,0,0,0,0
188,3,han,0,0,0,0,0,0,0,0,0,0,0,0,0,0,0,0
189,3,tra,0,0,0,0,0,0,0,0,0,0,0,0,0,0,0,0
190,3,isa,1,1,1,1,1,1,1,1,1,1,1,1,1,1,1,1
191,3,ani,0,0,0,0,0,0,0,0,0,0,0,0,0,0,0,0
192,3,dik,0,0,0,0,0,0,0,0,0,0,0,0,0,0,0,0
193,5,ati,1,1,1,1,1,1,1,1,1,1,1,1,1,1,1,1
194,3,ama,0,0,0,0,0,0,0,0,0,0,0,0,0,0,0,0
195,2,man,0,0,0,0,0,0,0,0,0,0,0,0,0,0,0,0
196,3,ima,1,1,1,1,1,1,1,1,1,0,1,1,1,1,1,1
197,3,dia,1,1,1,1,1,1,1,1,1,1,1,1,1,1,1,1
198,3,isa,1,1,1,1,1,1,1,1,1,1,1,1,1,1,1,1
199,3,tra,0,0,0,0,0,0,0,0,0,0,0,0,0,0,0,0
200,2,sah,1,1,1,1,1,1,1,1,1,1,1,1,1,1,1,1
201,3,wan,0,0,0,0,0,0,0,0,0,0,0,0,0,0,0,0
202,3,ika,0,0,0,0,0,0,0,0,0,0,0,0,0,0,0,0
203,2,dan,0,0,0,0,0,0,0,0,0,0,0,0,0,0,0,0
204,2,nti,1,1,1,1,1,1,1,1,1,1,1,1,1,1,1,1
205,3,bar,0,0,0,0,0,0,0,0,0,0,0,0,0,0,0,0
206,3,tra,0,0,0,0,0,0,0,0,0,0,0,0,0,0,0,0
207,2,ang,0,0,0,0,0,0,0,0,0,0,0,0,0,0,0,0
208,3,tya,0,0,0,0,0,0,0,0,0,0,0,0,0,0,0,0
209,2,ssa,1,1,1,1,1,1,1,1,1,1,1,1,0,1,1,1
210,3,ani,1,1,1,1,1,1,1,1,1,1,1,1,1,1,1,1
211,3,nda,1,1,1,1,1,1,1,1,1,1,1,1,1,1,1,1
212,3,hra,1,1,1,1,1,1,1,1,1,1,1,1,1,1,1,1
213,2,ani,1,1,1,1,1,1,1,1,1,1,1,1,1,1,1,1
214,4,gan,1,1,1,1,1,1,1,1,1,1,1,1,1,1,1,1
215,3,ani,1,1,1,1,1,1,1,1,1,1,1,1,1,1,1,1
216,3,ini,1,1,1,1,1,1,1,1,1,1,1,1,1,1,1,1
217,3,yan,1,1,1,1,1,1,1,1,1,1,1,1,1,1,1,1
218,3,ana,1,1,1,1,1,1,1,1,1,1,1,1,1,1,1,1
219,3,ini,1,1,1,1,1,1,1,1,1,1,1,1,1,1,1,1
220,3,ayu,1,1,1,1,1,1,1,1,1,1,1,1,1,1,1,1
221,3,ani,1,1,1,1,1,1,1,1,1,1,1,1,1,1,1,1
222,2,hra,1,1,1,1,1,1,1,1,1,1,1,1,1,1,1,1
223,4,wan,1,1,1,1,1,1,1,1,1,1,1,1,1,1,1,1
224,3,man,1,1,1,1,1,1,1,1,1,1,1,1,1,1,1,1
225,2,yah,1,1,1,1,1,1,1,1,1,1,1,1,1,1,1,1
226,3,zah,1,1,1,1,1,1,1,1,1,1,1,1,1,1,1,1
227,3,tri,1,1,1,1,1,1,1,1,1,1,1,1,1,1,1,1
228,2,ana,0,0,0,0,0,0,0,0,0,0,0,0,0,0,0,0
229,4,rin,1,1,1,1,1,1,1,1,1,1,1,1,1,1,1,1
230,3,tri,1,1,1,1,1,1,1,1,1,1,1,1,1,1,1,1
231,4,tri,1,1,1,1,1,1,1,1,1,1,1,1,1,1,1,1
232,2,ini,1,1,1,1,1,1,1,1,1,1,1,1,1,1,1,1
233,3,ari,1,1,1,1,1,1,1,1,1,1,1,1,1,1,1,1
234,2,ati,1,1,1,1,1,1,1,1,1,1,1,1,1,1,1,1
235,2,tri,1,1,1,1,1,1,1,1,1,1,1,1,1,1,1,1
236,3,hra,1,1,1,1,1,1,1,1,1,1,1,1,1,1,1,1
237,2,tha,1,1,1,1,1,1,1,1,1,1,1,1,1,1,1,1
238,3,tri,1,1,1,1,1,1,1,1,1,1,1,1,1,1,1,1
239,2,ati,1,1,1,1,1,1,1,1,1,1,1,1,1,1,1,1
240,4,tri,1,1,1,1,1,1,1,1,1,1,1,1,1,1,1,1
241,3,ani,1,1,1,1,1,1,1,1,1,1,1,1,1,1,1,1
242,3,ama,1,1,1,0,1,1,0,1,1,0,1,1,0,1,1,0
243,3,nta,1,1,1,1,1,1,1,1,1,1,1,1,1,1,1,1
244,3,ira,0,0,0,0,0,0,0,0,0,0,0,0,0,0,0,0
245,3,ara,1,1,1,1,1,1,1,1,1,1,1,1,1,1,1,1
246,3,nda,1,1,1,1,1,1,1,1,1,1,1,1,1,1,1,1
247,2,nti,1,1,1,1,1,1,1,1,1,1,1,1,1,1,1,1
248,3,tri,1,1,1,1,1,1,1,1,1,1,1,1,1,1,1,1
249,3,yah,1,1,1,1,1,1,1,1,1,1,1,1,1,1,1,1
250,2,ara,1,1,1,0,1,1,0,1,1,0,1,1,0,1,1,0
251,4,rdi,0,0,0,0,0,0,0,0,0,0,0,0,0,0,0,0
252,3,tri,1,1,1,1,1,1,1,1,1,1,1,1,1,1,1,1
253,2,tyo,0,0,0,0,0,0,0,0,0,0,0,0,0,0,0,0
254,3,nik,0,0,0,0,0,0,0,0,0,0,0,0,0,0,0,0
255,3,ifa,0,0,0,0,0,0,0,0,0,0,0,0,0,0,0,0
256,3,nso,1,1,1,1,1,1,1,1,1,1,1,1,1,1,1,1
257,3,hia,1,1,1,1,1,1,1,1,1,1,1,1,1,1,1,1
258,3,lah,1,1,1,1,1,1,1,1,1,1,1,1,1,1,1,1
259,4,uma,1,1,1,1,1,1,1,1,1,1,1,1,1,1,1,1
260,3,hil,0,0,0,0,0,0,0,0,0,0,0,0,0,0,0,0
261,3,lah,1,1,1,1,1,1,1,1,1,1,1,1,1,1,1,1
262,4,zat,0,0,0,1,0,0,1,0,0,1,0,0,1,0,0,1
263,3,ama,0,0,0,0,0,0,0,0,0,0,0,0,0,0,0,0
264,3,tra,0,0,0,0,0,0,0,0,0,0,0,0,0,0,0,0
265,3,aya,0,0,0,0,0,0,0,0,0,0,0,0,0,0,0,0
266,3,nta,0,0,0,0,0,0,0,0,0,0,0,0,0,0,0,0
267,2,rah,0,0,0,0,0,0,0,0,0,0,0,0,0,0,0,0
268,3,lim,0,0,0,0,0,0,0,0,0,0,0,0,0,0,0,0
269,3,zer,0,0,0,0,0,0,0,0,0,0,0,0,0,0,0,0
270,3,wan,0,0,0,0,0,0,0,0,0,0,0,0,0,0,0,0
271,2,ian,0,0,0,0,0,0,0,0,0,0,0,0,0,0,0,0
272,2,nto,0,0,0,0,0,0,0,0,0,0,0,0,0,0,0,0
273,3,ata,0,0,0,0,0,0,0,0,0,0,0,0,0,0,0,0
274,3,ana,0,0,0,0,0,0,0,0,0,0,0,0,0,0,0,0
275,4,tra,0,0,0,0,0,0,0,0,0,0,0,0,0,0,0,0
276,3,ama,0,0,0,0,0,0,0,0,0,0,0,0,0,0,0,0
277,3,udi,0,0,0,0,0,0,0,0,0,0,0,0,0,0,0,0
278,3,oho,0,0,0,0,0,0,0,0,0,0,0,0,0,0,0,0
279,3,oho,0,0,0,0,0,0,0,0,0,0,0,0,0,0,0,0
280,3,wan,0,0,0,0,0,0,0,0,0,0,0,0,0,0,0,0
281,2,uqi,1,0,0,0,0,0,0,0,0,0,0,0,0,0,0,0
282,3,lwa,1,1,1,1,1,1,1,1,1,1,1,1,1,1,1,1
283,3,kal,0,0,0,0,0,0,0,0,0,0,0,0,0,0,0,0
284,3,tya,0,0,0,0,0,0,0,0,0,0,0,0,0,0,0,0
285,3,ama,0,0,0,0,0,0,0,0,0,0,0,0,0,0,0,0
286,2,yah,0,0,0,0,0,0,0,0,0,0,0,0,0,0,0,0
287,2,lia,1,1,1,1,1,1,1,1,1,1,1,1,1,1,1,1
288,3,ose,1,1,1,1,1,1,1,1,1,1,1,1,1,1,1,1
289,3,mah,1,1,1,1,1,1,1,1,1,1,1,1,1,1,1,1
290,3,ful,1,1,1,1,1,1,1,1,1,1,1,1,1,1,1,1
291,4,han,1,1,1,1,1,1,1,1,1,1,1,1,1,1,1,1
292,2,yat,0,0,0,0,0,0,0,0,0,0,0,0,1,0,0,0
293,2,ama,0,0,0,0,0,0,0,0,0,0,0,0,0,0,0,0
294,3,hea,1,1,1,1,1,1,1,1,1,1,1,1,1,1,1,1
295,4,owo,0,0,0,0,0,0,0,0,0,0,0,0,0,0,0,0
296,2,ana,0,0,0,0,0,0,1,0,0,0,0,0,0,0,0,0
297,3,aro,0,0,0,0,0,0,0,0,0,0,0,0,0,0,0,0
298,3,wan,1,0,0,0,0,0,0,0,0,0,0,0,0,0,0,0
299,4,nur,0,0,0,0,0,0,0,0,0,0,0,0,0,0,0,0
300,2,ifa,1,1,1,1,1,1,1,1,1,1,1,1,1,1,1,1
301,3,any,1,1,1,1,1,1,1,1,1,1,1,1,1,1,1,1
302,3,ani,1,1,1,1,1,1,1,1,1,1,1,1,1,1,1,1
303,3,ari,1,1,1,1,1,1,1,1,1,1,1,1,1,1,1,1
304,3,yas,1,1,1,1,1,1,1,1,1,1,1,1,1,1,1,1
305,3,lla,1,1,1,1,1,1,1,1,1,1,1,1,1,1,1,1
306,4,rya,1,1,1,0,1,1,0,1,1,0,1,1,0,1,1,0
307,3,ini,1,1,1,1,1,1,1,1,1,1,1,1,1,1,1,1
308,3,hwa,1,1,1,1,1,1,1,1,1,1,1,1,1,1,1,1
309,3,hma,1,1,1,1,1,1,1,1,1,1,1,1,1,1,1,1
310,3,hra,1,1,1,1,1,1,1,1,1,1,1,1,1,1,1,1
311,3,gfa,1,1,1,1,1,1,1,1,1,1,1,1,1,1,1,1
312,3,nti,1,1,1,1,1,1,1,1,1,1,1,1,1,1,1,1
313,3,nti,1,1,1,1,1,1,1,1,1,1,1,1,1,1,1,1
314,2,ina,1,1,1,1,1,1,1,1,1,1,1,1,1,1,1,1
315,4, pu,1,1,1,1,1,1,1,1,1,1,1,1,1,1,1,1
316,3,ila,1,1,1,1,1,1,1,1,1,1,1,1,1,1,1,1
317,3,adi,1,1,1,1,1,1,1,1,1,1,1,1,1,1,1,1
318,3,tri,1,1,1,1,1,1,1,1,1,1,1,1,1,1,1,1
319,3,lfa,1,1,1,1,1,1,1,1,1,1,1,1,1,1,1,1
320,3,tri,1,1,1,1,1,1,1,1,1,1,1,1,1,1,1,1
321,3,oke,1,1,1,1,1,1,1,1,1,1,1,1,1,1,1,1
322,3,kas,1,1,1,1,1,1,1,1,1,1,1,1,1,1,1,1
323,3,mad,1,1,1,0,1,1,0,1,1,0,1,1,0,1,1,0
324,3,ila,1,1,1,1,1,1,1,1,1,1,1,1,1,1,1,1
325,3,ila,1,1,1,1,1,1,1,1,1,1,1,1,1,1,1,1
326,3,zah,1,1,1,1,1,1,1,1,1,1,1,1,1,1,1,1
327,4,sil,1,1,1,1,1,1,1,1,1,1,1,1,1,1,1,1
328,4,run,1,1,1,1,1,1,1,1,1,1,1,1,1,1,1,1
329,3,war,1,1,1,1,1,1,1,1,1,1,1,1,1,1,1,1
330,3,lia,1,1,1,1,1,1,1,1,1,1,1,1,1,1,1,1
331,3,tri,1,1,1,1,1,1,1,1,1,1,1,1,1,1,1,1
332,3,zah,1,1,1,1,1,1,1,1,1,1,1,1,1,1,1,1
333,3,ina,1,1,1,1,1,1,1,1,1,1,1,1,1,1,1,1
334,2,ina,1,1,1,1,1,1,1,1,1,1,1,1,1,1,1,1
335,3,yah,1,1,1,1,1,1,1,1,1,1,1,1,1,1,1,1
336,3,ila,1,1,1,1,1,1,1,1,1,1,1,1,1,1,1,1
337,4,gga,1,1,1,1,1,1,1,1,1,1,1,1,1,1,1,1
338,4,uiz,1,1,1,1,1,1,1,1,1,1,1,1,1,1,1,1
339,4,sha,1,1,1,1,1,1,1,1,1,1,1,1,1,1,1,1
340,4,tno,1,1,1,1,1,1,1,1,1,1,1,1,1,1,1,1
341,4,lla,1,1,1,1,1,1,1,1,1,1,1,1,1,1,1,1
342,3,tri,1,1,1,1,1,1,1,1,1,1,1,1,1,1,1,1
343,3,ifa,1,1,1,1,1,1,1,1,1,1,1,1,1,1,1,1
344,2,din,0,0,0,0,0,0,0,0,0,0,0,0,0,0,0,0
345,3,hra,1,1,1,1,1,1,1,1,1,1,1,1,1,1,1,1
346,3,nia,1,1,1,1,1,1,1,1,1,1,1,1,1,1,1,1
347,3,sya,1,1,1,1,1,1,1,1,1,0,1,1,1,1,1,0
348,3,qon,0,0,0,0,0,0,0,0,0,0,0,0,0,0,0,0
349,3,man,0,0,0,0,0,0,0,0,0,0,0,0,0,0,0,0
350,3,ara,0,0,0,0,0,0,0,0,0,0,0,0,0,0,0,0
351,2,tia,0,0,0,0,0,0,0,0,0,0,0,0,0,0,0,0
352,3,tra,0,0,0,0,0,0,0,0,0,0,0,0,0,0,0,0
353,4,ria,0,0,0,0,0,0,0,0,0,0,0,0,0,0,0,0
354,3,yah,1,0,0,0,0,0,0,0,0,0,0,0,0,0,0,0
355,4,hly,0,0,0,0,0,0,0,0,0,0,0,0,0,0,0,0
356,3,aya,0,0,0,0,0,0,0,0,0,0,0,0,0,0,0,0
357,3,ama,0,0,0,0,0,0,0,0,0,0,0,0,0,0,0,0
358,3,man,0,0,0,0,0,0,0,0,0,0,0,0,0,0,0,0
359,3,ono,0,0,0,0,0,0,0,0,0,0,0,0,0,0,0,0
360,2,ama,0,0,0,0,0,0,0,0,0,0,0,0,0,0,0,0
361,2,zki,0,0,0,0,0,0,0,0,0,0,0,0,0,0,0,0
362,3,yah,0,0,0,0,0,0,0,0,0,0,0,0,0,0,0,0
363,1,tia,0,0,0,0,0,0,0,0,0,0,0,0,0,0,0,0
364,4,tyo,0,0,0,0,0,0,0,0,0,0,0,0,0,0,0,0
365,3,ana,0,0,0,0,0,0,0,0,0,0,0,0,0,0,0,0
366,3,tri,1,1,1,1,1,1,1,1,1,1,1,1,1,1,1,1
367,2,yah,0,0,0,0,0,0,0,0,0,0,0,0,0,0,0,0
368,3,fan,0,0,0,0,0,0,0,0,0,0,0,0,0,0,0,0
369,3,oso,0,0,0,0,0,0,0,0,0,0,0,0,0,0,0,0
370,3,tra,0,0,0,0,0,0,0,0,0,0,0,0,0,0,0,0
371,3,oro,0,0,0,0,0,0,0,0,0,0,0,0,0,0,0,0
372,3,bar,0,0,0,0,0,0,0,0,0,0,0,0,0,0,0,0
373,2,ndi,0,0,0,0,0,0,0,0,0,0,0,0,0,0,0,0
374,3,sah,0,0,0,0,0,0,0,0,0,0,0,0,0,0,0,0
375,3,adi,0,0,0,0,0,0,0,0,0,0,0,0,0,0,0,0
376,3,ika,0,0,0,0,0,0,0,0,0,0,0,0,0,0,0,0
377,3,ofa,0,0,0,0,0,0,0,0,0,0,0,0,0,0,0,0
378,3,adi,0,0,0,0,0,0,0,0,0,0,0,0,0,0,0,0
379,2,lih,0,0,0,0,0,0,0,0,0,0,0,0,0,0,0,0
380,3,dok,0,0,0,0,0,0,0,0,0,0,0,0,0,0,0,0
381,3,uza,0,0,0,0,0,0,0,0,0,0,0,0,0,0,0,0
382,3,lah,0,0,0,0,0,0,0,0,0,0,0,0,0,0,0,0
383,3,aus,0,0,0,0,0,0,0,0,0,0,0,0,0,0,0,0
384,3,oho,0,0,0,0,0,0,0,0,0,0,0,0,0,0,0,0
385,4,ofa,0,0,0,0,0,0,0,0,0,0,0,0,0,0,0,0
386,2,ojo,0,0,0,0,0,0,0,0,0,0,0,0,0,0,0,0
387,3,aja,0,0,0,0,0,0,0,0,0,0,0,0,0,0,0,0
388,3,dan,0,0,0,0,0,0,0,0,0,0,0,0,0,0,0,0
389,3,tra,0,0,0,0,0,0,0,0,0,0,0,0,0,0,0,0
390,2,yah,0,0,0,0,0,0,0,0,0,0,0,0,0,0,0,0
391,4,gin,0,0,0,0,0,0,0,0,0,0,0,0,0,0,0,0
392,2,ani,0,0,0,0,0,0,0,0,0,0,0,0,0,0,0,0
393,3,nda,0,0,0,0,0,0,0,0,0,0,0,0,0,0,0,0
394,2,van,0,0,0,0,0,0,0,0,0,0,0,0,0,0,0,0
395,2,eva,0,0,0,0,0,0,0,0,0,0,0,0,0,0,0,0
396,2,ani,1,1,1,1,1,1,1,1,1,1,1,1,1,1,1,1
397,3,ana,0,0,0,0,0,0,0,0,0,0,0,0,0,0,0,0
398,3,nto,0,0,0,0,0,0,0,0,0,0,0,0,0,0,0,0
399,4,o l,0,0,0,0,0,0,0,0,0,0,0,0,0,0,0,0
400,4,aya,0,0,0,0,0,0,0,0,0,0,0,0,0,0,0,0
401,2,ama,0,0,0,0,0,0,0,0,0,0,0,0,0,0,0,0
402,3,ana,0,0,0,0,0,0,0,0,0,0,0,0,0,0,0,0
403,3,nto,0,0,0,0,0,0,0,0,0,0,0,0,0,0,0,0
404,3,nto,0,0,0,0,0,0,0,0,0,0,0,0,0,0,0,0
405,3,yah,0,0,0,0,0,0,0,0,0,0,0,0,0,0,0,0
406,1,kal,1,0,0,0,0,0,0,0,0,0,0,0,0,0,0,0
407,3,nto,0,0,0,0,0,0,0,0,0,0,0,0,0,0,0,0
408,3,rus,0,0,0,0,0,0,0,0,0,0,0,0,0,0,0,0
409,4,nto,1,1,1,1,1,1,1,1,1,1,1,1,1,1,1,1
410,3,stu,0,0,0,0,0,0,0,0,0,0,0,0,0,0,0,0
411,3,ani,0,0,0,1,0,0,1,0,0,1,0,0,1,0,0,1
412,4,lah,1,0,0,0,0,0,0,0,0,0,0,0,0,0,0,0
413,3,ara,0,0,0,0,0,0,0,0,0,0,0,0,0,0,0,0
414,2,ata,0,0,0,0,0,0,0,0,0,0,0,0,0,0,0,0
415,2,tra,0,0,0,0,0,0,0,0,0,0,0,0,0,0,0,0
416,2,rko,0,0,0,0,0,0,0,0,0,0,0,0,0,0,0,0
417,3,wan,0,0,0,0,0,0,0,0,0,0,0,0,0,0,0,0
418,2,adi,0,0,0,0,0,0,0,0,0,0,0,0,0,0,0,0
419,2,zam,0,0,0,0,0,0,0,0,0,0,0,0,0,0,0,0
420,3,ana,1,1,1,1,1,1,1,1,1,1,1,1,1,1,1,1
421,3,rok,0,0,0,0,0,0,0,0,0,0,0,0,0,0,0,0
422,3,lah,0,0,0,0,0,0,0,0,0,0,0,0,0,0,0,0
423,4,rim,0,0,0,0,0,0,0,0,0,0,0,0,0,0,0,0
424,2,ein,0,0,0,0,0,0,0,0,0,0,0,0,0,0,0,0
425,2,tya,0,0,0,0,0,0,0,0,0,0,0,0,0,0,0,0
426,3,yah,0,0,0,0,0,0,0,0,0,0,0,0,0,0,0,0
427,3,iri,0,0,0,0,0,0,0,0,0,0,0,0,0,0,0,0
428,3,jat,1,1,0,1,1,0,1,1,0,1,1,0,1,1,0,1
429,3,wan,0,0,0,0,0,0,0,0,0,0,0,0,0,0,0,0
430,3,tra,0,0,0,0,0,0,0,0,0,0,0,0,0,0,0,0
431,2,rdo,0,0,0,0,0,0,0,0,0,0,0,0,0,0,0,0
432,3,ewo,0,0,0,0,0,0,0,0,0,0,0,0,0,0,0,0
433,2,ndi,0,0,0,0,0,0,0,0,0,0,0,0,0,0,0,0
434,3,hap,0,0,0,0,0,0,0,0,0,0,0,0,0,0,0,0
435,3,yah,0,0,0,0,0,0,0,0,0,0,0,0,0,0,0,0
436,2,han,0,0,0,0,0,0,0,0,0,0,0,0,0,0,0,0
437,3,oga,0,0,0,0,0,0,0,0,0,0,0,0,0,0,0,0
438,2,tra,0,0,0,0,0,0,0,0,0,0,0,0,0,0,0,0
439,2,hab,0,0,0,0,0,0,0,0,0,0,0,0,0,0,0,0
440,2,lam,0,0,0,0,0,0,0,0,0,0,0,0,0,0,0,0
441,2,ono,0,0,0,0,0,0,0,0,0,0,0,0,0,0,0,0
442,3,kim,0,0,0,0,0,0,0,0,0,0,0,0,0,0,0,0
443,2,kar,0,0,0,0,0,0,0,0,0,0,0,0,0,0,0,0
444,3,ila,1,1,1,1,1,1,1,1,1,1,1,1,1,1,1,1
445,3,oho,0,0,0,0,0,0,0,0,0,0,0,0,0,0,0,0
446,3,ono,0,0,0,0,0,0,0,0,0,0,0,0,0,0,0,0
447,3,aja,0,0,0,0,0,0,0,0,0,0,0,0,0,0,0,0
448,2,ago,0,0,0,0,0,0,0,0,0,0,0,0,0,0,0,0
449,3,nor,0,0,0,0,0,0,0,0,0,0,0,0,0,0,0,0
450,3,tri,1,1,1,1,1,1,1,1,1,1,1,1,1,1,1,1
451,3,tra,0,0,0,0,0,0,0,0,0,0,0,0,0,0,0,0
452,3,ndy,1,0,0,0,0,0,0,0,0,0,0,0,0,0,0,0
453,3,han,0,0,0,0,0,0,0,0,0,0,0,0,0,0,0,0
454,3,hil,0,0,0,0,0,0,0,0,0,0,0,0,0,0,0,0
455,3,ndi,0,0,0,0,0,0,0,0,0,0,0,0,0,0,0,0
456,3,hra,1,1,1,1,1,1,1,1,1,1,1,1,1,1,1,1
457,3,par,0,0,0,1,0,0,1,0,0,1,0,0,1,0,0,1
458,3,far,0,0,0,0,0,0,0,0,0,0,0,0,0,0,0,0
459,3,zsa,1,1,1,1,1,1,1,1,1,1,1,1,1,1,1,1
460,3,lia,1,1,1,1,1,1,1,1,1,1,1,1,1,1,1,1
461,3,tra,0,0,0,0,0,0,0,0,0,0,0,0,0,0,0,0
462,3,zan,0,0,0,0,0,0,0,0,0,0,0,0,0,0,0,0
463,3,dra,1,1,1,0,1,1,0,1,1,0,1,1,0,1,1,1
464,2,ili,0,0,0,0,0,0,0,0,0,0,0,0,0,0,0,0
465,3,tra,0,0,0,0,0,0,0,0,0,0,0,0,0,0,0,0
466,3,man,1,1,1,0,1,1,0,1,1,0,1,1,0,1,1,0
467,3,udi,1,1,1,0,1,1,0,1,1,0,1,1,0,1,1,0
468,2,qah,1,1,1,1,1,1,1,1,1,1,1,1,1,1,1,1
469,2,yah,1,1,1,1,1,1,1,1,1,0,1,1,1,1,1,1
470,4,sti,0,1,1,1,1,1,1,1,1,1,1,1,1,1,1,1
471,3,ima,1,1,1,0,1,1,0,1,1,0,1,1,0,1,1,0
472,2,yla,1,1,1,1,1,1,1,1,1,1,1,1,1,1,1,1
473,3,fah,1,1,1,1,1,1,1,1,1,1,1,1,1,1,1,1
474,3,ila,1,1,1,1,1,1,1,1,1,1,1,1,1,1,1,1
475,3,yah,1,1,1,1,1,1,1,1,1,1,1,1,1,1,1,1
476,3,tra,0,0,0,0,0,0,0,0,0,0,0,0,0,0,0,0
477,3,uuz,1,1,0,0,1,0,0,1,0,0,1,0,0,1,0,0
478,3,dek,0,0,0,0,0,0,0,0,0,0,0,0,0,0,0,0
479,2,han,0,0,0,0,0,0,0,0,0,0,0,0,0,0,0,0
480,4,bar,0,0,0,0,0,0,0,0,0,0,0,0,0,0,0,0
481,2,afi,0,0,0,0,0,0,0,0,0,0,0,0,0,0,0,0
482,3,wan,0,0,0,0,0,0,0,0,0,0,0,0,0,0,0,0
483,4,din,0,0,0,0,0,0,0,0,0,0,0,0,0,0,0,0
484,2,sna,1,1,1,1,1,1,1,1,1,1,1,1,1,1,1,1
485,3,ila,1,1,1,1,1,1,1,1,1,1,1,1,1,1,1,1
486,2,bin,0,0,0,0,0,0,0,0,0,0,0,0,0,0,0,0
487,3,oho,0,0,0,0,0,0,0,0,0,0,0,0,0,0,0,0
488,3,tra,0,0,0,0,0,0,0,0,0,0,0,0,0,0,0,0
489,2,yan,0,0,0,0,0,0,0,0,0,0,0,0,0,0,0,0
490,2,jri,0,0,0,0,0,0,0,0,0,0,0,0,0,0,0,0
491,3,ndy,0,0,0,0,0,0,0,0,0,0,0,0,0,0,0,0
492,2,han,0,0,0,0,0,0,0,0,0,0,0,0,0,0,0,0
493,4,nto,0,0,0,0,0,0,0,0,0,0,0,0,0,0,0,0
494,3,dli,0,0,0,0,0,0,0,0,0,0,0,0,0,0,0,0
495,3,lma,1,1,1,1,1,1,1,1,1,1,1,1,1,1,1,1
496,3,mah,1,1,1,1,1,1,1,1,1,1,1,1,1,1,1,1
497,3,man,1,1,1,0,1,1,1,1,1,1,1,1,1,1,1,0
498,2,hda,1,1,1,1,1,1,1,1,1,1,1,1,1,1,1,1
499,3,fin,1,1,1,1,1,1,1,1,1,1,1,1,1,1,1,1
500,3,tri,1,1,1,1,1,1,1,1,1,1,1,1,1,1,1,1
501,3,hra,1,1,1,1,1,1,1,1,1,1,1,1,1,1,1,1
502,3,iza,1,1,1,1,1,1,1,1,1,1,1,1,1,1,1,1
503,2,isa,1,1,1,1,1,1,1,1,1,1,1,1,1,1,1,1
504,3,hra,1,1,1,1,1,1,1,1,1,1,1,1,1,1,1,1
505,2,isa,1,1,1,1,1,1,1,1,1,1,1,1,1,1,1,1
506,2,ika,1,1,1,1,1,1,1,1,1,1,1,1,1,1,1,1
507,3,zia,1,1,1,1,1,1,1,1,1,1,1,1,1,1,1,1
508,3,iah,1,1,1,1,1,1,1,1,1,1,1,1,1,1,1,1
509,2,hah,1,1,1,1,1,1,1,1,1,1,1,1,1,1,1,1
510,3,sha,1,1,1,1,1,1,1,1,1,1,1,1,1,1,1,1
511,3,ani,1,1,1,1,1,1,1,1,1,1,1,1,1,1,1,1
512,3,kma,1,1,1,1,1,1,1,1,1,1,1,1,1,1,1,1
513,3,i'n,1,1,1,1,1,1,1,1,1,1,1,1,1,1,1,1
514,3,oor,0,0,1,1,0,1,1,0,1,1,0,1,1,0,1,1
515,3,din,0,0,0,0,0,0,0,0,0,0,0,0,0,0,0,0
516,3,aya,0,0,0,0,0,0,0,0,0,0,0,0,0,0,0,0
517,2,mah,1,1,1,1,1,1,1,1,1,1,1,1,1,1,1,1
518,4,jan,1,1,1,1,1,1,1,1,1,1,1,1,1,1,1,1
519,2,ana,1,1,1,1,1,1,1,1,1,0,1,1,1,1,1,1
520,2,lla,1,1,1,1,1,1,1,1,1,1,1,1,1,1,1,1
521,3,lla,1,1,1,1,1,1,1,1,1,1,1,1,1,1,1,1
522,2,sah,0,0,1,1,0,1,1,0,1,1,0,1,1,0,1,1
523,3,eri,0,0,0,0,0,0,0,0,0,0,0,0,0,0,0,0
524,3,sti,1,1,1,1,1,1,1,1,1,1,1,1,1,1,1,1
525,3,lla,0,0,0,0,0,0,0,0,0,0,0,0,0,0,0,0
526,2,ani,1,1,1,1,1,1,1,1,1,1,1,1,1,1,1,1
527,3,tyo,0,0,0,0,0,0,0,0,0,0,0,0,0,0,0,0
528,2,nti,1,1,1,1,1,1,1,1,1,1,1,1,1,1,1,1
529,3,yah,0,0,0,0,0,0,0,0,0,0,0,0,0,0,0,0
530,2,nto,0,0,0,0,0,0,0,0,0,0,0,0,0,0,0,0
531,3,ana,0,0,0,0,0,0,0,0,0,0,0,0,0,0,0,0
532,3,ani,0,0,0,0,0,0,0,0,0,0,0,0,0,0,0,0
533,3,yah,0,0,0,0,0,0,0,0,0,0,0,0,0,0,0,0
534,3,zki,0,0,0,0,0,0,0,0,0,0,0,0,0,0,0,0
535,3,wal,0,0,0,0,0,0,0,0,0,0,0,0,0,0,0,0
536,3,ani,1,1,1,1,1,1,1,1,1,1,1,1,1,1,1,1
537,3,ika,1,1,1,1,1,1,1,1,1,1,1,1,1,1,1,0
538,3,sti,1,1,1,1,1,1,1,1,1,1,1,1,1,1,1,1
539,2,aiz,0,0,0,0,0,0,0,0,0,0,0,0,0,0,0,0
540,3,dra,0,0,0,0,0,0,0,0,0,0,0,0,0,0,0,0
541,3,man,0,0,0,0,0,0,0,0,0,0,0,0,0,0,0,0
542,2,ani,1,1,1,1,1,1,1,1,1,1,1,1,1,1,1,1
543,4,ama,1,1,1,1,1,1,1,1,1,1,1,1,1,1,1,1
544,3,tra,0,0,0,0,0,0,0,0,0,0,0,0,0,0,0,0
545,2,tra,0,0,0,0,0,0,0,0,0,0,0,0,0,0,0,0
546,3,owo,0,0,0,0,0,0,0,0,0,0,0,0,0,0,0,0
547,3,rif,1,1,1,1,1,1,1,1,1,1,1,1,1,1,1,1
548,2,tya,0,0,0,0,0,0,0,0,0,0,0,0,0,0,0,0
549,3,nti,1,1,1,1,1,1,1,1,1,1,1,1,1,1,1,1
550,3,him,1,1,0,0,1,0,0,1,0,0,1,0,0,1,0,0
551,2,rah,1,1,1,1,1,1,1,1,1,1,1,1,1,1,1,1
552,2,tia,1,1,1,1,1,1,1,1,1,1,1,1,1,1,1,1
553,2,hma,1,1,1,1,1,1,1,1,1,1,1,1,1,1,1,1
554,4,isy,1,1,1,1,1,1,1,1,1,1,1,1,1,1,1,1
555,4,hri,0,0,0,0,0,0,0,0,0,0,0,0,0,0,0,0
556,3,ama,1,0,0,0,0,0,0,0,0,0,0,0,0,0,0,0
557,3,ina,1,1,1,1,1,1,1,1,1,1,1,1,1,1,1,1
558,3,man,0,0,0,0,0,0,0,0,0,0,0,0,0,0,0,0
559,4,hah,1,1,1,1,1,1,1,1,1,1,1,1,1,1,1,1
560,3,mii,1,1,1,1,1,1,1,1,1,1,1,1,1,1,1,1
561,2,iha,1,1,1,0,1,1,0,1,1,0,1,1,0,1,1,0
562,3,tri,1,1,1,1,1,1,1,1,1,1,1,1,1,1,1,1
563,3,zda,1,1,1,1,1,1,1,1,1,1,1,1,1,1,1,1
564,3,dhy,1,1,1,1,1,1,1,1,1,1,1,1,1,1,1,1
565,3,lia,1,1,1,1,1,1,1,1,1,1,1,1,1,1,1,1
566,2,ani,1,1,1,1,1,1,1,1,1,1,1,1,1,1,1,1
567,3,ion,0,0,0,0,0,0,0,0,0,0,0,0,0,0,0,0
568,3,tri,1,1,1,1,1,1,1,1,1,1,1,1,1,1,1,1
569,3,far,0,0,0,0,0,0,0,0,0,0,0,0,0,0,0,0
570,3,omo,0,0,0,0,0,0,0,0,0,0,0,0,0,0,0,0
571,3,ana,1,1,1,1,1,1,1,1,1,1,1,1,1,1,1,1
572,3,sta,1,1,1,1,1,1,1,1,1,1,1,1,1,1,1,1
573,3,aus,1,1,1,1,1,1,1,1,1,1,1,1,1,1,1,1
574,3,nti,1,1,1,1,1,1,1,1,1,1,1,1,1,1,1,1
575,3,taa,1,1,1,0,1,1,1,1,1,1,1,1,1,1,1,1
576,2,ttu,1,1,1,0,1,1,0,1,1,0,1,1,0,1,1,0
577,3,ini,1,1,1,1,1,1,1,1,1,1,1,1,1,1,1,1
578,4,olo,1,1,1,1,1,1,1,1,1,1,1,1,1,1,1,1
579,4,i a,1,1,1,1,1,1,1,1,1,1,1,1,1,1,1,1
580,3,mah,1,1,1,1,1,1,1,1,1,1,1,1,1,1,1,1
581,4,sti,1,1,1,1,1,1,1,1,1,1,1,1,1,1,1,1
582,4,han,1,1,1,1,1,1,1,1,1,1,1,1,1,1,1,1
583,3,aya,1,1,1,1,1,1,1,1,1,1,1,1,1,1,1,1
584,3,ana,1,1,1,1,1,1,1,1,1,1,1,1,1,1,1,1
585,2,nti,1,1,1,1,1,1,1,1,1,1,1,1,1,1,1,1
586,3,yah,1,1,1,1,1,1,1,1,1,1,1,1,1,1,1,1
587,2,ani,1,1,1,1,1,1,1,1,1,1,1,1,1,1,1,1
588,3,rto,1,0,0,0,0,0,0,0,0,0,0,0,0,0,0,0
589,2,nka,1,1,1,1,1,1,1,1,1,1,1,1,1,1,1,1
590,2,nti,1,1,1,1,1,1,1,1,1,1,1,1,1,1,1,1
591,2,ira,1,1,1,1,1,1,1,1,1,1,1,1,1,1,1,1
592,3,nar,1,1,1,1,1,1,1,1,1,1,1,1,1,1,1,1
593,3,isa,1,1,1,1,1,1,1,1,1,1,1,1,1,1,1,1
594,2,vic,0,0,0,0,0,0,0,0,0,0,0,0,0,0,0,0
595,3,rin,0,1,1,1,1,1,1,1,1,1,1,1,1,1,1,1
596,3,gan,0,0,0,0,0,0,0,0,0,0,0,0,0,0,0,0
597,3,ent,0,0,0,0,0,0,0,0,0,0,0,0,0,0,0,0
598,3,ita,1,1,1,1,1,1,1,1,1,1,1,1,1,1,1,1
599,3,rma,0,0,0,0,0,0,0,0,0,0,0,0,0,0,0,0
600,3,ito,0,0,0,0,0,0,0,0,0,0,0,0,0,0,0,0
601,3,ana,0,0,0,0,0,0,0,0,0,0,0,0,0,0,0,0
602,2,yah,0,0,0,0,0,0,0,0,0,0,0,0,0,0,0,0
603,3,imo,0,0,0,0,0,0,0,0,0,0,0,0,0,0,0,0
604,3,hyo,0,0,0,0,0,0,0,0,0,0,0,0,0,0,0,0
605,4,tih,0,0,0,0,0,0,0,0,0,0,0,0,0,0,0,0
606,3,man,0,0,0,0,0,0,0,0,0,0,0,0,0,0,0,0
607,4,nao,0,0,0,1,0,0,1,0,0,1,0,0,1,0,0,1
608,3,rto,0,0,0,0,0,0,0,0,0,0,0,0,0,0,0,0
609,3,ana,0,0,0,0,0,0,0,0,0,0,0,0,0,0,0,0
610,3,tra,0,0,0,0,0,0,0,0,0,0,0,0,0,0,0,0
611,2,wan,0,0,0,0,0,0,0,0,0,0,0,0,0,0,0,0
612,3,din,0,0,0,0,0,0,0,0,0,0,0,0,0,0,0,0
613,4,wan,0,0,0,0,0,0,0,0,0,0,0,0,0,0,0,0
614,3,iki,0,0,0,0,0,0,0,0,0,0,0,0,0,0,0,0
615,3,owo,0,0,0,0,0,0,0,0,0,0,0,0,0,0,0,0
616,3,aya,0,0,0,0,0,0,0,0,0,0,0,0,0,0,0,0
617,2,ara,0,0,0,0,0,0,0,0,0,0,0,0,0,0,0,0
618,3,ani,1,1,1,1,1,1,1,1,1,1,1,1,1,1,1,1
619,2,nti,1,1,1,1,1,1,1,1,1,1,1,1,1,1,1,1
620,3,agi,0,0,0,0,0,0,0,0,0,0,0,0,0,0,0,0
621,3,kir,0,0,0,0,0,0,0,0,0,0,0,0,0,0,0,0
622,3,zki,0,0,0,0,0,0,0,0,0,0,0,0,0,0,0,0
623,3,oso,0,0,0,0,0,0,0,0,0,0,0,0,0,0,0,0
624,3,din,0,0,0,0,0,0,0,0,0,0,0,0,0,0,0,0
625,3,tra,0,0,0,0,0,0,0,0,0,0,0,0,0,0,0,0
626,4,osa,0,0,0,0,0,0,0,0,0,0,0,0,0,0,0,0
627,4,gga,0,0,0,0,0,0,0,0,0,0,0,0,0,0,0,0
628,2,sah,0,0,0,0,0,0,0,0,0,0,0,0,0,0,0,0
629,2,hir,0,0,0,0,0,0,0,0,0,0,0,0,0,0,0,0
630,3,ani,0,0,0,0,0,0,0,0,0,0,0,0,0,0,0,0
631,2,lah,0,0,0,0,0,0,0,0,0,0,0,0,0,0,0,0
632,3,ldi,0,0,0,0,0,0,0,0,0,0,0,0,0,0,0,0
633,3,dan,0,0,0,0,0,0,0,0,0,0,0,0,0,0,0,0
634,3,its,0,0,0,0,0,0,0,0,0,0,0,0,0,0,0,0
635,3,ani,0,0,0,0,0,0,0,0,0,0,0,0,0,0,0,0
636,4,raz,0,0,0,0,0,0,0,0,0,0,0,0,0,0,0,0
637,3,ila,0,0,0,0,0,0,0,0,0,0,0,0,0,0,0,0
638,3,uda,0,0,0,0,0,0,0,0,0,0,0,0,0,0,0,0
639,3,uum,0,0,0,0,0,0,0,0,0,0,0,0,0,0,0,0
640,3,ndi,0,0,0,0,0,0,0,0,0,0,0,0,0,0,0,0
641,3,rim,0,0,0,0,0,0,0,0,0,0,0,0,0,0,0,0
642,2,lah,0,0,0,0,0,0,0,0,0,0,0,0,0,0,0,0
643,3,man,0,0,0,0,0,0,0,0,0,0,0,0,0,0,0,0
644,2,ani,0,0,0,0,0,0,0,0,0,0,0,0,0,0,0,0
645,4,man,0,0,0,0,0,0,0,0,0,0,0,0,0,0,0,0
646,3,ali,0,0,0,0,0,0,0,0,0,0,0,0,0,0,0,0
647,2,nil,0,0,0,0,0,0,0,0,0,0,0,0,0,0,0,0
648,3,ito,0,0,0,0,0,0,0,0,0,0,0,0,0,0,0,0
649,3,oir,0,0,0,0,0,0,0,0,0,0,0,0,0,0,0,0
650,3,aya,0,0,0,0,0,0,0,0,0,0,0,0,0,0,0,0
651,4,rif,0,0,0,0,0,0,0,0,0,0,0,0,0,0,0,0
652,2,aky,0,0,0,0,0,0,0,0,0,0,0,0,0,0,0,0
653,3,yah,0,0,0,0,0,0,0,0,0,0,0,0,0,0,0,0
654,3,uti,0,0,0,0,0,0,0,0,0,0,0,0,0,0,0,0
655,3,ali,0,0,0,0,0,0,0,0,0,0,0,0,0,0,0,0
656,3,jat,0,0,0,0,0,0,0,0,0,0,0,0,0,0,0,0
657,3,ari,0,0,0,0,0,0,0,0,0,0,0,0,0,0,0,0
658,3,ari,0,0,0,0,0,0,0,0,0,0,0,0,0,0,0,0
659,3,ini,0,0,0,0,0,0,0,0,0,0,0,0,0,0,0,0
660,3,nto,0,0,0,0,0,0,0,0,0,0,0,0,0,0,0,0
661,3,ini,0,0,0,0,0,0,0,0,0,0,0,0,0,0,0,0
662,3,din,0,0,0,0,0,0,0,0,0,0,0,0,0,0,0,0
663,3,iki,0,0,0,0,0,0,0,0,0,0,0,0,0,0,0,0
664,3,nto,0,0,0,0,0,0,0,0,0,0,0,0,0,0,0,0
665,3,din,0,0,0,0,0,0,0,0,0,0,0,0,0,0,0,0
666,3,iqi,0,0,0,0,0,0,0,0,0,0,0,0,0,0,0,0
667,3,nio,0,0,0,0,0,0,0,0,0,0,0,0,0,0,0,0
668,4,han,0,0,0,0,0,0,0,0,0,0,0,0,0,0,0,0
669,3,lam,0,0,0,0,0,0,0,0,0,0,0,0,0,0,0,0
670,2,din,0,0,0,0,0,0,0,0,0,0,0,0,0,0,0,0
671,3,min,0,0,0,0,0,0,0,0,0,0,0,0,0,0,0,0
672,2,hat,0,0,0,0,0,0,0,0,0,0,0,0,0,0,0,0
673,3,ofa,0,0,0,0,0,0,0,0,0,0,0,0,0,0,0,0
674,3,sir,0,0,0,0,0,0,0,0,0,0,0,0,0,0,0,0
675,3,lah,0,0,0,0,0,0,0,0,0,0,0,0,0,0,0,0
676,3,ary,0,0,0,0,0,0,0,0,0,0,0,0,0,0,0,0
677,3,har,0,0,0,0,0,0,0,0,0,0,0,0,0,0,0,0
678,3,yah,0,0,0,0,0,0,0,0,0,0,0,0,0,0,0,0
679,3,dan,0,0,0,0,0,0,0,0,0,0,0,0,0,0,0,0
680,2,sah,0,0,0,0,0,0,0,0,0,0,0,0,0,0,0,0
681,3,yah,0,0,0,0,0,0,0,0,0,0,0,0,0,0,0,0
682,2,ari,0,0,0,0,0,0,0,0,0,0,0,0,0,0,0,0
683,2,ibi,0,0,0,0,0,0,0,0,0,0,0,0,0,0,0,0
684,3,ari,0,0,0,0,0,0,0,0,0,0,0,0,0,0,0,0
685,3,ari,0,0,0,0,0,0,0,0,0,0,0,0,0,0,0,0
686,4,zki,0,0,0,0,0,0,0,0,0,0,0,0,0,0,0,0
687,3,iiq,0,0,0,0,0,0,0,0,0,0,0,0,0,0,0,0
688,3,aan,0,0,0,0,0,0,0,0,0,0,0,0,0,0,0,0
689,2,lah,0,0,0,0,0,0,0,0,0,0,0,0,0,0,0,0
690,3,han,0,0,0,0,0,0,0,0,0,0,0,0,0,0,0,0
691,3,uma,0,0,0,0,0,0,0,0,0,0,0,0,0,0,0,0
692,3,iri,0,0,0,0,0,0,0,0,0,0,0,0,0,0,0,0
693,3,yam,0,0,0,0,0,0,0,0,0,0,0,0,0,0,0,0
694,3,nda,0,0,0,0,0,0,0,0,0,0,0,0,0,0,0,0
695,3,rra,0,0,0,0,0,0,0,0,0,0,0,0,0,0,0,0
696,3,nia,0,0,0,0,0,0,0,0,0,0,0,0,0,0,0,0
697,3,tih,0,0,0,0,0,0,0,0,0,0,0,0,0,0,0,0
698,3,wan,0,0,0,0,0,0,0,0,0,0,0,0,0,0,0,0
699,3,afi,0,0,0,0,0,0,0,0,0,0,0,0,0,0,0,0
700,3,ami,0,0,0,0,0,0,0,0,0,0,0,0,0,0,0,0
701,4,bal,0,0,0,0,0,0,0,0,0,0,0,0,0,0,0,0
702,3,ria,0,0,0,0,0,0,0,0,0,0,0,0,0,0,0,0
703,3,rid,0,0,0,0,0,0,0,0,0,0,0,0,0,0,0,0
704,4,dqi,0,0,0,0,0,0,0,0,0,0,0,0,0,0,0,0
705,3,aqi,0,0,0,0,0,0,0,0,0,0,0,0,0,0,0,0
706,3,isi,0,0,0,0,0,0,0,0,0,0,0,0,0,0,0,0
707,2,lis,0,0,0,0,0,0,0,0,0,0,0,0,0,0,0,0
708,3,ria,0,0,0,0,0,0,0,0,0,0,0,0,0,0,0,0
709,6,man,0,0,0,0,0,0,0,0,0,0,0,0,0,0,0,0
710,3,ziz,0,0,0,0,0,0,0,0,0,0,0,0,0,0,0,0
711,3,zan,0,0,0,0,0,0,0,0,0,0,0,0,0,0,0,0
712,3,ani,0,0,0,0,0,0,0,0,0,0,0,0,0,0,0,0
713,3,rus,0,0,0,0,0,0,0,0,0,0,0,0,0,0,0,0
714,3,man,0,0,0,0,0,0,0,0,0,0,0,0,0,0,0,0
715,3,yat,0,0,0,0,0,0,0,0,0,0,0,0,0,0,0,0
716,5,tro,0,0,0,0,0,0,0,0,0,0,0,0,0,0,0,0
717,3,omo,0,0,0,0,0,0,0,0,0,0,0,0,0,0,0,0
718,3,ris,0,0,0,0,0,0,0,0,0,0,0,0,0,0,0,0
719,5,lya,0,0,0,0,0,0,0,0,0,0,0,0,0,0,0,0
720,3,tya,0,0,0,0,0,0,0,0,0,0,0,0,0,0,0,0
721,3,tyo,0,0,0,0,0,0,0,0,0,0,0,0,0,0,0,0
722,3,yat,0,0,0,0,0,0,0,0,0,0,0,0,0,0,0,0
723,3,rdi,0,0,0,0,0,0,0,0,0,0,0,0,0,0,0,0
724,3,lla,0,0,0,0,0,0,0,0,0,0,0,0,0,0,0,0
725,3,ian,0,0,0,0,0,0,0,0,0,0,0,0,0,0,0,0
726,3,aat,0,0,0,0,0,0,0,0,0,0,0,0,0,0,0,0
727,3,ani,0,0,0,0,0,0,0,0,0,0,0,0,0,0,0,0
728,2,yah,0,0,0,0,0,0,0,0,0,0,0,0,0,0,0,0
729,2,lah,0,0,0,0,0,0,0,0,0,0,0,0,0,0,0,0
730,4,ksi,0,0,0,0,0,0,0,0,0,0,0,0,0,0,0,0
731,3,dyo,0,0,0,0,0,0,0,0,0,0,0,0,0,0,0,0
732,3,lik,0,0,0,0,0,0,0,0,0,0,0,0,0,0,0,0
733,3,sni,0,0,0,0,0,0,0,0,0,0,0,0,0,0,0,0
734,2,lah,0,0,0,0,0,0,0,0,0,0,0,0,0,0,0,0
735,3,ani,0,0,0,0,0,0,0,0,0,0,0,0,0,0,0,0
736,3,ish,0,0,0,0,0,0,0,0,0,0,0,0,0,0,0,0
737,2,tra,0,0,0,0,0,0,0,0,0,0,0,0,0,0,0,0
738,2,loh,0,0,0,0,0,0,0,0,0,0,0,0,0,0,0,0
739,2,diq,0,0,0,0,0,0,0,0,0,0,0,0,0,0,0,0
740,3,ndi,0,0,0,0,0,0,0,0,0,0,0,0,0,0,0,0
741,3,ndo,0,0,0,0,0,0,0,0,0,0,0,0,0,0,0,0
742,4,lmi,0,0,0,0,0,0,0,0,0,0,0,0,0,0,0,0
743,2,kir,0,0,0,0,0,0,0,0,0,0,0,0,0,0,0,0
744,3,san,0,0,0,0,0,0,0,0,0,0,0,0,0,0,0,0
745,3,uro,0,0,0,0,0,0,0,0,0,0,0,0,0,0,0,0
746,3,din,0,0,0,0,0,0,0,0,0,0,0,0,0,0,0,0
747,4,oro,0,0,0,0,0,0,0,0,0,0,0,0,0,0,0,0
748,3,aqi,0,0,0,0,0,0,0,0,0,0,0,0,0,0,0,0
749,2,dan,0,0,0,0,0,0,0,0,0,0,0,0,0,0,0,0
750,3,aja,0,0,0,0,0,0,0,0,0,0,0,0,0,0,0,0
751,3,hid,0,0,0,0,0,0,0,0,0,0,0,0,0,0,0,0
752,3,kas,0,0,0,0,0,0,0,0,0,0,0,0,0,0,0,0
753,2,cky,0,0,0,0,0,0,0,0,0,0,0,0,0,0,0,0
754,3,sum,0,0,0,0,0,0,0,0,0,0,0,0,0,0,0,0
755,4,san,0,0,0,0,0,0,0,0,0,0,0,0,0,0,0,0
756,3,wan,0,0,0,0,0,0,0,0,0,0,0,0,0,0,0,0
757,3,zqi,0,0,0,0,0,0,0,0,0,0,0,0,0,0,0,0
758,4,ran,0,0,0,0,0,0,0,0,0,0,0,0,0,0,0,0
759,3,kan,0,0,0,0,0,0,0,0,0,0,0,0,0,0,0,0
760,4,zqa,0,0,0,0,0,0,0,0,0,0,0,0,0,0,0,0
761,3,lmi,0,0,0,0,0,0,0,0,0,0,0,0,0,0,0,0
762,3,ari,0,0,0,0,0,0,0,0,0,0,0,0,0,0,0,0
763,3,zky,0,0,0,0,0,0,0,0,0,0,0,0,0,0,0,0
764,5,ami,0,0,0,0,0,0,0,0,0,0,0,0,0,0,0,0
765,3,tra,0,0,0,0,0,0,0,0,0,0,0,0,0,0,0,0
766,2,car,0,0,0,0,0,0,0,0,0,0,0,0,0,0,0,0
767,2,adi,1,0,0,0,0,0,0,0,0,0,0,0,0,0,0,0
768,3,ano,0,0,0,0,0,0,0,0,0,0,0,0,0,0,0,0
769,4,tra,0,0,0,0,0,0,0,0,0,0,0,0,0,0,0,0
770,3,ful,0,0,0,0,0,0,0,0,0,0,0,0,0,0,0,0
771,2,naf,0,0,0,0,0,0,0,0,0,0,0,0,0,0,0,0
772,3,jib,0,0,0,0,0,0,0,0,0,0,0,0,0,0,0,0
773,3,hra,1,1,1,1,1,1,1,1,1,1,1,1,1,1,1,1
774,3,lah,1,1,1,1,1,1,1,1,1,1,1,1,1,1,1,1
775,2,nti,1,1,1,1,1,1,1,1,1,1,1,1,1,1,1,1
776,2,ani,1,1,1,1,1,1,1,1,1,1,1,1,1,1,1,1
777,3,ani,1,1,1,1,1,1,1,1,1,1,1,1,1,1,1,1
778,3,lia,1,1,1,1,1,1,1,1,1,1,1,1,1,1,1,1
779,3,hfi,0,0,0,0,0,0,0,0,0,0,0,0,0,0,0,0
780,3,pta,0,0,0,0,0,0,0,0,0,0,0,0,0,0,0,0
781,2,ila,1,1,1,1,1,1,1,1,1,1,1,1,1,1,1,1
782,2,iah,1,1,1,1,1,1,1,1,1,1,1,1,1,1,1,1
783,2,lah,0,0,0,0,0,0,0,0,0,0,0,0,0,0,0,0
784,2,him,0,0,0,0,0,0,0,0,0,0,0,0,0,0,0,0
785,2,ffa,0,0,0,0,0,0,0,0,0,0,0,0,0,0,0,0
786,3,ani,1,1,1,1,1,1,1,1,1,1,1,1,1,1,1,1
787,2,kri,0,0,0,0,0,0,0,0,0,0,0,0,0,0,0,0
788,3,rah,1,1,1,1,1,1,1,1,1,1,1,1,1,1,1,1
789,3,lah,1,1,1,1,1,1,1,1,1,1,1,1,1,1,1,1
790,3,ira,1,1,1,0,1,1,0,1,1,0,1,1,0,1,1,0
791,3,sih,1,1,1,1,1,1,1,1,1,1,1,1,1,1,1,1
792,3,iva,0,1,1,0,1,1,0,1,1,0,1,1,0,1,1,0
793,3,ina,1,1,1,1,1,1,1,1,1,1,1,1,1,1,1,1
794,3,ami,1,1,1,1,1,1,1,1,1,1,1,1,1,1,1,1
795,3,ina,1,1,1,1,1,1,1,1,1,1,1,1,1,1,1,1
796,3,mah,1,1,1,1,1,1,1,1,1,1,1,1,1,1,1,1
797,3,nah,1,1,1,1,1,1,1,1,1,1,1,1,1,1,1,1
798,2,afa,1,1,1,1,1,1,1,1,1,1,1,1,1,1,1,1
799,2,hma,1,1,1,1,1,1,1,1,1,1,1,1,1,1,1,1
800,4,nti,1,1,1,1,1,1,1,1,1,1,1,1,1,1,1,1
801,2,ila,1,1,1,1,1,1,1,1,1,1,1,1,1,1,1,1
802,3,nah,1,1,1,1,1,1,1,1,1,1,1,1,1,1,1,1
803,2,ian,1,0,0,0,0,0,0,0,0,0,0,0,0,0,0,0
804,3,uan,1,1,1,1,1,1,0,1,1,0,1,1,1,1,1,0
805,4,gga,1,1,1,1,1,1,1,1,1,1,1,1,1,1,1,1
806,2,isa,1,1,1,1,1,1,1,1,1,1,1,1,1,1,1,1
807,2,aya,1,1,1,1,1,1,1,1,1,1,1,1,1,1,1,1
808,3,ina,1,1,1,1,1,1,1,1,1,1,1,1,1,1,1,1
809,3,ani,1,1,1,1,1,1,1,1,1,1,1,1,1,1,1,1
810,2,ila,1,1,1,1,1,1,1,1,1,1,1,1,1,1,1,1
811,2,ida,1,1,1,1,1,1,1,1,1,1,1,1,1,1,1,1
812,3,isa,1,1,1,1,1,1,1,1,1,1,1,1,1,1,1,1
813,2,iah,1,1,1,1,1,1,1,1,1,1,1,1,1,1,1,1
814,2,yah,1,1,1,1,1,1,1,1,1,1,1,1,1,1,1,1
815,2,kah,1,1,1,0,1,1,0,1,1,0,1,1,1,1,1,1
816,3,yah,0,0,0,1,0,0,1,0,0,1,0,0,1,0,0,1
817,2,khi,0,0,0,0,0,0,0,0,0,0,0,0,0,0,0,0
818,3,ono,1,0,0,0,0,0,0,0,0,0,0,0,0,0,0,0
819,4,i h,0,1,1,1,1,1,1,1,1,1,1,1,1,1,1,1
820,1,mah,1,1,1,1,1,1,1,1,1,1,1,1,1,1,1,1
821,3,fah,1,1,1,1,1,1,1,1,1,1,1,1,1,1,1,1
822,3,ina,1,1,1,1,1,1,1,1,1,1,1,1,1,1,1,1
823,3,ewi,1,1,1,1,1,1,1,1,1,1,1,1,1,1,1,1
824,3,ina,1,1,1,1,1,1,1,1,1,1,1,1,1,1,1,1
825,3,tri,1,1,1,1,1,1,1,1,1,1,1,1,1,1,1,1
826,2,uni,1,1,1,1,1,1,1,1,1,1,1,1,1,1,1,1
827,3,ulu,1,1,1,0,1,1,0,1,1,0,1,1,0,1,1,0
828,3,ani,1,1,1,1,1,1,1,1,1,1,1,1,1,1,1,1
829,1,sah,1,1,1,1,1,1,1,1,1,1,1,1,1,1,1,1
830,3,nda,1,1,1,1,1,1,1,1,1,1,1,1,1,1,1,1
831,3,any,1,1,1,1,1,1,1,1,1,1,1,1,1,1,1,1
832,3,ara,1,1,1,1,1,1,1,1,1,1,1,1,1,1,1,1
833,3,ana,1,1,1,1,1,1,1,1,1,1,1,1,1,1,1,1
834,2,yas,1,1,1,1,1,1,1,1,1,1,1,1,1,1,1,1
835,3,tri,1,1,1,1,1,1,1,1,1,1,1,1,1,1,1,1
836,3,lah,1,1,1,1,1,1,1,1,1,1,1,1,1,1,1,1
837,3,dis,1,1,1,0,1,1,1,1,1,1,1,1,1,1,1,1
838,3,met,1,1,1,1,1,1,1,1,1,1,1,1,1,1,1,1
839,3,ini,1,1,1,1,1,1,1,1,1,1,1,1,1,1,1,1
840,3,dza,1,1,1,0,1,1,0,1,1,0,1,1,1,1,1,1
841,4,ana,1,1,1,1,1,1,1,1,1,1,1,1,1,1,1,1
842,3,tri,1,1,1,1,1,1,1,1,1,1,1,1,1,1,1,1
843,4,ina,1,1,1,1,1,1,1,1,1,1,1,1,1,1,1,1
844,3,nia,1,1,1,1,1,1,1,1,1,1,1,1,1,1,1,1
845,3,ani,1,1,1,1,1,1,1,1,1,1,1,1,1,1,1,1
846,3,yah,1,1,1,1,1,1,1,1,1,1,1,1,1,1,1,1
847,3,nsa,1,1,1,0,1,1,1,1,1,0,1,1,0,1,1,0
848,2,mah,1,1,1,1,1,1,1,1,1,1,1,1,1,1,1,1
849,2,hra,1,1,1,1,1,1,1,1,1,1,1,1,1,1,1,1
850,3,nti,1,1,1,1,1,1,1,1,1,1,1,1,1,1,1,1
851,3,tri,1,1,1,1,1,1,1,1,1,1,1,1,1,1,1,1
852,3,ham,1,1,1,1,1,1,1,1,1,1,1,1,1,1,1,1
853,3,ida,1,1,1,1,1,1,1,1,1,1,1,1,1,1,1,1
854,3,zah,1,1,1,1,1,1,1,1,1,1,1,1,1,1,1,1
855,3,yam,1,0,0,0,0,0,0,0,0,0,0,0,0,0,0,0
856,3,ina,1,1,1,1,1,1,1,1,1,1,1,1,1,1,1,1
857,3,wan,1,1,1,1,1,1,0,1,1,1,1,1,1,1,1,0
858,3,ewi,1,1,1,1,1,1,1,1,1,1,1,1,1,1,1,1
859,2,isa,1,1,1,1,1,1,1,1,1,1,1,1,1,1,1,1
860,3,war,1,1,1,0,1,1,0,1,1,0,1,1,0,1,1,0
861,3,ris,1,1,1,1,1,1,1,1,1,1,1,1,1,1,1,1
862,3,yas,1,1,1,1,1,1,1,1,1,1,1,1,1,1,1,1
863,3,qis,1,1,1,1,1,1,1,1,1,1,1,1,1,1,1,1
864,3,lia,1,1,1,1,1,1,1,1,1,1,1,1,1,1,1,1
865,2,ina,1,1,1,1,1,1,1,1,1,1,1,1,1,1,1,1
866,3,ini,1,1,1,1,1,1,1,1,1,1,1,1,1,1,1,1
867,3,zah,1,1,1,1,1,1,1,1,1,1,1,1,1,1,1,1
868,3,lah,1,1,1,1,1,1,1,1,1,1,1,1,1,1,1,1
869,3,zah,1,1,1,1,1,1,1,1,1,1,1,1,1,1,1,1
870,3,nti,1,1,1,1,1,1,1,1,1,1,1,1,1,1,1,1
871,2,ini,1,1,1,1,1,1,1,1,1,1,1,1,1,1,1,1
872,3,dia,1,1,1,1,1,1,1,1,1,1,1,1,1,1,1,1
873,3,hra,1,1,1,1,1,1,1,1,1,1,1,1,1,1,1,1
874,3,ana,1,1,1,1,1,1,1,1,1,1,1,1,1,1,1,1
875,3,lah,1,1,1,1,1,1,1,1,1,1,1,1,1,1,1,1
876,3,gan,1,1,1,1,1,1,1,1,1,1,1,1,1,1,1,1
877,3,ata,1,1,1,1,1,1,1,1,1,1,1,1,1,1,1,1
878,3,aaf,1,1,1,1,1,1,1,1,1,1,1,1,1,1,1,1
879,2,ani,1,1,1,1,1,1,1,1,1,1,1,1,1,1,1,1
880,3,mah,1,1,1,1,1,1,1,1,1,1,1,1,1,1,1,1
881,4,esy,1,0,0,0,0,0,0,0,0,0,0,0,0,0,0,0
882,3,ona,1,1,1,1,1,1,1,1,1,1,1,1,1,1,1,1
883,3,tri,1,1,1,1,1,1,1,1,1,1,1,1,1,1,1,1
884,2,nda,1,1,1,1,1,1,1,1,1,1,1,1,1,1,1,1
885,2,naa,1,1,1,1,1,1,1,1,1,1,1,1,1,1,1,1
886,3,tri,1,1,1,1,1,1,1,1,1,1,1,1,1,1,1,1
887,3,ani,1,1,1,1,1,1,1,1,1,1,1,1,1,1,1,1
888,3,yra,1,1,1,1,1,1,1,1,1,1,1,1,1,1,1,1
889,3,hwa,1,1,1,1,1,1,1,1,1,1,1,1,1,1,1,1
890,2,ila,1,1,1,1,1,1,1,1,1,1,1,1,1,1,1,1
891,4,tri,1,1,1,1,1,1,1,1,1,1,1,1,1,1,1,1
892,3,tin,1,1,1,1,1,1,1,1,1,1,1,1,1,1,1,1
893,4,ira,1,1,1,1,1,1,1,1,1,1,1,1,1,1,1,1
894,3,ira,1,1,1,1,1,1,1,1,1,1,1,1,1,1,1,1
895,2,ani,1,1,1,1,1,1,1,1,1,1,1,1,1,1,1,1
896,3,lia,1,1,1,1,1,1,1,1,1,1,1,1,1,1,1,1
897,3,udi,1,1,1,0,1,1,0,1,1,0,1,1,0,1,1,0
898,3,nia,1,1,1,1,1,1,1,1,1,1,1,1,1,1,1,1
899,4,iro,1,1,1,1,1,1,1,1,1,1,1,1,1,1,1,1
900,3,yah,1,1,1,1,1,1,1,1,1,1,1,1,1,1,1,1
901,3,ila,1,1,1,1,1,1,1,1,1,1,1,1,1,1,1,1
902,3,ina,1,1,1,1,1,1,1,1,1,1,1,1,1,1,1,1
903,3,ani,1,1,1,1,1,1,1,1,1,1,1,1,1,1,1,1
904,3,kas,0,0,0,0,0,0,0,0,0,0,0,0,0,0,0,0
905,2,iya,0,0,0,0,0,0,0,0,0,0,0,0,0,0,0,0
906,3,opo,0,0,0,0,0,0,0,0,0,0,0,0,0,0,0,0
907,3,iri,0,0,0,0,0,0,0,0,0,0,0,0,0,0,0,0
908,2,izi,0,0,0,0,0,0,0,0,0,0,0,0,0,0,0,0
909,4,aud,0,0,0,0,0,0,0,0,0,0,0,0,0,0,0,0
910,3,ria,0,0,0,0,0,0,0,0,0,0,0,0,0,0,0,0
911,2,ani,0,0,0,0,0,0,0,0,0,0,0,0,0,0,0,0
912,2,lah,0,0,0,0,0,0,0,0,0,0,0,0,0,0,0,0
913,3,wan,0,0,0,0,0,0,0,0,0,0,0,0,0,0,0,0
914,3,suf,0,0,0,0,0,0,0,0,0,0,0,0,0,0,0,0
915,2,ana,0,0,0,0,0,0,0,0,0,0,0,0,0,0,0,0
916,3,ido,0,0,0,0,0,0,0,0,0,0,0,0,0,0,0,0
917,3,mil,0,0,0,0,0,0,0,0,0,0,0,0,0,0,0,0
918,3,rak,0,0,0,0,0,0,0,0,0,0,0,0,0,0,0,0
919,2,eri,0,0,0,0,0,0,0,0,0,0,0,0,0,0,0,0
920,3,rju,0,0,0,0,0,0,0,0,0,0,0,0,0,0,0,0
921,3,shy,0,0,0,0,0,0,0,0,0,0,0,0,0,0,0,0
922,3,nto,0,0,0,0,0,0,0,0,0,0,0,0,0,0,0,0
923,4,ibi,0,0,0,0,0,0,0,0,0,0,0,0,0,0,0,0
924,4,hya,0,0,0,0,0,0,0,0,0,0,0,0,0,0,0,0
925,3,hra,1,1,1,1,1,1,1,1,1,1,1,1,1,1,1,1
926,3,ela,1,1,1,1,1,1,1,1,1,1,1,1,1,1,1,1
927,3,aya,0,1,1,0,1,1,1,1,1,1,1,1,1,1,1,1
928,3,hmi,0,0,0,0,0,0,0,0,0,0,0,0,0,0,0,0
929,3,har,0,0,0,0,0,0,0,0,0,0,0,0,0,0,0,0
930,3,man,0,0,0,0,0,0,0,0,0,0,0,0,0,0,0,0
931,4,tra,0,0,0,0,0,0,0,0,0,0,0,0,0,0,0,0
932,3,ira,0,0,0,0,0,0,0,0,0,0,0,0,0,0,0,0
933,4,ana,0,0,0,0,0,0,0,0,0,0,0,0,0,0,0,0
934,2,ian,0,0,0,0,0,0,0,0,0,0,0,0,0,0,0,0
935,3,i f,0,0,0,0,0,0,0,0,0,0,0,0,0,0,0,0
936,2,nim,0,0,0,0,0,0,0,0,0,0,0,0,0,0,0,0
937,2,yat,0,0,0,0,0,0,0,0,0,0,0,0,0,0,0,0
938,3,lah,0,0,0,0,0,0,0,0,0,0,0,0,0,0,0,0
939,4,idi,0,0,0,0,0,0,0,0,0,0,0,0,0,0,0,0
940,2,lik,0,0,0,0,0,0,0,0,0,0,0,0,0,0,0,0
941,2,ana,0,0,0,0,0,0,0,0,0,0,0,0,0,0,0,0
942,3,tra,0,0,0,0,0,0,0,0,0,0,0,0,0,0,0,0
943,2,mah,0,1,1,1,1,1,1,1,1,1,1,1,1,1,1,1
944,3,oho,0,0,0,0,0,0,0,0,0,0,0,0,0,0,0,0
945,4,aya,0,0,0,0,0,0,0,0,0,0,0,0,0,0,0,0
946,3,don,0,0,0,0,0,0,0,0,0,0,0,0,0,0,0,0
947,3,nsa,0,0,0,0,0,0,0,0,0,0,0,0,0,0,0,0
948,2,ewo,0,0,0,0,0,0,0,0,0,0,0,0,0,0,0,0
949,4,aga,0,0,0,0,0,0,0,0,0,0,0,0,0,0,0,0
950,3,fin,0,0,0,0,0,0,0,0,0,0,0,0,0,0,0,0
951,2,nto,0,0,0,0,0,0,0,0,0,0,0,0,0,0,0,0
952,4,min,0,0,0,0,0,0,0,0,0,0,0,0,0,0,0,0
953,2,adi,0,0,0,0,0,0,0,0,0,0,0,0,0,0,0,0
954,2,ari,0,0,0,0,0,0,0,0,0,0,0,0,0,0,0,0
955,3,fsa,0,0,0,0,0,0,0,0,0,0,0,0,0,0,0,0
956,3,yat,0,0,0,0,0,0,0,0,0,0,0,0,0,0,0,0
957,3,evi,0,0,0,0,0,0,0,0,0,0,0,0,0,0,0,0
958,4,iya,0,0,0,0,0,0,0,0,0,0,0,0,0,0,0,0
959,4,han,0,0,0,0,0,0,0,0,0,0,0,0,0,0,0,0
960,4,tri,1,1,1,1,1,1,1,1,1,1,1,1,1,1,1,1
961,2,fid,0,0,0,0,0,0,0,0,0,0,0,0,0,0,0,0
962,3,eto,0,0,0,0,0,0,0,0,0,0,0,0,0,0,0,0
963,4,ata,0,0,0,0,0,0,0,0,0,0,0,0,0,0,0,0
964,4,sta,1,1,1,1,1,1,1,1,1,1,1,1,1,1,1,1
965,3,sha,0,0,0,0,0,0,0,0,0,0,0,0,0,0,0,0
966,2,han,0,0,0,0,0,0,0,0,0,0,0,0,0,0,0,0
967,3,ira,1,1,1,1,1,1,1,1,1,1,1,1,1,1,1,1
968,2,era,0,0,0,0,0,0,0,0,0,0,0,0,0,0,0,0
969,2,and,0,0,0,0,0,0,0,0,0,0,0,0,0,0,0,0
970,3,tra,0,0,0,0,0,0,0,0,0,0,0,0,0,0,0,0
971,2,ama,0,0,0,0,0,0,0,0,0,0,0,0,0,0,0,0
972,3,ion,0,0,0,1,0,0,1,0,0,1,0,0,1,0,0,1
973,3,bar,0,0,0,0,0,0,0,0,0,0,0,0,0,0,0,0
974,2,fsi,0,0,0,1,0,0,1,0,0,1,0,0,1,0,0,1
975,4,afi,0,0,0,0,0,0,0,0,0,0,0,0,0,0,0,0
976,4,afi,0,0,0,0,0,0,0,0,0,0,0,0,0,0,0,0
977,2,dra,0,0,0,0,0,0,0,0,0,0,0,0,0,0,0,0
978,3,owa,0,0,0,0,0,0,0,0,0,0,0,0,0,0,0,0
979,4,nda,0,0,0,0,0,0,0,0,0,0,0,0,0,0,0,0
980,2,uga,0,0,0,0,0,0,0,0,0,0,0,0,0,0,0,0
981,3,ier,0,0,0,0,0,0,0,0,0,0,0,0,0,0,0,0
982,2,ael,0,0,0,0,0,0,0,0,0,0,0,0,0,0,0,0
983,3,oro,0,0,0,0,0,0,0,0,0,0,0,0,0,0,0,0
984,3,lah,1,1,1,1,1,1,1,1,1,1,1,1,1,1,1,1
985,2,ita,1,1,1,0,1,1,0,1,1,0,1,1,0,1,1,0
986,2,iza,1,1,1,1,1,1,1,1,1,1,1,1,1,1,1,1
987,3,wan,0,0,0,0,0,0,0,0,0,0,0,0,0,0,0,0
988,3,tra,0,0,0,0,0,0,0,0,0,0,0,0,0,0,0,0
989,3,ian,0,0,0,0,0,0,0,0,0,0,0,0,0,0,0,0
990,3,gan,0,0,0,0,0,0,0,0,0,0,0,0,0,0,0,0
991,4,umb,0,0,0,0,0,0,0,0,0,0,0,0,0,0,0,0
992,3,tya,0,0,0,0,0,0,0,0,0,0,0,0,0,0,0,0
993,2,wan,0,0,0,0,0,0,0,0,0,0,0,0,0,0,0,0
994,3,yan,0,0,0,0,0,0,0,0,0,0,0,0,0,0,0,0
995,4,sha,0,0,0,0,0,0,0,0,0,0,0,0,0,0,0,0
996,2,tia,0,0,0,0,0,0,0,0,0,0,0,0,0,0,0,0
997,2,loh,0,0,0,0,0,0,0,0,0,0,0,0,0,0,0,0
998,2,ldi,0,0,0,0,0,0,0,0,0,0,0,0,0,0,0,0
999,2,sah,0,0,0,0,0,0,0,0,0,0,0,0,0,0,0,0
1000,3,mad,0,0,0,0,0,0,0,0,0,0,0,0,0,0,0,0
1001,4,bis,0,0,0,0,0,0,0,0,0,0,0,0,0,0,0,0
1002,3,uri,1,1,1,1,1,1,1,1,1,1,1,1,1,1,1,1
1003,3,kah,1,1,0,0,1,0,0,1,0,0,1,0,0,1,0,0
1004,3,yas,1,1,1,1,1,1,1,1,1,1,1,1,1,1,1,1
1005,3,lah,0,0,0,1,0,0,1,0,0,0,0,0,1,0,0,0
1006,4,aya,1,1,1,1,1,1,1,1,1,1,1,1,1,1,1,1
1007,2,lan,0,0,0,0,0,0,0,0,0,0,0,0,0,0,0,0
1008,3,. w,1,1,1,1,1,1,1,1,1,1,1,1,1,1,1,1
1009,3,uzi,1,1,1,1,1,1,1,1,1,1,1,1,1,1,1,1
1010,3,ven,0,0,0,0,0,0,0,0,0,0,0,0,0,0,0,0
1011,2,izi,0,0,0,0,0,0,0,0,0,0,0,0,0,0,0,0
1012,3,man,0,0,0,0,0,0,0,0,0,0,0,0,0,0,0,0
1013,2,ido,0,0,0,0,0,0,0,0,0,0,0,0,0,0,0,0
1014,3,ona,0,0,0,0,0,0,0,0,0,0,0,0,0,0,0,0
1015,3,ara,0,0,0,0,0,0,0,0,0,0,0,0,0,0,0,0
1016,4,ing,0,0,0,0,0,0,0,0,0,0,0,0,0,0,0,0
1017,3,oro,0,0,0,0,0,0,0,0,0,0,0,0,0,0,0,0
1018,3,ara,0,0,0,0,0,0,0,0,0,0,0,0,0,0,0,0
1019,4,ari,0,0,0,0,0,0,0,0,0,0,0,0,0,0,0,0
1020,3,kim,0,0,0,0,0,0,0,0,0,0,0,0,0,0,0,0
1021,3,ega,0,0,0,0,0,0,0,0,0,0,0,0,0,0,0,0
1022,4,aus,0,0,0,0,0,0,0,0,0,0,0,0,0,0,0,0
1023,3,wan,0,0,0,0,0,0,0,0,0,0,0,0,0,0,0,0
1024,3,ali,0,0,0,0,0,0,0,0,0,0,0,0,0,0,0,0
1025,4,ira,1,1,1,0,1,1,0,1,1,0,1,1,0,1,1,0
1026,2,rta,0,0,0,0,0,0,0,0,0,0,0,0,0,0,0,0
1027,3,yad,1,1,0,0,1,0,0,1,0,0,1,0,0,1,0,0
1028,3,ari,0,1,1,1,1,1,1,1,1,1,1,1,1,1,1,1
1029,4,nga,0,0,0,0,0,0,0,0,0,0,0,0,0,0,0,0
1030,4,ing,0,0,0,0,0,0,0,0,0,0,0,0,0,0,0,0
1031,3,ina,1,1,1,1,1,1,1,1,1,1,1,1,1,1,1,1
1032,3,ine,1,1,1,1,1,1,1,1,1,1,1,1,1,1,1,1
1033,3,ati,1,1,1,1,1,1,1,1,1,1,1,1,1,1,1,1
1034,4,gun,0,0,0,0,0,0,0,0,0,0,0,0,0,0,0,0
1035,3,sha,1,1,1,1,1,1,1,1,1,1,1,1,1,1,1,1
1036,3,dra,1,1,1,0,1,1,0,1,1,0,1,1,0,1,1,0
1037,3,ira,1,1,1,1,1,1,1,1,1,1,1,1,1,1,1,1
1038,3,jak,0,0,0,1,0,0,1,0,0,0,0,0,0,0,0,1
1039,3,ari,1,1,1,1,1,1,1,1,1,1,1,1,1,1,1,1
1040,4,nta,1,1,1,1,1,1,1,1,1,1,1,1,1,1,1,1
1041,3,lao,0,0,0,0,0,0,0,0,0,0,0,0,0,0,0,0
1042,4,ian,0,0,0,0,0,0,0,0,0,0,0,0,0,0,0,0
1043,4,fin,0,0,0,0,0,0,0,0,0,0,0,0,0,0,0,0
1044,3,uri,0,0,0,0,0,0,0,0,0,0,0,0,0,0,0,0
1045,3,sha,1,1,1,1,1,1,1,1,1,1,1,1,1,1,1,1
1046,2,rie,1,1,0,0,1,0,0,1,0,0,1,0,0,1,0,0
1047,3,dra,0,0,0,0,0,0,0,0,0,0,0,0,0,0,0,0
1048,3,aen,0,0,0,0,0,0,0,0,0,0,0,0,0,0,0,0
1049,3,lla,1,1,1,1,1,1,1,1,1,1,1,1,1,1,1,1
1050,3,eri,1,1,1,0,1,1,0,1,1,0,1,1,1,1,1,1
1051,3,ian,1,1,1,0,1,1,0,1,1,0,1,1,0,1,1,0
1052,2,roh,1,1,1,0,1,1,0,1,1,0,1,1,0,1,1,0
1053,2,ero,0,0,0,0,0,0,0,0,0,0,0,0,0,0,0,0
1054,3,lah,0,0,0,0,0,0,0,0,0,0,0,0,0,0,0,0
1055,3,aha,0,0,0,0,0,0,0,0,0,0,0,0,0,0,0,0
1056,3,ono,0,0,0,0,0,0,0,0,0,0,0,0,0,0,0,0
1057,2,han,0,0,0,0,0,0,0,0,0,0,0,0,0,0,0,0
1058,2,lla,1,1,1,1,1,1,1,1,1,1,1,1,1,1,1,1
1059,2,oti,0,0,0,1,0,0,0,0,0,0,0,0,1,0,0,0
1060,4,mal,0,0,0,0,0,0,0,0,0,0,0,0,0,0,0,0
1061,4,ana,0,0,0,0,0,0,0,0,0,0,0,0,0,0,0,0
1062,3,tra,0,0,0,0,0,0,0,0,0,0,0,0,0,0,0,0
1063,3,oho,0,0,0,0,0,0,0,0,0,0,0,0,0,0,0,0
1064,3,sya,0,0,0,0,0,0,0,0,0,0,0,0,0,0,0,0
1065,3,han,0,0,0,0,0,0,0,0,0,0,0,0,0,0,0,0
1066,2,dra,0,0,0,0,0,0,0,0,0,0,0,0,0,0,0,0
1067,2,ati,1,1,1,1,1,1,1,1,1,1,1,1,1,1,1,1
1068,2,nto,0,0,0,0,0,0,0,0,0,0,0,0,0,0,0,0
1069,3,tra,0,0,0,0,0,0,0,0,0,0,0,0,0,0,0,0
1070,3,nah,1,1,1,1,1,1,1,1,1,1,1,1,1,1,1,1
1071,3,afi,0,0,0,0,0,0,0,0,0,0,0,0,0,0,0,0
1072,3,lah,1,1,1,1,1,1,1,1,1,1,1,1,1,1,1,1
1073,3,fki,0,0,0,0,0,0,0,0,0,1,0,0,0,0,0,1
1074,4,bis,0,0,0,0,0,0,0,0,0,0,0,0,0,0,0,0
1075,2,hra,1,1,1,1,1,1,1,1,1,1,1,1,1,1,1,1
1076,2,ndi,0,0,0,0,0,0,0,0,0,0,0,0,0,0,0,0
1077,3,fni,1,1,1,1,1,1,1,1,1,1,1,1,1,1,1,1
1078,3,tri,1,1,1,1,1,1,1,1,1,1,1,1,1,1,1,1
1079,3,tra,0,0,0,0,0,0,0,0,0,0,0,0,0,0,0,0
1080,2,yah,0,0,0,0,0,0,0,0,0,0,0,0,0,0,0,0
1081,2,qin,0,0,0,0,0,0,0,0,0,0,0,0,0,0,0,0
1082,2,ewa,0,0,0,0,0,0,0,0,0,0,0,0,0,0,0,0
1083,3,riq,0,0,0,0,0,0,0,0,0,0,0,0,0,0,0,0
1084,3,ich,0,0,0,0,0,0,0,0,0,0,0,0,0,0,0,0
1085,2,uda,0,0,0,0,0,0,0,0,0,0,0,0,0,0,0,0
1086,2,nja,0,0,0,0,0,0,0,0,0,0,0,0,0,0,0,0
1087,2,aen,0,0,0,0,0,0,0,0,0,0,0,0,0,0,0,0
1088,2,ari,1,1,1,1,1,1,1,1,1,1,1,1,1,1,1,1
1089,3,lah,1,1,1,1,1,1,1,1,1,1,1,1,1,1,1,1
1090,3,nto,0,0,0,0,0,0,0,0,0,0,0,0,0,0,0,0
1091,2,dan,0,0,0,0,0,0,0,0,0,0,0,0,0,0,0,0
1092,1,ida,1,1,1,0,1,1,0,1,1,0,1,1,1,1,1,1
1093,3,mad,0,0,0,0,0,0,0,0,0,0,0,0,0,0,0,0
1094,2,izi,0,0,0,0,0,0,0,0,0,0,0,0,0,0,0,0
1095,3,ndi,0,0,0,0,0,0,0,0,0,0,0,0,0,0,0,0
1096,3,kri,0,0,0,0,0,0,0,0,0,0,0,0,0,0,0,0
1097,3,tri,1,1,1,1,1,1,1,1,1,1,1,1,1,1,1,1
1098,4,ewi,1,1,1,1,1,1,1,1,1,1,1,1,1,1,1,1
1099,3,yar,0,0,0,0,0,0,0,0,0,0,0,0,0,0,0,0
1100,2,isa,1,1,1,1,1,1,1,1,1,1,1,1,1,1,1,1
1101,3,tra,0,0,0,0,0,0,0,0,0,0,0,0,0,0,0,0
1102,3,ara,0,0,0,0,0,0,0,0,0,0,0,0,0,0,0,0
1103,3,aya,0,0,0,0,0,0,0,0,0,0,0,0,0,0,0,0
1104,2,yah,0,0,0,0,0,0,0,0,0,0,0,0,0,0,0,0
1105,3,tra,0,0,0,0,0,0,0,0,0,0,0,0,0,0,0,0
1106,4,hyo,0,0,0,0,0,0,0,0,0,0,0,0,0,0,0,0
1107,2,uku,1,0,0,0,0,0,0,0,0,0,0,0,0,0,0,0
1108,3,wan,1,1,1,0,1,1,0,1,1,0,1,1,0,1,1,0
1109,2,nda,1,1,1,1,1,1,1,1,1,1,1,1,1,1,1,1
1110,3,gih,0,0,0,0,0,0,0,0,0,0,0,0,0,0,0,0
1111,2,ara,0,0,0,0,0,0,1,0,0,0,0,0,0,0,0,0
1112,2,ana,0,0,0,0,0,0,0,0,0,0,0,0,0,0,0,0
1113,3,ana,0,0,0,0,0,0,0,0,0,0,0,0,0,0,0,0
1114,3,tra,0,0,0,0,0,0,0,0,0,0,0,0,0,0,0,0
1115,2,ani,1,1,1,1,1,1,1,1,1,1,1,1,1,1,1,1
1116,3,aji,0,0,0,0,0,0,0,0,0,0,0,0,0,0,0,0
1117,2,san,0,0,0,0,0,0,0,0,0,0,0,0,0,0,0,0
1118,4,afi,0,0,0,0,0,0,0,0,0,0,0,0,0,0,0,0
1119,2,lim,0,0,0,0,0,0,0,0,0,0,0,0,0,0,0,0
1120,2,ara,1,1,1,1,1,1,1,1,1,1,1,1,1,1,1,1
1121,2,ani,1,1,1,1,1,1,1,1,1,1,1,1,1,1,1,1
1122,3,ika,1,1,1,1,1,1,1,1,1,1,1,1,1,1,1,1
1123,2,ani,1,1,1,1,1,1,1,1,1,1,1,1,1,1,1,1
1124,3,lia,1,1,1,1,1,1,1,1,1,1,1,1,1,1,1,1
1125,3,tna,1,1,1,1,1,1,1,1,1,1,1,1,1,1,1,1
1126,1,cia,1,1,1,1,1,1,1,1,1,1,1,1,1,1,1,1
1127,3,via,1,1,1,1,1,1,1,1,1,1,1,1,1,1,1,1
1128,3,ini,1,1,1,1,1,1,1,1,1,1,1,1,1,1,1,1
1129,3,ona,1,1,1,1,1,1,1,1,1,1,1,1,1,1,1,1
1130,3,tha,1,1,1,1,1,1,1,1,1,1,1,1,1,1,1,1
1131,4,ani,1,1,1,1,1,1,1,1,1,1,1,1,1,1,1,1
1132,3,ama,0,0,0,0,0,0,0,0,0,0,0,0,0,0,0,0
1133,3,ana,0,0,0,0,0,0,0,0,0,0,0,0,0,0,0,0
1134,3,ana,0,0,0,0,0,0,0,0,0,0,0,0,0,0,0,0
1135,2,yaz,0,0,0,0,0,0,0,0,0,0,0,0,0,0,0,0
1136,4,iar,0,0,0,0,0,0,0,0,0,0,0,0,0,0,0,0
1137,4,omo,0,0,0,0,0,0,0,0,0,0,0,0,0,0,0,0
1138,2,ith,0,0,0,0,0,0,0,0,0,0,0,0,0,0,0,0
1139,4,suf,0,0,0,0,0,0,0,0,0,0,0,0,0,0,0,0
1140,2,ino,0,0,0,0,0,0,0,0,0,0,0,0,0,0,0,0
1141,3,aqy,0,0,0,0,0,0,0,0,0,0,0,0,0,0,0,0
1142,3,tra,0,0,0,0,0,0,0,0,0,0,0,0,0,0,0,0
1143,3,man,0,0,0,0,0,0,0,0,0,0,0,0,0,0,0,0
1144,3,uqi,0,0,0,0,0,0,0,0,0,0,0,0,0,0,0,0
1145,3,han,0,0,0,0,0,0,0,0,0,0,0,0,0,0,0,0
1146,3,kra,0,0,0,0,0,0,0,0,0,0,0,0,0,0,0,0
1147,3,wan,0,0,0,0,0,0,0,0,0,0,0,0,0,0,0,0
1148,3,yid,0,0,0,0,0,0,0,0,0,0,0,0,0,0,0,0
1149,2,uzi,0,0,0,0,0,0,0,0,0,0,0,0,0,0,0,0
1150,3,lah,0,0,0,0,0,0,0,0,0,0,0,0,0,0,0,0
1151,4,afi,0,0,0,0,0,0,0,0,0,0,0,0,0,0,0,0
1152,3,iza,0,1,0,0,1,0,0,1,0,0,1,0,0,1,0,0
1153,3,zki,0,0,0,0,0,0,0,0,0,0,0,0,0,0,0,0
1154,3,ono,0,0,0,0,0,0,0,0,0,0,0,0,0,0,0,0
1155,3,man,0,0,0,0,0,0,0,0,0,0,0,0,0,0,0,0
1156,2,gan,0,0,0,0,0,0,0,0,0,0,0,0,0,0,0,0
1157,4,gga,0,0,0,0,0,0,0,0,0,0,0,0,0,0,0,0
1158,3,mah,0,0,0,0,0,0,0,0,0,0,0,0,0,0,0,0
1159,3,dha,0,0,0,0,0,0,0,0,0,0,0,0,0,0,0,0
1160,3,ary,0,0,0,0,0,0,0,0,0,0,0,0,0,0,0,0
1161,2,din,0,0,0,0,0,0,0,0,0,0,0,0,0,0,0,0
1162,3,loh,0,0,0,0,0,0,0,0,0,0,0,0,0,0,0,0
1163,3,hra,1,1,1,1,1,1,1,1,1,1,1,1,1,1,1,1
1164,3,khi,1,1,1,0,1,1,0,1,1,0,1,1,0,1,1,0
1165,3,nda,1,1,1,1,1,1,1,1,1,1,1,1,1,1,1,1
1166,4,nda,1,1,1,1,1,1,1,1,1,1,1,1,1,1,1,1
1167,3,tri,1,1,1,1,1,1,1,1,1,1,1,1,1,1,1,1
1168,3,ifa,1,1,1,1,1,1,1,1,1,1,1,1,1,1,1,1
1169,3,kti,1,1,1,1,1,1,1,1,1,1,1,1,1,1,1,1
1170,3,rum,1,1,1,1,1,1,1,1,1,1,1,1,1,1,1,1
1171,2,ira,1,1,1,1,1,1,1,1,1,1,1,1,1,1,1,1
1172,3,ana,0,1,1,1,1,1,1,1,1,1,1,1,0,1,1,1
1173,3,mah,1,1,1,1,1,1,0,1,1,1,1,1,1,1,1,1
1174,3,ria,1,1,1,1,1,1,1,1,1,1,1,1,1,1,1,1
1175,3,tri,1,1,1,1,1,1,1,1,1,1,1,1,1,1,1,1
1176,2,kin,1,1,1,1,1,1,1,1,1,1,1,1,1,1,1,1
1177,2,yah,1,1,1,1,1,1,1,1,1,1,1,1,1,1,1,1
1178,3,ono,1,1,1,1,1,1,1,1,1,1,1,1,1,1,1,1
1179,4,lah,1,1,1,1,1,1,1,1,1,1,1,1,1,1,1,1
1180,3,ibi,1,1,1,1,1,1,1,1,1,1,1,1,1,1,1,1
1181,3,ani,1,1,1,1,1,1,1,1,1,1,1,1,1,1,1,1
1182,3,ati,1,1,1,1,1,1,1,1,1,1,1,1,1,1,1,1
1183,2,lla,1,1,1,1,1,1,1,1,1,1,1,1,1,1,1,1
1184,2,ari,1,1,1,1,1,1,1,1,1,1,1,1,1,1,1,1
1185,2,jad,0,0,0,0,0,0,0,0,0,0,0,0,0,0,0,0
1186,3,hra,1,1,1,1,1,1,1,1,1,1,1,1,1,1,1,1
1187,4,utr,1,1,1,1,1,1,1,1,1,1,1,1,1,1,1,1
1188,3,aya,1,1,1,1,1,1,1,1,1,1,1,1,1,1,1,1
1189,3,oni,1,1,1,1,1,1,1,1,1,1,1,1,1,1,1,1
1190,4, rr,1,1,1,1,1,1,1,1,1,1,1,1,1,1,1,1
1191,3,ani,1,1,1,1,1,1,1,1,1,1,1,1,1,1,1,1
1192,3,lea,1,1,1,1,1,1,1,1,1,1,1,1,1,1,1,1
1193,3,rto,1,1,1,0,1,1,0,1,1,0,1,1,0,1,1,0
1194,3,tri,1,1,1,1,1,1,1,1,1,1,1,1,1,1,1,1
1195,2,isa,1,1,1,1,1,1,1,1,1,1,1,1,1,1,1,1
1196,2,tri,1,1,1,1,1,1,1,1,1,1,1,1,1,1,1,1
1197,3,eni,1,1,1,1,1,1,1,1,1,1,1,1,1,1,1,1
1198,3,eno,1,1,1,1,1,1,1,1,1,1,1,1,1,1,1,1
1199,3,min,1,1,1,1,1,1,1,1,1,1,1,1,1,1,1,1
1200,4,nto,1,1,1,1,1,1,1,1,1,1,1,1,1,1,1,1
1201,3,ain,1,1,1,1,1,1,1,1,1,1,1,1,1,1,1,1
1202,3,ina,1,1,1,1,1,1,1,1,1,1,1,1,1,1,1,1
1203,3,ita,0,1,1,0,1,1,0,1,1,0,1,1,0,1,1,0
1204,3,ana,0,0,0,0,0,0,0,0,0,0,0,0,0,0,0,0
1205,3,ana,1,0,0,0,0,0,0,0,0,0,0,0,0,0,0,0
1206,3,sya,1,1,1,1,1,1,1,1,1,1,1,1,1,1,1,1
1207,3,zah,1,1,1,1,1,1,1,1,1,1,1,1,1,1,1,1
1208,3,ama,1,1,1,1,1,1,1,1,1,1,1,1,1,1,1,1
1209,3,iwi,1,1,1,1,1,1,1,1,1,1,1,1,1,1,1,1
1210,2,lla,1,1,1,1,1,1,1,1,1,1,1,1,1,1,1,1
1211,4,nsa,1,1,1,1,1,1,1,1,1,1,1,1,1,1,1,1
1212,3,rah,1,1,1,1,1,1,1,1,1,1,1,1,1,1,1,1
1213,3,i'i,1,1,1,1,1,1,1,1,1,1,1,1,1,1,1,1
1214,3,tri,1,1,1,1,1,1,1,1,1,1,1,1,1,1,1,1
1215,2,pta,1,1,0,0,1,0,0,1,0,0,1,0,0,1,0,0
1216,3,ani,1,1,1,1,1,1,1,1,1,1,1,1,1,1,1,1
1217,3,ani,1,1,1,1,1,1,1,1,1,1,1,1,1,1,1,1
1218,3,aya,1,1,1,1,1,1,1,1,1,1,1,1,1,1,1,1
1219,3,ita,1,1,1,1,1,1,1,1,1,1,1,1,1,1,1,1
1220,3,iar,1,1,1,1,1,1,1,1,1,1,1,1,1,1,1,1
1221,2,ani,1,1,1,1,1,1,1,1,1,1,1,1,1,1,1,1
1222,3,ina,1,1,1,1,1,1,1,1,1,1,1,1,1,1,1,1
1223,2,ifa,1,1,1,1,1,1,1,1,1,1,1,1,1,1,1,1
1224,3,rdi,0,0,0,0,0,0,0,0,0,0,0,0,0,0,0,0
1225,3,tri,1,1,1,1,1,1,1,1,1,1,1,1,1,1,1,1
1226,2,lia,1,1,1,1,1,1,1,1,1,1,1,1,1,1,1,1
1227,4,ani,1,1,1,1,1,1,1,1,1,1,1,1,1,1,1,1
1228,3,iko,1,1,1,1,1,1,1,1,1,1,1,1,1,1,1,1
1229,2,tri,1,1,1,1,1,1,1,1,1,1,1,1,1,1,1,1
1230,2,ana,1,1,1,1,1,1,1,1,1,1,1,1,0,1,1,1
1231,2,ani,1,1,1,1,1,1,1,1,1,1,1,1,1,1,1,1
1232,3,hma,1,1,1,1,1,1,1,1,1,1,1,1,1,1,1,1
1233,2,ifa,1,1,1,1,1,1,1,1,1,1,1,1,1,1,1,1
1234,4,tor,1,1,1,1,1,1,1,1,1,1,1,1,1,1,1,1
1235,2,nsa,1,1,1,1,1,1,1,1,1,1,1,1,1,1,1,1
1236,2,tri,1,1,1,1,1,1,1,1,1,1,1,1,1,1,1,1
1237,3,dia,1,1,1,1,1,1,1,1,1,1,1,1,1,1,1,1
1238,3,tri,1,1,1,1,1,1,1,1,1,1,1,1,1,1,1,1
1239,5,dha,1,1,1,1,1,1,1,1,1,1,1,1,1,1,1,1
1240,3,tri,1,1,1,1,1,1,1,1,1,1,1,1,1,1,1,1
1241,3,aly,1,1,1,1,1,1,1,1,1,1,1,1,1,1,1,1
1242,3,ani,1,1,1,1,1,1,1,1,1,1,1,1,1,1,1,1
1243,3,mah,1,1,1,1,1,1,1,1,1,1,1,1,1,1,1,1
1244,3,yla,1,1,1,1,1,1,1,1,1,1,1,1,1,1,1,1
1245,3,ani,1,1,1,1,1,1,1,1,1,1,1,1,1,1,1,1
1246,2,ila,1,1,1,1,1,1,1,1,1,1,1,1,1,1,1,1
1247,2,ana,1,1,1,1,1,1,1,1,1,1,1,1,1,1,1,1
1248,3,lia,1,1,1,1,1,1,1,1,1,1,1,1,1,1,1,1
1249,3,zmi,1,1,1,1,1,1,1,1,1,1,1,1,1,1,1,1
1250,3,ata,1,1,1,1,1,1,1,1,1,1,1,1,1,1,1,1
1251,2,ida,1,1,1,1,1,1,1,1,1,1,1,1,1,1,1,1
1252,3,mah,1,1,1,1,1,1,1,1,1,1,1,1,1,1,1,1
1253,2,kan,1,0,0,0,0,0,0,0,0,0,0,0,0,0,0,0
1254,2,ila,1,1,1,1,1,1,1,1,1,1,1,1,1,1,1,1
1255,3,isa,1,1,1,1,1,1,1,1,1,1,1,1,1,1,1,1
1256,2,lla,1,1,1,1,1,1,1,1,1,1,1,1,1,1,1,1
1257,4,yah,1,1,1,1,1,1,1,1,1,1,1,1,1,1,1,1
1258,2,bah,1,1,1,1,1,1,1,1,1,1,1,1,1,1,1,1
1259,2,hra,1,1,1,1,1,1,1,1,1,1,1,1,1,1,1,1
1260,3,ari,1,1,1,1,1,1,1,1,1,1,1,1,1,1,1,1
1261,3,fah,1,1,1,1,1,1,1,1,1,1,1,1,1,1,1,1
1262,3,ija,1,1,1,0,1,1,0,1,1,0,1,1,0,1,1,0
1263,3,umi,1,1,1,1,1,1,1,1,1,1,1,1,1,1,1,1
1264,3,ani,1,1,1,1,1,1,1,1,1,1,1,1,1,1,1,1
1265,4,ate,1,1,1,1,1,1,1,1,1,1,1,1,1,1,1,1
1266,3,ati,1,1,1,1,1,1,1,1,1,1,1,1,1,1,1,1
1267,3,ana,1,1,1,1,1,1,1,1,1,1,1,1,1,1,1,1
1268,5,sim,1,1,1,0,1,1,0,1,1,0,1,1,0,1,1,0
1269,2,nte,0,0,0,0,0,0,0,0,0,0,0,0,0,0,0,0
1270,2,hra,1,1,1,1,1,1,1,1,1,1,1,1,1,1,1,1
1271,4,osa,0,0,0,0,0,0,0,0,0,0,0,0,0,0,0,0
1272,3,ilo,1,0,0,0,0,0,0,0,0,0,0,0,0,0,0,0
1273,3,ari,1,1,1,1,1,1,1,1,1,1,1,1,1,1,1,1
1274,4,lia,1,1,1,1,1,1,1,1,1,1,1,1,1,1,1,1
1275,2,ran,0,0,0,0,0,0,0,0,0,0,0,0,0,0,0,0
1276,4,tiw,1,1,1,1,1,1,1,1,1,1,1,1,1,1,1,1
1277,3,mbi,1,1,1,0,1,1,0,1,1,0,1,1,0,1,1,1
1278,2,ani,1,1,1,1,1,1,1,1,1,1,1,1,1,1,1,1
1279,3,ila,1,1,1,1,1,1,1,1,1,1,1,1,1,1,1,1
1280,3,kim,1,1,1,1,1,1,1,1,1,1,1,1,1,1,1,1
1281,3,ari,1,1,1,1,1,1,1,1,1,1,1,1,1,1,1,1
1282,3,asa,0,0,0,0,0,0,0,0,0,0,0,0,0,0,0,0
1283,3,mah,1,1,1,1,1,1,1,1,1,1,1,1,1,1,1,1
1284,3,yah,1,1,1,1,1,1,1,1,1,1,1,1,1,1,1,1
1285,3,ana,1,1,1,1,1,1,1,1,1,1,1,1,1,1,1,1
1286,2,ani,1,1,1,1,1,1,1,1,1,1,1,1,1,1,1,1
1287,3,ani,1,1,1,1,1,1,1,1,1,1,1,1,1,1,1,1
1288,4,man,1,0,0,0,0,0,0,0,0,0,0,0,0,0,0,0
1289,2,mal,1,0,0,0,0,0,0,0,0,0,0,0,0,0,0,0
1290,3,ani,1,1,1,1,1,1,1,1,1,1,1,1,1,1,1,1
1291,3,hja,1,1,1,0,1,1,0,1,1,0,1,1,0,1,1,0
1292,2,ury,1,1,1,0,1,1,1,1,1,0,1,1,1,1,1,1
1293,3,yla,1,1,1,1,1,1,1,1,1,1,1,1,1,1,1,1
1294,3,ari,1,1,1,1,1,1,1,1,1,1,1,1,1,1,1,1
1295,4,tri,1,1,1,1,1,1,1,1,1,1,1,1,1,1,1,1
1296,2,iza,1,1,1,1,1,1,1,1,1,1,1,1,1,1,1,1
1297,3,ani,1,1,1,1,1,1,1,1,1,1,1,1,1,1,1,1
1298,2,ula,1,1,1,1,1,1,1,1,1,1,1,1,1,1,1,1
1299,3,aba,0,0,0,0,0,0,0,0,0,0,0,0,0,0,0,0
1300,2,han,0,0,0,0,0,0,0,0,0,0,0,0,0,0,0,0
1301,2,tha,0,0,1,0,0,1,1,0,1,0,0,1,0,0,1,0
1302,3,eem,0,0,0,0,0,0,0,0,0,0,0,0,0,0,0,0
1303,3,dar,1,1,1,1,1,1,1,1,1,0,1,1,0,1,1,1
1304,2,zah,1,1,1,1,1,1,1,1,1,1,1,1,1,1,1,1
1305,3,isa,1,1,1,1,1,1,1,1,1,1,1,1,1,1,1,1
1306,3,ati,1,1,1,1,1,1,1,1,1,1,1,1,1,1,1,1
1307,3,hia,1,1,1,1,1,1,1,1,1,1,1,1,1,1,1,1
1308,4,adu,0,0,0,0,0,0,0,0,0,0,0,0,0,0,0,0
1309,4,nam,0,0,0,0,0,0,0,0,0,0,0,0,0,0,0,0
1310,3,gau,0,0,0,0,0,0,0,0,0,0,0,0,0,0,0,0
1311,2,and,0,0,0,0,0,0,0,0,0,0,0,0,0,0,0,0
1312,3,yri,1,1,1,1,1,1,1,1,1,1,1,1,1,1,1,1
1313,2,sea,0,0,0,0,0,0,0,0,0,0,0,0,0,0,0,0
1314,3,nka,0,0,0,0,0,0,0,0,0,0,0,0,0,0,0,0
1315,3,anu,0,0,0,0,0,0,0,0,0,0,0,0,0,0,0,0
1316,3,hah,0,0,0,0,0,0,0,0,0,0,0,0,0,0,0,0
1317,2,fah,1,1,1,1,1,1,1,1,1,1,1,1,1,1,1,1
1318,3,nan,0,0,0,0,0,0,0,0,0,0,0,0,0,0,0,0
1319,2,yva,1,0,0,0,0,0,0,0,0,0,0,0,0,0,0,0
1320,4,tri,1,1,1,1,1,1,1,1,1,1,1,1,1,1,1,1
1321,3,rie,1,1,1,1,1,1,1,1,1,1,1,1,1,1,1,1
1322,4,tri,1,1,1,1,1,1,1,1,1,1,1,1,1,1,1,1
1323,2,unt,0,0,0,0,0,0,0,0,0,0,0,0,0,0,0,0
1324,2,iyy,0,0,0,0,0,0,0,0,0,0,0,0,0,0,0,0
1325,3,ero,0,0,0,0,0,0,0,0,0,0,0,0,0,0,0,0
1326,3,oho,0,0,0,0,0,0,0,0,0,0,0,0,0,0,0,0
1327,2,ndo,0,0,0,0,0,0,0,0,0,0,0,0,0,0,0,0
1328,3,ail,0,0,0,0,0,0,0,0,0,0,0,0,0,0,0,0
1329,5,tra,0,0,0,0,0,0,0,0,0,0,0,0,0,0,0,0
1330,4,wan,0,0,0,0,0,0,0,0,0,0,0,0,0,0,0,0
1331,3,owo,1,1,1,1,1,1,1,1,1,1,1,1,1,1,1,1
1332,3,ari,1,1,1,1,1,1,1,1,1,1,1,1,1,1,1,1
1333,3,saa,1,1,1,1,1,1,1,1,1,1,1,1,1,1,1,1
1334,3,ani,0,1,1,1,1,1,1,1,1,1,1,1,1,1,1,1
1335,3,owo,0,0,0,0,0,0,0,0,0,0,0,0,0,0,0,0
1336,2,nya,1,1,1,1,1,1,1,1,1,1,1,1,1,1,1,1
1337,3,ami,1,1,1,0,1,1,1,1,1,1,1,1,0,1,1,1
1338,3,adi,0,0,0,0,0,0,0,0,0,0,0,0,0,0,0,0
1339,4,ama,0,0,0,0,0,0,0,0,0,0,0,0,0,0,0,0
1340,4,eng,0,0,0,0,0,0,0,0,0,0,0,0,0,0,0,0
1341,3,erg,0,0,0,0,0,0,0,0,0,0,0,0,0,0,0,0
1342,3,ida,1,1,1,1,1,1,1,1,1,1,1,1,1,1,1,1
1343,2,ari,1,1,1,1,1,1,1,1,1,1,1,1,1,1,1,1
1344,3,evi,0,0,0,0,0,0,0,0,0,0,0,0,0,0,0,0
1345,2,yah,0,0,0,0,0,0,0,0,0,0,0,0,0,0,0,0
1346,2,lan,0,0,0,0,0,0,0,0,0,0,0,0,0,0,0,0
1347,3,owo,0,0,0,0,0,0,0,0,0,0,0,0,0,0,0,0
1348,3,han,0,0,0,0,0,0,0,0,0,0,0,0,0,0,0,0
1349,3,ani,1,1,1,1,1,1,1,1,1,1,1,1,1,1,1,1
1350,3,ilo,0,0,0,0,0,0,0,0,0,0,0,0,0,0,0,0
1351,4,nto,0,0,0,0,0,0,0,0,0,0,0,0,0,0,0,0
1352,3,nto,0,0,0,0,0,0,0,0,0,0,0,0,0,0,0,0
1353,2,man,0,0,0,0,0,0,0,0,0,0,0,0,0,0,0,0
1354,3,low,0,0,0,0,0,0,0,0,0,0,0,0,0,0,0,0
1355,3,omo,0,0,0,0,0,0,0,0,0,0,0,0,0,0,0,0
1356,3,tno,0,0,0,0,0,0,0,0,0,0,0,0,0,0,0,0
1357,3,ono,0,0,0,0,0,0,0,0,0,0,0,0,0,0,0,0
1358,3,han,0,0,0,0,0,0,0,0,0,0,0,0,0,0,0,0
1359,3,epu,0,0,0,0,0,0,0,0,0,0,0,0,0,0,0,0
1360,2,nda,0,0,0,0,0,0,0,0,0,0,0,0,0,0,0,0
1361,3,buy,0,0,0,0,0,0,0,0,0,0,0,0,0,0,0,0
1362,3,man,0,0,0,0,0,0,0,0,0,0,0,0,0,0,0,0
1363,3,ari,1,1,1,1,1,1,1,1,1,1,1,1,1,1,1,1
1364,3,fah,1,1,1,1,1,1,1,1,1,1,1,1,1,1,1,1
1365,2,ruz,1,1,1,0,1,1,0,1,1,0,1,1,0,1,1,0
1366,2,afa,0,0,1,1,0,1,1,0,1,1,0,1,1,0,1,1
1367,4,ron,0,0,0,0,0,0,0,0,0,0,0,0,0,0,0,0
1368,3,han,0,0,0,0,0,0,0,0,0,0,0,0,0,0,0,0
1369,3,yah,0,0,0,0,0,0,0,0,0,0,0,0,0,0,0,0
1370,3,yah,1,0,0,0,0,0,0,0,0,0,0,0,0,0,0,0
1371,2,pah,1,1,1,1,1,1,1,1,1,1,1,1,1,1,1,1
1372,2,ela,1,1,1,1,1,1,1,1,1,1,1,1,1,1,1,1
1373,4,nto,0,0,0,0,0,0,0,0,0,0,0,0,0,0,0,0
1374,4,ono,0,0,0,0,0,0,0,0,0,0,0,0,0,0,0,0
1375,2,rid,0,0,0,0,0,0,0,0,0,0,0,0,0,0,0,0
1376,2,ang,0,0,0,0,0,0,0,0,0,0,0,0,0,0,0,0
1377,3,rom,0,0,0,0,0,0,0,0,0,0,0,0,0,0,0,0
1378,2,qih,0,0,0,0,0,0,0,0,0,0,0,0,0,0,0,0
1379,2,wan,0,0,0,0,0,0,0,0,0,0,0,0,0,0,0,0
1380,3,lla,1,1,1,1,1,1,1,1,1,1,1,1,1,1,1,1
1381,3,ari,1,1,1,1,1,1,1,1,1,1,1,1,1,1,1,1
1382,3,sli,1,1,1,1,1,1,1,1,1,1,1,1,1,1,1,1
1383,3,diq,1,0,0,0,0,0,0,0,0,0,0,0,0,0,0,0
1384,2,ifa,1,1,1,1,1,1,1,1,1,1,1,1,1,1,1,1
1385,3,iha,1,1,1,1,1,1,1,1,1,1,1,1,1,1,1,1
1386,2,ani,1,1,1,1,1,1,1,1,1,1,1,1,1,1,1,1
1387,3,kti,1,1,1,0,1,1,0,1,1,0,1,1,0,1,1,0
1388,3,tri,1,1,1,1,1,1,1,1,1,1,1,1,1,1,1,1
1389,2,lan,1,1,1,0,1,1,0,1,1,0,1,1,0,1,1,0
1390,3,nty,1,1,1,1,1,1,1,1,1,1,1,1,1,1,1,1
1391,2,ova,1,1,1,0,1,1,0,1,1,0,1,1,0,1,1,1
1392,2,zah,1,1,1,1,1,1,1,1,1,1,1,1,1,1,1,1
1393,3,zky,1,1,1,1,1,1,1,1,1,1,1,1,1,1,1,1
1394,3,hra,1,1,1,1,1,1,1,1,1,1,1,1,1,1,1,1
1395,3,fua,1,1,1,0,1,1,0,1,1,0,1,1,1,1,1,0
1396,2,ati,1,1,1,1,1,1,1,1,1,1,1,1,1,1,1,1
1397,3,ila,1,1,1,1,1,1,1,1,1,1,1,1,1,1,1,1
1398,2,ani,1,1,1,1,1,1,1,1,1,1,1,1,1,1,1,1
1399,3,tri,1,1,1,1,1,1,1,1,1,1,1,1,1,1,1,1
1400,2,dra,1,1,0,0,1,0,0,1,0,0,1,0,0,1,0,0
1401,3,isa,1,1,1,1,1,1,1,1,1,1,1,1,1,1,1,1
1402,3,ira,1,1,1,1,1,1,1,1,1,1,1,1,1,1,1,1
1403,3,ira,1,1,1,1,1,1,1,1,1,1,1,1,1,1,1,1
1404,3,tri,1,1,1,1,1,1,1,1,1,1,1,1,1,1,1,1
1405,2,ita,1,1,1,1,1,1,1,1,1,1,1,1,1,1,1,1
1406,3,iza,1,1,1,1,1,1,1,1,1,1,1,1,1,1,1,1
1407,3,tri,1,1,1,1,1,1,1,1,1,1,1,1,1,1,1,1
1408,3,iwi,1,1,1,1,1,1,1,1,1,1,1,1,1,1,1,1
1409,3,hla,1,1,1,1,1,1,1,1,1,1,1,1,1,1,1,1
1410,2,isa,1,1,1,1,1,1,1,1,1,1,1,1,1,1,1,1
1411,4,sou,1,1,1,1,1,1,1,1,1,1,1,1,1,1,1,1
1412,3,tri,1,1,1,1,1,1,1,1,1,1,1,1,1,1,1,1
1413,3,iny,1,1,1,1,1,1,1,1,1,1,1,1,1,1,1,1
1414,4,tri,1,1,1,1,1,1,1,1,1,1,1,1,1,1,1,1
1415,3,ini,1,1,1,1,1,1,1,1,1,1,1,1,1,1,1,1
1416,3,lia,1,1,1,1,1,1,1,1,1,1,1,1,1,1,1,1
1417,2,qah,1,1,1,1,1,1,1,1,1,1,1,1,1,1,1,1
1418,2,mah,1,1,1,1,1,1,1,1,1,1,1,1,1,1,1,1
1419,3,ewi,1,1,1,1,1,1,1,1,1,1,1,1,1,1,1,1
1420,3,ari,1,1,1,1,1,1,1,1,1,1,1,1,1,1,1,1
1421,3,nto,1,1,1,1,1,1,1,1,1,1,1,1,1,1,1,1
1422,3,rin,1,1,1,1,1,1,1,1,1,1,1,1,1,1,1,1
1423,3,ani,1,1,1,1,1,1,1,1,1,1,1,1,1,1,1,1
1424,3,dan,1,1,0,0,1,0,0,1,0,0,1,0,0,1,0,0
1425,3,tri,1,1,1,1,1,1,1,1,1,1,1,1,1,1,1,1
1426,3,ita,1,1,1,1,1,1,1,1,1,1,1,1,1,1,1,1
1427,3,yan,1,1,1,1,1,1,1,1,1,1,1,1,1,1,1,1
1428,3,ila,1,1,1,1,1,1,1,1,1,1,1,1,1,1,1,1
1429,3,iza,1,1,1,1,1,1,1,1,1,1,1,1,1,1,1,1
1430,2,ari,1,1,1,1,1,1,1,1,1,1,1,1,1,1,1,1
1431,2,tri,1,1,1,1,1,1,1,1,1,1,1,1,1,1,1,1
1432,3,yaz,1,1,1,1,1,1,1,1,1,1,1,1,1,1,1,1
1433,3,hra,1,1,1,1,1,1,1,1,1,1,1,1,1,1,1,1
1434,3,nto,1,1,1,0,1,1,0,1,1,0,1,1,0,1,1,0
1435,3,ata,1,1,1,1,1,1,1,1,1,1,1,1,1,1,1,1
1436,3,hma,1,1,1,1,1,1,1,1,1,1,1,1,1,1,1,1
1437,3,ina,1,1,1,1,1,1,1,1,1,1,1,1,1,1,1,1
1438,3,ini,1,1,1,1,1,1,1,1,1,1,1,1,1,1,1,1
1439,3,ila,1,1,1,1,1,1,1,1,1,1,1,1,1,1,1,1
1440,2,tna,1,1,1,1,1,1,1,1,1,1,1,1,1,1,1,1
1441,2,aya,1,1,1,0,1,1,0,1,1,0,1,1,0,1,1,0
1442,3,tri,1,1,1,1,1,1,1,1,1,1,1,1,1,1,1,1
1443,2,ira,1,1,1,1,1,1,1,1,1,1,1,1,1,1,1,1
1444,4,tri,1,1,1,1,1,1,1,1,1,1,1,1,1,1,1,1
1445,4,tri,1,1,1,1,1,1,1,1,1,1,1,1,1,1,1,1
1446,3,ani,1,1,1,1,1,1,1,1,1,0,1,1,0,1,1,0
1447,3,nto,1,1,1,1,1,1,1,1,1,1,1,1,1,1,1,1
1448,3,tri,1,1,1,1,1,1,1,1,1,1,1,1,1,1,1,1
1449,3,ita,1,1,1,1,1,1,1,1,1,1,1,1,1,1,1,1
1450,2,gra,0,1,1,1,1,1,1,1,1,1,1,1,1,1,1,1
1451,2,man,1,0,0,0,0,0,0,0,0,0,0,0,0,0,0,0
1452,3,nda,1,1,1,0,1,1,0,1,1,0,1,1,0,1,1,0
1453,3,ang,1,1,1,1,1,1,1,1,1,1,1,1,1,1,1,1
1454,3,ita,1,1,1,1,1,1,1,1,1,1,1,1,1,1,1,1
1455,2,via,1,1,1,1,1,1,1,1,1,1,1,1,1,1,1,1
1456,2,tri,1,1,1,1,1,1,1,1,1,1,1,1,1,1,1,1
1457,2,ira,1,1,1,0,1,1,0,1,1,0,1,1,0,1,1,0
1458,4,ara,1,1,1,0,1,1,0,1,1,0,1,1,0,1,1,0
1459,3,tri,1,1,1,1,1,1,1,1,1,1,1,1,1,1,1,1
1460,2,ila,1,1,1,1,1,1,1,1,1,1,1,1,1,1,1,1
1461,2,isa,1,1,1,1,1,1,1,1,1,1,1,1,1,1,1,1
1462,3,ati,1,1,1,1,1,1,1,1,1,1,1,1,1,1,1,1
1463,4,zal,1,1,1,1,1,1,1,1,1,1,1,1,1,1,1,1
1464,2,'ah,1,1,1,1,1,1,1,1,1,1,1,1,1,1,1,1
1465,2,sih,1,1,1,1,1,1,1,1,1,1,1,1,1,1,1,1
1466,2,hra,1,1,1,1,1,1,1,1,1,1,1,1,1,1,1,1
1467,3,era,1,1,1,1,1,1,1,1,1,1,1,1,1,1,1,1
1468,3,nan,1,1,1,1,1,1,1,1,1,1,1,1,1,1,1,1
1469,2,dra,1,1,1,1,1,1,1,1,1,1,1,1,1,1,1,1
1470,3,iat,0,0,0,0,0,0,0,0,0,0,0,0,0,0,0,0
1471,4,kti,1,1,1,1,1,1,1,1,1,1,1,1,1,1,1,1
1472,4,ang,0,0,0,0,0,0,0,0,0,0,0,0,0,0,0,0
1473,3,ari,1,1,1,1,1,1,1,1,1,1,1,1,1,1,1,1
1474,2,isa,1,1,1,1,1,1,1,1,1,1,1,1,1,1,1,1
1475,3,ani,1,1,1,1,1,1,1,1,1,1,1,1,1,1,1,1
1476,3,ani,1,1,1,1,1,1,1,1,1,1,1,1,1,1,1,1
1477,3,ono,1,1,1,1,1,1,1,1,1,1,1,1,1,1,1,1
1478,2,ani,1,1,1,1,1,1,1,1,1,1,1,1,1,1,1,1
1479,2,isa,1,1,1,1,1,1,1,1,1,1,1,1,1,1,1,1
1480,2,isa,1,1,1,1,1,1,1,1,1,1,1,1,1,1,1,1
1481,2,ani,1,1,1,1,1,1,1,1,1,1,1,1,1,1,1,1
1482,2,yah,1,1,1,1,1,1,1,1,1,1,1,1,1,1,1,1
1483,2,tri,1,1,1,1,1,1,1,1,1,1,1,1,1,1,1,1
1484,4,yah,1,1,1,1,1,1,1,1,1,1,1,1,1,1,1,1
1485,2,fah,1,1,1,1,1,1,1,1,1,1,1,1,1,1,1,1
1486,2,nty,1,1,1,1,1,1,1,1,1,1,1,1,1,1,1,1
1487,3,man,1,1,1,1,1,1,1,1,1,1,1,1,1,1,1,1
1488,2,tri,1,1,1,1,1,1,1,1,1,1,1,1,1,1,1,1
1489,2,adi,1,0,0,0,0,0,0,0,0,0,0,0,0,0,0,0
1490,2,hra,1,1,1,1,1,1,1,1,1,1,1,1,1,1,1,1
1491,3,lia,1,1,1,1,1,1,1,1,1,1,1,1,1,1,1,1
1492,3,tra,1,1,1,1,1,1,1,1,1,1,1,1,1,1,1,1
1493,2,lia,1,1,1,1,1,1,1,1,1,1,1,1,1,1,1,1
1494,3,tri,1,1,1,1,1,1,1,1,1,1,1,1,1,1,1,1
1495,3,ari,1,1,1,1,1,1,1,1,1,1,1,1,1,1,1,1
1496,3,ana,1,1,1,1,1,1,1,1,1,1,1,1,1,1,1,1
1497,3,wan,1,1,1,0,1,1,0,1,1,0,1,1,0,1,1,0
1498,2,ana,1,1,1,1,1,1,1,1,1,1,1,1,1,1,1,1
1499,3,ova,1,1,1,1,1,1,1,1,1,1,1,1,1,1,1,1
1500,4,yah,1,0,0,0,0,0,0,0,0,0,0,0,0,0,0,0
1501,3,ana,1,1,1,1,1,1,1,1,1,1,1,1,1,1,1,1
1502,3,tri,1,1,1,1,1,1,1,1,1,1,1,1,1,1,1,1
1503,3,ani,1,1,1,1,1,1,1,1,1,1,1,1,1,1,1,1
1504,2,nez,1,1,1,1,1,1,1,1,1,1,1,1,1,1,1,1
1505,2,ira,1,1,1,1,1,1,1,1,1,1,1,1,1,1,1,1
1506,2,ian,1,1,1,0,1,1,0,1,1,0,1,1,0,1,1,0
1507,3,tly,1,1,1,1,1,1,1,1,1,1,1,1,1,1,1,1
1508,2,iah,1,1,1,1,1,1,1,1,1,1,1,1,1,1,1,1
1509,3,ila,1,1,1,1,1,1,1,1,1,1,1,1,1,1,1,1
1510,3,tri,1,1,1,1,1,1,1,1,1,1,1,1,1,1,1,1
1511,3,aha,1,1,1,1,1,1,1,1,1,1,1,1,1,1,1,1
1512,3,ini,1,1,1,1,1,1,1,1,1,1,1,1,1,1,1,1
1513,4,ion,1,1,1,1,1,1,1,1,1,1,1,1,1,1,1,1
1514,3,ifa,1,1,1,1,1,1,1,1,1,1,1,1,1,1,1,1
1515,2,lah,1,1,1,1,1,1,1,1,1,1,1,1,1,1,1,1
1516,3,asa,1,1,1,1,1,1,1,1,1,1,1,1,1,1,1,1
1517,3,ani,1,1,1,1,1,1,1,1,1,1,1,1,1,1,1,1
1518,3,ani,1,1,1,1,1,1,1,1,1,1,1,1,1,1,1,1
1519,3,ani,1,1,1,1,1,1,1,1,1,1,1,1,1,1,1,1
1520,3,ati,1,1,1,1,1,1,1,1,1,1,1,1,1,1,1,1
1521,3,iha,1,1,1,1,1,1,1,1,1,1,1,1,1,1,1,1
1522,3,ani,1,1,1,1,1,1,1,1,1,1,1,1,1,1,1,1
1523,2,ani,1,1,1,1,1,1,1,1,1,1,1,1,1,1,1,1
1524,3,nte,1,1,1,0,1,1,0,1,1,0,1,1,0,1,1,0
1525,2,ani,1,1,1,1,1,1,1,1,1,1,1,1,1,1,1,1
1526,3,lia,1,1,1,1,1,1,1,1,1,1,1,1,1,1,1,1
1527,2,ila,1,1,1,1,1,1,1,1,1,1,1,1,1,1,1,1
1528,3,mah,1,1,1,1,1,1,1,1,1,1,1,1,1,1,1,1
1529,3,ayu,1,1,1,1,1,1,1,1,1,1,1,1,1,1,1,1
1530,2,ila,1,1,1,1,1,1,1,1,1,1,1,1,1,1,1,1
1531,3,kia,1,1,1,1,1,1,1,1,1,1,1,1,1,1,1,1
1532,3,fin,1,1,1,1,1,1,1,1,1,1,1,1,1,1,1,1
1533,3,ani,1,1,1,1,1,1,1,1,1,1,1,1,1,1,1,1
1534,3,ara,1,1,1,1,1,1,1,1,1,1,1,1,1,1,1,1
1535,3,war,0,0,0,0,0,0,0,0,0,0,0,0,0,0,0,0
1536,3,ama,1,0,0,0,0,0,0,0,0,0,0,0,0,0,0,0
1537,3,ana,1,1,1,1,1,1,1,1,1,1,1,1,1,1,1,1
1538,3,tah,1,1,1,1,1,1,1,1,1,1,1,1,1,1,1,1
1539,2,ang,1,0,0,0,0,0,0,0,0,0,0,0,0,0,0,0
1540,2,lan,1,1,1,1,1,1,1,1,1,1,1,1,1,1,1,1
1541,2,nah,1,1,1,1,1,1,1,1,1,1,1,1,1,1,1,1
1542,4,nza,0,0,0,0,0,0,0,0,0,0,0,0,0,0,0,0
1543,3,ani,1,1,1,1,1,1,1,1,1,1,1,1,1,1,1,1
1544,3,aza,1,1,1,1,1,1,1,1,1,1,1,1,1,1,1,1
1545,3,hra,1,1,1,1,1,1,1,1,1,1,1,1,1,1,1,1
1546,5,ail,1,1,1,1,1,1,1,1,1,1,1,1,1,1,1,1
1547,3,ani,1,1,1,1,1,1,1,1,1,1,1,1,1,1,1,1
1548,3,tri,1,1,1,1,1,1,1,1,1,1,1,1,1,1,1,1
1549,3,ita,1,1,1,1,1,1,1,1,1,1,1,1,1,1,1,1
1550,2,a d,1,1,1,1,1,1,1,1,1,1,1,1,1,1,1,1
1551,2,nta,1,1,1,1,1,1,1,1,1,1,1,1,1,1,1,1
1552,3,ani,1,1,1,1,1,1,1,1,1,1,1,1,1,1,1,1
1553,4,ema,1,1,1,1,1,1,1,1,1,1,1,1,1,1,1,1
1554,4,ani,1,1,1,1,1,1,1,1,1,1,1,1,1,1,1,1
1555,3,ani,1,1,1,1,1,1,1,1,1,1,1,1,1,1,1,1
1556,3,uni,1,1,1,1,1,1,1,1,1,1,1,1,1,1,1,1
1557,2,ana,1,1,1,1,1,1,1,1,1,1,1,1,1,1,1,1
1558,2,ndy,1,1,1,1,1,1,1,1,1,1,1,1,1,1,1,1
1559,3,aga,1,1,1,1,1,1,1,1,1,1,1,1,1,1,1,1
1560,2,any,1,1,1,1,1,1,1,1,1,1,1,1,1,1,1,1
1561,3,tri,1,1,1,1,1,1,1,1,1,1,1,1,1,1,1,1
1562,4,usi,1,1,1,1,1,1,1,1,1,1,1,1,1,1,1,1
1563,2,ani,1,1,1,1,1,1,1,1,1,1,1,1,1,1,1,1
1564,2,tia,1,1,1,1,1,1,1,1,1,1,1,1,1,1,1,1
1565,3,fif,1,1,1,1,1,1,1,1,1,1,1,1,1,1,1,1
1566,3,tri,1,1,1,1,1,1,1,1,1,1,1,1,1,1,1,1
1567,3,yah,1,1,1,1,1,1,1,1,1,1,1,1,1,1,1,1
1568,3,ani,1,1,1,1,1,1,1,1,1,1,1,1,1,1,1,1
1569,3,ami,1,1,1,1,1,1,1,1,1,1,1,1,1,1,1,1
1570,3,lan,1,1,1,1,1,1,1,1,1,1,1,1,1,1,1,1
1571,2,ini,1,1,1,1,1,1,1,1,1,1,1,1,1,1,1,1
1572,3,ati,1,1,1,1,1,1,1,1,1,1,1,1,1,1,1,1
1573,2,hra,1,1,1,1,1,1,1,1,1,1,1,1,1,1,1,1
1574,3,iah,1,1,1,1,1,1,1,1,1,1,1,1,1,1,1,1
1575,3,nti,1,1,1,1,1,1,1,1,1,1,1,1,1,1,1,1
1576,3,nti,1,1,1,1,1,1,1,1,1,1,1,1,1,1,1,1
1577,2,ari,1,1,1,1,1,1,1,1,1,1,1,1,1,1,1,1
1578,3,nty,1,1,1,1,1,1,1,1,1,1,1,1,1,1,1,1
1579,3,ira,1,1,1,1,1,1,1,1,1,1,1,1,1,1,1,1
1580,3,imu,1,1,1,1,1,1,1,1,1,1,1,1,1,1,1,1
1581,2,tri,1,1,1,1,1,1,1,1,1,1,1,1,1,1,1,1
1582,2,ana,1,1,1,1,1,1,1,1,1,1,1,1,1,1,1,1
1583,3,ndi,1,1,1,1,1,1,1,1,1,1,1,1,1,1,1,1
1584,3,any,1,1,1,1,1,1,1,1,1,1,1,1,1,1,1,1
1585,3,tri,1,1,1,1,1,1,1,1,1,1,1,1,1,1,1,1
1586,3,tha,1,1,1,0,1,1,0,1,1,0,1,1,0,1,1,0
1587,2,ffa,1,0,0,0,0,0,0,0,0,0,0,0,0,0,0,0
1588,2,hra,1,1,1,1,1,1,1,1,1,1,1,1,1,1,1,1
1589,3,lah,1,1,1,1,1,1,1,1,1,1,1,1,1,1,1,1
1590,2,tia,1,1,1,1,1,1,1,1,1,1,1,1,1,1,1,1
1591,3,iba,1,1,1,1,1,1,1,1,1,1,1,1,1,1,1,1
1592,2,hid,1,1,1,1,1,1,1,1,1,1,1,1,1,1,1,1
1593,3,nto,0,0,0,0,0,0,0,0,0,0,0,0,0,0,0,0
1594,2,ein,0,0,0,0,0,0,0,0,0,0,0,0,0,0,0,0
1595,3,min,0,0,0,0,0,0,0,0,0,0,0,0,0,0,0,0
1596,2,val,0,0,0,0,0,0,0,0,0,0,0,0,0,0,0,0
1597,2,din,0,0,0,0,0,0,0,0,0,0,0,0,0,0,0,0
1598,3,jan,1,1,1,0,1,1,0,1,1,0,1,1,0,1,1,0
1599,3,jla,1,1,1,1,1,1,1,1,1,1,1,1,1,1,1,1
1600,4,hap,1,1,1,1,1,1,1,1,1,1,1,1,1,1,1,1
1601,3,lma,1,1,1,1,1,1,1,1,1,1,1,1,1,1,1,1
1602,3,ina,1,1,1,1,1,1,1,1,1,1,1,1,1,1,1,1
1603,3,man,1,1,1,1,1,1,1,1,1,1,1,1,1,1,1,1
1604,3,ira,1,1,1,1,1,1,1,1,1,0,1,1,1,1,1,1
1605,3,qah,1,1,1,1,1,1,1,1,1,1,1,1,1,1,1,1
1606,4,mah,1,0,0,0,0,0,0,0,0,0,0,0,0,0,0,0
1607,3,hra,1,1,1,1,1,1,1,1,1,1,1,1,1,1,1,1
1608,4,han,1,1,1,0,1,1,0,1,1,0,1,1,0,1,1,0
1609,2,nin,0,0,0,0,0,0,0,0,0,0,0,0,0,0,0,0
1610,2,qin,0,0,0,0,0,0,0,0,0,0,0,0,0,0,0,0
1611,2,lah,0,0,0,0,0,0,0,0,0,0,0,0,0,0,0,0
1612,5,yah,0,0,0,0,0,0,0,0,0,0,0,0,0,0,0,0
1613,3,dra,0,0,0,0,0,0,0,0,0,0,0,0,0,0,0,0
1614,3,bar,0,0,0,0,0,0,0,0,0,0,0,0,0,0,0,0
1615,2,fiq,0,0,0,0,0,0,0,0,0,0,0,0,0,0,0,0
1616,3,ara,1,1,1,1,1,1,1,1,1,1,1,1,1,1,1,1
1617,4,rit,0,0,0,0,0,0,0,0,0,0,0,0,0,0,0,0
1618,3,ewi,1,1,1,1,1,1,1,1,1,1,1,1,1,1,1,1
1619,3,lah,0,0,0,0,0,0,0,0,0,0,0,0,0,0,0,0
1620,4,ulo,0,0,0,0,0,0,0,0,0,0,0,0,0,0,0,0
1621,3,sir,0,0,0,0,0,0,0,0,0,0,0,0,0,0,0,0
1622,3,nga,0,0,0,0,0,0,0,0,0,0,0,0,0,0,0,0
1623,2,nda,0,0,0,0,0,0,0,0,0,0,0,0,0,0,0,0
1624,3,han,0,0,0,0,0,0,0,0,0,0,0,0,0,0,0,0
1625,3,ani,1,1,1,1,1,1,1,1,1,1,1,1,1,1,1,1
1626,4,uti,1,1,1,1,1,1,1,1,1,1,1,1,1,1,1,1
1627,2,ria,1,1,1,1,1,1,1,1,1,1,1,1,1,1,1,1
1628,2,isa,1,1,1,1,1,1,1,1,1,1,1,1,1,1,1,1
1629,3,nah,1,1,1,1,1,1,1,1,1,1,1,1,1,1,1,1
1630,3,ida,1,1,1,1,1,1,1,1,1,1,1,1,1,1,1,1
1631,2,hah,1,1,1,1,1,1,1,1,1,1,1,1,1,1,1,1
1632,3,ani,1,1,1,1,1,1,1,1,1,1,1,1,1,1,1,1
1633,3, s.,1,1,1,1,1,1,1,1,1,1,1,1,1,1,1,1
1634,2,ana,1,1,1,1,1,1,1,1,1,1,1,1,1,1,1,1
1635,3,anz,0,0,0,0,0,0,0,0,0,0,0,0,0,0,0,0
1636,5,ita,0,0,0,1,0,0,0,0,0,0,0,0,0,0,0,0
1637,4,ati,1,1,1,1,1,1,1,1,1,1,1,1,1,1,1,1
1638,3,ati,1,1,1,1,1,1,1,1,1,1,1,1,1,1,1,1
1639,4,ani,0,0,0,0,0,0,0,0,0,0,0,0,0,0,0,0
1640,2,lia,1,1,1,1,1,1,1,1,1,1,1,1,1,1,1,1
1641,2,sya,1,1,1,1,1,1,1,1,1,1,1,1,1,1,1,1
1642,3,yah,0,0,0,0,0,0,0,0,0,0,0,0,0,0,0,0
1643,3,ari,1,1,1,1,1,1,1,1,1,1,1,1,1,1,1,1
1644,3,ibi,0,0,0,1,0,0,1,0,0,1,0,0,1,0,0,1
1645,3,loh,0,0,0,0,0,0,0,0,0,0,0,0,0,0,0,0
1646,3,zqi,0,0,0,0,0,0,0,0,0,0,0,0,0,0,0,0
1647,3,aah,0,1,1,1,1,1,1,1,1,1,1,1,1,1,1,1
1648,4,yla,1,1,1,1,1,1,1,1,1,1,1,1,0,1,1,0
1649,4,ida,1,1,1,1,1,1,1,1,1,1,1,1,1,1,1,1
1650,5,hya,0,0,0,0,0,0,0,0,0,0,0,0,0,0,0,0
1651,3,ogo,0,0,0,0,0,0,0,0,0,0,0,0,0,0,0,0
1652,3,ani,1,1,1,1,1,1,1,1,1,1,1,1,1,1,1,1
1653,4,roh,1,0,0,0,0,0,0,0,0,0,0,0,0,0,0,0
1654,2,lly,0,0,0,1,0,0,1,0,0,1,0,0,1,0,0,1
1655,3,ana,0,0,0,1,0,0,1,0,0,1,0,0,1,0,0,1
1656,3,yra,0,1,1,0,1,1,0,1,1,0,1,1,1,1,1,1
1657,3,mah,1,1,1,1,1,1,1,1,1,1,1,1,1,1,1,1
1658,3,dah,1,1,1,1,1,1,1,1,1,1,1,1,1,1,1,1
1659,3,rif,1,1,1,1,1,1,1,1,1,1,1,1,1,1,1,1
1660,5,ung,0,0,0,0,0,0,0,0,0,0,0,0,0,0,0,0
1661,3,lah,0,0,0,0,0,0,0,0,0,0,0,0,0,0,0,0
1662,2,rly,1,1,1,0,1,1,0,1,1,0,1,1,0,1,1,0
1663,3,zia,1,1,1,1,1,1,1,1,1,1,1,1,1,1,1,1
1664,3,rif,0,0,0,0,0,0,0,0,0,0,0,0,0,0,0,0
1665,3,ari,1,1,1,1,1,1,1,1,1,1,1,1,1,1,1,1
1666,3,ini,1,1,1,1,1,1,1,1,1,1,1,1,1,1,1,1
1667,3,tar,0,0,0,0,0,0,0,0,0,0,0,0,0,0,0,0
1668,2,yta,1,1,1,1,1,1,1,1,1,1,1,1,1,1,1,1
1669,3,ata,1,0,0,0,0,0,0,0,0,0,0,0,0,0,0,0
1670,4,ziz,0,0,0,0,0,0,0,0,0,0,0,0,0,0,0,0
1671,3,nsa,1,1,1,1,1,1,1,1,1,1,1,1,1,1,1,1
1672,3,lfa,1,1,1,1,1,1,1,1,1,1,1,1,1,1,1,1
1673,3,nah,1,1,1,1,1,1,1,1,1,1,1,1,1,1,1,1
1674,3,sta,0,0,0,0,0,0,0,0,0,0,0,0,0,0,0,0
1675,3,sti,0,0,1,1,0,1,1,0,1,1,0,1,1,0,1,1
1676,3,ldi,0,0,0,0,0,0,0,0,0,0,0,0,0,0,0,0
1677,4,aus,0,0,0,0,0,0,0,0,0,0,0,0,0,0,0,0
1678,3,yah,0,0,0,0,0,0,0,0,0,0,0,0,0,0,0,0
1679,3,tri,1,1,1,1,1,1,1,1,1,1,1,1,1,1,1,1
1680,3,kal,0,0,0,0,0,0,0,0,0,0,0,0,0,0,0,0
1681,4,ysa,1,1,1,1,1,1,1,1,1,1,1,1,1,1,1,1
1682,2,ila,1,1,1,1,1,1,1,1,1,1,1,1,1,1,1,1
1683,4,tra,0,0,0,0,0,0,0,0,0,0,0,0,0,0,0,0
1684,3,ani,1,1,1,1,1,1,1,1,1,1,1,1,1,1,1,1
1685,3,nti,1,1,1,1,1,1,1,1,1,1,1,1,1,1,1,1
1686,2,tri,1,1,1,1,1,1,1,1,1,1,1,1,1,1,1,1
1687,3,ida,1,1,1,1,1,1,1,1,1,1,1,1,1,1,1,1
1688,3,ari,1,1,1,1,1,1,1,1,1,1,1,1,1,1,1,1
1689,2,tra,0,0,0,1,0,0,1,0,0,1,0,0,1,0,0,1
1690,3,owo,0,0,0,0,0,0,0,0,0,0,0,0,0,0,0,0
1691,2,suf,0,0,0,0,0,0,0,0,0,0,0,0,0,0,0,0
1692,3,isa,1,1,1,1,1,1,1,1,1,1,1,1,1,1,1,1
1693,3,man,0,0,0,0,0,0,0,0,0,0,0,0,0,0,0,0
1694,2,dah,1,1,1,1,1,1,1,1,1,1,1,1,1,1,1,1
1695,3,ani,1,1,1,1,1,1,1,1,1,1,1,1,1,1,1,1
1696,4,aga,1,1,1,1,1,1,1,1,1,1,1,1,1,1,1,1
1697,3,tri,1,1,1,1,1,1,1,1,1,1,1,1,1,1,1,1
1698,3,tha,1,1,1,1,1,1,1,1,1,1,1,1,1,1,1,1
1699,4,tri,1,1,1,1,1,1,1,1,1,1,1,1,1,1,1,1
1700,3,tri,1,1,1,1,1,1,1,1,1,1,1,1,1,1,1,1
1701,2,aqi,0,0,0,0,0,0,0,0,0,0,0,0,0,0,0,0
1702,4,sar,0,0,0,0,0,0,0,0,0,0,0,0,0,0,0,0
1703,2,una,0,0,0,0,0,0,0,0,0,0,0,0,0,0,0,0
1704,2,fiz,0,0,0,0,0,0,0,0,0,0,0,0,0,0,0,0
1705,3,han,0,0,0,0,0,0,0,0,0,0,0,0,0,0,0,0
1706,2,san,0,0,0,0,0,0,0,0,0,0,0,0,0,0,0,0
1707,3,lah,0,0,0,0,0,0,0,0,0,0,0,0,0,0,0,0
1708,3,ifa,1,1,1,1,1,1,1,1,1,1,1,1,1,1,1,1
1709,3,tra,0,0,0,0,0,0,0,0,0,0,0,0,0,0,0,0
1710,3,ali,1,1,1,1,1,1,1,1,1,1,1,1,1,1,1,1
1711,2,fah,1,1,1,1,1,1,1,1,1,1,1,1,1,1,1,1
1712,3,ati,1,1,1,1,1,1,1,1,1,1,1,1,1,1,1,1
1713,3,ari,1,1,1,1,1,1,1,1,1,1,1,1,1,1,1,1
1714,2,sta,1,1,1,1,1,1,1,1,1,1,1,1,1,1,1,1
1715,2,ary,1,1,1,1,1,1,1,1,1,1,1,1,1,1,1,1
1716,3,ara,1,1,1,1,1,1,1,1,1,1,1,1,1,1,1,1
1717,2,ari,1,1,1,1,1,1,1,1,1,1,1,1,1,1,1,1
1718,4,stu,1,1,1,1,1,1,1,1,1,1,1,1,1,1,1,1
1719,3,wan,1,1,1,1,1,1,1,1,1,1,1,1,1,1,1,1
1720,3,tri,1,1,1,1,1,1,1,1,1,1,1,1,1,1,1,1
1721,3,lia,1,1,1,1,1,1,1,1,1,1,1,1,1,1,1,1
1722,2,ien,1,1,1,1,1,1,1,1,1,1,1,1,1,1,1,1
1723,3,tra,0,0,0,0,0,0,0,0,0,0,0,0,0,0,0,0
1724,3,eko,1,1,0,0,1,0,0,1,0,0,1,0,0,1,0,0
1725,3,sma,0,0,1,0,0,1,0,0,1,0,0,1,0,0,1,0
1726,3,tri,1,1,1,1,1,1,1,1,1,1,1,1,1,1,1,1
1727,3,ssa,1,1,1,1,1,1,1,1,1,1,1,1,1,1,1,1
1728,2,oro,0,0,0,0,0,0,0,0,0,0,0,0,0,0,0,0
1729,3,ira,1,1,1,1,1,1,1,1,1,1,1,1,1,1,1,1
1730,4,ser,1,0,0,0,0,0,0,0,0,0,0,0,0,0,0,0
1731,3,tra,0,0,1,0,0,1,0,0,1,0,0,1,0,0,1,0
1732,4,owo,0,0,0,0,0,0,0,0,0,0,0,0,0,0,0,0
1733,3,nji,0,0,0,0,0,0,0,0,0,0,0,0,0,0,0,0
1734,3,tyo,0,0,0,0,0,0,0,0,0,0,0,0,0,0,0,0
1735,3,tra,0,0,0,0,0,0,0,0,0,0,0,0,0,0,0,0
1736,3,tra,0,0,0,0,0,0,0,0,0,0,0,0,0,0,0,0
1737,3,ama,0,0,0,0,0,0,0,0,0,0,0,0,0,0,0,0
1738,3,tra,0,0,0,0,0,0,0,0,0,0,0,0,0,0,0,0
1739,2,ozi,0,0,0,0,0,0,0,0,0,0,0,0,0,0,0,0
1740,3,yah,0,0,0,0,0,0,0,0,0,0,0,0,0,0,0,0
1741,3,ana,0,0,0,0,0,0,0,0,0,0,0,0,0,0,0,0
1742,3,fal,0,0,0,0,0,0,0,0,0,0,0,0,0,0,0,0
1743,4,wan,0,0,0,0,0,0,0,0,0,0,0,0,0,0,0,0
1744,3,yah,0,0,0,1,0,0,1,0,0,1,0,0,1,0,0,1
1745,3,ama,0,0,0,0,0,0,0,0,0,0,0,0,0,0,0,0
1746,3,ndi,0,0,0,0,0,0,0,0,0,0,0,0,0,0,0,0
1747,3,dra,0,0,0,0,0,0,0,0,0,0,0,0,0,0,0,0
1748,3,iko,0,0,0,0,0,0,0,0,0,0,0,0,0,0,0,0
1749,3,ana,0,0,0,0,0,0,0,0,0,0,0,0,0,0,0,0
1750,3,ary,0,0,0,0,0,0,0,0,0,0,0,0,0,0,0,0
1751,3,wan,0,0,0,0,0,0,0,0,0,0,0,0,0,0,0,0
1752,2,nto,0,0,0,0,0,0,0,0,0,0,0,0,0,0,0,0
1753,2,ani,1,1,1,1,1,1,1,1,1,1,1,1,1,1,1,1
1754,3,ani,1,1,1,1,1,1,1,1,1,1,1,1,1,1,1,1
1755,3,ari,1,1,1,1,1,1,1,1,1,1,1,1,1,1,1,1
1756,3,ama,0,0,0,0,0,0,0,0,0,0,0,0,0,0,0,0
1757,3,fah,1,1,1,0,1,1,0,1,1,0,1,1,0,1,1,0
1758,3,hin,1,0,0,0,0,0,0,0,0,0,0,0,0,0,0,0
1759,4,ahy,0,0,0,0,0,0,0,0,0,0,0,0,0,0,0,0
1760,3,ana,1,1,1,0,1,1,0,1,1,0,1,1,0,1,1,0
1761,3,yah,0,0,0,0,0,0,0,0,0,0,0,0,0,0,0,0
1762,2,yah,1,0,0,0,0,0,0,0,0,0,0,0,0,0,0,0
1763,4,usu,1,1,1,1,1,1,1,1,1,1,1,1,1,1,1,1
1764,3,ach,1,0,0,1,0,0,1,0,0,1,0,0,1,0,0,1
1765,4,yfa,1,1,1,1,1,1,1,1,1,0,1,1,0,1,1,1
1766,3,ius,0,0,0,0,0,0,0,0,0,0,0,0,0,0,0,0
1767,2,han,0,0,0,0,0,0,0,0,0,0,0,0,0,0,0,0
1768,3,nto,0,0,0,0,0,0,0,0,0,0,0,0,0,0,0,0
1769,4,ini,1,0,0,0,0,0,1,0,0,1,0,0,0,0,0,1
1770,3,tya,1,1,1,0,1,1,0,1,1,0,1,1,0,1,1,0
1771,4,ria,1,1,1,1,1,1,1,1,1,1,1,1,1,1,1,1
1772,4,tih,0,0,0,0,0,0,0,0,0,0,0,0,0,0,0,0
1773,4,mal,0,0,0,0,0,0,0,0,0,0,0,0,0,0,0,0
1774,4,mri,1,1,0,0,1,0,0,1,0,0,1,0,0,1,0,0
1775,4,ida,1,1,1,1,1,1,1,1,1,1,1,1,1,1,1,1
1776,3,rah,1,1,1,0,1,1,0,1,1,0,1,1,0,1,1,0
1777,3,ngi,0,0,0,0,0,0,0,0,0,0,0,0,0,0,0,0
1778,3,nsi,0,0,0,0,0,0,0,0,0,0,0,0,0,0,0,0
1779,3,yah,1,0,0,0,0,0,0,0,0,0,0,0,0,0,0,0
1780,5,ara,1,1,1,0,1,1,1,1,1,0,1,1,1,1,1,1
1781,4,ara,1,0,0,0,0,0,0,0,0,0,0,0,0,0,0,0
1782,4,eng,0,0,0,0,0,0,0,0,0,0,0,0,0,0,0,0
1783,4,odi,1,1,1,1,1,1,1,1,1,1,1,1,1,1,1,1
1784,2,nto,0,0,0,0,0,0,0,0,0,0,0,0,0,0,0,0
1785,3,rid,0,0,0,0,0,0,0,0,0,0,0,0,0,0,0,0
1786,3,iyo,0,0,0,0,0,0,0,0,0,0,0,0,0,0,0,0
1787,3,ono,0,0,0,0,0,0,0,0,0,0,0,0,0,0,0,0
1788,4,ian,0,0,0,0,0,0,0,0,0,0,0,0,0,0,0,0
1789,4,ama,0,0,0,0,0,0,0,0,0,0,0,0,0,0,0,0
1790,3,oho,0,0,0,0,0,0,0,0,0,0,0,0,0,0,0,0
1791,3,mid,0,0,0,0,0,0,0,0,0,0,0,0,0,0,0,0
1792,3,kas,0,0,0,0,0,0,0,0,0,0,0,0,0,0,0,0
1793,4,aan,0,0,0,0,0,0,0,0,0,0,0,0,0,0,0,0
1794,3,lya,0,0,0,0,0,0,0,0,0,0,0,0,0,0,0,0
1795,3,nto,0,0,0,0,0,0,0,0,0,0,0,0,0,0,0,0
1796,3,han,0,0,0,0,0,0,0,0,0,0,0,0,0,0,0,0
1797,2,rja,0,0,0,0,0,0,0,0,0,0,0,0,0,0,0,0
1798,2,han,0,0,0,0,0,0,0,0,0,0,0,0,0,0,0,0
1799,4,aka,0,0,0,0,0,0,0,0,0,0,0,0,0,0,0,0
1800,3,yah,0,0,0,0,0,0,0,0,0,0,0,0,0,0,0,0
1801,3,ana,0,0,0,1,0,0,1,0,0,1,0,0,0,0,0,0
1802,3,adi,1,1,1,1,1,1,1,1,1,1,1,1,1,1,1,1
1803,3,ita,1,1,1,1,1,1,1,1,1,1,1,1,1,1,1,1
1804,3,ila,1,1,1,1,1,1,1,1,1,1,1,1,1,1,1,1
1805,3,tri,1,1,1,1,1,1,1,1,1,1,1,1,1,1,1,1
1806,3,isa,1,1,1,1,1,1,1,1,1,1,1,1,1,1,1,1
1807,2,lla,1,1,1,1,1,1,1,1,1,1,1,1,1,1,1,1
1808,3,fin,1,1,1,1,1,1,1,1,1,1,1,1,1,1,1,1
1809,3,ani,1,1,1,1,1,1,1,1,1,1,1,1,1,1,1,1
1810,2,ani,1,1,1,1,1,1,1,1,1,1,1,1,1,1,1,1
1811,3,ari,1,1,1,1,1,1,1,1,1,1,1,1,1,1,1,1
1812,3,hah,1,1,1,1,1,1,1,1,1,1,1,1,1,1,1,1
1813,3,ana,0,0,0,0,0,0,0,0,0,0,0,0,0,0,0,0
1814,2,nti,1,1,1,1,1,1,1,1,1,1,1,1,1,1,1,1
1815,3,ony,1,1,1,1,1,1,1,1,1,1,1,1,1,1,1,1
1816,4,tan,0,0,0,0,0,0,0,0,0,0,0,0,0,0,0,0
1817,3,omo,0,0,0,0,0,0,0,0,0,0,0,0,0,0,0,0
1818,4,wan,0,0,0,0,0,0,0,0,0,0,0,0,0,0,0,0
1819,4,ova,0,0,0,0,0,0,0,0,0,0,0,0,0,0,0,0
1820,3,uma,0,0,0,0,0,0,0,0,0,0,0,0,0,0,0,0
1821,2,aez,0,0,0,0,0,0,0,0,0,0,0,0,0,0,0,0
1822,3,wan,0,0,0,0,0,0,0,0,0,0,0,0,0,0,0,0
1823,2,wan,0,0,0,0,0,0,0,0,0,0,0,0,0,0,0,0
1824,3,guk,0,0,0,0,0,0,0,0,0,0,0,0,0,0,0,0
1825,2,aha,0,0,0,0,0,0,0,0,0,0,0,0,0,0,0,0
1826,2,aya,0,0,0,0,0,0,0,0,0,0,0,0,0,0,0,0
1827,4,gin,0,0,0,0,0,0,0,0,0,0,0,0,0,0,0,0
1828,4,lya,0,1,0,0,1,0,0,1,0,0,1,0,0,1,0,0
1829,3,isa,1,1,1,0,1,1,0,1,1,0,1,1,0,1,1,0
1830,2,lla,1,1,1,1,1,1,1,1,1,1,1,1,1,1,1,0
1831,3,ita,0,0,0,0,0,0,0,0,0,0,0,0,0,0,0,0
1832,3,ldi,0,0,0,0,0,0,0,0,0,0,0,0,0,0,0,0
1833,2,ana,0,0,0,0,0,0,0,0,0,0,0,0,0,0,0,0
1834,3,era,0,0,0,0,0,0,0,0,0,0,0,0,0,0,0,0
1835,3,tra,0,0,0,0,0,0,0,0,0,0,0,0,0,0,0,0
1836,3,sto,0,0,0,0,0,0,0,0,0,0,0,0,0,0,0,0
1837,4,udi,0,0,0,0,0,0,0,0,0,0,0,0,0,0,0,0
1838,5,a p,0,0,0,0,0,0,0,0,0,0,0,0,0,0,0,0
1839,4,man,0,0,0,0,0,0,0,0,0,0,0,0,0,0,0,0
1840,4,tar,0,0,0,0,0,0,0,0,0,0,0,0,0,0,0,0
1841,4,reh,0,0,0,0,0,0,0,0,0,0,0,0,0,0,0,0
1842,2,van,0,0,0,0,0,0,0,0,0,0,0,0,0,0,0,0
1843,3,tra,0,0,0,0,0,0,0,0,0,0,0,0,0,0,0,0
1844,2,iah,0,0,0,1,0,0,1,0,0,1,0,0,0,0,0,1
1845,3,amu,0,0,0,0,0,0,0,0,0,0,0,0,0,0,0,0
1846,2,tan,0,0,0,0,0,0,0,0,0,0,0,0,0,0,0,0
1847,3,rif,0,0,0,0,0,0,0,0,0,0,0,0,0,0,0,0
1848,3,uma,1,0,0,0,0,0,0,0,0,0,0,0,0,0,0,0
1849,2,der,0,0,0,0,0,0,0,0,0,0,0,0,0,0,0,0
1850,2,tra,0,0,0,0,0,0,0,0,0,0,0,0,0,0,0,0
1851,3,n s,0,0,0,0,0,0,0,0,0,0,0,0,0,0,0,0
1852,3,kim,0,0,0,0,0,0,0,0,0,0,0,0,0,0,0,0
1853,3,ewi,1,1,1,1,1,1,1,1,1,1,1,1,1,1,1,1
1854,3,ono,0,0,0,0,0,0,0,0,0,0,0,0,0,0,0,0
1855,3,umo,0,0,0,0,0,0,0,0,0,0,0,0,0,0,0,0
1856,3,nto,0,0,0,0,0,0,0,0,0,0,0,0,0,0,0,0
1857,3,lsa,1,1,1,0,1,1,0,1,1,0,1,1,0,1,1,0
1858,2,ung,0,0,0,0,0,0,0,0,0,0,0,0,0,0,0,0
1859,2,ano,0,0,0,0,0,0,0,0,0,0,0,0,0,0,0,0
1860,3,bie,0,0,0,0,0,0,0,0,0,0,0,0,0,0,0,0
1861,3,ama,0,0,0,0,0,0,0,0,0,0,0,0,0,0,0,0
1862,2,aya,0,0,0,0,0,0,0,0,0,0,0,0,0,0,0,0
1863,3,adi,0,0,0,0,0,0,0,0,0,0,0,0,0,0,0,0
1864,3,ama,0,0,0,0,0,0,0,0,0,0,0,0,0,0,0,0
1865,3,tri,1,1,1,1,1,1,1,1,1,1,1,1,1,1,1,1
1866,3,ari,1,0,1,1,0,1,1,0,1,1,0,1,1,0,1,1
1867,3,ani,1,1,1,1,1,1,1,1,1,1,1,1,1,1,1,1
1868,3,iah,1,1,1,1,1,1,1,1,1,1,1,1,1,1,1,1
1869,2,tin,1,1,1,1,1,1,1,1,1,1,1,1,1,1,1,1
1870,3,yaf,0,0,0,0,0,0,0,0,0,0,0,0,0,0,0,0
1871,3,rus,1,1,1,1,1,1,1,1,1,1,1,1,1,1,1,1
1872,3,agi,1,1,1,1,1,1,1,1,1,1,1,1,1,1,1,1
1873,2,lla,1,1,1,1,1,1,1,1,1,1,1,1,1,1,1,1
1874,4,gia,1,1,1,1,1,1,1,1,1,1,1,1,1,1,1,1
1875,4,nik,1,1,1,1,1,1,1,1,1,1,1,1,1,1,1,1
1876,2,tha,1,1,1,1,1,1,1,1,1,0,1,1,1,1,1,1
1877,3,ela,1,1,1,1,1,1,1,1,1,1,1,1,0,1,1,1
1878,3,umo,1,1,1,1,1,1,1,1,1,1,1,1,1,1,1,1
1879,4,zie,1,1,1,1,1,1,1,1,1,1,1,1,1,1,1,1
1880,3,ita,1,1,1,1,1,1,1,1,1,1,1,1,1,1,1,1
1881,3,ael,1,1,1,0,1,1,1,1,1,1,1,1,1,1,1,1
1882,4,i a,1,1,1,1,1,1,1,1,1,1,1,1,1,1,1,1
1883,3,tri,1,1,1,1,1,1,1,1,1,1,1,1,1,1,1,1
1884,3,par,1,1,1,1,1,1,1,1,1,1,1,1,1,1,1,1
1885,3,yah,1,1,1,1,1,1,1,1,1,1,1,1,1,1,1,1
1886,2,yah,1,1,1,1,1,1,1,1,1,1,1,1,1,1,1,1
1887,3,iqi,1,1,1,1,1,1,1,1,1,1,1,1,1,1,1,1
1888,3,ing,1,1,1,0,1,1,1,1,1,1,1,1,0,1,1,1
1889,3,rba,1,1,1,0,1,1,1,1,1,1,1,1,0,1,1,1
1890,2,nia,1,1,1,1,1,1,1,1,1,1,1,1,1,1,1,1
1891,3,pea,1,1,1,1,1,1,1,1,1,1,1,1,1,1,1,1
1892,3,tri,1,1,1,1,1,1,1,1,1,1,1,1,1,1,1,1
1893,4,gea,1,1,1,1,1,1,1,1,1,1,1,1,1,1,1,1
1894,3,ari,1,1,1,1,1,1,1,1,1,1,1,1,1,1,1,1
1895,3,wan,1,1,1,1,1,1,1,1,1,1,1,1,1,1,1,1
1896,4,ing,1,1,1,1,1,1,1,1,1,1,1,1,1,1,1,1
1897,3,ing,1,1,1,1,1,1,1,1,1,1,1,1,1,1,1,1
1898,3,ggu,0,1,1,1,1,1,1,1,1,1,1,1,1,1,1,1
1899,3,ora,1,1,1,1,1,1,1,1,1,1,1,1,1,1,1,1
1900,3,aja,0,0,0,0,0,0,0,0,0,0,0,0,0,0,0,0
1901,3,nto,0,0,0,0,0,0,0,0,0,0,0,0,0,0,0,0
1902,3,lah,0,0,0,0,0,0,0,0,0,0,0,0,0,0,0,0
1903,3,ana,0,0,0,0,0,0,0,0,0,0,0,0,0,0,0,0
1904,3,mri,0,0,0,0,0,0,0,0,0,0,0,0,0,0,0,0
1905,3,eza,0,0,0,0,0,0,0,0,0,0,0,0,0,0,0,0
1906,3,tra,0,0,0,0,0,0,0,0,0,0,0,0,0,0,0,0
1907,4,eta,1,1,1,1,1,1,1,1,1,1,1,1,1,1,1,1
1908,4,han,0,0,0,0,0,0,0,0,0,0,0,0,0,0,0,0
1909,3,dya,0,0,0,0,0,0,0,0,0,0,0,0,0,0,0,0
1910,3,dya,0,0,0,0,0,0,0,0,0,0,0,0,0,0,0,0
1911,3,ina,1,1,1,1,1,1,1,1,1,1,1,1,1,1,1,1
1912,4,hap,1,1,1,1,1,1,1,1,1,1,1,1,1,1,1,1
1913,3,tyo,0,0,0,0,0,0,0,0,0,0,0,0,0,0,0,0
1914,3,ana,1,1,1,1,1,1,1,1,1,1,1,1,1,1,1,1
1915,3,tra,0,0,0,0,0,0,0,0,0,0,0,0,0,0,0,0
1916,3,ola,1,1,1,1,1,1,1,1,1,1,1,1,1,1,1,1
1917,2,iya,1,0,1,0,0,1,0,0,1,0,0,1,0,0,1,0
1918,2,nti,1,1,1,1,1,1,1,1,1,1,1,1,1,1,1,1
1919,2,sya,1,1,1,1,1,1,1,1,1,1,1,1,1,1,1,1
1920,3,lia,1,1,1,1,1,1,1,1,1,1,1,1,1,1,1,1
1921,2,ani,1,1,1,1,1,1,1,1,1,1,1,1,1,1,1,1
1922,4,adi,1,1,1,0,1,1,0,1,1,0,1,1,0,1,1,0
1923,3,ila,1,1,1,1,1,1,1,1,1,1,1,1,1,1,1,1
1924,2,tri,1,1,1,1,1,1,1,1,1,1,1,1,1,1,1,1
1925,3,ani,1,1,1,1,1,1,1,1,1,1,1,1,1,1,1,1
1926,3,tah,1,1,1,1,1,1,1,1,1,1,1,1,1,1,1,1
1927,2,ati,1,1,1,1,1,1,1,1,1,1,1,1,1,1,1,1
1928,4,isa,1,1,1,1,1,1,1,1,1,1,1,1,1,1,1,1
1929,2,lia,1,1,1,1,1,1,1,1,1,1,1,1,1,1,1,1
1930,3,ung,1,1,1,1,1,1,1,1,1,1,1,1,1,1,1,1
1931,3,nti,1,1,1,1,1,1,1,1,1,1,1,1,1,1,1,1
1932,3,tri,1,1,1,1,1,1,1,1,1,1,1,1,1,1,1,1
1933,3,rto,1,1,1,1,1,1,1,1,1,1,1,1,1,1,1,1
1934,3,sna,1,1,1,1,1,1,1,1,1,1,1,1,1,1,1,1
1935,2,rko,0,0,0,0,0,0,0,0,0,0,0,0,0,0,0,0
1936,4,rat,1,1,1,1,1,1,1,1,1,1,1,1,1,1,1,1
1937,4,ayu,1,1,1,1,1,1,1,1,1,1,1,1,1,1,1,1
1938,4,iwi,1,1,1,1,1,1,1,1,1,1,1,1,1,1,1,1
1939,2,ani,1,1,1,1,1,1,1,1,1,1,1,1,1,1,1,1
1940,3,nda,1,1,1,1,1,1,1,1,1,1,1,1,1,1,1,1
1941,3,hra,1,1,1,1,1,1,1,1,1,1,1,1,1,1,1,1
1942,3,nia,1,1,1,1,1,1,1,1,1,1,1,1,1,1,1,1
1943,3,a r,1,1,1,1,1,1,1,1,1,1,1,1,1,1,1,1
1944,2,ani,1,1,1,1,1,1,1,1,1,1,1,1,1,1,1,1
1945,3,nda,1,1,1,1,1,1,1,1,1,1,1,1,1,1,1,1
1946,3,ono,1,1,0,0,1,0,0,1,0,0,1,0,0,1,0,0
1947,2,yah,1,1,1,0,1,1,0,1,1,0,1,1,0,1,1,0
1948,2,odo,0,0,0,0,0,0,0,0,0,0,0,0,0,0,0,0
1949,3,tan,1,1,1,1,1,1,1,1,1,1,1,1,1,1,1,1
1950,3,ewi,1,1,1,1,1,1,1,1,1,1,1,1,1,1,1,1
1951,3,hra,1,1,1,1,1,1,1,1,1,1,1,1,1,1,1,1
1952,3,ini,1,1,1,1,1,1,1,1,1,1,1,1,1,1,1,1
1953,3,ari,1,1,1,1,1,1,1,1,1,1,1,1,1,1,1,1
1954,3,ari,1,1,1,1,1,1,1,1,1,1,1,1,1,1,1,1
1955,3,iwu,1,1,1,1,1,1,1,1,1,1,1,1,1,1,1,1
1956,3,ari,1,1,1,1,1,1,1,1,1,1,1,1,1,1,1,1
1957,3,ani,1,1,1,1,1,1,1,1,1,1,1,1,1,1,1,1
1958,3,don,1,1,1,1,1,1,1,1,1,1,1,1,1,1,1,1
1959,3,ani,1,1,1,1,1,1,1,1,1,1,1,1,1,1,1,1
1960,2,ina,1,1,1,1,1,1,1,1,1,1,1,1,1,1,1,1
1961,3,tri,1,1,1,1,1,1,1,1,1,1,1,1,1,1,1,1
1962,2,tri,1,1,1,1,1,1,1,1,1,1,1,1,1,1,1,1
1963,2,rum,1,1,1,1,1,1,1,1,1,1,1,1,1,1,1,1
1964,3,han,0,0,0,0,0,0,0,0,0,0,0,0,0,0,0,0
1965,3,ita,1,1,1,1,1,1,1,1,1,1,1,1,1,1,1,1
1966,4,zha,1,1,1,0,1,1,1,1,1,0,1,1,0,1,1,1
1967,2,ani,1,1,1,1,1,1,1,1,1,1,1,1,1,1,1,1
1968,2,tak,0,1,0,0,1,0,0,1,0,0,1,0,0,1,0,0
1969,3,gka,0,0,0,0,0,0,0,0,0,0,0,0,0,0,0,0
1970,3,ury,1,1,1,0,1,1,0,1,1,0,1,1,0,1,1,0
1971,3,sih,1,1,1,1,1,1,1,1,1,1,1,1,1,1,1,1
1972,3,tya,0,0,0,0,0,0,0,0,0,0,0,0,0,0,0,0
1973,2,jri,0,0,0,0,0,0,0,0,0,0,0,0,0,0,0,0
1974,2,ari,1,1,1,1,1,1,1,1,1,1,1,1,1,1,1,1
1975,3,ito,1,1,1,1,1,1,1,1,1,1,1,1,1,1,1,1
1976,3,ifa,1,1,1,1,1,1,1,1,1,1,1,1,1,1,1,1
1977,3,iza,1,1,1,1,1,1,1,1,1,1,1,1,1,1,1,1
1978,4,ila,1,1,1,1,1,1,1,1,1,1,1,1,1,1,1,1
1979,2,han,1,1,1,0,1,1,0,1,1,0,1,1,0,1,1,0
1980,4,ari,1,1,1,1,1,1,1,1,1,1,1,1,1,1,1,1
1981,2,ari,1,1,1,1,1,1,1,1,1,1,1,1,1,1,1,1
1982,3,lah,1,1,1,1,1,1,1,1,1,1,1,1,1,1,1,1
1983,3,nto,1,1,1,0,1,1,0,1,1,0,1,1,0,1,1,0
1984,3,ani,1,1,1,1,1,1,1,1,1,1,1,1,1,1,1,1
1985,2,ani,1,1,1,1,1,1,1,1,1,1,1,1,1,1,1,1
1986,3,rah,1,1,1,1,1,1,1,1,1,1,1,1,1,1,1,1
1987,2,ina,1,1,1,1,1,1,1,1,1,1,1,1,1,1,1,1
1988,2,mah,1,1,1,1,1,1,1,1,1,1,1,1,1,1,1,1
1989,3,yah,1,1,1,1,1,1,1,1,1,1,1,1,1,1,1,1
1990,3,nti,1,1,1,1,1,1,1,1,1,1,1,1,1,1,1,1
1991,3,tri,1,1,1,1,1,1,1,1,1,1,1,1,1,1,1,1
1992,3,tri,1,1,1,1,1,1,1,1,1,1,1,1,1,1,1,1
1993,3,fid,0,0,1,1,0,1,1,0,1,1,0,1,1,0,1,1
1994,3,ida,1,1,1,1,1,1,1,1,1,1,1,1,1,1,1,1
1995,2,ati,1,1,1,1,1,1,1,1,1,1,1,1,1,1,1,1
1996,3,uti,1,1,1,1,1,1,1,1,1,1,1,1,1,1,1,1
1997,3,lia,1,1,1,1,1,1,1,1,1,1,1,1,1,1,1,1
1998,3,nur,1,1,1,1,1,1,1,1,1,1,1,1,1,1,1,1
1999,3,dar,1,1,1,1,1,1,1,1,1,1,1,1,1,1,1,1
2000,2,ita,1,1,1,1,1,1,1,1,1,1,1,1,1,1,1,1
2001,2,tri,1,1,1,1,1,1,1,1,1,1,1,1,1,1,1,1
2002,3,wan,1,1,1,0,1,1,0,1,1,0,1,1,0,1,1,0
2003,3,ono,1,1,1,0,1,1,0,1,1,0,1,1,0,1,1,0
2004,3,ela,1,1,1,1,1,1,1,1,1,1,1,1,1,1,1,1
2005,3,ila,1,1,1,1,1,1,1,1,1,1,1,1,1,1,1,1
2006,2,ana,1,1,1,1,1,1,1,1,1,1,1,1,1,1,1,1
2007,3,ari,1,1,1,1,1,1,1,1,1,1,1,1,1,1,1,1
2008,2,ani,1,1,1,1,1,1,1,1,1,1,1,1,1,1,1,1
2009,3,ief,0,0,0,0,0,0,0,0,0,0,0,0,0,0,0,0
2010,2,ani,1,1,1,1,1,1,1,1,1,1,1,1,1,1,1,1
2011,2,iya,1,1,1,1,1,1,1,1,1,1,1,1,1,1,1,1
2012,3,hra,1,1,1,1,1,1,1,1,1,1,1,1,1,1,1,1
2013,3,hra,1,1,1,1,1,1,1,1,1,1,1,1,1,1,1,1
2014,2,ani,1,1,1,1,1,1,1,1,1,1,1,1,1,1,1,1
2015,2,yah,1,1,1,1,1,1,1,1,1,1,1,1,1,1,1,1
2016,3,ani,1,1,1,1,1,1,1,1,1,1,1,1,1,1,1,1
2017,2,nti,1,1,1,1,1,1,1,1,1,1,1,1,1,1,1,1
2018,3,lah,1,1,1,1,1,1,1,1,1,1,1,1,1,1,1,1
2019,2,lah,1,1,1,1,1,1,1,1,1,1,1,1,1,1,1,1
2020,2,ati,1,1,1,1,1,1,1,1,1,1,1,1,1,1,1,1
2021,3,ari,1,1,1,1,1,1,1,1,1,1,1,1,1,1,1,1
2022,3,ong,1,1,1,1,1,1,1,1,1,1,1,1,1,1,1,1
2023,3,lia,1,1,1,1,1,1,1,1,1,1,1,1,1,1,1,1
2024,2,rum,1,1,1,1,1,1,1,1,1,1,1,1,1,1,1,1
2025,3,lia,1,1,1,1,1,1,1,1,1,1,1,1,1,1,1,1
2026,2,tri,1,1,1,1,1,1,1,1,1,1,1,1,1,1,1,1
2027,3,ani,1,1,1,1,1,1,1,1,1,1,1,1,1,1,1,1
2028,3,lia,1,1,1,1,1,1,1,1,1,1,1,1,1,1,1,1
2029,3,iwi,1,1,1,1,1,1,1,1,1,1,1,1,1,1,1,1
2030,3,ani,1,1,1,1,1,1,1,1,1,1,1,1,1,1,1,1
2031,3,yah,1,1,1,1,1,1,1,1,1,1,1,1,1,1,1,1
2032,2,hri,1,1,1,1,1,1,1,1,1,1,1,1,1,1,1,1
2033,3,ani,1,1,1,1,1,1,1,1,1,1,1,1,1,1,1,1
2034,2,ati,1,1,1,1,1,1,1,1,1,1,1,1,1,1,1,1
2035,3,ani,1,1,1,1,1,1,1,1,1,1,1,1,1,1,1,1
2036,2,ati,1,1,1,1,1,1,1,1,1,1,1,1,1,1,1,1
2037,2,yah,1,1,1,1,1,1,1,1,1,1,1,1,1,1,1,1
2038,3,nto,1,1,1,1,1,1,1,1,1,1,1,1,1,1,1,1
2039,3,kia,1,1,1,1,1,1,1,1,1,1,1,1,1,1,1,1
2040,2,uti,1,1,1,1,1,1,1,1,1,1,1,1,1,1,1,1
2041,2,ana,1,1,1,1,1,1,1,1,1,1,1,1,1,1,1,1
2042,2,ani,1,1,1,1,1,1,1,1,1,1,1,1,1,1,1,1
2043,4,ana,1,1,1,1,1,1,1,1,1,1,1,1,1,1,1,1
2044,2,ani,1,1,1,1,1,1,1,1,1,1,1,1,1,1,1,1
2045,3,man,1,1,1,1,1,1,1,1,1,1,1,1,1,1,1,1
2046,3,ayu,1,1,1,1,1,1,1,1,1,1,1,1,1,1,1,1
2047,2,hra,1,1,1,1,1,1,1,1,1,1,1,1,1,1,1,1
2048,2,mah,1,1,1,1,1,1,1,1,1,1,1,1,1,1,1,1
2049,2,yas,1,1,1,1,1,1,1,1,1,1,1,1,1,1,1,1
2050,3,ana,0,0,0,0,0,0,0,0,0,0,0,0,0,0,0,0
2051,3,ita,1,1,1,1,1,1,1,1,1,1,1,1,1,1,1,1
2052,2,fia,1,1,1,1,1,1,1,1,1,1,1,1,1,1,1,1
2053,4,rus,1,1,1,0,1,1,1,1,1,1,1,1,0,1,1,1
2054,3,any,1,1,1,1,1,1,1,1,1,1,1,1,1,1,1,1
2055,3,'ah,1,1,1,1,1,1,1,1,1,1,1,1,1,1,1,1
2056,4,hri,1,1,1,1,1,1,1,1,1,1,1,1,1,1,1,1
2057,3,rba,1,1,1,1,1,1,1,1,1,1,1,1,1,1,1,1
2058,3,afi,1,1,1,1,1,1,1,1,1,1,1,1,1,1,1,1
2059,2,ani,1,1,1,1,1,1,1,1,1,1,1,1,1,1,1,1
2060,4,ali,1,1,1,1,1,1,1,1,1,1,1,1,1,1,1,1
2061,3,ana,1,1,1,1,1,1,1,1,1,1,1,1,1,1,1,1
2062,3,man,0,0,0,0,0,0,0,0,0,0,0,0,0,0,0,0
2063,3,ida,1,1,1,1,1,1,1,1,1,1,1,1,1,1,1,1
2064,3,hma,1,1,1,1,1,1,1,1,1,1,1,1,1,1,1,1
2065,2,isa,1,1,1,1,1,1,1,1,1,1,1,1,1,1,1,1
2066,3,ini,1,1,1,1,1,1,1,1,1,1,1,1,1,1,1,1
2067,3,oko,1,1,1,1,1,1,1,1,1,1,1,1,1,1,1,1
2068,3,hra,1,1,1,1,1,1,1,1,1,1,1,1,1,1,1,1
2069,3,hra,1,1,1,1,1,1,1,1,1,1,1,1,1,1,1,1
2070,3,hma,1,1,1,1,1,1,1,1,1,1,1,1,1,1,1,1
2071,3,lla,1,1,1,1,1,1,1,1,1,1,1,1,1,1,1,1
2072,3,hra,1,1,1,1,1,1,1,1,1,1,1,1,1,1,1,1
2073,3,ari,1,1,1,1,1,1,1,1,1,1,1,1,1,1,1,1
2074,3,zky,1,1,1,1,1,1,1,1,1,1,1,1,1,1,1,1
2075,3,any,1,1,1,1,1,1,1,1,1,1,1,1,1,1,1,1
2076,3,ani,1,1,1,1,1,1,1,1,1,1,1,1,1,1,1,1
2077,3,wan,1,1,1,1,1,1,1,1,1,1,1,1,1,1,1,1
2078,2,qis,1,1,1,1,1,1,1,1,1,1,1,1,1,1,1,1
2079,3,aty,1,1,1,1,1,1,1,1,1,1,1,1,1,1,1,1
2080,3,ani,1,1,1,1,1,1,1,1,1,1,1,1,1,1,1,1
2081,3,ari,1,1,1,1,1,1,1,1,1,1,1,1,1,1,1,1
2082,3,ari,1,1,1,1,1,1,1,1,1,1,1,1,1,1,1,1
2083,3,ani,1,1,1,1,1,1,1,1,1,1,1,1,1,1,1,1
2084,4,tri,1,1,1,1,1,1,1,1,1,1,1,1,1,1,1,1
2085,3,aya,1,1,1,1,1,1,1,1,1,1,1,1,1,1,1,1
2086,3,ani,1,1,1,1,1,1,1,1,1,1,1,1,1,1,1,1
2087,3,iba,1,1,1,1,1,1,1,1,1,1,1,1,1,1,1,1
2088,2,nah,1,1,1,1,1,1,1,1,1,1,1,1,1,1,1,1
2089,3,iha,1,1,1,1,1,1,1,1,1,1,1,1,1,1,1,1
2090,2,yah,1,1,1,1,1,1,1,1,1,1,1,1,1,1,1,1
2091,3,ana,1,1,1,1,1,1,1,1,1,1,1,1,1,1,1,1
2092,3,tri,1,1,1,1,1,1,1,1,1,1,1,1,1,1,1,1
2093,3,tri,1,1,1,1,1,1,1,1,1,1,1,1,1,1,1,1
2094,3,ani,1,1,1,1,1,1,1,1,1,1,1,1,1,1,1,1
2095,2,nti,1,1,1,1,1,1,1,1,1,1,1,1,1,1,1,1
2096,4,iah,1,1,1,1,1,1,1,1,1,1,1,1,1,1,1,1
2097,3,ata,1,1,1,1,1,1,1,1,1,1,1,1,1,1,1,1
2098,2,roh,1,1,1,1,1,1,1,1,1,1,1,1,1,1,1,1
2099,3,adi,1,1,1,1,1,1,1,1,1,1,1,1,1,1,1,1
2100,3,ari,1,1,1,1,1,1,1,1,1,1,1,1,1,1,1,1
2101,3,zah,1,1,1,1,1,1,1,1,1,1,1,1,1,1,1,1
2102,3,lia,1,1,1,1,1,1,1,1,1,1,1,1,1,1,1,1
2103,3,ani,1,1,1,1,1,1,1,1,1,1,1,1,1,1,1,1
2104,3,lia,1,1,1,1,1,1,1,1,1,1,1,1,1,1,1,1
2105,3,lia,1,1,1,1,1,1,1,1,1,1,1,1,1,1,1,1
2106,3,qoh,1,1,1,1,1,1,1,1,1,1,1,1,1,1,1,1
2107,4,yat,1,1,1,1,1,1,1,1,1,1,1,1,1,1,1,1
2108,3,iah,1,1,1,1,1,1,1,1,1,1,1,1,1,1,1,1
2109,2,ila,1,1,1,1,1,1,1,1,1,1,1,1,1,1,1,1
2110,2,ana,1,1,1,1,1,1,1,1,1,1,1,1,1,1,1,1
2111,3,ira,1,1,1,1,1,1,1,1,1,1,1,1,1,1,1,1
2112,4,ani,1,1,1,1,1,1,1,1,1,1,1,1,1,1,1,1
2113,3,rsi,1,1,1,1,1,1,1,1,1,1,1,1,1,1,1,1
2114,2,lya,1,1,1,1,1,1,1,1,1,1,1,1,1,1,1,1
2115,3,uti,1,1,1,1,1,1,1,1,1,1,1,1,1,1,1,1
2116,4, dj,1,1,1,1,1,1,1,1,1,1,1,1,1,1,1,1
2117,2,ana,1,1,1,1,1,1,1,1,1,1,1,1,1,1,1,1
2118,2,nti,1,1,1,1,1,1,1,1,1,1,1,1,1,1,1,1
2119,3,dar,1,1,1,1,1,1,1,1,1,1,1,1,1,1,1,1
2120,2,tri,1,1,1,1,1,1,1,1,1,1,1,1,1,1,1,1
2121,4,iki,1,1,1,1,1,1,1,1,1,1,1,1,1,1,1,1
2122,3,yat,1,1,1,1,1,1,1,1,1,1,1,1,1,1,1,1
2123,3,gar,1,1,1,1,1,1,1,1,1,1,1,1,1,1,1,1
2124,3,ira,1,1,1,1,1,1,1,1,1,1,1,1,1,1,1,1
2125,3,oko,1,1,1,1,1,1,1,1,1,1,1,1,1,1,1,1
2126,3,lah,1,1,1,1,1,1,1,1,1,1,1,1,1,1,1,1
2127,2,kia,1,1,1,1,1,1,1,1,1,1,1,1,1,1,1,1
2128,3,ind,1,1,1,1,1,1,1,1,1,1,1,1,1,1,1,1
2129,3,iah,1,1,1,1,1,1,1,1,1,1,1,1,1,1,1,1
2130,3,uni,1,1,1,1,1,1,1,1,1,1,1,1,1,1,1,1
2131,3,wan,1,1,1,1,1,1,1,1,1,1,1,1,1,1,1,1
2132,3,sta,1,1,1,1,1,1,1,1,1,1,1,1,1,1,1,1
2133,3,nty,1,1,1,1,1,1,1,1,1,1,1,1,1,1,1,1
2134,2,yas,1,1,1,1,1,1,1,1,1,1,1,1,1,1,1,1
2135,2,sih,1,1,1,1,1,1,1,1,1,1,1,1,1,1,1,1
2136,3,bis,1,1,1,1,1,1,1,1,1,1,1,1,1,1,1,1
2137,3,ati,1,1,1,1,1,1,1,1,1,1,1,1,1,1,1,1
2138,3,iis,1,1,1,1,1,1,1,1,1,1,1,1,1,1,1,1
2139,3,ani,1,1,1,1,1,1,1,1,1,1,1,1,1,1,1,1
2140,2,lla,1,1,1,1,1,1,1,1,1,1,1,1,1,1,1,1
2141,2,aqi,0,0,0,0,0,0,0,0,0,0,0,0,0,0,0,0
2142,2,lia,1,1,1,1,1,1,1,1,1,1,1,1,1,1,1,1
2143,3,azi,0,0,0,1,0,0,0,0,0,0,0,0,0,0,0,1
2144,2,ani,0,0,0,1,0,0,1,0,0,1,0,0,1,0,0,1
2145,2,ani,1,1,1,1,1,1,1,1,1,1,1,1,1,1,1,1
2146,3,man,0,0,0,0,0,0,0,0,0,0,0,0,0,0,0,0
2147,5,saw,1,1,1,1,1,1,1,1,1,1,1,1,1,1,1,1
2148,3,ana,0,0,0,0,0,0,0,0,0,0,0,0,0,0,0,0
2149,3,ati,0,0,0,0,0,0,1,0,0,1,0,0,1,0,0,0
2150,2,tra,0,0,0,0,0,0,0,0,0,0,0,0,0,0,0,0
2151,3,kti,0,0,0,0,0,0,0,0,0,0,0,0,0,0,0,0
2152,4,ulo,0,0,0,0,0,0,0,0,0,0,0,0,0,0,0,0
2153,4,atm,0,0,0,0,0,0,0,0,0,0,0,0,0,0,0,0
2154,3,nto,0,0,0,0,0,0,0,0,0,0,0,0,0,0,0,0
2155,3,lih,0,0,0,0,0,0,0,0,0,0,0,0,0,0,0,0
2156,3,ana,0,0,0,0,0,0,0,0,0,0,0,0,0,0,0,0
2157,3,stu,0,0,0,0,0,0,0,0,0,0,0,0,0,0,0,0
2158,3,ika,0,0,0,0,0,0,0,0,0,0,0,0,0,0,0,0
2159,3,ian,1,1,1,1,1,1,1,1,1,1,1,1,1,1,1,1
2160,3,ith,1,1,1,0,1,1,1,1,1,1,1,1,1,1,1,1
2161,3,tha,1,1,1,1,1,1,1,1,1,1,1,1,1,1,1,1
2162,4,zah,1,1,1,1,1,1,1,1,1,1,1,1,1,1,1,1
2163,3,sar,1,1,1,1,1,1,1,1,1,1,1,1,1,1,1,1
2164,5,i k,1,1,1,1,1,1,1,1,1,1,1,1,1,1,1,1
2165,2,ana,0,0,0,0,0,0,0,0,0,0,0,0,0,0,0,0
2166,2,iwi,1,1,1,1,1,1,1,1,1,1,1,1,1,1,1,1
2167,2,wan,0,0,0,0,0,0,0,0,0,0,0,0,0,0,0,0
2168,3,iqi,0,0,0,0,0,0,0,0,0,0,0,0,0,0,0,0
2169,4,eng,1,1,1,1,1,1,1,1,1,1,1,1,1,1,1,1
2170,3,tin,1,1,1,1,1,1,1,1,1,1,1,1,1,1,1,1
2171,2,ari,1,1,1,1,1,1,1,1,1,1,1,1,1,1,1,1
2172,3,ila,1,1,1,1,1,1,1,1,1,1,1,1,1,1,1,1
2173,2,ari,1,1,1,1,1,1,1,1,1,1,1,1,1,1,1,1
2174,3,yah,1,1,1,1,1,1,1,1,1,1,1,1,1,1,1,1
2175,3,iah,1,1,1,1,1,1,1,1,1,1,1,1,1,1,1,1
2176,3,ila,1,1,1,1,1,1,1,1,1,1,1,1,1,1,1,1
2177,3,hra,1,1,1,1,1,1,1,1,1,1,1,1,1,1,1,1
2178,3,ang,1,0,0,0,0,0,0,0,0,0,0,0,0,0,0,0
2179,3,ade,1,1,1,1,1,1,1,1,1,1,1,1,1,1,1,1
2180,4,pra,0,0,0,0,0,0,0,0,0,0,0,0,0,0,0,0
2181,4,usa,0,0,0,0,0,0,0,0,0,0,0,0,0,0,0,0
2182,2,ita,1,1,1,1,1,1,1,1,1,1,1,1,1,1,1,1
2183,3,ani,1,1,1,1,1,1,1,1,1,1,1,1,1,1,1,1
2184,3,hah,1,1,1,1,1,1,1,1,1,1,1,1,1,1,1,1
2185,2,via,1,1,1,1,1,1,1,1,1,1,1,1,1,1,1,1
2186,3,nin,1,1,1,1,1,1,1,1,1,1,1,1,1,1,1,1
2187,3,lik,1,1,1,1,1,1,1,1,1,1,1,1,1,1,1,1
2188,2,lem,1,1,1,1,1,1,1,1,1,1,1,1,1,1,1,1
2189,3,lon,0,0,0,0,0,0,0,0,0,0,0,0,0,0,0,0
2190,2,ani,1,1,1,1,1,1,1,1,1,1,1,1,1,1,1,1
2191,4,hmi,0,0,0,0,0,0,0,0,0,0,0,0,0,0,0,0
2192,3,wan,0,0,0,0,0,0,0,0,0,0,0,0,0,0,0,0
2193,3,nti,1,1,1,1,1,1,1,1,1,1,1,1,1,1,1,1
2194,2,ira,1,1,1,1,1,1,1,1,1,1,1,1,1,1,1,1
2195,3,tia,1,1,1,1,1,1,1,1,1,1,1,1,1,1,1,1
2196,3,ion,1,1,1,1,1,1,1,1,1,1,1,1,1,1,1,1
2197,3,sir,1,1,1,1,1,1,1,1,1,1,1,1,1,1,1,1
2198,3,ina,1,1,1,1,1,1,1,1,1,1,1,1,1,1,1,1
2199,2,far,0,0,0,0,0,0,0,0,0,0,0,0,0,0,0,0
2200,3,lah,0,0,0,0,0,0,0,0,0,0,0,0,0,0,0,0
2201,3,ali,1,1,1,0,1,1,0,1,1,1,1,1,1,1,1,1
2202,2,zmi,0,0,0,0,0,0,0,0,0,0,0,0,0,0,0,0
2203,3,tma,0,0,0,0,0,0,0,0,0,0,0,0,0,0,0,0
2204,2,adi,0,0,0,0,0,0,0,0,0,0,0,0,0,0,0,0
2205,1,ila,1,1,1,1,1,1,1,1,1,1,1,1,1,1,1,1
2206,3,lah,0,0,0,0,0,0,0,0,0,0,0,0,0,0,0,0
2207,3,nov,1,1,1,1,1,1,1,1,1,1,1,1,1,1,1,1
2208,2,ura,1,1,1,1,1,1,1,1,1,1,1,1,1,1,1,1
2209,3,ika,0,0,0,0,0,0,0,0,0,0,0,0,0,0,0,0
2210,3,rls,1,1,1,1,1,1,1,1,1,1,1,1,1,1,1,1
2211,4,dha,1,0,0,0,0,0,0,0,0,0,0,0,0,0,0,0
2212,3,ina,1,1,1,1,1,1,1,1,1,1,1,1,1,1,1,1
2213,3,lah,0,0,0,0,0,0,0,0,0,0,0,0,0,0,0,0
2214,2,him,0,1,0,1,1,0,1,1,0,1,1,0,1,1,0,1
2215,2,ira,1,1,1,1,1,1,1,1,1,1,1,1,1,1,1,1
2216,3,ani,1,1,1,1,1,1,1,1,1,1,1,1,1,1,1,1
2217,3,ano,1,0,0,0,0,0,0,0,0,0,0,0,0,0,0,0
2218,4,tri,1,1,1,1,1,1,1,1,1,1,1,1,1,1,1,1
2219,3,ate,1,1,1,1,1,1,1,1,1,1,1,1,1,1,1,1
2220,4,lly,1,1,1,1,1,1,1,1,1,1,1,1,1,1,1,1
2221,3,mam,0,0,0,0,0,0,0,0,0,0,0,0,0,0,0,0
2222,3,lla,1,1,1,1,1,1,1,1,1,1,1,1,1,1,1,1
2223,2,kti,0,0,1,1,0,1,1,0,1,1,0,1,1,0,1,1
2224,2,ani,1,1,1,1,1,1,1,1,1,1,1,1,1,1,1,1
2225,3,sta,0,0,1,1,0,1,1,0,1,1,0,1,1,0,1,1
2226,2,nan,0,0,0,0,0,0,0,0,0,0,0,0,0,0,0,0
2227,3,rif,0,0,0,0,0,0,0,0,0,0,0,0,0,0,0,0
2228,3,wan,1,1,1,0,1,1,0,1,1,0,1,1,0,1,1,0
2229,4,ano,0,0,0,0,0,0,0,0,0,0,0,0,0,0,0,0
2230,3,owo,0,0,0,0,0,0,0,0,0,0,0,0,0,0,0,0
2231,3,dan,0,0,0,0,0,0,0,0,0,0,0,0,0,0,0,0
2232,2,ama,0,0,0,0,0,0,0,0,0,0,0,0,0,0,0,0
2233,2,sah,0,0,0,0,0,0,0,0,0,0,0,0,0,0,0,0
2234,3,yuk,0,0,0,0,0,0,0,0,0,0,0,0,0,0,0,0
2235,3,dzi,0,0,0,0,0,0,0,0,0,0,0,0,0,0,0,0
2236,2,yah,0,0,0,0,0,0,0,0,0,0,0,0,0,0,0,0
2237,3,wan,0,0,0,1,0,0,1,0,0,1,0,0,0,0,0,0
2238,2,iar,0,0,0,0,0,0,0,0,0,0,0,0,0,0,0,0
2239,4,ita,1,1,1,1,1,1,1,1,1,1,1,1,1,1,1,1
2240,3,tyo,0,0,0,0,0,0,0,0,0,0,0,0,0,0,0,0
2241,3,ang,0,0,0,0,0,0,0,0,0,0,0,0,0,0,0,0
2242,3,yfa,0,0,0,0,0,0,0,0,0,0,0,0,0,0,0,0
2243,3,wan,1,1,1,1,1,1,1,1,1,1,1,1,1,1,1,0
2244,3,aya,0,0,0,0,0,0,0,0,0,0,0,0,0,0,0,0
2245,3,ero,0,0,0,0,0,0,0,0,0,0,0,0,0,0,0,0
2246,3,nda,1,1,1,1,1,1,1,1,1,1,1,1,1,1,1,1
2247,2,ana,0,0,0,0,0,0,0,0,0,0,0,0,0,0,0,0
2248,3,ari,1,1,1,1,1,1,1,1,1,1,1,1,1,1,1,1
2249,4,nne,1,1,1,1,1,1,1,1,1,1,1,1,1,1,1,1
2250,3,ala,1,1,1,1,1,1,1,1,1,1,1,1,1,1,1,1
2251,3,ani,0,0,0,0,0,0,0,0,0,0,0,0,0,0,0,0
2252,2,rwo,1,0,0,0,0,0,0,0,0,0,0,0,0,0,0,0
2253,3,hap,0,0,0,0,0,0,0,0,0,0,0,0,0,0,0,0
2254,2,ana,0,0,0,0,0,0,0,0,0,0,0,0,0,0,0,0
2255,2,kar,0,0,0,0,0,0,0,0,0,0,0,0,0,0,0,0
2256,3,aha,0,0,0,0,0,0,0,0,0,0,0,0,0,0,0,0
2257,3,isa,1,1,1,1,1,1,1,1,1,1,1,1,1,1,1,1
2258,3,tra,0,0,0,0,0,0,0,0,0,0,0,0,0,0,0,0
2259,1,nti,1,1,1,1,1,1,1,1,1,1,1,1,1,1,1,1
2260,3,ono,0,0,0,0,0,0,0,0,0,0,0,0,0,0,0,0
2261,1,nto,0,0,0,0,0,0,0,0,0,0,0,0,0,0,0,0
2262,3,ama,0,0,0,0,0,0,0,0,0,0,0,0,0,0,0,0
2263,2,ino,0,0,0,0,0,0,0,0,0,0,0,0,0,0,0,0
2264,3,ifa,1,1,1,1,1,1,1,1,1,1,1,1,1,1,1,1
2265,3,dan,0,0,0,0,0,0,0,0,0,0,0,0,0,0,0,0
2266,3,ama,0,0,0,0,0,0,0,0,0,0,0,0,0,0,0,0
2267,3,nto,0,0,0,0,0,0,0,0,0,0,0,0,0,0,0,0
2268,4,hyo,0,0,0,0,0,0,0,0,0,0,0,0,0,0,0,0
2269,3,him,0,0,0,0,0,0,0,0,0,0,0,0,0,0,0,0
2270,2,oho,0,0,0,0,0,0,0,0,0,0,0,0,0,0,0,0
2271,3,nto,0,0,0,0,0,0,0,0,0,0,0,0,0,0,0,0
2272,2,suf,0,0,0,0,0,0,0,0,0,0,0,0,0,0,0,0
2273,3,ari,0,0,0,0,0,0,0,0,0,0,0,0,0,0,0,1
2274,3,yan,0,0,0,0,0,0,0,0,0,0,0,0,0,0,0,0
2275,3,ola,1,1,1,1,1,1,1,1,1,1,1,1,1,1,1,1
2276,3,loh,0,0,0,1,0,0,1,0,0,1,0,0,1,0,0,1
2277,3,ama,0,0,0,0,0,0,0,0,0,0,0,0,0,0,0,0
2278,3,wan,0,0,0,0,0,0,0,0,0,0,0,0,0,0,0,0
2279,3,oho,1,0,0,0,0,0,0,0,0,0,0,0,0,0,0,0
2280,3,fat,0,0,0,0,0,0,0,0,0,0,0,0,0,0,0,0
2281,2,yah,0,0,0,0,0,0,0,0,0,0,0,0,0,0,0,0
2282,2,man,0,0,0,0,0,0,0,0,0,0,0,0,0,0,0,0
2283,3,tra,0,0,0,0,0,0,0,0,0,0,0,0,0,0,0,0
2284,3,zky,0,0,0,0,0,0,1,0,0,1,0,0,1,0,0,1
2285,3,nah,1,1,1,1,1,1,1,1,1,1,1,1,1,1,1,1
2286,3,nto,0,0,0,0,0,0,0,0,0,0,0,0,0,0,0,0
2287,3,ama,0,0,0,0,0,0,0,0,0,0,0,0,0,0,0,0
2288,2,nto,0,0,0,0,0,0,0,0,0,0,0,0,0,0,0,0
2289,3,ria,0,0,0,0,0,0,0,0,0,0,0,0,0,0,0,0
2290,3,lla,0,0,0,0,0,0,0,0,0,1,0,0,1,0,0,1
2291,3,aus,0,0,0,0,0,0,0,0,0,0,0,0,0,0,0,0
2292,3,tna,0,0,0,0,0,0,0,0,0,0,0,0,0,0,0,0
2293,2,nto,0,0,0,0,0,0,0,0,0,0,0,0,0,0,0,0
2294,3,ama,0,0,0,0,0,0,0,0,0,0,0,0,0,0,0,0
2295,3,tra,0,0,0,0,0,0,0,0,0,0,0,0,0,0,0,0
2296,4,ana,0,0,0,0,0,0,0,0,0,0,0,0,0,0,0,0
2297,3,nga,1,1,1,1,1,1,1,1,1,1,1,1,1,1,1,1
2298,2,iah,1,1,1,1,1,1,1,1,1,1,1,1,1,1,1,1
2299,4,mil,0,0,0,0,0,0,0,0,0,0,0,0,0,0,0,0
2300,3,yah,0,0,0,0,0,0,0,0,0,0,0,0,0,0,0,0
2301,2,zky,0,0,0,0,0,0,0,0,0,0,0,0,0,0,0,0
2302,3,lia,0,0,0,1,0,0,1,0,0,1,0,0,1,0,0,1
2303,3,kam,0,0,0,0,0,0,0,0,0,0,0,0,0,0,0,0
2304,3,rio,0,0,0,0,0,0,0,0,0,0,0,0,0,0,0,0
2305,3,aan,0,0,0,0,0,0,0,0,0,0,0,0,0,0,0,0
2306,3,ama,0,0,0,0,0,0,0,0,0,0,0,0,0,0,0,0
2307,2,ana,0,0,0,0,0,0,0,0,0,0,0,0,0,0,0,0
2308,2,ama,0,0,0,0,0,0,0,0,0,0,0,0,0,0,0,0
2309,3,lah,0,0,0,0,0,0,0,0,0,0,0,0,0,0,0,0
2310,3,eni,0,0,0,0,0,0,0,0,0,0,0,0,0,0,0,0
2311,3,nto,0,0,0,0,0,0,0,0,0,0,0,0,0,0,0,0
2312,2,tra,0,0,0,0,0,0,0,0,0,0,0,0,0,0,0,0
2313,3,adi,0,0,0,0,0,0,0,0,0,0,0,0,0,0,0,0
2314,3,tya,0,0,0,0,0,0,0,0,0,0,0,0,0,0,0,0
2315,2,yah,0,0,0,0,0,0,0,0,0,0,0,0,0,0,0,0
2316,3,ian,0,0,0,0,0,0,0,0,0,0,0,0,0,0,0,0
2317,3,wan,0,0,0,0,0,0,0,0,0,0,0,0,0,0,0,0
2318,2,lya,1,1,0,0,1,0,0,1,0,0,1,0,0,1,0,0
2319,5,ams,0,0,0,0,0,0,0,0,0,0,0,0,0,0,0,0
2320,2,ana,0,0,0,0,0,0,0,0,0,0,0,0,0,0,0,0
2321,2,oga,0,0,0,0,0,0,0,0,0,0,0,0,0,0,0,0
2322,4,tor,0,0,0,0,0,0,0,0,0,0,0,0,0,0,0,0
2323,3,ani,1,1,1,1,1,1,1,1,1,1,1,1,1,1,1,1
2324,2,uzi,0,0,0,0,0,0,0,0,0,0,0,0,0,0,0,0
2325,4,apu,0,0,0,0,0,0,0,0,0,0,0,0,0,0,0,0
2326,2,nto,0,0,0,0,0,0,0,0,0,0,0,0,0,0,0,0
2327,3,wan,0,0,0,0,0,0,0,0,0,0,0,0,0,0,0,0
2328,3,yah,0,0,0,0,0,0,0,0,0,0,0,0,0,0,0,0
2329,3,tro,0,0,0,0,0,0,0,0,0,0,0,0,0,0,0,0
2330,2,zan,0,0,0,0,0,0,0,0,0,0,0,0,0,0,0,0
2331,3,dry,0,0,0,0,0,0,0,0,0,0,0,0,0,0,0,0
2332,2,odo,0,0,0,0,0,0,0,0,0,0,0,0,0,0,0,0
2333,3,dhi,0,0,0,0,0,0,0,0,0,0,0,0,0,0,0,0
2334,3,ana,0,0,0,0,0,0,0,0,0,0,0,0,0,0,0,0
2335,2,tra,0,0,0,0,0,0,0,0,0,0,0,0,0,0,0,0
2336,2,aji,0,0,0,0,0,0,0,0,0,0,0,0,0,0,0,0
2337,2,ana,1,1,1,1,1,1,1,1,1,0,1,1,1,1,1,1
2338,3,yas,0,1,1,1,1,1,1,1,1,1,1,1,1,1,1,1
2339,3,kha,1,1,1,1,1,1,1,1,1,1,1,1,1,1,1,1
2340,2,tra,0,0,0,0,0,0,0,0,0,0,0,0,0,0,0,0
2341,3,ana,1,1,1,1,1,1,1,1,1,1,1,1,1,1,1,1
2342,3,oro,0,0,0,0,0,0,0,0,0,0,0,0,0,0,0,0
2343,3,iar,0,0,0,0,0,0,0,0,0,0,0,0,0,0,0,0
2344,3,ril,1,1,1,1,1,1,1,1,1,1,1,1,1,1,1,1
2345,1,iko,0,0,0,0,0,0,0,0,0,0,0,0,0,0,0,0
2346,4,ara,0,0,0,0,0,0,0,0,0,0,0,0,0,0,0,0
2347,2,yah,0,0,0,0,0,0,0,0,0,0,0,0,0,0,0,0
2348,3,iya,0,0,1,1,0,1,0,0,1,0,0,1,0,0,1,1
2349,3,oga,1,1,1,1,1,1,1,1,1,1,1,1,1,1,1,1
2350,3,ono,1,1,1,0,1,1,0,1,1,0,1,1,0,1,1,0
2351,3,ika,1,1,1,1,1,1,1,1,1,1,1,1,1,1,1,1
2352,5,put,1,1,1,1,1,1,1,1,1,1,1,1,1,1,1,1
2353,3,oir,1,1,1,1,1,1,1,1,1,1,1,1,1,1,1,1
2354,3,tri,1,1,1,1,1,1,1,1,1,1,1,1,1,1,1,1
2355,2,lia,1,1,1,1,1,1,1,1,1,1,1,1,1,1,1,1
2356,3,adi,1,1,1,1,1,1,1,1,1,1,1,1,1,1,1,1
2357,1,nka,1,1,1,1,1,1,1,1,1,1,1,1,1,1,1,1
2358,3,ofa,0,0,0,0,0,0,0,0,0,0,0,0,0,0,0,1
2359,2,ayu,0,0,0,0,0,0,0,0,0,0,0,0,0,0,0,0
2360,5,nto,0,0,0,0,0,0,0,0,0,0,0,0,0,0,0,0
2361,2,san,0,0,0,0,0,0,0,0,0,0,0,0,0,0,0,0
2362,4,faz,0,0,0,0,0,0,0,0,0,0,0,0,0,0,0,0
2363,3,ezy,0,0,0,0,0,0,0,0,0,0,0,0,0,0,0,0
2364,3,jma,0,0,0,0,0,0,0,0,0,0,0,0,0,0,0,0
2365,3,fky,0,0,0,0,0,0,0,0,0,0,0,0,0,0,0,0
2366,2,ffi,0,0,0,0,0,0,0,0,0,0,0,0,0,0,0,0
2367,4,ara,0,0,0,0,0,0,0,0,0,0,0,0,0,0,0,0
2368,2,dan,0,0,0,0,0,0,0,0,0,0,0,0,0,0,0,0
2369,2,tri,1,1,1,1,1,1,1,1,1,1,1,1,1,1,1,1
2370,4,kti,0,0,0,0,0,0,0,0,0,0,0,0,0,0,0,0
2371,2,lia,1,1,1,1,1,1,1,1,1,1,1,1,1,1,1,1
2372,4,ing,1,1,1,1,1,1,1,1,1,1,1,1,1,1,1,1
2373,2,ati,1,1,1,1,1,1,1,1,1,1,1,1,1,1,1,1
2374,2,lia,1,1,1,1,1,1,1,1,1,1,1,1,1,1,1,1
2375,3,tri,1,1,1,1,1,1,1,1,1,1,1,1,1,1,1,1
2376,3,yan,0,0,0,0,0,0,0,0,0,0,0,0,0,0,0,0
2377,4,ono,0,0,0,0,0,0,0,0,0,0,0,0,0,0,0,0
2378,2,tri,1,1,1,1,1,1,1,1,1,1,1,1,1,1,1,1
2379,2,ska,1,1,1,1,1,1,1,1,1,1,1,1,1,1,1,1
2380,2,eno,0,0,0,0,0,0,0,0,0,0,0,0,0,0,0,0
2381,3,eza,0,0,0,0,0,0,0,0,0,0,0,0,0,0,0,0
2382,3,ang,0,0,0,1,0,0,1,0,0,1,0,0,1,0,0,1
2383,4,anu,0,0,0,0,0,0,0,0,0,0,0,0,0,0,0,0
2384,2,tra,0,0,0,0,0,0,0,0,0,0,0,0,0,0,0,0
2385,3,tra,0,0,0,0,0,0,0,0,0,0,0,0,0,0,0,0
2386,3,wan,0,0,0,0,0,0,0,0,0,0,0,0,0,0,0,0
2387,4,ian,0,0,0,0,0,0,0,0,0,0,0,0,0,0,0,0
2388,3,uma,0,0,0,0,0,0,0,0,0,0,0,0,0,0,0,0
2389,3,ogo,0,0,0,0,0,0,0,0,0,0,0,0,0,0,0,0
2390,3,faa,1,1,1,1,1,1,1,1,1,1,1,1,1,1,1,1
2391,3,han,0,0,0,0,0,0,0,0,0,0,0,0,0,0,0,0
2392,2,ama,0,0,0,0,0,0,0,0,0,0,0,0,0,0,0,0
2393,3,gsa,0,0,0,0,0,0,0,0,0,0,0,0,0,0,0,0
2394,2,man,0,0,0,0,0,0,0,0,0,0,0,0,0,0,0,0
2395,2,syi,0,0,0,0,0,0,0,0,0,0,0,0,0,0,0,0
2396,3,aki,0,0,0,0,0,0,0,0,0,0,0,0,0,0,0,0
2397,3,aqi,0,0,0,0,0,0,0,0,0,0,0,0,0,0,0,0
2398,3,han,0,0,0,0,0,0,0,0,0,0,0,0,0,0,0,0
2399,2,yad,0,0,0,0,0,0,0,0,0,0,0,0,0,0,0,0
2400,4,tra,0,0,0,0,0,0,0,0,0,0,0,0,0,0,0,0
2401,3,rio,0,0,0,0,0,0,0,0,0,0,0,0,0,0,0,0
2402,3,bas,0,0,0,0,0,0,0,0,0,0,0,0,0,0,0,0
2403,3,kir,1,0,1,0,0,1,0,0,1,1,0,1,1,0,1,1
2404,2,ana,0,0,0,0,0,0,0,0,0,0,0,0,0,0,0,0
2405,3,omo,0,0,0,0,0,0,0,0,0,0,0,0,0,0,0,0
2406,3,uan,0,0,0,0,0,0,0,0,0,0,0,0,0,0,0,0
2407,3,ahi,1,1,1,1,1,1,1,1,1,1,1,1,1,1,1,1
2408,3,ski,1,1,1,1,1,1,1,1,1,1,1,1,1,1,1,1
2409,3,aja,1,1,1,1,1,1,1,1,1,1,1,1,1,1,1,1
2410,3,oya,0,0,0,0,0,0,0,0,0,0,0,0,0,0,0,0
2411,4,bua,1,1,1,1,1,1,1,1,1,1,1,1,1,1,1,1
2412,3,tra,0,0,0,0,0,0,0,0,0,0,0,0,0,0,0,0
2413,3,nik,0,0,0,0,0,0,0,0,0,0,0,0,0,0,0,0
2414,3,lah,0,1,1,1,1,1,1,1,1,1,1,1,1,1,1,1
2415,2,ina,1,1,1,1,1,1,1,1,1,1,1,1,1,1,1,1
2416,3,man,0,0,0,0,0,0,0,0,0,0,0,0,0,0,0,0
2417,3,ani,0,0,0,1,0,0,1,0,0,1,0,0,1,0,0,1
2418,3,ndi,1,1,1,1,1,1,1,1,1,1,1,1,1,1,1,1
2419,3,tri,1,1,1,1,1,1,1,1,1,1,1,1,1,1,1,1
2420,5,soe,1,0,0,0,0,0,0,0,0,0,0,0,0,0,0,0
2421,3,ani,0,0,0,0,0,0,0,0,0,0,0,0,0,0,0,0
2422,3,tya,0,0,0,0,0,0,0,0,0,0,0,0,0,0,0,0
2423,4,ath,0,0,0,0,0,0,0,0,0,0,0,0,0,0,0,0
2424,2,ani,0,0,0,0,0,0,0,0,0,0,0,0,0,0,0,0
2425,3,san,0,0,0,0,0,0,0,0,0,0,0,0,0,0,0,0
2426,3,dra,0,0,0,0,0,0,0,0,0,0,0,0,0,0,0,0
2427,2,ila,1,1,1,1,1,1,1,1,1,1,1,1,1,1,1,1
2428,3,ama,1,0,0,0,0,0,0,0,0,0,0,0,0,0,0,0
2429,3,yat,0,0,0,0,0,0,0,0,0,0,0,0,0,0,0,0
2430,3,man,0,0,0,0,0,0,0,0,0,0,0,0,0,0,0,0
2431,2,fal,0,0,0,0,0,0,0,0,0,0,0,0,0,0,0,0
2432,2,sha,0,0,0,0,0,0,0,0,0,0,0,0,0,0,0,0
2433,3,aya,1,1,1,1,1,1,1,1,1,1,1,1,1,1,1,1
2434,3,nto,0,0,0,0,0,0,0,0,0,0,0,0,0,0,0,0
2435,3,tar,1,1,1,1,1,1,1,1,1,1,1,1,1,1,1,1
2436,3,oro,1,1,0,0,1,0,0,1,0,0,1,0,0,1,0,0
2437,3,sya,1,0,0,0,0,0,0,0,0,0,0,0,0,0,0,0
2438,3,ana,1,1,1,1,1,1,1,1,1,1,1,1,1,1,1,1
2439,4,tra,0,0,0,0,0,0,0,0,0,0,0,0,0,0,0,0
2440,3,ada,1,1,1,0,1,1,0,1,1,0,1,1,0,1,1,0
2441,2,nto,0,0,0,0,0,0,0,0,0,0,0,0,0,0,0,0
2442,3,ani,1,1,1,1,1,1,1,1,1,1,1,1,1,1,1,1
2443,2,zza,1,0,0,1,0,0,1,0,0,1,0,0,0,0,0,1
2444,3,han,0,0,0,0,0,0,0,0,0,0,0,0,0,0,0,0
2445,2,zan,0,0,0,0,0,0,0,0,0,0,0,0,0,0,0,0
2446,4,ero,1,1,1,0,1,1,0,1,1,0,1,1,0,1,1,0
2447,4,rba,1,0,0,1,0,0,1,0,0,1,0,0,0,0,0,1
2448,3,nja,1,1,1,1,1,1,1,1,1,1,1,1,1,1,1,1
2449,3,air,0,0,0,0,0,0,0,0,0,0,0,0,0,0,0,0
2450,2,ati,1,1,1,1,1,1,1,1,1,1,1,1,1,1,1,1
2451,3,ami,1,1,1,1,1,1,1,1,1,1,1,1,1,1,1,1
2452,2,evi,1,1,1,1,1,1,1,1,1,1,1,1,1,1,1,1
2453,3,wan,1,1,1,1,1,1,1,1,1,1,1,1,1,1,1,1
2454,3,tri,1,1,1,1,1,1,1,1,1,1,1,1,1,1,1,1
2455,2,ari,1,1,1,1,1,1,1,1,1,1,1,1,1,1,1,1
2456,2,ani,1,1,1,1,1,1,1,1,1,1,1,1,1,1,1,1
2457,3,ana,0,0,0,0,0,0,0,0,0,0,0,0,0,0,0,0
2458,3,ari,1,1,1,1,1,1,1,1,1,1,1,1,1,1,1,1
2459,3,ewi,1,1,1,1,1,1,1,1,1,1,1,1,1,1,1,1
2460,3,ira,1,1,1,1,1,1,1,1,1,1,1,1,1,1,1,1
2461,3,ani,1,1,1,1,1,1,1,1,1,1,1,1,1,1,1,1
2462,3,dra,0,0,0,0,0,0,0,0,0,0,0,0,0,0,0,0
2463,3,aya,0,0,0,1,0,0,1,0,0,1,0,0,1,0,0,1
2464,3,ama,0,0,0,0,0,0,0,0,0,0,0,0,0,0,0,0
2465,3,dra,0,0,0,0,0,0,0,0,0,0,0,0,0,0,0,0
2466,3,ira,1,1,1,1,1,1,1,1,1,1,1,1,1,1,1,1
2467,2,ozi,0,0,0,0,0,0,0,0,0,0,0,0,0,0,0,0
2468,3,tra,0,0,0,0,0,0,0,0,0,0,0,0,0,0,0,0
2469,2,ndi,0,0,0,0,0,0,0,0,0,0,0,0,0,0,0,0
2470,3,ion,0,0,0,0,0,0,0,0,0,0,0,0,0,0,0,0
2471,3,anu,0,0,0,0,0,0,0,0,0,0,0,0,0,0,0,0
2472,3,gga,0,0,0,0,0,0,0,0,0,0,0,0,0,0,0,0
2473,2,ira,0,0,0,0,0,0,0,0,0,0,0,0,0,0,0,0
2474,3,ama,0,0,0,0,0,0,0,0,0,0,0,0,0,0,0,0
2475,3,kty,0,0,0,0,0,0,0,0,0,0,0,0,0,0,0,0
2476,3,nto,0,0,0,0,0,0,0,0,0,0,0,0,0,0,0,0
2477,4,osa,0,0,0,0,0,0,0,0,0,0,0,0,0,0,0,0
2478,4,hya,0,0,0,0,0,0,0,0,0,0,0,0,0,0,0,0
2479,3,tia,0,0,0,1,0,0,1,0,0,1,0,0,1,0,0,1
2480,3,wan,0,0,0,0,0,0,0,0,0,0,0,0,0,0,0,0
2481,3,taz,0,0,0,0,0,0,0,0,0,0,0,0,0,0,0,0
2482,3,aja,0,0,0,0,0,0,0,0,0,0,0,0,0,0,0,0
2483,2,tra,0,0,0,0,0,0,0,0,0,0,0,0,0,0,0,0
2484,3,oho,0,0,0,0,0,0,0,0,0,0,0,0,0,0,0,0
2485,2,ang,0,0,0,0,0,0,0,0,0,0,0,0,0,0,0,0
2486,3,ana,0,0,0,0,0,0,0,0,0,0,0,0,0,0,0,0
2487,2,din,0,0,0,0,0,0,0,0,0,0,0,0,0,0,0,0
2488,2,ewa,0,0,0,0,0,0,0,0,0,0,0,0,0,0,0,0
2489,4,ama,0,0,0,0,0,0,0,0,0,0,0,0,0,0,0,0
2490,2,tma,0,0,0,0,0,0,0,0,0,0,0,0,0,0,0,0
2491,3,sih,0,0,0,0,0,0,0,0,0,0,0,0,0,0,0,0
2492,3,tan,0,0,0,0,0,0,0,0,0,0,0,0,0,0,0,0
2493,3,ana,0,0,0,0,0,0,0,0,0,0,0,0,0,0,0,0
2494,3,oni,0,0,0,0,0,0,0,0,0,0,0,0,0,0,0,0
2495,3,ana,0,0,0,0,0,0,0,0,0,0,0,0,0,0,0,0
2496,3,nta,0,0,0,0,0,0,0,0,0,0,0,0,0,0,0,0
2497,3,ara,0,0,0,0,0,0,0,0,0,0,0,0,0,0,0,0
2498,3,aru,0,0,0,0,0,0,0,0,0,0,0,0,0,0,0,0
2499,4,man,0,0,0,0,0,0,0,0,0,0,0,0,0,0,0,0
2500,3,zki,0,0,0,0,0,0,0,0,0,0,0,0,0,0,0,0
2501,2,tya,0,0,0,0,0,0,0,0,0,0,0,0,0,0,0,0
2502,4,omo,0,0,0,0,0,0,0,0,0,0,0,0,0,0,0,0
2503,3,ipa,0,0,0,0,0,0,0,0,0,0,0,0,0,0,0,0
2504,2,sah,0,0,0,0,0,0,0,0,0,0,0,0,0,0,0,0
2505,2,ata,0,0,0,0,0,0,0,0,0,0,0,0,0,0,0,0
2506,2,kha,0,0,0,0,0,0,0,0,0,0,0,0,0,0,0,0
2507,3,oho,0,0,0,0,0,0,0,0,0,0,0,0,0,0,0,0
2508,4,nar,0,1,1,1,1,1,1,1,1,1,1,1,1,1,1,1
2509,1,dan,0,0,0,0,0,0,0,0,0,0,0,0,0,0,0,0
2510,3,ani,1,1,1,1,1,1,1,1,1,1,1,1,1,1,1,1
2511,3,nto,0,0,0,0,0,0,0,0,0,0,0,0,0,0,0,0
2512,2,afa,0,0,0,0,0,0,0,0,0,0,0,0,0,0,0,0
2513,2,kia,0,0,0,0,0,0,0,0,0,0,0,0,0,0,0,0
2514,3,ari,1,1,1,1,1,1,1,1,1,1,1,1,1,1,1,1
2515,3,nof,0,0,0,0,0,0,0,0,0,0,0,0,0,0,0,0
2516,4,put,0,0,0,0,0,0,0,0,0,0,0,0,0,0,0,0
2517,3,ani,0,0,0,1,0,0,1,0,0,1,0,0,1,0,0,1
2518,3,diq,0,0,0,0,0,0,0,0,0,0,0,0,0,0,0,0
2519,3,any,0,0,0,0,0,0,0,0,0,0,0,0,0,0,0,0
2520,3,nto,0,0,0,0,0,0,0,0,0,0,0,0,0,0,0,0
2521,3,oro,0,0,0,0,0,0,0,0,0,0,0,0,0,0,0,0
2522,3,iko,0,0,0,0,0,0,0,0,0,0,0,0,0,0,0,0
2523,3,kir,0,0,0,0,0,0,0,0,0,0,0,0,0,0,0,0
2524,2,ata,0,0,0,0,0,0,0,0,0,0,0,0,0,0,0,0
2525,2,dra,0,0,0,0,0,0,0,0,0,0,0,0,0,0,0,0
2526,2,ufa,0,0,0,0,0,0,0,0,0,0,0,0,0,0,0,0
2527,2,rta,0,0,0,0,0,0,0,0,0,0,0,0,0,0,0,0
2528,4,ari,0,0,0,0,0,0,0,0,0,0,0,0,0,0,0,0
2529,3,yah,0,0,0,0,0,0,0,0,0,0,0,0,0,0,0,0
2530,3,dra,0,0,0,0,0,0,0,0,0,0,0,0,0,0,0,0
2531,4,yas,1,1,1,1,1,1,1,1,1,1,1,1,1,1,1,1
2532,2,lbi,0,0,0,0,0,0,0,0,0,0,0,0,0,0,0,0
2533,2,ura,1,1,1,1,1,1,1,1,1,1,1,1,1,1,1,1
2534,3,dha,0,0,0,0,0,0,0,0,0,0,0,0,0,0,0,0
2535,2,lia,1,1,1,1,1,1,1,1,1,1,1,1,1,1,1,1
2536,3,lia,1,1,1,1,1,1,1,1,1,1,1,1,1,1,1,1
2537,4,lia,1,1,1,1,1,1,1,1,1,1,1,1,1,1,1,1
2538,2,hra,1,1,1,1,1,1,1,1,1,1,1,1,1,1,1,1
2539,3,lan,1,1,1,1,1,1,1,1,1,1,1,1,1,1,1,0
2540,3,ila,1,1,1,1,1,1,1,1,1,1,1,1,1,1,1,1
2541,2,isa,1,1,1,1,1,1,1,1,1,1,1,1,1,1,1,1
2542,3,rah,1,1,1,1,1,1,1,1,1,1,1,1,1,1,1,1
2543,4,uan,1,1,1,1,1,1,1,1,1,1,1,1,1,1,1,1
2544,3,ang,1,0,1,1,0,1,1,0,1,1,0,1,1,0,1,1
2545,2,fta,0,0,1,1,0,1,1,0,1,1,0,1,1,0,1,1
2546,3,ina,1,1,1,1,1,1,1,1,1,1,1,1,1,1,1,1
2547,2,ani,1,0,1,1,0,1,1,0,1,1,0,1,1,0,1,1
2548,2,ila,1,1,1,1,1,1,1,1,1,1,1,1,1,1,1,1
2549,3,hif,0,0,0,0,0,0,0,0,0,0,0,0,0,0,0,0
2550,2,yah,1,1,1,1,1,1,1,1,1,1,1,1,1,1,1,1
2551,2,lla,1,1,1,1,1,1,1,1,1,1,1,1,1,1,1,1
2552,3,iya,1,1,1,1,1,1,1,1,1,1,1,1,1,1,1,1
2553,2,nah,1,1,1,1,1,1,1,1,1,1,1,1,1,1,1,1
2554,2,ifa,1,1,1,1,1,1,1,1,1,1,1,1,1,1,1,1
2555,1,emi,1,1,1,0,1,1,0,1,1,0,1,1,0,1,1,0
2556,2,yah,0,0,0,0,0,0,0,0,0,0,0,0,0,0,0,0
2557,3,syi,1,1,1,1,1,1,1,1,1,0,1,1,1,1,1,1
2558,2,ari,1,1,1,1,1,1,1,1,1,1,1,1,1,1,1,1
2559,3,iah,1,1,1,1,1,1,1,1,1,1,1,1,1,1,1,1
2560,2,nti,1,1,1,1,1,1,1,1,1,1,1,1,1,1,1,1
2561,1,rip,1,0,0,0,0,0,0,0,0,0,0,0,0,0,0,0
2562,2,ani,1,1,1,1,1,1,1,1,1,1,1,1,1,1,1,1
2563,3,ali,0,0,0,0,0,0,0,0,0,0,0,0,0,0,0,0
2564,2,ita,1,1,1,1,1,1,1,1,1,1,1,1,1,1,1,1
2565,3,sty,1,1,1,1,1,1,1,1,1,1,1,1,1,1,1,1
2566,4,adi,1,1,1,1,1,1,1,1,1,1,1,1,1,1,1,1
2567,4,gio,1,1,1,1,1,1,1,1,1,1,1,1,1,1,1,1
2568,3,tri,1,1,1,1,1,1,1,1,1,1,1,1,1,1,1,1
2569,2,nta,1,1,1,1,1,1,1,1,1,1,1,1,1,1,1,1
2570,3,sal,1,1,1,1,1,1,1,1,1,1,1,1,1,1,1,1
2571,3,tri,1,1,1,1,1,1,1,1,1,1,1,1,1,1,1,1
2572,3,alu,1,1,1,1,1,1,1,1,1,1,1,1,1,1,1,1
2573,3,ang,1,1,1,0,1,1,0,1,1,0,1,1,0,1,1,0
2574,2,lah,1,1,1,1,1,1,1,1,1,1,1,1,1,1,1,1
2575,3,lia,1,1,1,1,1,1,1,1,1,1,1,1,1,1,1,1
2576,2,ana,1,1,1,1,1,1,1,1,1,1,1,1,1,1,1,1
2577,3,han,0,0,0,0,0,0,0,0,0,0,0,0,0,0,0,0
2578,2,man,0,0,0,0,0,0,0,0,0,0,0,0,0,0,0,0
2579,2,adi,0,0,0,0,0,0,0,0,0,0,0,0,0,0,0,0
2580,3,ani,0,0,0,1,0,0,1,0,0,1,0,0,1,0,0,0
2581,3,tya,1,1,1,1,1,1,1,1,1,1,1,1,1,1,1,1
2582,2,qis,1,1,1,1,1,1,1,1,1,1,1,1,1,1,1,1
2583,3,ati,1,1,1,1,1,1,1,1,1,1,1,1,1,1,1,1
2584,3,tri,1,1,1,1,1,1,1,1,1,1,1,1,1,1,1,1
2585,2,isa,1,1,1,1,1,1,1,1,1,1,1,1,1,1,1,1
2586,3,lia,1,1,1,1,1,1,1,1,1,1,1,1,1,1,1,1
2587,3,nta,1,1,1,1,1,1,1,1,1,1,1,1,1,1,1,1
2588,4,ail,1,1,1,1,1,1,1,1,1,1,1,1,1,1,1,1
2589,4,b r,0,0,0,0,0,0,0,0,0,0,0,0,0,0,0,0
2590,3,thi,1,1,1,1,1,1,1,1,1,1,1,1,1,1,1,1
2591,2,ani,0,1,1,1,1,1,1,1,1,1,1,1,1,1,1,1
2592,3,iah,1,1,1,1,1,1,1,1,1,1,1,1,1,1,1,1
2593,4,mon,1,1,1,1,1,1,1,1,1,1,1,1,1,1,1,1
2594,3,san,0,0,0,0,0,0,0,0,0,0,0,0,0,0,0,0
2595,3,ani,1,1,1,1,1,1,1,1,1,1,1,1,1,1,1,1
2596,3,tah,1,1,1,1,1,1,1,1,1,1,1,1,1,1,1,1
2597,4,and,1,1,1,1,1,1,1,1,1,1,1,1,1,1,1,1
2598,3,ust,0,0,0,0,0,0,0,0,0,0,0,0,1,0,0,1
2599,3,han,0,0,0,0,0,0,0,0,0,0,0,0,0,0,0,0
2600,3,dan,0,0,0,0,0,0,0,0,0,0,0,0,0,0,0,0
2601,2,tra,0,0,0,0,0,0,0,0,0,0,0,0,0,0,0,0
2602,3,dra,0,0,0,0,0,0,0,0,0,0,0,0,0,0,0,0
2603,3,riq,0,0,0,0,0,0,0,0,0,0,0,0,0,0,0,0
2604,4,rya,0,0,0,1,0,0,0,0,0,1,0,0,1,0,0,0
2605,3,ama,0,0,0,0,0,0,0,0,0,0,0,0,0,0,0,0
2606,3,dib,0,0,0,0,0,0,0,0,0,0,0,0,0,0,0,0
2607,3,ari,0,0,0,1,0,0,0,0,0,1,0,0,1,0,0,1
2608,2,fiq,0,0,0,0,0,0,0,0,0,0,0,0,0,0,0,0
2609,4,ilu,0,0,0,0,0,0,0,0,0,0,0,0,0,0,0,0
2610,4,tra,0,0,0,0,0,0,0,0,0,0,0,0,0,0,0,0
2611,2,ani,0,0,0,1,0,0,1,0,0,1,0,0,1,0,0,1
2612,3,ana,0,0,0,0,0,0,0,0,0,0,0,0,0,0,0,0
2613,4,oyo,0,0,0,0,0,0,0,0,0,0,0,0,0,0,0,0
2614,3,rno,0,0,0,0,0,0,0,0,0,0,0,0,0,0,0,0
2615,3,lbi,0,0,0,0,0,0,0,0,0,0,0,0,0,0,0,0
2616,4,nto,0,0,0,0,0,0,0,0,0,0,0,0,0,0,0,0
2617,4,ari,1,1,1,0,1,1,0,1,1,0,1,1,1,1,1,0
2618,3,ina,1,1,1,1,1,1,1,1,1,1,1,1,1,1,1,1
2619,4,ani,1,1,1,1,1,1,1,1,1,1,1,1,1,1,1,1
2620,3,yna,1,1,1,1,1,1,1,1,1,1,1,1,1,1,1,1
2621,3,ewi,1,1,1,1,1,1,1,1,1,1,1,1,1,1,1,1
2622,3,nty,1,1,1,1,1,1,1,1,1,1,1,1,1,1,1,1
2623,3,sta,1,1,1,1,1,1,0,1,1,1,1,1,1,1,1,1
2624,3,tya,1,1,1,1,1,1,1,1,1,1,1,1,1,1,1,1
2625,3,fah,1,1,1,1,1,1,1,1,1,1,1,1,1,1,1,1
2626,2,fah,1,1,1,1,1,1,1,1,1,1,1,1,1,1,1,1
2627,3,ela,1,1,1,1,1,1,1,1,1,1,1,1,1,1,1,1
2628,3,dah,1,1,1,1,1,1,1,1,1,1,1,1,1,1,1,1
2629,2,ago,1,1,1,1,1,1,1,1,1,1,1,1,1,1,1,1
2630,2,lah,1,1,1,1,1,1,1,1,1,1,1,1,1,1,1,1
2631,2,hma,1,1,1,1,1,1,1,1,1,1,1,1,1,1,1,1
2632,2,sna,1,1,1,1,1,1,1,1,1,1,1,1,1,1,1,1
2633,2,ila,1,1,1,1,1,1,1,1,1,1,1,1,1,1,1,1
2634,3,him,0,0,0,1,0,0,1,0,0,1,0,0,1,0,0,1
2635,2,isa,1,1,1,1,1,1,1,1,1,1,1,1,1,1,1,1
2636,3,lah,1,1,1,1,1,1,1,1,1,1,1,1,1,1,1,1
2637,2,ila,1,1,1,1,1,1,1,1,1,1,1,1,1,1,1,1
2638,3,del,1,1,1,1,1,1,1,1,1,1,1,1,1,1,1,1
2639,3,isa,1,1,1,1,1,1,1,1,1,1,1,1,1,1,1,1
2640,3,udy,0,0,0,0,0,0,0,0,0,0,0,0,0,0,0,0
2641,4,eak,0,0,0,1,0,0,1,0,0,1,0,0,1,0,0,1
2642,3,han,0,0,0,0,0,0,0,0,0,0,0,0,0,0,0,0
2643,3,mor,0,0,0,1,0,0,0,0,0,0,0,0,0,0,0,0
2644,2,yal,0,0,0,0,0,0,0,0,0,0,0,0,0,0,0,0
2645,4,rta,0,0,0,0,0,0,0,0,0,0,0,0,0,0,0,0
2646,3,iza,1,1,1,0,1,1,0,1,1,0,1,1,0,1,1,0
2647,3,aya,0,0,0,0,0,0,0,0,0,0,0,0,0,0,0,0
2648,3,hra,1,1,1,1,1,1,1,1,1,1,1,1,1,1,1,1
2649,2,mal,0,0,0,0,0,0,0,0,0,0,0,0,0,0,0,0
2650,3,din,1,0,0,0,0,0,0,0,0,0,0,0,0,0,0,0
2651,5,ata,0,0,0,0,0,0,0,0,0,0,0,0,0,0,0,0
2652,3,ine,1,1,1,1,1,1,1,1,1,1,1,1,1,1,1,1
2653,3,dro,1,1,1,1,1,1,1,1,1,1,1,1,1,1,1,1
2654,2,avi,1,1,1,1,1,1,1,1,1,0,1,1,1,1,1,0
2655,3,ira,1,1,1,1,1,1,1,1,1,1,1,1,1,1,1,1
2656,3,hra,1,1,1,1,1,1,1,1,1,1,1,1,1,1,1,1
2657,4,aka,1,0,0,1,0,0,1,0,0,1,0,0,1,0,0,1
2658,3,oud,1,1,1,1,1,1,1,1,1,1,1,1,1,1,1,1
2659,3,rah,1,1,1,1,1,1,1,1,1,1,1,1,1,1,1,1
2660,2,ira,1,1,1,1,1,1,1,1,1,1,1,1,1,1,1,1
2661,3,nda,0,0,0,0,0,0,0,0,0,0,0,0,0,0,0,0
2662,2,ana,1,1,1,1,1,1,1,1,1,1,1,1,1,1,1,1
2663,3,ono,1,0,0,0,0,0,0,0,0,0,0,0,0,0,0,0
2664,3,ika,1,1,1,1,1,1,1,1,1,1,1,1,1,1,1,1
2665,3,ani,1,1,1,1,1,1,1,1,1,1,1,1,1,1,1,1
2666,3,odo,1,1,1,0,1,1,0,1,1,0,1,1,0,1,1,0
2667,3,wan,1,1,1,1,1,1,1,1,1,1,1,1,1,1,1,1
2668,4,udi,1,1,1,1,1,1,1,1,1,1,1,1,1,1,1,1
2669,2,ula,1,1,1,0,1,1,0,1,1,0,1,1,0,1,1,0
2670,4,zki,0,0,0,0,0,0,0,0,0,0,0,0,0,0,0,0
2671,4,rie,0,1,1,0,1,1,0,1,1,0,1,1,0,1,1,0
2672,3,kim,0,0,0,0,0,0,0,0,0,0,0,0,0,0,0,0
2673,3,ian,0,0,0,0,0,0,0,0,0,0,0,0,0,0,0,0
2674,3,loh,0,0,0,0,0,0,0,0,0,0,0,0,0,0,0,0
2675,3,ila,1,1,1,1,1,1,1,1,1,1,1,1,1,1,1,1
2676,4,tra,0,0,0,0,0,0,0,0,0,0,0,0,0,0,0,0
2677,3,tri,1,1,1,1,1,1,1,1,1,1,1,1,1,1,1,1
2678,2,ira,1,1,1,1,1,1,1,1,1,1,1,1,1,1,1,1
2679,3,rno,0,0,0,0,0,0,0,0,0,0,0,0,0,0,0,0
2680,3,ani,1,1,1,1,1,1,1,1,1,1,1,1,1,1,1,1
2681,3,bun,0,0,0,0,0,0,0,0,0,0,0,0,0,0,0,0
2682,3,aha,0,0,0,0,0,0,0,0,0,0,0,0,0,0,0,0
2683,2,lsa,1,1,1,1,1,1,1,1,1,1,1,1,1,1,1,1
2684,2,eni,1,1,1,1,1,1,1,1,1,1,1,1,1,1,1,1
2685,2,ayu,0,0,0,1,0,0,1,0,0,1,0,0,1,0,0,1
2686,3,tri,1,1,1,1,1,1,1,1,1,1,1,1,1,1,1,1
2687,3,tri,1,1,1,1,1,1,1,1,1,1,1,1,1,1,1,1
2688,3,ana,1,1,1,1,1,1,1,1,1,1,1,1,1,1,1,1
2689,3,ana,1,1,1,1,1,1,1,1,1,1,1,1,1,1,1,1
2690,3,ira,1,1,1,1,1,1,1,1,1,1,1,1,1,1,1,1
2691,3,tri,1,1,1,1,1,1,1,1,1,1,1,1,1,1,1,1
2692,4,kti,1,1,1,1,1,1,1,1,1,1,1,1,1,1,1,1
2693,3,tri,1,1,1,1,1,1,1,1,1,1,1,1,1,1,1,1
2694,2,ana,1,1,1,1,1,1,1,1,1,1,1,1,1,1,1,1
2695,3,tri,1,1,1,1,1,1,1,1,1,1,1,1,1,1,1,1
2696,3,ani,0,0,1,1,0,1,1,0,1,1,0,1,1,0,1,1
2697,3,ani,1,1,1,1,1,1,1,1,1,1,1,1,1,1,1,1
2698,3,nti,1,1,1,1,1,1,1,1,1,1,1,1,1,1,1,1
2699,3,tri,1,1,1,1,1,1,1,1,1,1,1,1,1,1,1,1
2700,3,dah,1,1,1,1,1,1,1,1,1,1,1,1,1,1,1,1
2701,3,ari,1,1,1,1,1,1,1,1,1,1,1,1,1,1,1,1
2702,3,ani,1,1,1,1,1,1,1,1,1,1,1,1,1,1,1,1
2703,3,ani,1,1,1,1,1,1,1,1,1,1,1,1,1,1,1,1
2704,3,jid,1,1,1,1,1,1,1,1,1,1,1,1,1,1,1,1
2705,2,ira,1,1,1,1,1,1,1,1,1,1,1,1,1,1,1,1
2706,3,ane,0,0,0,0,0,0,0,0,0,0,0,0,0,0,0,0
2707,2,zah,1,1,1,1,1,1,1,1,1,1,1,1,1,1,1,1
2708,3,nah,1,1,1,1,1,1,1,1,1,1,1,1,1,1,1,1
2709,4,tri,1,1,1,1,1,1,1,1,1,1,1,1,1,1,1,1
2710,4,tya,1,1,1,1,1,1,1,1,1,1,1,1,1,1,1,1
2711,3,hma,1,1,1,1,1,1,1,1,1,1,1,1,1,1,1,1
2712,4,iwi,1,1,1,1,1,1,1,1,1,1,1,1,1,1,1,1
2713,2,zah,1,1,1,1,1,1,1,1,1,1,1,1,1,1,1,1
2714,3,zah,1,1,1,1,1,1,1,1,1,1,1,1,1,1,1,1
2715,2,ani,1,1,1,1,1,1,1,1,1,1,1,1,1,1,1,1
2716,2,nti,1,1,1,1,1,1,1,1,1,1,1,1,1,1,1,1
2717,3,nto,1,0,0,0,0,0,0,0,0,0,0,0,0,0,0,0
2718,3,ari,1,1,1,1,1,1,1,1,1,1,1,1,1,1,1,1
2719,2,tri,1,1,1,1,1,1,1,1,1,1,1,1,1,1,1,1
2720,3,ani,1,1,1,1,1,1,1,1,1,1,1,1,1,1,1,1
2721,3,ika,1,1,1,1,1,1,1,1,1,1,1,1,1,1,1,1
2722,3,tya,1,1,1,1,1,1,1,1,1,1,1,1,1,1,1,1
2723,3,nti,1,1,1,1,1,1,1,1,1,1,1,1,1,1,1,1
2724,3,ani,1,1,1,1,1,1,1,1,1,1,1,1,1,1,1,1
2725,3,iwi,1,1,1,1,1,1,1,1,1,1,1,1,1,1,1,1
2726,3,ani,1,1,1,1,1,1,1,1,1,1,1,1,1,1,1,1
2727,3,yat,1,1,1,1,1,1,1,1,1,1,1,1,1,1,1,1
2728,3,uma,1,1,1,1,1,1,1,1,1,1,1,1,1,1,1,1
2729,4,tri,1,1,1,1,1,1,1,1,1,1,1,1,1,1,1,1
2730,3,ogi,1,1,1,1,1,1,1,1,1,1,1,1,1,1,1,1
2731,3,nda,1,1,1,1,1,1,1,1,1,1,1,1,1,1,1,1
2732,3,ama,0,0,0,0,0,0,0,0,0,0,0,0,0,0,0,0
2733,3,gal,1,1,1,1,1,1,1,1,1,1,1,1,1,1,1,1
2734,3,iwi,1,1,1,1,1,1,1,1,1,1,1,1,1,1,1,1
2735,3,ezi,0,0,0,0,0,0,0,0,0,0,0,0,0,0,0,0
2736,3,ida,1,1,1,1,1,1,1,1,1,1,1,1,1,1,1,1
2737,3,ani,1,1,1,1,1,1,1,1,1,1,1,1,1,1,1,1
2738,3,oni,1,1,1,1,1,1,1,1,1,1,1,1,1,1,1,1
2739,3,ani,1,1,1,1,1,1,1,1,1,1,1,1,1,1,1,1
2740,2,lah,1,1,1,1,1,1,1,1,1,1,1,1,1,1,1,1
2741,3,gar,1,1,1,1,1,1,1,1,1,1,1,1,1,1,1,1
2742,3,tri,1,1,1,1,1,1,1,1,1,1,1,1,1,1,1,1
2743,3,sih,1,1,1,1,1,1,1,1,1,1,1,1,1,1,1,1
2744,2,ndy,1,0,0,1,0,0,1,0,0,1,0,0,1,0,0,1
2745,3,han,1,1,1,1,1,1,0,1,1,0,1,1,0,1,1,0
2746,2,nta,1,1,1,1,1,1,1,1,1,1,1,1,1,1,1,1
2747,2,ani,1,1,1,1,1,1,1,1,1,1,1,1,1,1,1,1
2748,4,tri,1,1,1,1,1,1,1,1,1,1,1,1,1,1,1,1
2749,2,rah,1,1,1,1,1,1,1,1,1,1,1,1,1,1,1,1
2750,3,wan,1,1,1,0,1,1,0,1,1,0,1,1,0,1,1,0
2751,3,ani,1,1,1,1,1,1,1,1,1,1,1,1,1,1,1,1
2752,3,mad,0,0,0,0,0,0,0,0,0,0,0,0,0,0,0,0
2753,3,rin,1,1,1,1,1,1,1,1,1,1,1,1,1,1,1,1
2754,4,ani,1,1,1,1,1,1,1,1,1,1,1,1,1,1,1,1
2755,2,sta,1,1,1,1,1,1,1,1,1,1,1,1,1,1,1,1
2756,4,hra,1,1,1,1,1,1,1,1,1,1,1,1,1,1,1,1
2757,3,ita,1,1,1,1,1,1,1,1,1,1,1,1,1,1,1,1
2758,4,rsa,1,1,1,1,1,1,1,1,1,1,1,1,1,1,1,1
2759,2,wan,1,0,0,0,0,0,0,0,0,0,0,0,0,0,0,0
2760,2,ofa,1,1,1,1,1,1,1,1,1,1,1,1,1,1,1,1
2761,3,lah,1,1,1,1,1,1,1,1,1,1,1,1,1,1,1,1
2762,3,bil,1,1,1,1,1,1,1,1,1,1,1,1,1,1,1,1
2763,3,dra,1,1,1,1,1,1,1,1,1,1,1,1,1,1,1,1
2764,4,man,0,0,0,0,0,0,0,0,0,0,0,0,0,0,0,0
2765,3,hra,1,1,1,1,1,1,1,1,1,1,1,1,1,1,1,1
2766,3,tri,1,1,1,1,1,1,1,1,1,1,1,1,1,1,1,1
2767,3,ani,1,1,1,1,1,1,1,1,1,1,1,1,1,1,1,1
2768,3,ena,1,1,1,1,1,1,1,1,1,1,1,1,1,1,1,1
2769,3,tri,1,1,1,1,1,1,1,1,1,1,1,1,1,1,1,1
2770,5,wan,1,1,1,1,1,1,1,1,1,1,1,1,1,1,1,1
2771,3,kim,1,1,1,1,1,1,1,1,1,1,1,1,1,1,1,1
2772,4,tri,1,1,1,1,1,1,1,1,1,1,1,1,1,1,1,1
2773,4,tri,1,1,1,1,1,1,1,1,1,1,1,1,1,1,1,1
2774,3,tri,1,1,1,1,1,1,1,1,1,1,1,1,1,1,1,1
2775,3,tri,1,1,1,1,1,1,1,1,1,1,1,1,1,1,1,1
2776,3,hta,1,1,1,1,1,1,1,1,1,1,1,1,1,1,1,1
2777,3,ila,1,1,1,1,1,1,1,1,1,1,1,1,1,1,1,1
2778,3,dra,1,1,1,1,1,1,1,1,1,1,1,1,1,1,1,1
2779,4,aha,1,1,1,1,1,1,1,1,1,1,1,1,1,1,1,1
2780,3,ita,1,1,1,1,1,1,1,1,1,1,1,1,1,1,1,1
2781,3,hra,1,1,1,1,1,1,1,1,1,1,1,1,1,1,1,1
2782,3,ani,1,1,1,0,1,1,1,1,1,1,1,1,1,1,1,1
2783,3,aen,1,1,1,0,1,1,0,1,1,0,1,1,1,1,1,1
2784,2,ani,1,1,1,1,1,1,1,1,1,1,1,1,1,1,1,1
2785,3,hni,1,1,1,1,1,1,1,1,1,1,1,1,1,1,1,1
2786,4,gga,1,1,1,1,1,1,1,1,1,1,1,1,1,1,1,1
2787,3,nto,1,1,1,0,1,1,0,1,1,0,1,1,0,1,1,0
2788,4,tya,0,0,0,0,0,0,0,0,0,0,0,0,0,0,0,0
2789,3,tri,1,1,1,1,1,1,1,1,1,1,1,1,1,1,1,1
2790,3,hra,1,1,1,1,1,1,1,1,1,1,1,1,1,1,1,1
2791,3,lla,1,1,1,1,1,1,1,1,1,1,1,1,1,1,1,1
2792,4,ila,1,1,1,1,1,1,1,1,1,1,1,1,1,1,1,1
2793,3,yah,1,1,1,1,1,1,1,1,1,1,1,1,1,1,1,1
2794,3,tyo,1,1,1,1,1,1,0,1,1,0,1,1,0,1,1,0
2795,3,aus,1,1,1,1,1,1,1,1,1,1,1,1,1,1,1,1
2796,3,tri,1,1,1,1,1,1,1,1,1,1,1,1,1,1,1,1
2797,4,ana,1,1,1,1,1,1,1,1,1,1,1,1,1,1,1,1
2798,3,wat,1,1,1,1,1,1,1,1,1,1,1,1,1,1,1,0
2799,3,tri,1,1,1,1,1,1,1,1,1,1,1,1,1,1,1,1
2800,4,tar,1,1,1,1,1,1,1,1,1,1,1,1,1,1,1,1
2801,4,ani,1,1,1,1,1,1,1,1,1,1,1,1,1,1,1,1
2802,4,gas,0,0,0,0,0,0,0,0,0,0,0,0,0,0,0,0
2803,3,lan,1,1,1,1,1,1,1,1,1,1,1,1,1,1,1,1
2804,3,raa,1,1,1,1,1,1,1,1,1,1,1,1,1,1,1,1
2805,2,tha,1,1,1,0,1,1,0,1,1,0,1,1,0,1,1,1
2806,3,via,1,1,1,1,1,1,1,1,1,1,1,1,1,1,1,1
2807,3,lam,1,1,0,1,1,0,0,1,0,0,1,0,0,1,0,0
2808,2,nti,1,1,1,1,1,1,1,1,1,1,1,1,1,1,1,1
2809,3,rif,1,1,1,1,1,1,1,1,1,1,1,1,1,1,1,1
2810,2,lah,1,1,1,1,1,1,1,1,1,1,1,1,1,1,1,1
2811,3,nti,1,1,1,1,1,1,1,1,1,1,1,1,1,1,1,1
2812,3,nia,1,1,1,1,1,1,1,1,1,1,1,1,1,1,1,1
2813,2,hra,1,1,1,1,1,1,1,1,1,1,1,1,1,1,1,1
2814,4,ara,1,1,1,1,1,1,1,1,1,1,1,1,1,1,1,1
2815,3,nto,1,1,1,0,1,1,0,1,1,1,1,1,0,1,1,0
2816,3,lah,1,1,1,1,1,1,1,1,1,1,1,1,1,1,1,1
2817,3,aya,1,1,1,1,1,1,1,1,1,1,1,1,1,1,1,1
2818,3,ila,1,1,1,1,1,1,1,1,1,1,1,1,1,1,1,1
2819,3,dah,1,1,1,1,1,1,1,1,1,1,1,1,1,1,1,1
2820,3,nda,1,1,1,1,1,1,1,1,1,1,1,1,1,1,1,1
2821,2,ane,1,1,1,1,1,1,1,1,1,1,1,1,1,1,1,1
2822,3,oho,1,1,1,0,1,1,0,1,1,0,1,1,0,1,1,0
2823,3,nia,1,1,1,1,1,1,1,1,1,1,1,1,1,1,1,1
2824,3,tri,1,1,1,1,1,1,1,1,1,1,1,1,1,1,1,1
2825,4,khi,1,1,1,1,1,1,1,1,1,1,1,1,1,1,1,1
2826,3,hma,1,1,1,1,1,1,1,1,1,1,1,1,1,1,1,1
2827,3,lya,1,1,1,1,1,1,1,1,1,1,1,1,1,1,1,1
2828,3,ani,1,1,1,1,1,1,1,1,1,1,1,1,1,1,1,1
2829,3,tri,1,1,1,1,1,1,1,1,1,1,1,1,1,1,1,1
2830,3,wan,1,1,1,0,1,1,0,1,1,0,1,1,0,1,1,0
2831,3,sti,1,1,1,1,1,1,1,1,1,1,1,1,1,1,1,1
2832,4,sta,1,1,1,1,1,1,1,1,1,1,1,1,1,1,1,1
2833,3,ani,1,1,1,1,1,1,1,1,1,1,1,1,1,1,1,1
2834,2,ani,1,1,1,1,1,1,1,1,1,1,1,1,1,1,1,1
2835,3,ani,1,1,1,1,1,1,1,1,1,1,1,1,1,1,1,1
2836,3,sty,1,1,1,1,1,1,1,1,1,1,1,1,1,1,1,1
2837,3,ine,1,1,1,1,1,1,1,1,1,1,1,1,1,1,1,1
2838,3,sia,1,1,1,1,1,1,1,1,1,1,1,1,1,1,1,1
2839,4,ana,1,1,1,1,1,1,1,1,1,1,1,1,1,1,1,1
2840,3,sta,1,1,1,1,1,1,1,1,1,1,1,1,1,1,1,1
2841,3,tha,1,1,1,0,1,1,0,1,1,0,1,1,0,1,1,0
2842,3,nia,1,1,1,1,1,1,1,1,1,1,1,1,1,1,1,1
2843,3,ani,1,1,1,1,1,1,1,1,1,1,1,1,1,1,1,1
2844,4,oro,1,0,0,0,0,0,0,0,0,0,0,0,0,0,0,0
2845,3,tyo,0,0,0,0,0,0,0,0,0,0,0,0,0,0,0,0
2846,3,diq,1,1,1,1,1,1,1,1,1,1,1,1,1,1,1,1
2847,5,amp,0,0,0,1,0,0,1,0,0,1,0,0,1,0,0,1
2848,2,ini,1,1,1,1,1,1,1,1,1,1,1,1,1,1,1,1
2849,3,ata,0,0,0,0,0,0,0,0,0,0,0,0,0,0,0,0
2850,3,ino,0,0,0,0,0,0,0,0,0,0,0,0,0,0,0,0
2851,3,jid,0,1,0,0,1,0,0,1,0,0,1,0,0,1,0,0
2852,2,ama,0,0,0,0,0,0,0,0,0,0,0,0,0,0,0,0
2853,3,yla,1,1,1,0,1,1,1,1,1,1,1,1,1,1,1,1
2854,3,ari,1,1,1,1,1,1,1,1,1,1,1,1,1,1,1,1
2855,3,han,0,0,0,0,0,0,0,0,0,0,0,0,0,0,0,0
2856,3,uni,0,0,0,1,0,0,1,0,0,1,0,0,1,0,0,1
2857,3,nti,1,1,1,1,1,1,1,1,1,1,1,1,1,1,1,1
2858,3,yah,1,1,1,1,1,1,1,1,1,1,1,1,1,1,1,1
2859,2,tra,0,0,0,0,0,0,0,0,0,0,0,0,0,0,0,0
2860,2,lia,1,1,1,1,1,1,1,1,1,1,1,1,1,1,1,1
2861,2,dya,1,1,1,0,1,1,0,1,1,1,1,1,1,1,1,1
2862,3,ani,1,1,1,1,1,1,1,1,1,1,1,1,1,1,1,1
2863,3,lia,1,1,1,1,1,1,1,1,1,1,1,1,1,1,1,1
2864,2,fly,0,0,0,0,0,0,0,0,0,0,0,0,0,0,0,0
2865,4,ani,1,1,1,1,1,1,1,1,1,1,1,1,1,1,1,1
2866,3,ani,1,1,1,1,1,1,1,1,1,1,1,1,1,1,1,1
2867,4,ian,0,0,0,0,0,0,0,0,0,0,0,0,0,0,0,0
2868,3,cha,1,1,1,0,1,1,1,1,1,0,1,1,0,1,1,1
2869,3,wan,1,1,1,1,1,1,1,1,1,1,1,1,1,1,1,1
2870,3,loh,0,0,0,0,0,0,0,0,0,0,0,0,0,0,0,0
2871,4,dha,0,0,0,0,0,0,0,0,0,0,0,0,0,0,0,0
2872,4,lie,0,0,0,0,0,0,0,0,0,0,0,0,0,0,0,0
2873,2,ara,0,0,0,0,0,0,0,0,0,0,0,0,0,0,0,0
2874,2,ura,0,0,0,0,0,0,0,0,0,0,0,0,0,0,0,0
2875,3,lin,0,0,0,0,0,0,0,0,0,0,0,0,0,0,0,0
2876,2,ose,1,1,1,1,1,1,1,1,1,1,1,1,1,1,1,1
2877,2,lea,1,1,1,1,1,1,1,1,1,1,1,1,1,1,1,1
2878,3,tri,1,1,1,1,1,1,1,1,1,1,1,1,1,1,1,1
2879,3,sin,1,1,1,1,1,1,1,1,1,1,1,1,1,1,1,1
2880,3,ara,0,0,0,0,0,0,0,0,0,0,0,0,0,0,0,0
2881,3,ysi,0,0,0,0,0,0,0,0,0,0,0,0,0,0,0,0
2882,4,oro,1,1,1,0,1,1,0,1,1,0,1,1,0,1,1,0
2883,4,lia,1,1,1,1,1,1,1,1,1,1,1,1,1,1,1,1
2884,3,aid,1,1,1,1,1,1,1,1,1,0,1,1,1,1,1,1
2885,3,sha,1,1,1,1,1,1,1,1,1,1,1,1,1,1,1,1
2886,3,cca,1,1,1,1,1,1,1,1,1,1,1,1,1,1,1,1
2887,2,yah,1,1,1,1,1,1,1,1,1,1,1,1,1,1,1,1
2888,2,ana,1,1,1,1,1,1,1,1,1,1,1,1,1,1,1,1
2889,2,ura,1,1,1,1,1,1,1,1,1,1,1,1,1,1,1,1
2890,4,tie,1,1,1,1,1,1,1,1,1,1,1,1,1,1,1,1
2891,3,aya,1,1,1,1,1,1,1,1,1,1,1,1,1,1,1,1
2892,3,ria,1,1,1,1,1,1,1,1,1,1,1,1,1,1,1,1
2893,3,isa,1,1,1,1,1,1,1,1,1,1,1,1,1,1,1,1
2894,3,yan,0,0,0,0,0,0,0,0,0,0,0,0,0,0,0,0
2895,3,ila,1,1,1,1,1,1,1,1,1,1,1,1,1,1,1,1
2896,3,tri,1,1,1,1,1,1,1,1,1,1,1,1,1,1,1,1
2897,4,upa,1,1,1,1,1,1,1,1,1,1,1,1,1,1,1,1
2898,3,nah,1,1,1,1,1,1,1,1,1,1,1,1,1,1,1,1
2899,2,ani,1,1,1,1,1,1,1,1,1,1,1,1,1,1,1,1
2900,3,nna,1,1,1,1,1,1,1,1,1,1,1,1,1,1,1,1
2901,3,ika,1,1,1,1,1,1,1,1,1,1,1,1,1,1,1,1
2902,3,via,1,1,1,1,1,1,1,1,1,1,1,1,1,1,1,1
2903,3,epi,1,1,1,1,1,1,1,1,1,1,1,1,1,1,1,1
2904,3,any,1,1,1,1,1,1,1,1,1,1,1,1,1,1,1,1
2905,3,iwi,1,1,1,1,1,1,1,1,1,1,1,1,1,1,1,1
2906,3,sqi,1,1,1,1,1,1,1,1,1,1,1,1,1,1,1,1
2907,3,rdi,1,1,1,1,1,1,1,1,1,1,1,1,1,1,1,1
2908,3,tri,1,1,1,1,1,1,1,1,1,1,1,1,1,1,1,1
2909,3,zah,1,1,1,1,1,1,1,1,1,1,1,1,1,1,1,1
2910,3,ati,1,1,1,1,1,1,1,1,1,1,1,1,1,1,1,1
2911,3,ani,1,1,1,1,1,1,1,1,1,1,1,1,1,1,1,1
2912,3,hri,1,1,1,1,1,1,1,1,1,1,1,1,1,1,1,1
2913,2,any,1,1,1,1,1,1,1,1,1,1,1,1,1,1,1,1
2914,2,pah,1,1,1,1,1,1,1,1,1,1,1,1,1,1,1,1
2915,2,ati,1,1,1,1,1,1,1,1,1,1,1,1,1,1,1,1
2916,3,thi,1,1,1,1,1,1,1,1,1,1,1,1,1,1,1,1
2917,3,sid,1,1,1,1,1,1,1,1,1,1,1,1,1,1,1,1
2918,2,eni,1,1,1,1,1,1,1,1,1,1,1,1,1,1,1,1
2919,4,nto,1,1,1,1,1,1,1,1,1,1,1,1,1,1,1,1
2920,4,nun,1,1,1,0,1,1,1,1,1,0,1,1,0,1,1,0
2921,3,ani,1,1,1,1,1,1,1,1,1,1,1,1,1,1,1,1
2922,3,nia,1,1,1,1,1,1,1,1,1,1,1,1,1,1,1,1
2923,2,ila,1,1,1,1,1,1,1,1,1,1,1,1,1,1,1,1
2924,3,ova,1,1,1,1,1,1,1,1,1,1,1,1,1,1,1,1
2925,3,hel,1,1,1,1,1,1,1,1,1,1,1,1,1,1,1,1
2926,2,lya,1,1,1,1,1,1,1,1,1,1,1,1,1,1,1,1
2927,3,qya,1,1,1,1,1,1,1,1,1,1,1,1,1,1,1,1
2928,3,bah,1,1,1,1,1,1,1,1,1,1,1,1,1,1,1,1
2929,3,fik,0,0,0,0,0,0,0,0,0,0,0,0,0,0,0,0
2930,2,may,1,1,1,0,1,1,0,1,1,0,1,1,0,1,1,0
2931,4,ina,1,1,1,1,1,1,1,1,1,1,1,1,1,1,1,1
2932,4,osa,1,1,1,1,1,1,1,1,1,1,1,1,1,1,1,1
2933,4,lah,1,1,1,1,1,1,1,1,1,1,1,1,1,1,1,1
2934,3,tia,1,0,1,0,0,1,0,0,1,0,0,1,1,0,1,0
2935,3,ani,1,1,1,1,1,1,1,1,1,1,1,1,1,1,1,1
2936,3,aya,1,1,1,1,1,1,1,1,1,1,1,1,1,1,1,1
2937,3,tri,1,1,1,1,1,1,1,1,1,1,1,1,1,1,1,1
2938,2,zya,1,1,1,1,1,1,1,1,1,1,1,1,1,1,1,1
2939,3,ahi,1,1,1,1,1,1,0,1,1,0,1,1,1,1,1,0
2940,4,dah,1,1,1,1,1,1,1,1,1,1,1,1,1,1,1,1
2941,3,ndi,1,1,1,1,1,1,1,1,1,1,1,1,1,1,1,1
2942,3,nti,1,1,1,1,1,1,1,1,1,1,1,1,1,1,1,1
2943,3,tri,1,1,1,1,1,1,1,1,1,1,1,1,1,1,1,1
2944,3,ana,1,1,1,1,1,1,1,1,1,1,1,1,1,1,1,1
2945,2,tri,1,1,1,1,1,1,1,1,1,1,1,1,1,1,1,1
2946,3,tha,1,1,1,1,1,1,1,1,1,1,1,1,1,1,1,1
2947,3,ani,1,1,1,1,1,1,1,1,1,1,1,1,1,1,1,1
2948,3,oro,0,0,0,0,0,0,0,0,0,0,0,0,0,0,0,0
2949,4,amy,0,0,0,0,0,0,0,0,0,0,0,0,0,0,0,0
2950,3,iya,1,1,1,1,1,1,1,1,1,1,1,1,1,1,1,1
2951,3,ang,0,0,0,0,0,0,0,0,0,0,0,0,0,0,0,0
2952,3,umi,0,0,0,0,0,0,0,0,0,0,0,0,0,0,0,0
2953,3,sri,1,1,1,1,1,1,1,1,1,1,1,1,1,1,1,1
2954,3,yah,0,0,0,0,0,0,0,0,0,0,0,0,0,0,0,0
2955,2,dra,0,0,0,1,0,0,1,0,0,1,0,0,1,0,0,1
2956,3,lla,1,1,1,1,1,1,1,1,1,1,1,1,1,1,1,1
2957,3,far,1,0,0,0,0,0,0,0,0,0,0,0,0,0,0,0
2958,3,ana,0,0,0,0,0,0,0,0,0,0,0,0,0,0,0,0
2959,3,tri,0,0,0,1,0,0,1,0,0,1,0,0,1,0,0,0
2960,3,ian,0,0,0,0,0,0,0,0,0,0,0,0,0,0,0,0
2961,3,ziz,0,0,0,0,0,0,0,0,0,0,0,0,0,0,0,0
2962,3,stu,0,0,0,0,0,0,0,0,0,0,0,0,0,0,0,0
2963,3,ana,0,0,0,0,0,0,0,0,0,0,0,0,0,0,0,0
2964,2,ily,1,0,0,0,0,0,0,0,0,0,0,0,0,0,0,0
2965,2,aro,0,0,0,0,0,0,0,0,0,0,0,0,0,0,0,0
2966,4,ury,0,0,0,0,0,0,0,0,0,0,0,0,0,0,0,0
2967,3,kim,0,0,0,0,0,0,0,0,0,0,0,0,0,0,0,0
2968,2,ini,1,1,1,1,1,1,1,1,1,1,1,1,1,1,1,1
2969,3,ein,1,1,1,1,1,1,1,1,1,1,1,1,1,1,1,1
2970,3,oho,1,1,1,0,1,1,0,1,1,0,1,1,0,1,1,0
2971,3,tri,1,1,1,1,1,1,1,1,1,1,1,1,1,1,1,1
2972,3,ina,1,1,1,1,1,1,1,1,1,1,1,1,1,1,1,1
2973,3,fin,1,1,1,1,1,1,1,1,1,1,1,1,1,1,1,1
2974,3,tri,1,1,1,1,1,1,1,1,1,1,1,1,1,1,1,1
2975,2,yah,0,0,0,0,0,0,0,0,0,0,0,0,0,0,0,0
2976,3,izi,0,0,0,0,0,0,0,0,0,0,0,0,0,0,0,0
2977,3,san,0,0,0,0,0,0,0,0,0,0,0,0,0,0,0,0
2978,3,hid,0,0,0,0,0,0,0,0,0,0,0,0,0,0,0,0
2979,2,loh,0,0,0,0,0,0,0,0,0,0,0,0,0,0,0,0
2980,4,han,0,0,0,0,0,0,0,0,0,0,0,0,0,0,0,0
2981,3,ono,0,0,0,0,0,0,0,0,0,0,0,0,0,0,0,0
2982,3,ayu,1,1,1,1,1,1,1,1,1,1,1,1,1,1,1,1
2983,3,iri,1,1,0,0,1,0,0,1,0,0,1,0,0,1,0,0
2984,3,ini,1,1,1,1,1,1,1,1,1,1,1,1,1,1,1,1
2985,3,iti,1,1,1,1,1,1,1,1,1,1,1,1,1,1,1,1
2986,3,fin,1,1,1,1,1,1,1,1,1,1,1,1,1,1,1,1
2987,3,roh,1,1,1,1,1,1,0,1,1,1,1,1,1,1,1,0
2988,2,swa,1,1,1,1,1,1,1,1,1,1,1,1,1,1,1,1
2989,3,hra,1,1,1,1,1,1,1,1,1,1,1,1,1,1,1,1
2990,2,ani,1,1,1,1,1,1,1,1,1,1,1,1,1,1,1,1
2991,3,loh,1,1,1,1,1,1,1,1,1,1,1,1,1,1,1,1
2992,3,rah,1,1,1,1,1,1,1,1,1,1,1,1,1,1,1,1
2993,3,haq,0,0,0,0,0,0,0,0,0,0,0,0,1,0,0,0
2994,3,dra,0,0,0,0,0,0,0,0,0,0,0,0,0,0,0,0
2995,2,yah,0,0,0,0,0,0,0,0,0,0,0,0,0,0,0,0
2996,2,kri,0,0,0,0,0,0,0,0,0,0,0,0,0,0,0,0
2997,3,anu,1,1,1,0,1,1,0,1,1,0,1,1,1,1,1,0
2998,3,tra,0,0,0,0,0,0,0,0,0,0,0,0,0,0,0,0
2999,2,yah,1,1,1,1,1,1,1,1,1,1,1,1,1,1,1,1
3000,2,dli,0,0,0,0,0,0,0,0,0,0,0,0,0,0,0,0
3001,2,lah,1,1,1,1,1,1,1,1,1,1,1,1,1,1,1,1
3002,3,kha,0,0,0,0,0,0,0,0,0,0,0,0,0,0,0,0
3003,3,sma,1,1,1,1,1,1,1,1,1,1,1,1,1,1,1,1
3004,3,rif,1,1,1,1,1,1,1,1,1,1,1,1,1,1,1,1
3005,3,iri,1,1,1,1,1,1,1,1,1,1,1,1,1,1,1,1
3006,3,ami,1,0,1,1,0,1,1,0,1,1,0,1,1,0,1,1
3007,3,med,0,0,0,0,0,0,0,0,0,0,0,0,0,0,0,0
3008,3,lia,1,1,1,1,1,1,1,1,1,1,1,1,1,1,1,1
3009,2,ila,1,1,1,1,1,1,1,1,1,1,1,1,1,1,1,1
3010,2,uar,0,0,0,0,0,0,0,0,0,0,0,0,0,0,0,0
3011,3,oko,0,0,0,0,0,0,0,0,0,0,0,0,0,0,0,0
3012,2,eta,1,1,1,1,1,1,1,1,1,1,1,1,1,1,1,1
3013,3,evy,0,0,0,0,0,0,0,0,0,0,0,0,0,0,0,0
3014,3,kar,1,0,0,0,0,0,0,0,0,0,0,0,0,0,0,0
3015,3,syi,0,0,0,0,0,0,0,0,0,0,0,0,0,0,0,0
3016,3,ria,1,1,1,1,1,1,1,1,1,1,1,1,1,1,1,1
3017,3,ani,1,1,1,1,1,1,1,1,1,1,1,1,1,1,1,1
3018,3,yan,1,1,1,1,1,1,1,1,1,1,1,1,1,1,1,1
3019,4,ief,1,1,1,1,1,1,1,1,1,1,1,1,1,1,1,1
3020,3,tri,1,1,1,1,1,1,1,1,1,1,1,1,1,1,1,1
3021,4,kim,1,1,1,1,1,1,1,1,1,1,1,1,1,1,1,1
3022,2,tri,1,1,1,1,1,1,1,1,1,1,1,1,1,1,1,1
3023,2,ldo,0,0,0,0,0,0,0,0,0,0,0,0,0,0,0,0
3024,3,ira,1,1,1,1,1,1,1,1,1,1,1,1,1,1,1,1
3025,2,ich,0,0,0,0,0,0,0,0,0,0,0,0,0,0,0,0
3026,2,ffa,0,0,0,0,0,0,0,0,0,0,0,0,0,0,0,0
3027,3,ifa,1,1,1,1,1,1,1,1,1,1,1,1,1,1,1,1
3028,3,haq,0,1,1,0,1,1,0,1,1,0,1,1,1,1,1,1
3029,2,yah,0,0,0,0,0,0,0,0,0,0,0,0,0,0,0,0
3030,3,haq,0,0,0,0,0,0,0,0,0,0,0,0,0,0,0,0
3031,3,ili,1,1,1,1,1,1,1,1,1,1,1,1,1,1,1,1
3032,3,tri,1,1,1,1,1,1,1,1,1,1,1,1,1,1,1,1
3033,4,tmi,1,1,1,1,1,1,1,1,1,1,1,1,1,1,1,1
3034,3,aha,0,0,0,0,0,0,0,0,0,0,0,0,0,0,0,0
3035,2,ika,1,1,1,0,1,1,1,1,1,0,1,1,0,1,1,0
3036,3,ati,1,1,1,1,1,1,1,1,1,1,1,1,1,1,1,1
3037,3,rel,0,0,0,0,0,0,0,0,0,0,0,0,0,0,0,0
3038,3,wan,0,0,0,0,0,0,0,0,0,0,0,0,0,0,0,0
3039,3,ian,0,0,0,0,0,0,0,0,0,0,0,0,0,0,0,0
3040,3,ian,0,1,1,1,1,1,1,1,1,1,1,1,1,1,1,1
3041,3,zah,1,1,1,1,1,1,1,1,1,1,1,1,1,1,1,1
3042,4,asa,1,0,0,1,0,0,1,0,0,1,0,0,1,0,0,1
3043,3,aqi,0,0,0,0,0,0,0,0,0,0,0,0,0,0,0,0
3044,3,tri,1,1,1,1,1,1,1,1,1,1,1,1,1,1,1,1
3045,2,ira,1,1,1,1,1,1,1,1,1,1,1,1,1,1,1,1
3046,3,lah,0,0,0,0,0,0,0,0,0,0,0,0,0,0,0,0
3047,3,nah,1,0,1,1,0,1,1,0,1,1,0,1,1,0,1,1
3048,2,zki,0,0,0,0,0,0,0,0,0,0,0,0,0,0,0,0
3049,3,tri,1,1,1,1,1,1,1,1,1,1,1,1,1,1,1,1
3050,4,tya,0,0,1,0,0,1,0,0,1,0,0,1,0,0,1,0
3051,3,yah,1,1,1,1,1,1,1,1,1,1,1,1,1,1,1,1
3052,3,yah,1,1,1,1,1,1,1,1,1,1,1,1,1,1,1,1
3053,3,dza,1,1,1,0,1,1,0,1,1,0,1,1,0,1,1,0
3054,3,uci,1,1,1,1,1,1,1,1,1,1,1,1,1,1,1,1
3055,2,ani,1,1,1,1,1,1,1,1,1,1,1,1,1,1,1,1
3056,3,ian,1,1,1,1,1,1,1,1,1,1,1,1,1,1,1,1
3057,2,lia,1,1,1,1,1,1,1,1,1,1,1,1,1,1,1,1
3058,3,evi,1,1,1,1,1,1,1,1,1,1,1,1,1,1,1,1
3059,3,ita,1,1,1,1,1,1,1,1,1,1,1,1,1,1,1,1
3060,3,tri,1,1,1,1,1,1,1,1,1,1,1,1,1,1,1,1
3061,3,adi,1,1,1,1,1,1,1,1,1,1,1,1,1,1,1,1
3062,4,ewi,1,1,1,1,1,1,1,1,1,1,1,1,1,1,1,1
3063,2,yla,1,1,1,1,1,1,1,1,1,1,1,1,1,1,1,1
3064,3,nty,1,1,1,1,1,1,1,1,1,1,1,1,1,1,1,1
3065,3,eni,1,1,1,1,1,1,1,1,1,1,1,1,1,1,1,1
3066,4,ani,1,1,1,1,1,1,1,1,1,1,1,1,1,1,1,1
3067,3,ila,1,1,1,1,1,1,1,1,1,1,1,1,1,1,1,1
3068,2,ani,1,1,1,1,1,1,1,1,1,1,1,1,1,1,1,1
3069,3,ana,1,1,1,1,1,1,1,1,1,1,1,1,1,1,1,1
3070,3,tri,1,1,1,1,1,1,1,1,1,1,1,1,1,1,1,1
3071,3,ani,1,1,1,1,1,1,1,1,1,1,1,1,1,1,1,1
3072,3,tya,1,1,1,1,1,1,1,1,1,1,1,1,1,1,1,1
3073,3,nto,1,1,1,0,1,1,0,1,1,0,1,1,0,1,1,0
3074,3,ani,1,1,1,1,1,1,1,1,1,1,1,1,1,1,1,1
3075,3,yah,1,1,1,1,1,1,1,1,1,1,1,1,1,1,1,1
3076,2,lla,1,1,1,1,1,1,1,1,1,1,1,1,1,1,1,1
3077,3,dar,0,0,1,0,0,1,0,0,1,0,0,1,0,0,1,0
3078,3,zza,0,0,0,0,0,0,0,0,0,0,0,0,0,0,0,0
3079,4,dik,0,0,0,0,0,0,0,0,0,0,0,0,0,0,0,0
3080,2,ffa,1,1,1,0,1,1,0,1,1,0,1,1,0,1,1,0
3081,4,iya,1,1,1,1,1,1,1,1,1,1,1,1,1,1,1,1
3082,4,ani,1,1,1,1,1,1,1,1,1,1,1,1,1,1,1,1
3083,4,iam,1,1,1,1,1,1,1,1,1,1,1,1,1,1,1,1
3084,3,ari,1,1,1,1,1,1,1,1,1,1,1,1,1,1,1,1
3085,3,ana,0,0,0,0,0,0,0,0,0,0,0,0,0,0,0,0
3086,3,aiz,0,0,0,0,0,0,0,0,0,0,0,0,0,0,0,0
3087,3,ana,0,0,0,0,0,0,0,0,0,0,0,0,0,0,0,0
3088,3,eto,0,0,0,0,0,0,0,0,0,0,0,0,0,0,0,0
3089,4,tno,0,0,0,0,0,0,0,0,0,0,0,0,0,0,0,0
3090,3,dah,0,0,0,1,0,0,1,0,0,1,0,0,1,0,0,1
3091,2,yah,0,0,0,0,0,0,0,0,0,0,0,0,0,0,0,0
3092,3,tya,0,0,0,0,0,0,0,0,0,0,0,0,0,0,0,0
3093,3,ana,0,0,0,0,0,0,0,0,0,0,0,0,0,0,0,0
3094,3,ana,0,0,0,0,0,0,0,0,0,0,0,0,0,0,0,0
3095,3,tra,0,0,0,0,0,0,0,0,0,0,0,0,0,0,0,0
3096,3,kti,0,0,0,0,0,0,0,0,0,0,0,0,0,0,0,0
3097,2,wan,0,0,0,0,0,0,0,0,0,0,0,0,0,0,0,0
3098,2,nto,0,0,0,0,0,0,0,0,0,0,0,0,0,0,0,0
3099,3,lar,0,0,0,0,0,0,0,0,0,0,0,0,0,0,0,0
3100,2,asa,0,0,0,0,0,0,0,0,0,0,0,0,0,0,0,0
3101,2,ara,0,0,0,0,0,0,0,0,0,0,0,0,0,0,0,0
3102,2,oga,0,0,0,0,0,0,0,0,0,0,0,0,0,0,0,0
3103,3,oho,0,0,0,0,0,0,0,0,0,0,0,0,0,0,0,0
3104,3,ruf,0,0,0,0,0,0,0,0,0,0,0,0,0,0,0,0
3105,4,ama,0,0,0,0,0,0,0,0,0,0,0,0,0,0,0,0
3106,3,ika,0,0,0,0,0,0,0,0,0,0,0,0,0,0,0,0
3107,3,lah,0,0,0,0,0,0,0,0,0,0,0,0,0,0,0,0
3108,2,ino,0,0,0,0,0,0,0,0,0,0,0,0,0,0,0,0
3109,3,iar,0,0,0,0,0,0,0,0,0,0,0,0,0,0,0,0
3110,3,ama,0,0,0,0,0,0,0,0,0,0,0,0,0,0,0,0
3111,2,rio,0,0,0,0,0,0,0,0,0,0,0,0,0,0,0,0
3112,3,oho,0,0,0,0,0,0,0,0,0,0,0,0,0,0,0,0
3113,4,ika,0,0,0,0,0,0,0,0,0,0,0,0,0,0,0,0
3114,3,owo,0,0,0,0,0,0,0,0,0,0,0,0,0,0,0,0
3115,2,omo,0,0,0,0,0,0,0,0,0,0,0,0,0,0,0,0
3116,3,nto,0,0,0,0,0,0,0,0,0,0,0,0,0,0,0,0
3117,3,dji,0,0,0,0,0,0,0,0,0,0,0,0,0,0,0,0
3118,2,aya,0,0,0,0,0,0,0,0,0,0,0,0,0,0,0,0
3119,3,oko,0,0,0,0,0,0,0,0,0,0,0,0,0,0,0,0
3120,3,tra,0,0,0,0,0,0,0,0,0,0,0,0,0,0,0,0
3121,3,aan,0,0,0,0,0,0,0,0,0,0,0,0,0,0,0,0
3122,3,rio,0,0,0,0,0,0,0,0,0,0,0,0,0,0,0,0
3123,2,kti,0,0,0,0,0,0,0,0,0,0,0,0,0,0,0,0
3124,3,ani,0,0,0,0,0,0,0,0,0,0,0,0,0,0,0,0
3125,3,wan,0,0,0,0,0,0,0,0,0,0,0,0,0,0,0,0
3126,4,yan,0,0,0,0,0,0,0,0,0,0,0,0,0,0,0,0
3127,3,asa,0,0,0,0,0,0,0,0,0,0,0,0,0,0,0,0
3128,4,fal,0,0,0,0,0,0,0,0,0,0,0,0,0,0,0,0
3129,3,odo,0,0,0,0,0,0,0,0,0,0,0,0,0,0,0,0
3130,3,rah,0,0,0,0,0,0,0,0,0,0,0,0,0,0,0,0
3131,3,aya,0,0,0,0,0,0,0,0,0,0,0,0,0,0,0,0
3132,3,nto,0,0,0,0,0,0,0,0,0,0,0,0,0,0,0,0
3133,3,nto,0,0,0,0,0,0,0,0,0,0,0,0,0,0,0,0
3134,3,oro,0,0,0,0,0,0,0,0,0,0,0,0,0,0,0,0
3135,2,him,0,0,0,0,0,0,0,0,0,0,0,0,0,0,0,0
3136,3,tro,0,0,0,0,0,0,0,0,0,0,0,0,0,0,0,0
3137,3,udi,0,0,0,0,0,0,0,0,0,0,0,0,0,0,0,0
3138,4,dri,0,0,0,0,0,0,0,0,0,0,0,0,0,0,0,0
3139,4,tyo,0,0,0,0,0,0,0,0,0,0,0,0,0,0,0,0
3140,2,dio,0,0,0,0,0,0,0,0,0,0,0,0,0,0,0,0
3141,3,nto,0,0,0,0,0,0,0,0,0,0,0,0,0,0,0,0
3142,3,yah,0,0,0,0,0,0,0,0,0,0,0,0,0,0,0,0
3143,3,nto,0,0,0,0,0,0,0,0,0,0,0,0,0,0,0,0
3144,3,omo,0,0,0,0,0,0,0,0,0,0,0,0,0,0,0,0
3145,3,awi,0,0,0,0,0,0,0,0,0,0,0,0,0,0,0,0
3146,3,tra,0,0,0,0,0,0,0,0,0,0,0,0,0,0,0,0
3147,1,adi,0,0,0,0,0,0,0,0,0,0,0,0,0,0,0,0
3148,3,ier,0,0,0,0,0,0,0,0,0,0,0,0,0,0,0,0
3149,2,ban,0,0,0,0,0,0,0,0,0,0,0,0,0,0,0,0
3150,2,lam,0,0,0,0,0,0,0,0,0,0,0,0,0,0,0,0
3151,3,ise,0,1,0,1,1,0,0,1,0,0,1,0,0,1,0,0
3152,3,gdo,0,0,0,0,0,0,0,0,0,0,0,0,0,0,0,0
3153,2,nti,1,1,1,1,1,1,1,1,1,1,1,1,1,1,1,1
3154,3,wan,1,1,1,1,1,1,1,1,1,1,1,1,1,1,1,1
3155,3,aus,0,0,0,0,0,0,0,0,0,0,0,0,0,0,0,0
3156,2,yah,1,1,1,0,1,1,1,1,1,0,1,1,1,1,1,1
3157,4,gar,1,1,1,1,1,1,1,1,1,1,1,1,1,1,1,1
3158,3,sya,1,1,1,1,1,1,1,1,1,1,1,1,1,1,1,1
3159,2,afa,1,1,1,0,1,1,1,1,1,1,1,1,0,1,1,0
3160,3,uza,1,1,1,1,1,1,1,1,1,0,1,1,0,1,1,0
3161,3,iza,1,1,1,1,1,1,1,1,1,1,1,1,1,1,1,1
3162,2,han,0,0,0,0,0,0,0,0,0,0,0,0,0,0,0,0
3163,4,ulo,0,0,0,0,0,0,0,0,0,0,0,0,0,0,0,0
3164,2,yah,0,0,0,0,0,0,0,0,0,0,0,0,0,0,0,0
3165,2,iru,0,0,0,0,0,0,0,0,0,0,0,0,0,0,0,0
3166,3,rto,0,0,0,0,0,0,0,0,0,0,0,0,0,0,0,0
3167,2,ria,0,0,0,0,0,0,0,0,0,0,0,0,0,0,0,0
3168,3,ika,1,1,1,1,1,1,1,1,1,1,1,1,1,1,1,1
3169,4,iha,1,1,0,0,1,0,0,1,0,0,1,0,0,1,0,0
3170,3,aha,0,0,0,0,0,0,0,0,0,0,0,0,0,0,0,0
3171,3,ana,0,0,0,0,0,0,0,0,0,0,0,0,0,0,0,0
3172,2,liu,0,0,0,0,0,0,0,0,0,0,0,0,0,0,0,0
3173,3,ruf,0,0,0,0,0,0,0,0,0,0,0,0,0,0,0,0
3174,3,izq,0,0,0,0,0,0,0,0,0,0,0,0,0,0,0,0
3175,3,ali,0,0,0,0,0,0,0,0,0,0,0,0,0,0,0,0
3176,3,ama,0,0,0,0,0,0,0,0,0,0,0,0,0,0,0,0
3177,3,din,0,0,0,0,0,0,0,0,0,0,0,0,0,0,0,0
3178,2,tyo,0,0,0,0,0,0,0,0,0,0,0,0,0,0,0,0
3179,2,yah,1,1,1,1,1,1,1,1,1,1,1,1,1,1,1,1
3180,4,smi,0,0,0,0,0,0,0,0,0,0,0,0,0,0,0,0
3181,2,iah,1,1,1,1,1,1,1,1,1,1,1,1,1,1,1,1
3182,3,wan,0,0,0,0,0,0,0,0,0,0,0,0,0,0,0,0
3183,3,wan,0,0,0,0,0,0,0,0,0,0,0,0,0,0,0,0
3184,4,mka,0,0,0,0,0,0,0,0,0,0,0,0,0,0,0,0
3185,4,eda,0,0,0,0,0,0,1,0,0,0,0,0,0,0,0,1
3186,3,ama,0,0,0,0,0,0,0,0,0,0,0,0,0,0,0,0
3187,3,eno,0,0,0,0,0,0,0,0,0,0,0,0,0,0,0,0
3188,3,nto,0,0,0,0,0,0,0,0,0,0,0,0,0,0,0,0
3189,3,tra,0,0,0,0,0,0,0,0,0,0,0,0,0,0,0,0
3190,3,tyo,0,0,0,0,0,0,0,0,0,0,0,0,0,0,0,0
3191,3,tra,0,0,0,0,0,0,0,0,0,0,0,0,0,0,0,0
3192,2,wan,0,0,0,0,0,0,0,0,0,0,0,0,0,0,0,0
3193,3,ndi,0,0,0,0,0,0,0,0,0,0,0,0,0,0,0,0
3194,3,ian,0,0,0,0,0,0,0,0,0,0,0,0,0,0,0,0
3195,2,stu,0,0,0,0,0,0,0,0,0,0,0,0,0,0,0,0
3196,4,ala,0,0,0,0,0,0,0,0,0,0,0,0,0,0,0,0
3197,3,eni,0,0,0,0,0,0,0,0,0,0,0,0,0,0,0,0
3198,3,nto,0,0,0,0,0,0,0,0,0,0,0,0,0,0,0,0
3199,3,ary,0,0,0,0,0,0,0,0,0,0,0,0,0,0,0,0
3200,3,lio,0,0,0,0,0,0,0,0,0,0,0,0,0,0,0,0
3201,3,any,0,0,0,0,0,0,0,0,0,0,0,0,0,0,0,0
3202,3,tra,0,0,0,0,0,0,0,0,0,0,0,0,0,0,0,0
3203,3,han,0,0,0,0,0,0,0,0,0,0,0,0,0,0,0,0
3204,3,kas,0,0,0,0,0,0,0,0,0,0,0,0,0,0,0,0
3205,3,ope,1,1,1,1,1,1,1,1,1,1,1,1,1,1,1,1
3206,4,iat,1,0,0,0,0,0,0,0,0,0,0,0,0,0,0,0
3207,3,aya,1,0,0,0,0,0,0,0,0,0,0,0,0,0,0,0
3208,3,lia,1,1,1,1,1,1,1,1,1,1,1,1,1,1,1,1
3209,3,ndy,1,1,1,0,1,1,1,1,1,0,1,1,1,1,1,1
3210,3,ine,1,1,1,0,1,1,0,1,1,0,1,1,0,1,1,0
3211,3,iva,1,1,1,1,1,1,1,1,1,1,1,1,1,1,1,1
3212,4,ion,0,0,0,0,0,0,0,0,0,0,0,0,0,0,0,0
3213,2,sie,1,1,1,1,1,1,1,1,1,1,1,1,1,1,1,1
3214,2,ira,1,1,1,1,1,1,1,1,1,1,1,1,1,1,1,1
3215,2,ene,1,1,1,1,1,1,1,1,1,1,1,1,1,1,1,1
3216,3,tan,1,1,1,1,1,1,1,1,1,1,1,1,1,1,1,1
3217,3,ini,1,1,1,1,1,1,1,1,1,1,1,1,1,1,1,1
3218,3,sty,1,1,1,1,1,1,1,1,1,1,1,1,1,1,1,1
3219,2,sty,1,1,1,1,1,1,1,1,1,1,1,1,1,1,1,1
3220,2,via,1,1,1,1,1,1,1,1,1,1,1,1,1,1,1,1
3221,3,nto,1,1,1,1,1,1,1,1,1,1,1,1,1,1,1,1
3222,3,uan,1,1,1,1,1,1,1,1,1,1,1,1,1,1,1,1
3223,3,ani,1,1,1,1,1,1,1,1,1,1,1,1,1,1,1,1
3224,3,ono,1,1,1,0,1,1,0,1,1,0,1,1,0,1,1,0
3225,3,ogo,1,1,1,0,1,1,0,1,1,0,1,1,0,1,1,0
3226,3,ana,1,1,1,1,1,1,1,1,1,1,1,1,1,1,1,1
3227,3,azi,0,0,0,0,0,0,0,0,0,0,0,0,0,0,0,0
3228,3,ari,1,1,0,1,1,0,1,1,0,1,1,0,1,1,0,1
3229,3,sti,1,1,1,1,1,1,1,1,1,1,1,1,1,1,1,1
3230,4,bur,0,0,0,0,0,0,0,0,0,0,0,0,0,0,0,0
3231,4,tra,0,0,0,0,0,0,0,0,0,0,0,0,0,0,0,0
3232,3,rno,0,0,0,0,0,0,0,0,0,0,0,0,0,0,0,0
3233,3,ing,0,0,0,0,0,0,0,0,0,0,0,0,0,0,0,0
3234,3,kti,0,0,0,0,0,0,0,0,0,0,0,0,0,0,0,0
3235,2,ian,0,0,0,0,0,0,0,0,0,0,0,0,0,0,0,0
3236,4,tri,1,1,1,1,1,1,1,1,1,1,1,1,1,1,1,1
3237,4,gru,1,1,1,1,1,1,1,1,1,1,1,1,1,1,1,1
3238,2,leh,0,0,0,0,0,0,0,0,0,0,0,0,0,0,0,0
3239,3,han,0,0,0,0,0,0,0,0,0,0,0,0,0,0,0,0
3240,3,ang,0,0,0,0,0,0,0,0,0,1,0,0,0,0,0,0
3241,2,wan,0,0,0,0,0,0,0,0,0,0,0,0,0,0,0,0
3242,4,tak,0,0,0,0,0,0,0,0,0,0,0,0,0,0,0,0
3243,2,owo,0,0,0,0,0,0,0,0,0,0,0,0,0,0,0,0
3244,5,ota,1,1,1,1,1,1,1,1,1,1,1,1,1,1,1,1
3245,2,ita,1,1,1,1,1,1,1,1,1,1,1,1,1,1,1,1
3246,2,ana,1,1,1,1,1,1,1,1,1,1,1,1,1,1,1,1
3247,4,ant,1,1,1,1,1,1,1,1,1,1,1,1,1,1,1,1
3248,5,ofa,1,1,1,1,1,1,1,1,1,1,1,1,1,1,1,1
3249,3,lla,1,1,1,1,1,1,1,1,1,1,1,1,1,1,1,1
3250,3,ila,1,1,1,1,1,1,1,1,1,1,1,1,1,1,1,1
3251,3,gar,1,1,1,1,1,1,1,1,1,1,1,1,1,1,1,1
3252,2,cia,1,1,1,1,1,1,1,1,1,1,1,1,1,1,1,1
3253,4,yan,0,0,0,0,0,0,0,0,0,0,0,0,0,0,0,0
3254,5,age,1,1,1,0,1,1,0,1,1,0,1,1,0,1,1,0
3255,3,tri,1,1,1,1,1,1,1,1,1,1,1,1,1,1,1,1
3256,4,rap,1,1,1,0,1,1,0,1,1,0,1,1,0,1,1,0
3257,3,min,1,1,1,0,1,1,0,1,1,0,1,1,0,1,1,0
3258,3,nti,1,1,1,1,1,1,1,1,1,1,1,1,1,1,1,1
3259,3,ata,0,0,0,0,0,0,0,0,0,0,0,0,0,0,0,0
3260,4,tri,1,1,1,1,1,1,1,1,1,1,1,1,1,1,1,1
3261,3,ang,1,1,1,1,1,1,1,1,1,1,1,1,1,1,1,1
3262,3,ima,0,0,0,0,0,0,0,0,0,0,0,0,0,0,0,0
3263,2,nis,1,1,1,1,1,1,1,1,1,1,1,1,1,1,1,1
3264,3,aby,1,1,1,1,1,1,1,1,1,1,1,1,1,1,1,1
3265,4,mah,1,1,1,1,1,1,1,1,1,1,1,1,1,1,1,1
3266,2,izi,0,0,0,0,0,0,0,0,0,0,0,0,0,0,0,0
3267,3,tyo,0,0,0,0,0,0,0,0,0,0,0,0,0,0,0,0
3268,4,kir,1,1,1,1,1,1,1,1,1,1,1,1,1,1,1,1
3269,3,mad,0,0,0,0,0,0,0,0,0,0,0,0,0,0,0,0
3270,3,lia,1,1,1,1,1,1,1,1,1,1,1,1,1,1,1,1
3271,3,aya,0,0,0,0,0,0,0,0,0,0,0,0,0,0,0,0
3272,3,tra,0,0,0,0,0,0,0,0,0,0,0,0,0,0,0,0
3273,3,yda,0,0,0,0,0,0,0,0,0,0,0,0,0,0,0,0
3274,2,ara,1,1,1,0,1,1,0,1,1,0,1,1,0,1,1,0
3275,3,lla,1,1,1,1,1,1,1,1,1,1,1,1,1,1,1,1
3276,2,isa,1,1,1,1,1,1,1,1,1,1,1,1,1,1,1,1
3277,3,uza,1,1,1,1,1,1,1,1,1,0,1,1,1,1,1,1
3278,3,ipa,0,0,0,0,0,0,0,0,0,0,0,0,0,0,0,0
3279,3,nur,1,1,1,1,1,1,1,1,1,1,1,1,1,1,1,1
3280,3,lah,0,0,0,0,0,0,0,0,0,0,0,0,0,0,0,0
3281,2,sri,0,0,0,1,0,0,0,0,0,0,0,0,0,0,0,1
3282,2,a'i,0,0,0,0,0,0,0,0,0,0,0,0,0,0,0,0
3283,3,ari,0,0,0,0,0,0,0,0,0,0,0,0,0,0,0,0
3284,3,hra,1,1,1,1,1,1,1,1,1,1,1,1,1,1,1,1
3285,4,tra,0,0,0,0,0,0,0,0,0,0,0,0,0,0,0,0
3286,3,has,1,0,0,1,0,0,1,0,0,1,0,0,1,0,0,1
3287,3,ibu,0,0,0,0,0,0,0,0,0,0,0,0,0,0,0,0
3288,3,lim,0,0,0,0,0,0,0,0,0,0,0,0,0,0,0,0
3289,3,son,0,0,0,0,0,0,0,0,0,0,0,0,0,0,0,0
3290,3,rta,0,0,0,0,0,0,0,0,0,0,0,0,0,0,0,0
3291,2,tya,0,0,0,0,0,0,0,0,0,0,0,0,0,0,0,0
3292,2,ani,1,0,0,1,0,0,1,0,0,1,0,0,1,0,0,1
3293,3,ani,1,1,1,1,1,1,1,1,1,1,1,1,1,1,1,1
3294,4,ita,1,1,1,1,1,1,1,1,1,1,1,1,1,1,1,1
3295,3,ufi,1,1,1,1,1,1,1,1,1,1,1,1,1,1,1,1
3296,2,iah,1,1,1,1,1,1,1,1,1,1,1,1,1,1,1,1
3297,3,nti,1,1,1,1,1,1,1,1,1,1,1,1,1,1,1,1
3298,3,oko,1,1,0,0,1,0,0,1,0,0,1,0,0,1,0,0
3299,4,hir,1,1,1,0,1,1,0,1,1,0,1,1,0,1,1,0
3300,3,ana,1,1,1,1,1,1,1,1,1,1,1,1,1,1,1,1
3301,3,lea,1,1,1,1,1,1,1,1,1,1,1,1,1,1,1,1
3302,3,aus,0,0,0,0,0,0,0,0,0,0,0,0,0,0,0,0
3303,4,kas,0,0,0,0,0,0,0,0,0,0,0,0,0,0,0,0
3304,4,dho,0,0,0,0,0,0,0,0,0,0,0,0,0,0,0,0
3305,3,nta,0,0,0,1,0,0,1,0,0,1,0,0,1,0,0,1
3306,3,ika,0,0,0,0,0,0,0,0,0,0,0,0,0,0,0,0
3307,2,oro,0,0,0,0,0,0,0,0,0,0,0,0,0,0,0,0
3308,4,ani,0,0,0,0,0,0,0,0,0,0,0,0,0,0,0,0
3309,3,ing,0,0,0,0,0,0,0,0,0,0,0,0,0,0,0,0
3310,3,nti,0,0,0,0,0,0,0,0,0,0,0,0,0,0,0,0
3311,3,rah,0,0,0,0,0,0,0,0,0,0,0,0,0,0,0,0
3312,2,oso,0,0,0,0,0,0,0,0,0,0,0,0,0,0,0,0
3313,3,ama,0,0,0,0,0,0,0,0,0,0,0,0,0,0,0,0
3314,3,aji,0,0,0,0,0,0,0,0,0,0,0,0,0,0,0,0
3315,3,oga,0,0,0,0,0,0,0,0,0,0,0,0,0,0,0,0
3316,3,ono,0,0,0,0,0,0,0,0,0,0,0,0,0,0,0,0
3317,3,oho,0,0,0,0,0,0,0,0,0,0,0,0,0,0,0,0
3318,3,bar,0,0,0,0,0,0,0,0,0,0,0,0,0,0,0,0
3319,3,oko,0,0,0,0,0,0,0,0,0,0,0,0,0,0,0,0
3320,3,nto,0,0,0,0,0,0,0,0,0,0,0,0,0,0,0,0
3321,3,ono,0,0,0,0,0,0,0,0,0,0,0,0,0,0,0,0
3322,2,iya,0,0,0,0,0,0,0,0,0,0,0,0,0,0,0,0
3323,2,tra,0,0,0,0,0,0,0,0,0,0,0,0,0,0,0,0
3324,3,nto,0,0,0,0,0,0,0,0,0,0,0,0,0,0,0,0
3325,3,omo,0,0,0,0,0,0,0,0,0,0,0,0,0,0,0,0
3326,3,ana,0,0,0,0,0,0,0,0,0,0,0,0,0,0,0,0
3327,3,oho,0,0,0,0,0,0,0,0,0,0,0,0,0,0,0,0
3328,2,ura,1,0,0,0,0,0,0,0,0,0,0,0,0,0,0,0
3329,4,kim,0,0,0,0,0,0,0,0,0,0,0,0,0,0,0,0
3330,3,ana,0,0,0,0,0,0,0,0,0,0,0,0,0,0,0,0
3331,3,ama,0,0,0,0,0,0,0,0,0,0,0,0,0,0,0,0
3332,3,zqi,0,0,0,0,0,0,0,0,0,0,0,0,0,0,0,0
3333,3,ian,0,0,0,0,0,0,0,0,0,0,0,0,0,0,0,0
3334,3,rta,1,0,0,0,0,0,0,0,0,0,0,0,0,0,0,0
3335,3,ama,0,0,0,0,0,0,0,0,0,0,0,0,0,0,0,0
3336,3,gga,0,0,0,0,0,0,0,0,0,0,0,0,0,0,0,0
3337,3,tya,0,0,0,0,0,0,0,0,0,0,0,0,0,0,0,0
3338,3,bar,0,0,0,0,0,0,0,0,0,0,0,0,0,0,0,0
3339,3,han,0,0,0,0,0,0,0,0,0,0,0,0,0,0,0,0
3340,3,sma,0,0,0,0,0,0,0,0,0,0,0,0,0,0,0,0
3341,2,ana,0,0,0,1,0,0,0,0,0,0,0,0,0,0,0,1
3342,3,aga,0,0,0,0,0,0,0,0,0,0,0,0,0,0,0,0
3343,3,ati,0,0,0,1,0,0,1,0,0,1,0,0,1,0,0,1
3344,3,riq,0,0,0,0,0,0,0,0,0,0,0,0,0,0,0,0
3345,4,ong,0,0,0,0,0,0,0,0,0,0,0,0,0,0,0,0
3346,2,tya,0,0,0,0,0,0,0,0,0,0,0,0,0,0,0,0
3347,3,ian,0,0,0,0,0,0,0,0,0,0,0,0,0,0,0,0
3348,3,han,0,0,0,0,0,0,0,0,0,0,0,0,0,0,0,0
3349,3,owo,0,0,0,0,0,0,0,0,0,0,0,0,0,0,0,0
3350,3,tro,0,0,0,0,0,0,0,0,0,0,0,0,0,0,0,0
3351,2,tio,0,0,0,0,0,0,0,0,0,0,0,0,0,0,0,0
3352,3,udi,1,0,0,0,0,0,0,0,0,0,0,0,0,0,0,0
3353,3,lia,1,0,1,1,0,1,1,0,1,1,0,1,1,0,1,1
3354,3,ola,1,1,1,1,1,1,1,1,1,1,1,1,1,1,1,1
3355,4,ury,0,0,0,0,0,0,0,0,0,0,0,0,0,0,0,0
3356,3,oso,0,0,0,0,0,0,0,0,0,0,0,0,0,0,0,0
3357,3,oho,0,0,0,0,0,0,0,0,0,0,0,0,0,0,0,0
3358,4,din,1,1,1,1,1,1,1,1,1,1,1,1,1,1,1,1
3359,3,tia,1,1,1,1,1,1,1,1,1,1,1,1,1,1,1,1
3360,3,zel,1,0,1,1,0,1,1,0,1,1,0,1,1,0,1,1
3361,2,jwa,1,1,1,1,1,1,0,1,1,0,1,1,0,1,1,0
3362,3,ara,0,0,0,0,0,0,0,0,0,0,0,0,0,0,0,0
3363,4,sud,0,0,0,0,0,0,0,0,0,1,0,0,0,0,0,0
3364,3,ssi,0,0,0,0,0,0,0,0,0,0,0,0,0,0,0,0
3365,3,rus,1,1,1,1,1,1,1,1,1,1,1,1,1,1,1,1
3366,3,ham,0,0,0,0,0,0,0,0,0,0,0,0,0,0,0,0
3367,2,oro,0,0,0,0,0,0,0,0,0,0,0,0,0,0,0,0
3368,3,ait,0,0,0,0,0,0,0,0,0,0,0,0,0,0,0,0
3369,3,tya,0,0,0,0,0,0,0,0,0,0,0,0,0,0,0,0
3370,3,ada,0,0,0,0,0,0,1,0,0,0,0,0,0,0,0,1
3371,3,wan,1,1,0,0,1,0,0,1,0,0,1,0,0,1,0,0
3372,3,mus,0,0,0,0,0,0,0,0,0,0,0,0,0,0,0,0
3373,4,ior,0,0,0,0,0,0,0,0,0,0,0,0,0,0,0,0
3374,3,ono,0,0,0,0,0,0,0,0,0,0,0,0,0,0,0,0
3375,2,aka,0,0,0,0,0,0,0,0,0,0,0,0,0,0,0,0
3376,3,aga,0,0,0,0,0,0,0,0,0,0,0,0,0,0,0,0
3377,2,lle,0,1,0,0,1,0,0,1,0,0,1,0,0,1,0,0
3378,3,tra,0,0,0,0,0,0,0,0,0,0,0,0,0,0,0,0
3379,3,ara,0,0,0,0,0,0,0,0,0,0,0,0,0,0,0,0
3380,3,sti,1,1,1,1,1,1,1,1,1,1,1,1,1,1,1,1
3381,3,gan,0,0,0,0,0,0,0,0,0,0,0,0,0,0,0,0
3382,4,ono,0,0,0,0,0,0,0,0,0,0,0,0,0,0,0,0
3383,3,tra,0,0,0,0,0,0,0,0,0,0,0,0,0,0,0,0
3384,4,nan,0,0,0,0,0,0,0,0,0,0,0,0,0,0,0,0
3385,2,mad,0,0,0,0,0,0,0,0,0,0,0,0,0,0,0,0
3386,4,gho,0,0,0,0,0,0,0,0,0,0,0,0,0,0,0,0
3387,3,nka,0,0,0,0,0,0,0,0,0,0,0,0,0,0,0,0
3388,3,lim,1,1,0,0,1,0,0,1,0,0,1,0,0,1,0,0
3389,4,owo,1,1,1,1,1,1,1,1,1,1,1,1,1,1,1,1
3390,5,and,1,1,1,1,1,1,1,1,1,1,1,1,1,1,1,1
3391,2,nda,1,1,1,1,1,1,1,1,1,1,1,1,1,1,1,1
3392,4,mbo,1,1,1,1,1,1,1,1,1,1,1,1,1,1,1,1
3393,2,gih,0,0,0,0,0,0,0,0,0,0,0,0,0,0,0,0
3394,3,cha,1,1,1,1,1,1,1,1,1,1,1,1,1,1,1,1
3395,2,oho,1,1,1,0,1,1,0,1,1,0,1,1,0,1,1,0
3396,3,oan,1,1,1,0,1,1,0,1,1,0,1,1,0,1,1,0
3397,3,ana,0,0,0,0,0,0,0,0,0,0,0,0,0,0,0,0
3398,3,lon,0,0,0,0,0,0,0,0,0,0,0,0,0,0,0,0
3399,3,zky,0,0,0,0,0,0,0,0,0,0,0,0,0,0,0,0
3400,3,aha,0,0,0,0,0,0,0,0,0,0,0,0,0,0,0,0
3401,3,oga,0,0,0,0,0,0,0,0,0,0,0,0,0,0,0,0
3402,3,uan,0,0,0,0,0,0,0,0,0,0,0,0,0,0,0,0
3403,3,uel,0,0,0,0,0,0,0,0,0,0,0,0,0,0,0,0
3404,4,sud,0,0,0,0,0,0,0,0,0,0,0,0,0,0,0,0
3405,3,any,0,0,0,0,0,0,0,0,0,0,0,0,0,0,0,0
3406,3,ria,0,0,0,0,0,0,0,0,0,0,0,0,0,0,0,0
3407,3,ian,0,0,0,0,0,0,0,0,0,0,0,0,0,0,0,0
3408,2,ise,0,0,0,0,0,0,0,0,0,0,0,0,0,0,0,0
3409,3,gga,0,0,0,0,0,0,0,0,0,0,0,0,0,0,0,0
3410,3,wan,0,0,0,0,0,0,0,0,0,0,0,0,0,0,0,0
3411,2,pto,0,0,0,0,0,0,0,0,0,0,0,0,0,0,0,0
3412,3,ari,0,0,0,0,0,0,0,0,0,0,0,0,0,0,0,0
3413,3,ner,0,0,0,0,0,0,0,0,0,0,0,0,0,0,0,0
3414,2,ita,1,1,1,1,1,1,1,1,1,1,1,1,1,1,1,1
3415,2,ono,0,0,0,0,0,0,0,0,0,0,0,0,0,0,0,0
3416,3,jen,0,0,0,0,0,0,0,0,0,0,0,0,0,0,0,0
3417,2,ono,0,0,0,0,0,0,0,0,0,0,0,0,0,0,0,0
3418,2,exa,1,1,1,0,1,1,0,1,1,0,1,1,0,1,1,0
3419,3,ana,1,1,1,1,1,1,1,1,1,1,1,1,1,1,1,1
3420,3,hra,1,1,1,1,1,1,1,1,1,1,1,1,1,1,1,1
3421,3,sta,1,1,1,0,1,1,0,1,1,0,1,1,0,1,1,0
3422,3,oko,1,1,1,1,1,1,1,1,1,1,1,1,1,1,1,1
3423,4,iwi,1,1,1,1,1,1,1,1,1,1,1,1,1,1,1,1
3424,3,man,1,1,1,0,1,1,0,1,1,0,1,1,0,1,1,0
3425,3,hra,1,1,1,1,1,1,1,1,1,1,1,1,1,1,1,1
3426,2,hra,1,1,1,1,1,1,1,1,1,1,1,1,1,1,1,1
3427,3,sta,1,1,1,1,1,1,1,1,1,1,1,1,1,1,1,1
3428,3,lia,1,1,1,1,1,1,1,1,1,1,1,1,1,1,1,1
3429,3,isa,1,1,1,1,1,1,1,1,1,1,1,1,1,1,1,1
3430,3,ita,1,1,1,1,1,1,1,1,1,1,1,1,1,1,1,1
3431,2,ana,1,1,1,1,1,1,1,1,1,1,1,1,1,1,1,1
3432,3,ela,1,1,1,1,1,1,1,1,1,1,1,1,1,1,1,1
3433,2,iah,1,1,1,1,1,1,1,1,1,1,1,1,1,1,1,1
3434,3,oyo,1,1,1,1,1,1,1,1,1,1,1,1,1,1,1,1
3435,2,isa,1,1,1,1,1,1,1,1,1,1,1,1,1,1,1,1
3436,2,ari,1,1,1,1,1,1,1,1,1,1,1,1,1,1,1,1
3437,3,tri,1,1,1,1,1,1,1,1,1,1,1,1,1,1,1,1
3438,3,fah,1,1,1,1,1,1,1,1,1,1,1,1,1,1,1,1
3439,3,nah,1,1,1,1,1,1,1,1,1,1,1,1,1,1,1,1
3440,2,nda,1,1,1,0,1,1,1,1,1,0,1,1,0,1,1,0
3441,3,hra,1,1,1,1,1,1,1,1,1,1,1,1,1,1,1,1
3442,2,nty,1,1,1,1,1,1,1,1,1,1,1,1,1,1,1,1
3443,2,ita,1,1,1,1,1,1,1,1,1,1,1,1,1,1,1,1
3444,3,tin,1,1,1,1,1,1,1,1,1,1,1,1,1,1,1,1
3445,4,ani,1,1,1,1,1,1,1,1,1,1,1,1,1,1,1,1
3446,3,lia,1,1,1,1,1,1,1,1,1,1,1,1,1,1,1,1
3447,3,ida,1,1,1,0,1,1,1,1,1,1,1,1,1,1,1,1
3448,3,ini,1,1,1,1,1,1,1,1,1,1,1,1,1,1,1,1
3449,3,ani,1,1,1,1,1,1,1,1,1,1,1,1,1,1,1,1
3450,2,ani,1,1,1,1,1,1,1,1,1,1,1,1,1,1,1,1
3451,2,ari,1,1,1,1,1,1,1,1,1,1,1,1,1,1,1,1
3452,2,ila,1,1,1,1,1,1,1,1,1,1,1,1,1,1,1,1
3453,3,ari,1,1,1,1,1,1,1,1,1,1,1,1,1,1,1,1
3454,2,lia,1,1,1,1,1,1,1,1,1,1,1,1,1,1,1,1
3455,2,kia,1,1,1,1,1,1,1,1,1,1,1,1,1,1,1,1
3456,3,naf,1,0,1,1,0,1,1,0,1,1,0,1,1,0,1,1
3457,3,yah,0,0,0,0,0,0,0,0,0,0,0,0,0,0,0,0
3458,3,wan,0,0,0,0,0,0,0,0,0,0,0,0,0,0,0,0
3459,2,ila,0,1,0,0,1,0,0,1,0,0,1,0,0,1,0,0
3460,3,oto,0,0,0,0,0,0,0,0,0,0,0,0,0,0,0,0
3461,3,uma,0,0,0,0,0,0,0,0,0,0,0,0,0,0,0,0
3462,3,wan,0,0,0,0,0,0,0,0,0,0,0,0,0,0,0,0
3463,3,dar,0,0,0,0,0,0,0,0,0,0,0,0,0,0,0,0
3464,2,ial,0,0,0,0,0,0,0,0,0,0,0,0,0,0,0,0
3465,3,yan,0,0,0,0,0,0,0,0,0,0,0,0,0,0,0,0
3466,3,una,0,0,0,0,0,0,0,0,0,0,0,0,0,0,0,0
3467,3,odo,0,0,0,0,0,0,0,0,0,0,0,0,0,0,0,0
3468,1,aya,1,0,1,0,0,1,0,0,1,0,0,1,0,0,1,0
3469,3,tri,1,1,1,1,1,1,1,1,1,1,1,1,1,1,1,1
3470,4,aol,1,1,1,1,1,1,1,1,1,1,1,1,1,1,1,1
3471,2,lia,1,1,1,1,1,1,1,1,1,1,1,1,1,1,1,1
3472,3,lla,1,1,1,1,1,1,1,1,1,1,1,1,1,1,1,1
3473,4,ona,1,1,1,1,1,1,1,1,1,1,1,1,1,1,1,1
3474,3,tri,1,1,1,1,1,1,1,1,1,1,1,1,1,1,1,1
3475,3,ani,1,1,1,1,1,1,1,1,1,1,1,1,1,1,1,1
3476,3,rim,1,1,1,1,1,1,1,1,1,1,1,1,1,1,1,1
3477,2,ita,1,1,1,1,1,1,1,1,1,1,1,1,1,1,1,1
3478,3,nta,1,0,1,1,0,1,1,0,1,1,0,1,1,0,1,1
3479,3,tra,0,0,0,0,0,0,0,0,0,0,0,0,0,0,0,0
3480,3,ira,1,1,1,1,1,1,1,1,1,1,1,1,1,1,1,1
3481,3,dha,1,1,1,0,1,1,0,1,1,0,1,1,0,1,1,0
3482,3,sih,1,1,1,1,1,1,1,1,1,1,1,1,1,1,1,1
3483,3,tri,1,1,1,1,1,1,1,1,1,1,1,1,1,1,1,1
3484,3,isa,1,1,1,1,1,1,1,1,1,1,1,1,1,1,1,1
3485,3,ana,1,1,1,1,1,1,1,1,1,1,1,1,1,1,1,1
3486,3,isa,1,1,1,1,1,1,1,1,1,1,1,1,1,1,1,1
3487,3,owo,0,0,0,0,0,0,0,0,0,0,0,0,0,0,0,0
3488,3,ogo,0,0,0,0,0,0,0,0,0,0,0,0,0,0,0,0
3489,2,udi,0,0,0,0,0,0,0,0,0,0,0,0,0,0,0,0
3490,4,ana,0,0,1,1,0,1,1,0,1,1,0,1,1,0,1,1
3491,3,rso,0,0,0,0,0,0,0,0,0,0,0,0,0,0,0,0
3492,3,rwa,1,1,1,1,1,1,1,1,1,1,1,1,1,1,1,1
3493,3,ina,1,1,1,1,1,1,1,1,1,1,1,1,1,1,1,1
3494,2,hra,1,1,1,1,1,1,1,1,1,1,1,1,1,1,1,1
3495,3,wan,1,1,0,0,1,0,0,1,0,0,1,0,0,1,0,0
3496,4,tri,1,1,1,1,1,1,1,1,1,1,1,1,1,1,1,1
3497,4,nto,1,1,1,1,1,1,1,1,1,1,1,1,1,1,1,1
3498,3,wan,1,1,1,0,1,1,0,1,1,0,1,1,0,1,1,0
3499,4,tri,1,1,1,1,1,1,1,1,1,1,1,1,1,1,1,1
3500,3,ila,1,1,1,1,1,1,1,1,1,1,1,1,1,1,1,1
3501,3,ila,1,1,1,1,1,1,1,1,1,1,1,1,1,1,1,1
3502,3,tri,1,1,1,1,1,1,1,1,1,1,1,1,1,1,1,1
3503,3,adi,1,1,1,1,1,1,1,1,1,1,1,1,0,1,1,1
3504,2,ani,1,1,1,1,1,1,1,1,1,1,1,1,1,1,1,1
3505,3,ani,1,1,1,1,1,1,1,1,1,1,1,1,1,1,1,1
3506,2,lia,1,1,1,1,1,1,1,1,1,1,1,1,1,1,1,1
3507,3,ata,1,1,1,1,1,1,1,1,1,1,1,1,1,1,1,1
3508,3,tri,1,1,1,1,1,1,1,1,1,1,1,1,1,1,1,1
3509,3,ira,1,1,1,1,1,1,1,1,1,1,1,1,1,1,1,1
3510,2,nti,1,1,1,1,1,1,1,1,1,1,1,1,1,1,1,1
3511,2,aza,1,1,1,0,1,1,1,1,1,1,1,1,1,1,1,1
3512,3,nty,1,1,1,1,1,1,1,1,1,1,1,1,1,1,1,1
3513,4,tri,1,1,1,1,1,1,1,1,1,1,1,1,1,1,1,1
3514,3,pul,1,1,1,1,1,1,1,1,1,0,1,1,0,1,1,1
3515,3,aah,1,1,1,1,1,1,1,1,1,1,1,1,1,1,1,1
3516,2,ccy,1,1,1,1,1,1,1,1,1,1,1,1,1,1,1,1
3517,3,man,1,1,1,1,1,1,1,1,1,1,1,1,1,1,1,1
3518,3,tri,1,1,1,1,1,1,1,1,1,1,1,1,1,1,1,1
3519,2,ano,0,0,0,0,0,0,0,0,0,0,0,0,0,0,0,0
3520,3,wan,0,0,0,0,0,0,0,0,0,0,0,0,0,0,0,0
3521,2,sha,1,1,1,0,1,1,0,1,1,0,1,1,0,1,1,0
3522,3,owo,1,1,1,1,1,1,1,1,1,1,1,1,1,1,1,1
3523,3,ona,1,1,0,0,1,0,0,1,0,0,1,0,0,1,0,0
3524,3,tar,1,1,1,1,1,1,1,1,1,1,1,1,1,1,1,0
3525,3,ani,1,1,1,1,1,1,1,1,1,1,1,1,1,1,1,1
3526,3,isa,1,1,1,1,1,1,1,1,1,1,1,1,1,1,1,1
3527,3,ofu,1,1,1,1,1,1,1,1,1,1,1,1,1,1,1,1
3528,4,ina,1,1,1,1,1,1,1,1,1,1,1,1,1,1,1,1
3529,2,wan,0,0,0,0,0,0,0,0,0,0,0,0,0,0,0,0
3530,3,ana,0,0,0,0,0,0,0,0,0,0,0,0,0,0,0,0
3531,3,owo,0,0,0,0,0,0,0,0,0,0,0,0,0,0,0,0
3532,2,ani,1,1,1,1,1,1,1,1,1,1,1,1,1,1,1,1
3533,1,nah,1,1,1,1,1,1,1,1,1,1,1,1,1,1,1,1
3534,3,ila,1,1,1,1,1,1,1,1,1,1,1,1,1,1,1,1
3535,3,tri,1,1,1,1,1,1,1,1,1,1,1,1,1,1,1,1
3536,3,rah,1,1,1,1,1,1,1,1,1,1,1,1,1,1,1,1
3537,3,any,1,1,1,1,1,1,1,1,1,1,1,1,1,1,1,1
3538,2,ani,1,1,1,1,1,1,1,1,1,1,1,1,1,1,1,1
3539,2,nti,1,1,1,1,1,1,1,1,1,1,1,1,1,1,1,1
3540,2,isa,1,1,1,1,1,1,1,1,1,1,1,1,1,1,1,1
3541,3,ewi,1,1,1,1,1,1,1,1,1,1,1,1,1,1,1,1
3542,4,rul,1,1,1,1,1,1,1,1,1,1,1,1,1,1,1,1
3543,4,nda,1,1,1,1,1,1,1,1,1,1,1,1,1,1,1,1
3544,3,ang,1,1,1,1,1,1,1,1,1,1,1,1,1,1,1,1
3545,2,nti,1,1,1,1,1,1,1,1,1,1,1,1,1,1,1,1
3546,2,aza,1,1,1,1,1,1,1,1,1,1,1,1,1,1,1,1
3547,2,ita,1,1,1,1,1,1,1,1,1,1,1,1,1,1,1,1
3548,3,sta,1,1,1,1,1,1,1,1,1,1,1,1,1,1,1,1
3549,3,nta,1,1,1,1,1,1,1,1,1,1,1,1,1,1,1,1
3550,2,ian,1,1,1,1,1,1,1,1,1,1,1,1,1,1,1,1
3551,4,ulo,0,0,0,0,0,0,0,0,0,0,0,0,0,0,0,0
3552,2,ari,1,1,1,1,1,1,1,1,1,1,1,1,1,1,1,1
3553,3,rty,1,1,1,1,1,1,1,1,1,1,1,1,1,1,1,1
3554,2,tri,1,1,1,1,1,1,1,1,1,1,1,1,1,1,1,1
3555,2,yas,1,1,1,1,1,1,1,1,1,1,1,1,1,1,1,1
3556,3,tri,1,1,1,1,1,1,1,1,1,1,1,1,1,1,1,1
3557,3,ani,1,1,1,1,1,1,1,1,1,1,1,1,1,1,1,1
3558,3,adi,1,1,1,1,1,1,1,1,1,1,1,1,1,1,1,1
3559,3,ari,1,1,1,1,1,1,1,1,1,1,1,1,1,1,1,1
3560,3,era,1,1,1,0,1,1,0,1,1,0,1,1,0,1,1,0
3561,2,nda,1,1,1,1,1,1,1,1,1,1,1,1,1,1,1,1
3562,2,isa,1,1,1,1,1,1,1,1,1,1,1,1,1,1,1,1
3563,3,aus,1,1,0,0,1,0,0,1,0,0,1,0,1,1,0,0
3564,2,eas,0,0,0,0,0,0,0,0,0,0,0,0,0,0,0,0
3565,3,nto,0,0,0,0,0,0,0,0,0,0,0,0,0,0,0,0
3566,3,lwa,1,1,1,1,1,1,1,1,1,1,1,1,1,1,1,1
3567,4,tri,1,1,1,1,1,1,1,1,1,1,1,1,1,1,1,1
3568,3,but,1,1,1,1,1,1,1,1,1,1,1,1,1,1,1,1
3569,3,uan,1,1,1,1,1,1,1,1,1,1,1,1,1,1,1,1
3570,3,ulu,1,1,1,1,1,1,1,1,1,1,1,1,1,1,1,1
3571,2,bah,1,1,1,1,1,1,1,1,1,1,1,1,1,1,1,1
3572,3,nti,1,1,1,1,1,1,1,1,1,1,1,1,1,1,1,1
3573,3,ell,1,1,1,1,1,1,1,1,1,1,1,1,1,1,1,1
3574,3,ion,1,1,1,0,1,1,0,1,1,0,1,1,0,1,1,0
3575,3,ais,1,1,1,1,1,1,0,1,1,1,1,1,1,1,1,1
3576,3,evi,1,1,1,1,1,1,1,1,1,1,1,1,1,1,1,1
3577,4,ari,1,1,1,1,1,1,1,1,1,1,1,1,1,1,1,1
3578,2,ita,1,1,1,1,1,1,1,1,1,1,1,1,1,1,1,1
3579,3,rat,1,1,1,1,1,1,1,1,1,1,1,1,1,1,1,1
3580,3,omi,1,1,1,1,1,1,1,1,1,1,1,1,1,1,1,1
3581,3,idi,0,1,0,1,1,0,1,1,0,1,1,0,1,1,0,1
3582,3,nto,0,0,0,0,0,0,0,0,0,0,0,0,0,0,0,0
3583,2,nto,0,0,0,0,0,0,0,0,0,0,0,0,0,0,0,0
3584,3,dya,0,0,0,0,0,0,0,0,0,0,0,0,0,0,0,0
3585,3,ara,0,0,0,0,0,0,0,0,0,0,0,0,0,0,0,0
3586,2,kay,0,1,0,0,1,0,0,1,0,0,1,0,0,1,0,0
3587,2,ana,0,0,1,0,0,1,0,0,1,0,0,1,0,0,1,0
3588,3,ina,1,1,1,1,1,1,1,1,1,1,1,1,1,1,1,1
3589,4,hri,1,1,1,1,1,1,1,1,1,1,1,1,1,1,1,1
3590,3,alu,1,1,1,1,1,1,1,1,1,1,1,1,1,1,1,1
3591,3,ari,1,1,1,1,1,1,1,1,1,1,1,1,1,1,1,1
3592,3,isa,1,1,1,1,1,1,1,1,1,1,1,1,1,1,1,1
3593,2,iny,1,1,1,1,1,1,1,1,1,1,1,1,1,1,1,1
3594,2,ssa,1,1,1,1,1,1,1,1,1,1,1,1,1,1,1,1
3595,3,lfa,1,1,1,1,1,1,1,1,1,1,1,1,1,1,1,1
3596,3,zka,1,1,1,1,1,1,1,1,1,1,1,1,1,1,1,1
3597,3,ira,1,1,1,1,1,1,1,1,1,1,1,1,1,1,1,1
3598,3,any,1,1,1,1,1,1,1,1,1,1,1,1,1,1,1,1
3599,3,wan,1,0,0,0,0,0,0,0,0,0,0,0,0,0,0,0
3600,4,oho,0,0,0,0,0,0,0,0,0,0,0,0,0,0,0,0
3601,2,tri,1,1,1,1,1,1,1,1,1,1,1,1,1,1,1,1
3602,2,fio,0,0,0,0,0,0,0,0,0,0,0,0,0,0,0,0
3603,2,tra,0,0,0,0,0,0,0,0,0,0,0,0,0,0,0,0
3604,4,tri,1,1,1,1,1,1,1,1,1,1,1,1,1,1,1,1
3605,3,qie,0,0,0,1,0,0,1,0,0,1,0,0,1,0,0,1
3606,4,tri,1,1,1,1,1,1,1,1,1,1,1,1,1,1,1,1
3607,1,nia,1,1,1,1,1,1,1,1,1,1,1,1,1,1,1,1
3608,4,lia,1,1,1,1,1,1,1,1,1,1,1,1,1,1,1,1
3609,3,oro,0,0,0,0,0,0,0,0,0,0,0,0,0,0,0,0
3610,4,tri,1,1,1,1,1,1,1,1,1,1,1,1,1,1,1,1
3611,3,tri,1,1,1,1,1,1,1,1,1,1,1,1,1,1,1,1
3612,2,him,0,0,0,0,0,0,0,0,0,0,0,0,0,0,0,0
3613,3,ani,1,1,1,1,1,1,1,1,1,1,1,1,1,1,1,1
3614,2,zam,0,0,0,0,0,0,0,0,0,0,0,0,0,0,0,0
3615,3,ico,1,1,1,1,1,1,1,1,1,1,1,1,1,1,1,1
3616,2,ira,1,1,1,1,1,1,1,1,1,1,1,1,1,1,1,1
3617,3,suf,1,1,1,1,1,1,1,1,1,1,1,1,1,1,1,1
3618,4,itn,0,0,0,0,0,0,0,0,0,0,0,0,0,0,0,0
3619,2,hal,0,0,0,0,0,0,0,0,0,0,0,0,0,0,0,0
3620,2,uha,1,1,1,1,1,1,1,1,1,1,1,1,1,1,1,1
3621,2,sya,1,1,1,1,1,1,1,1,1,1,1,1,1,1,1,1
3622,3,nti,1,1,1,1,1,1,1,1,1,1,1,1,1,1,1,1
3623,3,dha,0,0,0,0,0,0,0,0,0,0,0,0,0,0,0,0
3624,3,oro,0,0,0,0,0,0,0,0,0,0,0,0,0,0,0,0
3625,3,ing,1,0,0,1,0,0,1,0,0,1,0,0,1,0,0,1
3626,3,man,1,1,1,1,1,1,0,1,1,0,1,1,1,1,1,0
3627,2,ani,1,1,1,1,1,1,1,1,1,1,1,1,1,1,1,1
3628,4,syi,1,1,1,1,1,1,1,1,1,1,1,1,1,1,1,1
3629,3,ara,1,1,1,1,1,1,1,1,1,1,1,1,1,1,1,1
3630,3,nia,1,1,1,1,1,1,1,1,1,1,1,1,1,1,1,1
3631,3,ias,1,1,1,1,1,1,1,1,1,1,1,1,1,1,1,1
3632,3,tah,1,1,1,1,1,1,1,1,1,1,1,1,1,1,1,1
3633,3,oko,1,1,1,1,1,1,1,1,1,1,1,1,1,1,1,1
3634,2,ita,1,1,1,1,1,1,1,1,1,1,1,1,1,1,1,1
3635,2,hia,1,1,1,1,1,1,1,1,1,1,1,1,1,1,1,1
3636,3,isa,1,1,1,1,1,1,1,1,1,1,1,1,1,1,1,1
3637,2, jk,0,0,0,0,0,0,0,0,0,0,0,0,0,0,0,0
3638,3,tri,1,1,1,1,1,1,1,1,1,1,1,1,1,1,1,1
3639,4,nah,1,1,1,1,1,1,1,1,1,1,1,1,1,1,1,1
3640,3,ndy,1,1,1,0,1,1,0,1,1,0,1,1,0,1,1,0
3641,2,ian,1,1,1,1,1,1,1,1,1,0,1,1,0,1,1,0
3642,3,yah,1,1,1,1,1,1,1,1,1,1,1,1,1,1,1,1
3643,3,yza,1,1,1,1,1,1,1,1,1,1,1,1,1,1,1,1
3644,3,ens,1,1,1,0,1,1,0,1,1,0,1,1,0,1,1,0
3645,3,nia,1,1,1,1,1,1,1,1,1,1,1,1,1,1,1,1
3646,2,ina,1,1,1,1,1,1,1,1,1,1,1,1,1,1,1,1
3647,3,oso,0,0,0,0,0,0,0,0,0,0,0,0,0,0,0,0
3648,3,mah,1,1,1,1,1,1,1,1,1,1,1,1,1,1,1,1
3649,4,yah,1,1,1,1,1,1,1,1,1,1,1,1,1,1,1,1
3650,3,eno,0,0,0,0,0,0,0,0,0,0,0,0,0,0,0,0
3651,3,ani,1,1,1,1,1,1,1,1,1,1,1,1,1,1,1,1
3652,3,sha,1,1,1,1,1,1,1,1,1,1,1,1,1,1,1,1
3653,3,dji,1,1,0,0,1,0,0,1,0,0,1,0,0,1,0,0
3654,3,kra,1,1,1,0,1,1,0,1,1,0,1,1,0,1,1,0
3655,4,ing,1,1,1,1,1,1,1,1,1,1,1,1,1,1,1,1
3656,3,zza,1,1,1,1,1,1,1,1,1,1,1,1,1,1,1,1
3657,2,lia,1,1,1,1,1,1,1,1,1,1,1,1,1,1,1,1
3658,2,ika,1,1,1,1,1,1,1,1,1,1,1,1,1,1,1,1
3659,3,dza,1,1,1,1,1,1,1,1,1,1,1,1,1,1,1,1
3660,4,dia,1,1,1,1,1,1,1,1,1,1,1,1,1,1,1,1
3661,3,sty,1,1,1,1,1,1,1,1,1,1,1,1,1,1,1,1
3662,3,ina,1,1,1,1,1,1,1,1,1,1,1,1,1,1,1,1
3663,3,hra,1,1,1,1,1,1,1,1,1,1,1,1,1,1,1,1
3664,2,tia,1,1,1,0,1,1,0,1,1,0,1,1,0,1,1,0
3665,3,ani,1,1,1,1,1,1,1,1,1,1,1,1,1,1,1,1
3666,2,rti,1,1,1,1,1,1,1,1,1,1,1,1,1,1,1,1
3667,3,ila,1,1,1,1,1,1,1,1,1,1,1,1,1,1,1,1
3668,2,eha,1,1,1,0,1,1,0,1,1,0,1,1,0,1,1,1
3669,3,ani,1,1,1,1,1,1,1,1,1,1,1,1,1,1,1,1
3670,3,isa,1,1,1,1,1,1,1,1,1,1,1,1,1,1,1,1
3671,3,lah,1,1,1,0,1,1,0,1,1,0,1,1,0,1,1,1
3672,3,ung,1,1,1,1,1,1,1,1,1,1,1,1,1,1,1,1
3673,2,ela,1,1,1,1,1,1,1,1,1,1,1,1,1,1,1,1
3674,3,qis,1,1,1,1,1,1,1,1,1,1,1,1,1,1,1,1
3675,2,sya,1,1,1,1,1,1,1,1,1,1,1,1,1,1,1,1
3676,4,a s,1,1,1,1,1,1,1,1,1,1,1,1,1,1,1,1
3677,1,ryn,1,1,0,0,1,0,0,1,0,0,1,0,0,1,0,0
3678,3,ria,1,1,1,1,1,1,1,1,1,1,1,1,1,1,1,1
3679,4,and,1,1,1,1,1,1,1,1,1,1,1,1,1,1,1,1
3680,3,tri,1,1,1,1,1,1,1,1,1,1,1,1,1,1,1,1
3681,3,nen,0,0,1,0,0,1,1,0,1,0,0,1,1,0,1,0
3682,3,tri,1,1,1,1,1,1,1,1,1,1,1,1,1,1,1,1
3683,3,her,1,1,1,1,1,1,1,1,1,1,1,1,1,1,1,1
3684,2,ani,1,1,1,1,1,1,1,1,1,1,1,1,1,1,1,1
3685,3,ida,1,1,1,1,1,1,1,1,1,1,1,1,1,1,1,1
3686,4,dra,1,1,1,1,1,1,1,1,1,1,1,1,1,1,1,1
3687,2,ira,1,1,1,0,1,1,0,1,1,1,1,1,0,1,1,1
3688,3,nna,1,1,1,1,1,1,1,1,1,1,1,1,1,1,1,1
3689,3,nah,1,1,1,1,1,1,1,1,1,1,1,1,1,1,1,1
3690,3,nus,1,1,1,1,1,1,1,1,1,1,1,1,1,1,1,1
3691,2,sha,1,1,1,1,1,1,1,1,1,1,1,1,1,1,1,1
3692,3,sti,1,1,1,1,1,1,1,1,1,1,1,1,1,1,1,1
3693,3,nty,1,1,1,1,1,1,1,1,1,1,1,1,1,1,1,1
3694,3,yah,1,0,0,0,0,0,0,0,0,0,0,0,0,0,0,0
3695,4,yad,1,1,1,1,1,1,1,1,1,1,1,1,1,1,1,1
3696,3,ayu,1,1,1,1,1,1,1,1,1,1,1,1,1,1,1,1
3697,3,nia,1,1,1,1,1,1,1,1,1,1,1,1,1,1,1,1
3698,3,tri,1,1,1,1,1,1,1,1,1,1,1,1,1,1,1,1
3699,3,ani,1,1,1,1,1,1,1,1,1,1,1,1,1,1,1,1
3700,3,ido,0,0,0,0,0,0,0,0,0,0,0,0,0,0,0,0
3701,4,ton,1,1,1,1,1,1,1,1,1,1,1,1,1,1,1,1
3702,3,tya,0,0,0,0,0,0,0,0,0,0,0,0,0,0,0,0
3703,4,omo,0,0,0,0,0,0,0,0,0,0,0,0,0,0,0,0
3704,3,dar,0,0,0,0,0,0,0,0,0,0,0,0,0,0,0,0
3705,3,hra,1,1,1,1,1,1,1,1,1,1,1,1,1,1,1,1
3706,2,ira,1,1,1,1,1,1,1,1,1,1,1,1,1,1,1,1
3707,4,ina,1,1,1,1,1,1,1,1,1,1,1,1,1,1,1,1
3708,4,tin,1,1,1,1,1,1,1,1,1,1,1,1,1,1,1,1
3709,3,ati,1,1,1,1,1,1,1,1,1,1,1,1,1,1,1,1
3710,2,ssa,1,1,1,1,1,1,1,1,1,1,1,1,1,1,1,1
3711,3,lla,1,1,1,1,1,1,1,1,1,1,1,1,1,1,1,1
3712,4,tri,1,1,1,1,1,1,1,1,1,1,1,1,1,1,1,1
3713,4,bal,1,1,1,1,1,1,1,1,1,1,1,1,1,1,1,1
3714,4,wan,0,0,0,0,0,0,0,0,0,0,0,0,0,0,0,0
3715,3,idi,1,1,1,1,1,1,1,1,1,1,1,1,1,1,1,1
3716,3,lia,1,1,1,1,1,1,1,1,1,1,1,1,1,1,1,1
3717,1,ssa,1,1,1,1,1,1,1,1,1,1,1,1,1,1,1,1
3718,3,zna,1,1,1,1,1,1,1,1,1,1,1,1,1,1,1,1
3719,3,bun,0,0,0,0,0,0,0,0,0,0,0,0,0,0,0,0
3720,3,wan,0,0,0,0,0,0,0,0,0,0,0,0,0,0,0,0
3721,3,zka,1,1,1,1,1,1,1,1,1,1,1,1,1,1,1,1
3722,3,ing,0,0,0,0,0,0,0,0,0,0,0,0,0,0,0,0
3723,2,dan,0,0,0,0,0,0,0,0,0,0,0,0,0,0,0,0
3724,3,yas,1,1,1,1,1,1,1,1,1,1,1,1,1,1,1,1
3725,3,ong,0,0,0,0,0,0,0,0,0,0,0,0,0,0,0,0
3726,3,uel,0,0,0,0,0,0,0,0,0,0,0,0,0,0,0,0
3727,3,nan,1,1,1,0,1,1,0,1,1,0,1,1,0,1,1,0
3728,2,ano,0,0,0,0,0,0,0,0,0,0,0,0,0,0,0,0
3729,4,gar,0,0,0,0,0,0,0,0,0,0,0,0,0,0,0,0
3730,3,aha,0,0,0,0,0,0,0,0,0,0,0,0,0,0,0,0
3731,3,rba,0,0,0,0,0,0,0,0,0,0,0,0,0,0,0,0
3732,3,tra,0,0,0,0,0,0,0,0,0,0,0,0,0,0,0,0
3733,3,oro,0,0,0,0,0,0,0,0,0,0,0,0,0,0,0,0
3734,4,mbe,0,0,0,0,0,0,0,0,0,0,0,0,0,0,0,0
3735,3,aya,0,0,0,0,0,0,0,0,0,0,0,0,0,0,0,0
3736,4,ato,0,0,0,0,0,0,0,0,0,0,0,0,0,0,0,0
3737,4,uka,0,0,0,0,0,0,0,0,0,0,0,0,0,0,0,0
3738,2,nto,0,0,0,0,0,0,0,0,0,0,0,0,0,0,0,0
3739,3,lao,0,0,0,0,0,0,0,0,0,0,0,0,0,0,0,0
3740,3,pul,0,0,0,0,0,0,0,0,0,0,0,0,0,0,0,0
3741,2,eno,0,0,0,0,0,0,0,0,0,0,0,0,0,0,0,0
3742,4,s p,0,0,0,0,0,0,0,0,0,0,0,0,0,0,0,0
3743,2,lly,0,0,0,0,0,0,0,0,0,0,0,0,0,0,0,0
3744,3,ria,0,0,0,0,0,0,0,0,0,0,0,0,0,0,0,0
3745,2,ino,0,0,0,0,0,0,0,0,0,0,0,0,0,0,0,0
3746,2,hil,1,0,0,1,0,0,1,0,0,1,0,0,1,0,0,1
3747,3,pis,0,0,0,0,0,0,0,0,0,0,0,0,0,0,0,0
3748,3,lau,1,1,1,1,1,1,1,1,1,1,1,1,1,1,1,1
3749,3,aya,1,1,1,1,1,1,1,1,1,1,1,1,1,1,1,1
3750,3,alu,1,1,1,1,1,1,1,1,1,1,1,1,1,1,1,1
3751,2,iba,1,1,1,1,1,1,1,1,1,1,1,1,1,1,1,1
3752,4,jak,1,1,1,1,1,1,1,1,1,1,1,1,1,1,1,1
3753,4,pur,0,0,0,0,0,0,0,0,0,0,0,0,0,0,0,0
3754,3,uan,0,0,0,0,0,0,0,0,0,0,0,0,0,0,0,0
3755,3,aya,0,0,0,0,0,0,0,0,0,0,0,0,0,0,0,0
3756,3,der,0,0,0,0,0,0,0,0,0,0,0,0,0,0,0,0
3757,3,ata,0,0,0,1,0,0,1,0,0,1,0,0,1,0,0,1
3758,2,gun,0,0,0,0,0,0,0,0,0,0,0,0,0,0,0,0
3759,3,rus,0,0,0,0,0,0,0,0,0,0,0,0,0,0,0,0
3760,4,asi,1,1,1,1,1,1,1,1,1,1,1,1,1,1,1,1
3761,3,sti,1,1,1,1,1,1,1,1,1,1,1,1,1,1,1,1
3762,3,vin,1,1,1,1,1,1,1,1,1,1,1,1,1,1,1,1
3763,2,mah,1,1,1,1,1,1,1,1,1,1,1,1,1,1,1,1
3764,3,ani,1,1,1,1,1,1,1,1,1,1,1,1,1,1,1,1
3765,3,ari,1,1,1,1,1,1,1,1,1,1,1,1,1,1,1,1
3766,2,yah,1,1,1,1,1,1,1,1,1,1,1,1,1,1,1,1
3767,2,ati,1,1,1,1,1,1,1,1,1,1,1,1,1,1,1,1
3768,4,ono,0,0,0,0,0,0,0,0,0,0,0,0,0,0,0,0
3769,3,lah,1,1,1,1,1,1,1,1,1,1,1,1,1,1,1,1
3770,3,ian,0,0,0,0,0,0,0,0,0,0,0,0,0,0,0,0
3771,3,dra,0,0,0,0,0,0,0,0,0,0,0,0,0,0,0,0
3772,3,omo,0,0,0,0,0,0,0,0,0,0,0,0,0,0,0,0
3773,3,hmi,0,1,0,0,1,0,0,1,0,0,1,0,0,1,0,0
3774,2,eno,0,0,0,0,0,0,0,0,0,0,0,0,0,0,0,0
3775,2,ita,1,1,1,1,1,1,1,1,1,1,1,1,1,1,1,1
3776,3,lla,1,1,1,1,1,1,1,1,1,1,1,1,1,1,1,1
3777,2,tya,1,1,1,0,1,1,1,1,1,1,1,1,1,1,1,1
3778,3,uti,1,1,1,1,1,1,1,1,1,1,1,1,1,1,1,1
3779,2,ica,1,1,1,1,1,1,1,1,1,1,1,1,1,1,1,1
3780,3,ani,1,1,1,1,1,1,1,1,1,1,1,1,1,1,1,1
3781,2,sty,1,1,1,1,1,1,1,1,1,1,1,1,1,1,1,1
3782,3,ira,1,1,1,0,1,1,0,1,1,0,1,1,0,1,1,0
3783,2,ina,1,1,1,1,1,1,1,1,1,1,1,1,1,1,1,1
3784,2,nda,1,1,1,1,1,1,1,1,1,1,1,1,1,1,1,1
3785,4,ayu,1,1,1,1,1,1,1,1,1,1,1,1,1,1,1,1
3786,2,sya,1,1,1,1,1,1,1,1,1,1,1,1,1,1,1,1
3787,2,lya,1,1,1,1,1,1,1,1,1,1,1,1,1,1,1,1
3788,3,ani,1,1,1,1,1,1,1,1,1,1,1,1,1,1,1,1
3789,3,tri,1,1,1,1,1,1,1,1,1,1,1,1,1,1,1,1
3790,2,nty,1,1,1,1,1,1,1,1,1,1,1,1,1,1,1,1
3791,2,ari,1,1,1,1,1,1,1,1,1,1,1,1,1,1,1,1
3792,3,sna,1,1,1,1,1,1,1,1,1,1,1,1,1,1,1,1
3793,2,tri,1,1,1,1,1,1,1,1,1,1,1,1,1,1,1,1
3794,3,ari,1,1,1,1,1,1,1,1,1,1,1,1,1,1,1,1
3795,3,ani,1,1,1,1,1,1,1,1,1,1,1,1,1,1,1,1
3796,3,ati,1,1,1,1,1,1,1,1,1,1,1,1,1,1,1,1
3797,4,ram,1,1,1,1,1,1,1,1,1,1,1,1,1,1,1,1
3798,3,lia,1,1,1,1,1,1,1,1,1,1,1,1,1,1,1,1
3799,3,tri,1,1,1,1,1,1,1,1,1,1,1,1,1,1,1,1
3800,3,eli,1,1,1,1,1,1,1,1,1,1,1,1,1,1,1,1
3801,3,nto,1,1,1,0,1,1,0,1,1,0,1,1,0,1,1,0
3802,3,lia,1,1,1,1,1,1,1,1,1,1,1,1,1,1,1,1
3803,3,sir,1,1,1,1,1,1,1,1,1,1,1,1,1,1,1,1
3804,3,hia,1,1,1,1,1,1,1,1,1,1,1,1,1,1,1,1
3805,3,sih,1,1,1,1,1,1,1,1,1,1,1,1,1,1,1,1
3806,5,pul,1,1,1,1,1,1,1,1,1,1,1,1,1,1,1,1
3807,1,nto,0,0,0,0,0,0,0,0,0,0,0,0,0,0,0,0
3808,3,nda,1,1,1,1,1,1,1,1,1,1,1,1,1,1,1,1
3809,3,ila,1,1,1,1,1,1,1,1,1,1,1,1,1,1,1,1
3810,2,lia,1,1,1,1,1,1,1,1,1,1,1,1,1,1,1,1
3811,3,ila,1,1,1,1,1,1,1,1,1,1,1,1,1,1,1,1
3812,3,ani,1,1,1,1,1,1,1,1,1,1,1,1,1,1,1,1
3813,2,hra,1,1,1,1,1,1,1,1,1,1,1,1,1,1,1,1
3814,3,aya,1,1,1,1,1,1,1,1,1,1,1,1,1,1,1,1
3815,3,ani,1,1,1,1,1,1,1,1,1,1,1,1,1,1,1,1
3816,2,ina,1,1,1,1,1,1,1,1,1,1,1,1,1,1,1,1
3817,2,sia,1,1,1,1,1,1,1,1,1,1,1,1,1,1,1,1
3818,3,ira,1,1,1,1,1,1,1,1,1,1,1,1,1,1,1,1
3819,3,nia,1,1,1,1,1,1,1,1,1,1,1,1,1,1,1,1
3820,2,yla,1,1,1,1,1,1,1,1,1,1,1,1,1,1,1,1
3821,3,nda,1,1,1,1,1,1,1,1,1,1,1,1,1,1,1,1
3822,3,ndi,1,1,1,1,1,1,1,1,1,1,1,1,1,1,1,1
3823,4,uti,1,1,1,1,1,1,1,1,1,1,1,1,1,1,1,1
3824,3,aya,1,1,1,1,1,1,1,1,1,1,1,1,1,1,1,1
3825,3,upi,1,1,1,1,1,1,1,1,1,1,1,1,1,1,1,1
3826,3,eva,1,1,1,1,1,1,1,1,1,0,1,1,1,1,1,1
3827,3,rus,1,1,1,0,1,1,0,1,1,0,1,1,0,1,1,0
3828,3,ang,1,1,1,1,1,1,1,1,1,1,1,1,1,1,1,1
3829,3,sih,1,1,1,1,1,1,1,1,1,1,1,1,1,1,1,1
3830,3,lia,1,1,1,1,1,1,1,1,1,1,1,1,1,1,1,1
3831,2,gan,0,0,0,0,0,0,0,0,0,0,0,0,0,0,0,0
3832,3,lan,1,1,1,0,1,1,0,1,1,1,1,1,1,1,1,0
3833,3,ila,1,1,1,1,1,1,1,1,1,1,1,1,1,1,1,1
3834,3,iko,1,1,1,1,1,1,1,1,1,1,1,1,1,1,1,1
3835,3,rto,1,1,1,0,1,1,0,1,1,0,1,1,0,1,1,0
3836,3,ing,1,1,1,1,1,1,1,1,1,1,1,1,0,1,1,0
3837,3,nda,1,1,1,1,1,1,1,1,1,1,1,1,1,1,1,1
3838,3,lia,1,1,1,1,1,1,1,1,1,1,1,1,1,1,1,1
3839,3,ana,1,1,1,1,1,1,1,1,1,1,1,1,1,1,1,1
3840,3,ima,1,1,1,1,1,1,1,1,1,1,1,1,1,1,1,1
3841,3,nti,1,1,1,1,1,1,1,1,1,1,1,1,1,1,1,1
3842,2,ine,1,1,1,1,1,1,1,1,1,1,1,1,1,1,1,1
3843,3,lla,1,1,1,1,1,1,1,1,1,1,1,1,1,1,1,1
3844,4,lon,1,1,1,1,1,1,1,1,1,1,1,1,1,1,1,1
3845,3,sta,1,1,1,1,1,1,1,1,1,1,1,1,1,1,1,1
3846,3,ibu,1,1,1,0,1,1,0,1,1,0,1,1,0,1,1,0
3847,3,oni,1,1,1,1,1,1,1,1,1,1,1,1,1,1,1,1
3848,4,ria,1,1,1,1,1,1,1,1,1,1,1,1,1,1,1,1
3849,3,rum,1,1,1,1,1,1,1,1,1,1,1,1,1,1,1,1
3850,4,tok,0,0,0,0,0,0,0,0,0,0,0,0,0,0,0,0
3851,2,lia,1,1,1,1,1,1,1,1,1,1,1,1,1,1,1,1
3852,3,ffa,1,1,1,0,1,1,0,1,1,0,1,1,0,1,1,0
3853,4,tra,0,0,0,0,0,0,0,0,0,0,0,0,0,0,0,0
3854,2,ska,0,0,1,0,0,1,0,0,1,0,0,1,0,0,1,0
3855,3,aan,0,0,0,0,0,0,0,0,0,0,0,0,0,0,0,0
3856,3,ora,1,1,1,1,1,1,1,1,1,1,1,1,1,1,1,1
3857,2,ldo,0,0,0,0,0,0,0,0,0,0,0,0,0,0,0,0
3858,3,ung,0,0,0,0,0,0,0,0,0,0,0,0,0,0,0,0
3859,4,ban,0,0,0,0,0,0,0,0,0,0,0,0,0,0,0,0
3860,4,oko,1,1,1,1,1,1,1,1,1,1,1,1,1,1,1,1
3861,2,ora,0,1,0,0,1,0,0,1,0,0,1,0,0,1,0,0
3862,4,din,1,1,1,1,1,1,1,1,1,1,1,1,1,1,1,1
3863,4,lba,1,1,1,1,1,1,1,1,1,1,1,1,1,1,1,1
3864,3,hra,1,1,1,1,1,1,1,1,1,1,1,1,1,1,1,1
3865,4,yah,1,1,1,1,1,1,1,1,1,1,1,1,1,1,1,1
3866,2,isa,1,1,1,1,1,1,1,1,1,1,1,1,1,1,1,1
3867,4,ira,1,1,1,1,1,1,1,1,1,1,1,1,1,1,1,1
3868,3,ing,1,1,1,1,1,1,1,1,1,1,1,1,1,1,1,1
3869,4,ina,1,1,1,1,1,1,1,1,1,1,1,1,1,1,1,1
3870,3,lwa,1,1,1,1,1,1,1,1,1,1,1,1,1,1,1,1
3871,4,ami,1,1,1,0,1,1,0,1,1,0,1,1,0,1,1,0
3872,4,lni,1,1,1,1,1,1,1,1,1,1,1,1,1,1,1,1
3873,3,mma,1,1,1,0,1,1,0,1,1,0,1,1,0,1,1,0
3874,4,ian,1,1,1,1,1,1,1,1,1,1,1,1,1,1,1,1
3875,4,rin,1,1,1,1,1,1,1,1,1,1,1,1,1,1,1,0
3876,3,tri,1,1,1,1,1,1,1,1,1,1,1,1,1,1,1,1
3877,3,ang,1,1,1,1,1,1,1,1,1,1,1,1,1,1,1,1
3878,3,ssa,1,1,1,1,1,1,1,1,1,1,1,1,1,1,1,1
3879,3,ams,0,0,0,0,0,0,0,0,0,0,0,0,0,0,0,0
3880,3,nto,0,0,0,0,0,0,0,0,0,0,0,0,0,0,0,0
3881,5,bis,0,0,0,0,0,0,0,0,0,0,0,0,0,0,0,0
3882,3,nto,0,0,0,0,0,0,0,0,0,0,0,0,0,0,0,0
3883,3,tyo,0,0,0,0,0,0,0,0,0,0,0,0,0,0,0,0
3884,3,tra,0,0,0,0,0,0,0,0,0,0,0,0,0,0,0,0
3885,2,lah,0,0,0,0,0,0,0,0,0,0,0,0,1,0,0,0
3886,3,ali,0,0,0,0,0,0,0,0,0,0,0,0,1,0,0,1
3887,2,tyo,0,0,0,0,0,0,0,0,0,0,0,0,0,0,0,0
3888,3,stu,0,0,0,0,0,0,0,0,0,0,0,0,0,0,0,0
3889,3,han,0,0,0,0,0,0,0,0,0,0,0,0,0,0,0,0
3890,3,ono,0,0,0,0,0,0,0,0,0,0,0,0,0,0,0,0
3891,2,zaq,0,0,0,0,0,0,0,0,0,0,0,0,0,0,0,0
3892,2,tya,0,0,0,0,0,0,0,0,0,0,0,0,0,0,0,0
3893,3,ama,0,0,0,0,0,0,0,0,0,0,0,0,0,0,0,0
3894,2,ata,0,0,0,0,0,0,0,0,0,0,0,0,0,0,0,0
3895,2,mad,0,0,0,0,0,0,0,0,0,0,0,0,0,0,0,0
3896,3,man,0,0,0,0,0,0,0,0,0,0,0,0,0,0,0,0
3897,3,ezi,0,0,0,0,0,0,0,0,0,0,0,0,0,0,0,0
3898,4,sta,0,0,0,1,0,0,1,0,0,1,0,0,1,0,0,1
3899,3,yah,0,0,0,0,0,0,0,0,0,0,0,0,0,0,0,0
3900,3,ani,0,0,0,1,0,0,1,0,0,1,0,0,1,0,0,1
3901,2,eza,0,0,0,0,0,0,0,0,0,0,0,0,0,0,0,0
3902,3,ian,1,0,0,0,0,0,0,0,0,0,0,0,0,0,0,0
3903,3,nto,1,0,0,0,0,0,0,0,0,0,0,0,0,0,0,0
3904,2,ano,0,0,0,0,0,0,0,0,0,0,0,0,0,0,0,0
3905,4,zel,0,0,0,0,0,0,0,0,0,0,0,0,0,0,0,0
3906,3,tra,0,0,0,0,0,0,0,0,0,0,0,0,0,0,0,0
3907,2,iya,0,0,0,0,0,0,0,0,0,0,0,0,0,0,0,0
3908,3,iar,0,0,0,1,0,0,1,0,0,1,0,0,1,0,0,1
3909,3,aus,0,0,0,0,0,0,0,0,0,0,0,0,0,0,0,0
3910,2,ano,0,0,0,0,0,0,0,0,0,0,0,0,0,0,0,0
3911,3,tra,0,0,0,0,0,0,0,0,0,0,0,0,0,0,0,0
3912,2,ara,0,0,0,1,0,0,1,0,0,1,0,0,1,0,0,0
3913,2,ara,0,0,0,1,0,0,1,0,0,0,0,0,1,0,0,0
3914,2,tra,0,0,0,0,0,0,0,0,0,0,0,0,0,0,0,0
3915,3,fal,0,0,0,0,0,0,0,0,0,0,0,0,0,0,0,0
3916,3,wan,0,0,0,0,0,0,0,0,0,0,0,0,0,0,0,0
3917,3,mad,0,0,0,0,0,0,0,0,0,0,0,0,0,0,0,0
3918,3,gta,0,0,0,0,0,0,0,0,0,0,0,0,0,0,0,0
3919,3,ain,0,0,0,0,0,0,0,0,0,0,0,0,0,0,0,0
3920,3,adi,0,0,0,0,0,0,0,0,0,0,0,0,0,0,0,0
3921,3,nur,0,1,1,1,1,1,1,1,1,1,1,1,1,1,1,1
3922,3,ita,0,0,0,0,0,0,0,0,0,0,0,0,0,0,0,0
3923,3,han,0,0,0,0,0,0,0,0,0,0,0,0,0,0,0,0
3924,3,ira,0,0,0,0,0,0,0,0,0,0,0,0,0,0,0,0
3925,3,ama,0,0,0,0,0,0,0,0,0,0,0,0,0,0,0,0
3926,2,uvi,0,1,0,1,1,0,1,1,0,0,1,0,1,1,0,0
3927,3,nia,1,1,1,1,1,1,1,1,1,1,1,1,1,1,1,1
3928,3,nta,0,0,0,0,0,0,0,0,0,0,0,0,0,0,0,0
3929,3,ang,0,0,0,0,0,0,0,0,0,0,0,0,0,0,0,0
3930,3,awi,0,0,0,0,0,0,0,0,0,0,0,0,0,0,0,0
3931,3,han,0,0,0,0,0,0,0,0,0,0,0,0,0,0,0,0
3932,4,ama,0,0,0,0,0,0,0,0,0,0,0,0,0,0,0,0
3933,3,aha,0,0,0,0,0,0,0,0,0,0,0,0,0,0,0,0
3934,3,man,0,0,0,0,0,0,0,0,0,0,0,0,0,0,0,0
3935,3,sti,0,0,0,0,0,0,0,0,0,0,0,0,0,0,0,0
3936,3,oni,0,0,0,0,0,0,1,0,0,0,0,0,0,0,0,0
3937,3,lah,0,1,0,1,1,0,1,1,0,1,1,0,1,1,0,1
3938,2,tra,0,0,0,0,0,0,0,0,0,0,0,0,0,0,0,0
3939,3,nto,0,0,0,0,0,0,0,0,0,0,0,0,0,0,0,0
3940,3,nas,0,0,0,0,0,0,0,0,0,0,0,0,0,0,0,0
3941,3,han,0,0,0,0,0,0,0,0,0,0,0,0,0,0,0,0
3942,2,uta,0,0,0,1,0,0,1,0,0,1,0,0,1,0,0,1
3943,3,yah,0,0,0,0,0,0,0,0,0,0,0,0,0,0,0,0
3944,3,oro,0,0,0,0,0,0,0,0,0,0,0,0,0,0,0,0
3945,3,dri,1,1,0,1,1,0,1,1,0,1,1,0,1,1,0,1
3946,3,ida,1,0,0,1,0,0,1,0,0,1,0,0,1,0,0,1
3947,3,nif,0,0,0,0,0,0,0,0,0,0,0,0,0,0,0,0
3948,3,ito,0,0,0,0,0,0,0,0,0,0,0,0,0,0,0,0
3949,3,omo,0,0,0,0,0,0,0,0,0,0,0,0,0,0,0,0
3950,3,mad,0,0,0,0,0,0,0,0,0,0,0,0,0,0,0,0
3951,3,nan,0,0,0,0,0,0,0,0,0,0,0,0,0,0,0,0
3952,2,tan,0,0,0,0,0,0,0,0,0,0,0,0,0,0,0,0
3953,2,lah,0,0,0,0,0,0,0,0,0,0,0,0,0,0,0,0
3954,3,wan,0,0,0,0,0,0,0,0,0,0,0,0,0,0,0,0
3955,2, au,0,0,0,0,0,0,0,0,0,0,0,0,0,0,0,0
3956,3,han,0,0,0,0,0,0,0,0,0,0,0,0,0,0,0,0
3957,3,aji,1,1,1,1,1,1,1,1,1,1,1,1,1,1,1,1
3958,3,man,0,0,0,0,0,0,0,0,0,0,0,0,0,0,0,0
3959,4,ari,0,0,0,0,0,0,0,0,0,0,0,0,0,0,0,0
3960,2,ani,0,0,0,1,0,0,1,0,0,1,0,0,1,0,0,1
3961,2,zah,1,1,1,1,1,1,1,1,1,1,1,1,1,1,1,1
3962,3,ira,1,1,1,1,1,1,1,1,1,1,1,1,1,1,1,1
3963,3,ari,1,1,1,1,1,1,1,1,1,1,1,1,1,1,1,1
3964,3,ipa,1,1,1,1,1,1,1,1,1,1,1,1,1,1,1,1
3965,3,yah,1,1,1,1,1,1,1,1,1,1,1,1,1,1,1,1
3966,3,tra,0,0,0,0,0,0,0,0,0,0,0,0,0,0,0,0
3967,3,lya,1,1,1,1,1,1,1,1,1,1,1,1,1,1,1,1
3968,2,hra,1,1,1,1,1,1,1,1,1,1,1,1,1,1,1,1
3969,3,tri,1,1,1,1,1,1,1,1,1,1,1,1,1,1,1,1
3970,3,oho,0,0,0,0,0,0,0,0,0,0,0,0,0,0,0,0
3971,3,hah,0,0,0,0,0,0,0,0,0,0,0,0,0,0,0,0
3972,3,kih,0,0,0,0,0,0,0,0,0,0,0,0,0,0,0,0
3973,3,ama,0,0,0,0,0,0,0,0,0,0,0,0,0,0,0,0
3974,3,ana,0,0,0,0,0,0,0,0,0,0,0,0,0,0,0,0
3975,3,ano,0,0,0,0,0,0,0,0,0,0,0,0,0,0,0,0
3976,2,nto,0,0,0,0,0,0,0,0,0,0,0,0,0,0,0,0
3977,2,lah,0,0,0,0,0,0,0,0,0,0,0,0,0,0,0,0
3978,3,man,0,0,0,0,0,0,0,0,0,0,0,0,0,0,0,0
3979,2,tya,0,0,0,0,0,0,0,0,0,0,0,0,0,0,0,0
3980,3,ana,0,0,0,1,0,0,1,0,0,1,0,0,1,0,0,1
3981,3,stu,0,0,0,0,0,0,0,0,0,0,0,0,0,0,0,0
3982,3,fah,1,1,1,1,1,1,1,1,1,1,1,1,1,1,1,1
3983,3,hir,0,0,0,0,0,0,0,0,0,0,0,0,0,0,0,0
3984,3,ama,0,0,0,0,0,0,0,0,0,0,0,0,0,0,0,0
3985,4,ama,0,0,0,0,0,0,0,0,0,0,0,0,0,0,0,0
3986,3,omo,0,0,0,0,0,0,0,0,0,0,0,0,0,0,0,0
3987,2,zki,0,0,0,0,0,0,0,0,0,0,0,0,0,0,0,0
3988,2,oro,0,0,0,0,0,0,0,0,0,0,0,0,0,0,0,0
3989,2,kas,0,0,0,0,0,0,0,0,0,0,0,0,0,0,0,0
3990,3,nto,0,0,0,0,0,0,0,0,0,0,0,0,0,0,0,0
3991,3,wan,0,0,0,0,0,0,0,0,0,0,0,0,0,0,0,0
3992,3,ezi,0,0,0,0,0,0,0,0,0,0,0,0,0,0,0,0
3993,3,ama,0,0,0,0,0,0,0,0,0,0,0,0,0,0,0,0
3994,3,yah,0,0,0,0,0,0,0,0,0,0,0,0,0,0,0,0
3995,3,aha,0,0,0,0,0,0,0,0,0,0,0,0,0,0,0,0
3996,3,oso,0,0,0,0,0,0,0,0,0,0,0,0,0,0,0,0
3997,3,tya,0,0,0,0,0,0,0,0,0,0,0,0,0,0,0,0
3998,3,ara,0,0,0,0,0,0,0,0,0,0,0,0,0,0,0,0
3999,3,adi,0,0,0,0,0,0,0,0,0,0,0,0,0,0,0,0
4000,3,ara,0,0,0,0,0,0,0,0,0,0,0,0,0,0,0,0
4001,2,adi,0,0,0,0,0,0,0,0,0,0,0,0,0,0,0,0
4002,3,ida,0,1,1,1,1,1,1,1,1,1,1,1,1,1,1,1
4003,2,wan,0,0,0,0,0,0,0,0,0,0,0,0,0,0,0,0
4004,3,ski,0,0,0,1,0,0,0,0,0,1,0,0,0,0,0,1
4005,4,ohm,1,0,0,0,0,0,0,0,0,0,0,0,0,0,0,0
4006,3,yah,0,0,0,0,0,0,0,0,0,0,0,0,0,0,0,0
4007,3,wan,0,0,0,0,0,0,0,0,0,0,0,0,0,0,0,0
4008,3,adi,0,0,0,0,0,0,0,0,0,0,0,0,0,0,0,0
4009,3,eni,1,1,1,1,1,1,1,1,1,1,1,1,1,1,1,1
4010,3,tra,0,0,0,0,0,0,0,0,0,0,0,0,0,0,0,0
4011,3,ria,0,0,0,0,0,0,0,0,0,1,0,0,1,0,0,1
4012,3,osa,0,0,0,0,0,0,0,0,0,0,0,0,0,0,0,0
4013,3,stu,0,0,0,1,0,0,1,0,0,1,0,0,1,0,0,1
4014,2,ana,0,0,1,1,0,1,1,0,1,1,0,1,1,0,1,1
4015,3,ini,1,1,1,1,1,1,1,1,1,1,1,1,1,1,1,1
4016,3,lia,1,1,1,1,1,1,1,1,1,1,1,1,1,1,1,1
4017,2,hra,1,1,1,1,1,1,1,1,1,1,1,1,1,1,1,1
4018,4,tia,1,1,1,1,1,1,1,1,1,1,1,1,1,1,1,1
4019,3,uri,0,0,0,0,0,0,0,0,0,0,0,0,0,0,0,0
4020,3,tra,0,0,0,0,0,0,0,0,0,0,0,0,0,0,0,0
4021,3,tra,0,0,0,0,0,0,0,0,0,0,0,0,0,0,0,0
4022,4,nom,0,0,0,0,0,0,0,0,0,0,0,0,0,0,0,0
4023,3,gin,0,0,0,0,0,0,0,0,0,0,0,0,0,0,0,0
4024,4,nip,0,0,0,0,0,0,0,0,0,0,0,0,0,0,0,0
4025,3,kir,0,0,0,0,0,0,0,0,0,0,0,0,0,0,0,0
4026,3,ian,0,0,0,0,0,0,0,0,0,0,0,0,0,0,0,0
4027,3,sah,0,0,0,0,0,0,0,0,0,0,0,0,0,0,0,0
4028,4,rto,0,0,0,0,0,0,0,0,0,0,0,0,0,0,0,0
4029,4,ian,0,0,0,0,0,0,0,0,0,0,0,0,0,0,0,0
4030,3,nto,0,0,0,0,0,0,0,0,0,0,0,0,0,0,0,0
4031,3,tra,0,0,0,0,0,0,0,0,0,0,0,0,0,0,0,0
4032,3,wan,0,0,0,0,0,0,0,0,0,0,0,0,0,0,0,0
4033,3,nja,0,0,0,0,0,0,0,0,0,0,0,0,0,0,0,0
4034,3,ord,0,0,0,0,0,0,0,0,0,0,0,0,0,0,0,0
4035,3,zky,0,0,0,0,0,0,0,0,0,0,0,0,0,0,0,0
4036,2,nto,0,0,0,0,0,0,0,0,0,0,0,0,0,0,0,0
4037,3,ito,0,0,0,0,0,0,0,0,0,0,0,0,0,0,0,0
4038,3,fin,0,0,0,1,0,0,0,0,0,1,0,0,1,0,0,0
4039,3,han,0,0,0,0,0,0,0,0,0,0,0,0,0,0,0,0
4040,2,ira,1,1,1,1,1,1,1,1,1,1,1,1,1,1,1,1
4041,3,rif,0,0,0,1,0,0,0,0,0,0,0,0,0,0,0,0
4042,3,tri,1,1,1,1,1,1,1,1,1,1,1,1,1,1,1,1
4043,2,fia,1,1,1,1,1,1,1,1,1,1,1,1,1,1,1,1
4044,2,owo,1,1,0,0,1,0,0,1,0,0,1,0,0,1,0,0
4045,3,man,0,0,0,0,0,0,0,0,0,0,0,0,0,0,0,0
4046,3,ida,1,1,1,1,1,1,1,1,1,1,1,1,1,1,1,1
4047,3,ori,0,0,0,0,0,0,0,0,0,0,0,0,0,0,0,0
4048,2,yah,0,0,0,0,0,0,0,0,0,0,0,0,0,0,0,0
4049,2,lah,0,0,0,0,0,0,0,0,0,0,0,0,0,0,0,0
4050,3,ata,0,0,0,0,0,0,0,0,0,0,0,0,0,0,0,0
4051,3,mad,0,0,0,0,0,0,0,0,0,0,0,0,0,0,0,0
4052,4,han,0,0,0,0,0,0,0,0,0,0,0,0,0,0,0,0
4053,2,tya,0,0,0,0,0,0,0,0,0,0,0,0,0,0,0,0
4054,3,omo,0,0,0,0,0,0,0,0,0,0,0,0,0,0,0,0
4055,3,tra,0,0,0,0,0,0,0,0,0,0,0,0,0,0,0,0
4056,3,ena,1,1,1,0,1,1,1,1,1,1,1,1,1,1,1,1
4057,3,ana,1,1,0,0,1,0,0,1,0,0,1,0,0,1,0,0
4058,2,nti,1,1,1,1,1,1,1,1,1,1,1,1,1,1,1,1
4059,2,dya,1,1,1,0,1,1,0,1,1,0,1,1,0,1,1,0
4060,3,isa,1,1,1,1,1,1,1,1,1,1,1,1,1,1,1,1
4061,3,ini,1,1,1,1,1,1,1,1,1,1,1,1,1,1,1,1
4062,2,sip,1,1,1,0,1,1,0,1,1,0,1,1,0,1,1,0
4063,3,tri,1,1,1,1,1,1,1,1,1,1,1,1,1,1,1,1
4064,3,aya,0,0,0,0,0,0,0,0,0,0,0,0,0,0,0,0
4065,2,osa,0,0,0,0,0,0,0,0,0,0,0,0,0,0,0,0
4066,3,fal,0,0,0,0,0,0,0,0,0,0,0,0,0,0,0,0
4067,3,ama,0,0,0,0,0,0,0,0,0,0,0,0,0,0,0,0
4068,3,lia,1,1,1,1,1,1,1,1,1,1,1,1,1,1,1,1
4069,3,hra,1,1,1,1,1,1,1,1,1,1,1,1,1,1,1,1
4070,2,man,0,0,0,0,0,0,0,0,0,0,0,0,0,0,0,0
4071,4,bar,0,0,0,0,0,0,0,0,0,0,0,0,0,0,0,0
4072,3,sna,1,1,1,1,1,1,1,1,1,1,1,1,1,1,1,1
4073,2,tra,0,0,0,0,0,0,0,0,0,0,0,0,0,0,0,0
4074,2,aus,0,0,0,0,0,0,0,0,0,0,0,0,0,0,0,0
4075,3,sya,0,0,0,0,0,0,0,0,0,0,0,0,0,0,0,0
4076,2,dra,0,0,0,0,0,0,0,0,0,0,0,0,0,0,0,0
4077,3,tra,0,0,0,0,0,0,0,0,0,0,0,0,0,0,0,0
4078,3,ing,0,0,1,1,0,1,1,0,1,1,0,1,1,0,1,1
4079,4,tin,0,0,0,0,0,0,0,0,0,0,0,0,0,0,0,0
4080,3,ian,0,0,0,0,0,0,0,0,0,0,0,0,0,0,0,0
4081,4,tom,0,0,0,0,0,0,0,0,0,0,0,0,0,0,0,0
4082,3,oko,0,0,0,0,0,0,0,0,0,0,0,0,0,0,0,0
4083,3,oro,0,0,0,0,0,0,0,0,0,0,0,0,0,0,0,0
4084,2,ana,0,0,0,0,0,0,0,0,0,0,0,0,0,0,0,0
4085,3,ama,0,0,0,0,0,0,0,0,0,0,0,0,0,0,0,0
4086,2,kal,0,0,0,0,0,0,0,0,0,0,0,0,0,0,0,0
4087,3,ian,0,0,0,0,0,0,0,0,0,0,0,0,0,0,0,0
4088,2,ela,1,1,1,1,1,1,1,1,1,1,1,1,1,1,1,1
4089,3,gan,0,0,0,0,0,0,0,0,0,0,0,0,0,0,0,0
4090,3,man,0,0,0,0,0,0,0,0,0,0,0,0,0,0,0,0
4091,3,tra,0,0,0,0,0,0,0,0,0,0,0,0,0,0,0,0
4092,3,ani,1,1,1,1,1,1,1,1,1,1,1,1,1,1,1,1
4093,3,yer,0,0,0,0,0,0,0,0,0,0,0,0,0,0,0,0
4094,3,ama,0,0,0,0,0,0,0,0,0,0,0,0,0,0,0,0
4095,2,ama,0,0,0,0,0,0,0,0,0,0,0,0,0,0,0,0
4096,5,a s,0,0,0,0,0,0,0,0,0,0,0,0,0,0,0,0
4097,3,sya,1,1,1,1,1,1,1,1,1,1,1,1,1,1,1,1
4098,3,ama,1,0,0,0,0,0,0,0,0,0,0,0,0,0,0,0
4099,3,dus,1,0,0,0,0,0,0,0,0,0,0,0,0,0,0,0
4100,3,owo,0,0,0,0,0,0,0,0,0,0,0,0,0,0,0,0
4101,3,bar,0,0,0,0,0,0,0,0,0,0,0,0,0,0,0,0
4102,2,sah,0,0,0,0,0,0,0,0,0,0,0,0,0,0,0,0
4103,3,ano,0,0,0,0,0,0,0,0,0,0,0,0,0,0,0,0
4104,2,oko,0,0,0,0,0,0,0,0,0,0,0,0,0,0,0,0
4105,3,ama,0,0,0,0,0,0,0,0,0,0,0,0,0,0,0,0
4106,3,ama,0,0,0,0,0,0,0,0,0,0,0,0,0,0,0,0
4107,3,tra,0,0,0,0,0,0,0,0,0,0,0,0,0,0,0,0
4108,4,nsy,0,0,0,0,0,0,0,0,0,0,0,0,0,0,0,0
4109,3,man,0,0,0,0,0,0,0,0,0,0,0,0,0,0,0,0
4110,2,ono,0,0,0,0,0,0,0,0,0,0,0,0,0,0,0,0
4111,4,sum,0,0,0,0,0,0,0,0,0,0,0,0,0,0,0,0
4112,3,ang,0,0,0,0,0,0,0,0,0,0,0,0,0,0,0,0
4113,4,amp,0,0,0,0,0,0,0,0,0,0,0,0,0,0,0,0
4114,3,nto,0,0,0,0,0,0,0,0,0,0,0,0,0,0,0,0
4115,3,ian,0,0,0,1,0,0,1,0,0,1,0,0,1,0,0,1
4116,2,fgt,0,0,0,0,0,0,0,0,0,0,0,0,0,0,0,0
4117,2,sah,0,0,0,0,0,0,0,0,0,0,0,0,0,0,0,0
4118,3,ana,0,0,0,0,0,0,0,0,0,0,0,0,0,0,0,0
4119,3,zar,0,0,0,0,0,0,0,0,0,0,0,0,0,0,0,0
4120,3,any,1,1,1,1,1,1,1,1,1,1,1,1,1,1,1,1
4121,2,ifi,1,1,1,1,1,1,1,1,1,1,1,1,1,1,1,1
4122,3,ila,1,1,1,1,1,1,1,1,1,1,1,1,1,1,1,1
4123,3,ani,1,1,1,1,1,1,1,1,1,1,1,1,1,1,1,1
4124,3,nka,1,1,1,1,1,1,1,1,1,1,1,1,1,1,1,1
4125,2,lia,1,1,1,1,1,1,1,1,1,1,1,1,1,1,1,1
4126,3,ari,1,1,1,1,1,1,1,1,1,1,1,1,1,1,1,1
4127,3,ayu,1,1,1,1,1,1,1,1,1,1,1,1,1,1,1,1
4128,3,ata,1,1,1,0,1,1,0,1,1,0,1,1,0,1,1,0
4129,2,nti,1,1,1,1,1,1,1,1,1,1,1,1,1,1,1,1
4130,2,rni,1,1,1,1,1,1,1,1,1,1,1,1,1,1,1,1
4131,3,ani,1,1,1,1,1,1,1,1,1,1,1,1,1,1,1,1
4132,3,lia,1,1,1,1,1,1,1,1,1,1,1,1,1,1,1,1
4133,2,dra,1,1,1,1,1,1,1,1,1,1,1,1,1,1,1,1
4134,3,aka,1,1,1,1,1,1,1,1,1,1,1,1,1,1,1,1
4135,3,tri,1,1,1,1,1,1,1,1,1,1,1,1,1,1,1,1
4136,2,ita,1,1,1,1,1,1,1,1,1,1,1,1,1,1,1,1
4137,3,nah,1,1,1,1,1,1,1,1,1,1,1,1,1,1,1,1
4138,3,lah,1,1,1,1,1,1,1,1,1,1,1,1,1,1,1,1
4139,4,iwi,1,1,1,1,1,1,1,1,1,1,1,1,1,1,1,1
4140,2,ani,1,1,1,1,1,1,1,1,1,1,1,1,1,1,1,1
4141,3,sty,1,1,1,1,1,1,1,1,1,1,1,1,1,1,1,1
4142,3,tha,1,1,1,1,1,1,1,1,1,1,1,1,1,1,1,1
4143,2,ila,1,1,1,1,1,1,1,1,1,1,1,1,1,1,1,1
4144,2,lah,1,1,1,1,1,1,1,1,1,1,1,1,1,1,1,1
4145,3,iza,1,1,1,1,1,1,1,1,1,1,1,1,1,1,1,1
4146,2,ida,1,1,1,1,1,1,1,1,1,1,1,1,1,1,1,1
4147,3,eru,1,1,1,1,1,1,1,1,1,1,1,1,1,1,1,1
4148,3,ani,1,1,1,1,1,1,1,1,1,1,1,1,1,1,1,1
4149,4,edy,0,0,0,0,0,0,0,0,0,0,0,0,0,0,0,0
4150,4,ama,0,0,0,1,0,0,1,0,0,1,0,0,1,0,0,1
4151,3,iri,0,0,0,0,0,0,0,0,0,0,0,0,0,0,0,0
4152,2,iza,1,1,1,1,1,1,1,1,1,1,1,1,1,1,1,1
4153,3,ldi,0,0,0,0,0,0,0,0,0,0,0,0,0,0,0,0
4154,4,ani,1,1,1,1,1,1,1,1,1,1,1,1,1,1,1,1
4155,3,imo,1,1,1,1,1,1,1,1,1,1,1,1,1,1,1,1
4156,3,tin,1,1,1,1,1,1,1,1,1,1,1,1,1,1,1,1
4157,4,nah,1,1,1,1,1,1,1,1,1,1,1,1,1,1,1,1
4158,3,man,1,1,0,0,1,0,0,1,0,0,1,0,0,1,0,0
4159,3,nda,1,1,1,0,1,1,0,1,1,0,1,1,0,1,1,0
4160,3,tri,1,1,1,1,1,1,1,1,1,1,1,1,1,1,1,1
4161,3,ari,1,1,1,1,1,1,1,1,1,1,1,1,1,1,1,1
4162,2,ini,1,1,1,1,1,1,1,1,1,1,1,1,1,1,1,1
4163,3,ari,1,1,1,1,1,1,1,1,1,1,1,1,1,1,1,1
4164,3,iya,1,1,1,1,1,1,1,1,1,1,1,1,1,1,1,1
4165,3,wan,1,1,1,1,1,1,1,1,1,1,1,1,1,1,1,1
4166,2,ani,1,1,1,1,1,1,1,1,1,1,1,1,1,1,1,1
4167,3,tra,1,1,1,1,1,1,1,1,1,1,1,1,1,1,1,1
4168,3,rti,1,1,1,1,1,1,1,1,1,1,1,1,1,1,1,1
4169,2,sih,1,1,1,1,1,1,1,1,1,1,1,1,1,1,1,1
4170,3,ira,1,1,1,0,1,1,0,1,1,0,1,1,0,1,1,0
4171,2,ana,1,1,1,1,1,1,1,1,1,1,1,1,1,1,1,1
4172,3,ana,1,0,1,1,0,1,1,0,1,1,0,1,1,0,1,1
4173,3,lia,1,0,1,1,0,1,1,0,1,1,0,1,1,0,1,1
4174,3,rto,0,0,0,0,0,0,0,0,0,0,0,0,0,0,0,0
4175,4,enu,0,0,0,0,0,0,0,0,0,0,0,0,0,0,0,0
4176,4,ume,0,0,0,0,0,0,0,0,0,0,0,0,0,0,0,0
4177,2,tra,0,0,0,0,0,0,0,0,0,0,0,0,0,0,0,0
4178,3,nza,0,1,0,0,1,0,0,1,0,0,1,0,0,1,0,0
4179,3,ama,0,0,0,0,0,0,0,0,0,0,0,0,0,0,0,0
4180,3,tri,1,1,1,1,1,1,1,1,1,1,1,1,1,1,1,1
4181,3,owo,1,0,0,0,0,0,0,0,0,0,0,0,0,0,0,0
4182,2,ine,1,1,1,0,1,1,0,1,1,0,1,1,1,1,1,0
4183,3,ani,0,0,0,1,0,0,0,0,0,0,0,0,0,0,0,1
4184,3,oyo,1,0,0,0,0,0,0,0,0,0,0,0,0,0,0,0
4185,3,sya,0,1,0,0,1,0,0,1,0,0,1,0,0,1,0,0
4186,3,ama,0,0,0,0,0,0,0,0,0,0,0,0,0,0,0,0
4187,4,tim,0,0,0,0,0,0,0,0,0,0,0,0,0,0,0,0
4188,3,ina,1,1,1,1,1,1,1,1,1,1,1,1,1,1,1,1
4189,3,ami,1,1,1,1,1,1,1,1,1,1,1,1,1,1,1,1
4190,3,ung,0,0,0,1,0,0,0,0,0,0,0,0,0,0,0,0
4191,3,ari,1,1,1,1,1,1,1,1,1,1,1,1,1,1,1,1
4192,3,ita,1,1,1,1,1,1,1,1,1,1,1,1,1,1,1,1
4193,3,uri,1,1,1,1,1,1,1,1,1,1,1,1,1,1,1,1
4194,3,ama,1,1,1,1,1,1,1,1,1,1,1,1,1,1,1,1
4195,3,ani,1,1,1,1,1,1,1,1,1,1,1,1,1,1,1,1
4196,3,ida,1,1,1,1,1,1,1,1,1,1,1,1,1,1,1,1
4197,3,tra,0,0,0,0,0,0,0,0,0,0,0,0,0,0,0,0
4198,3,ara,1,1,1,1,1,1,1,1,1,1,1,1,1,1,1,1
4199,3,ola,0,0,0,0,0,0,0,0,0,0,0,0,0,0,0,0
4200,3,wan,0,0,0,0,0,0,0,0,0,0,0,0,0,0,0,0
4201,3,fid,0,0,0,0,0,0,0,0,0,0,0,0,0,0,0,0
4202,3,ani,0,0,0,1,0,0,0,0,0,1,0,0,1,0,0,1
4203,4,adi,1,1,1,1,1,1,1,1,1,1,1,1,1,1,1,1
4204,2,ari,1,1,1,1,1,1,1,1,1,1,1,1,1,1,1,1
4205,2,zki,0,0,0,0,0,0,0,0,0,0,0,0,0,0,0,0
4206,4,uti,1,1,1,1,1,1,1,1,1,1,1,1,1,1,1,1
4207,3,ria,1,1,1,1,1,1,1,1,1,1,1,1,1,1,1,1
4208,2,nes,0,0,0,0,0,0,0,0,0,0,0,0,0,0,0,0
4209,3,aqi,0,0,0,0,0,0,0,0,0,0,0,0,0,0,0,0
4210,3,roy,0,0,0,0,0,0,0,0,0,0,0,0,0,0,0,0
4211,3,hty,1,1,1,1,1,1,0,1,1,0,1,1,1,1,1,1
4212,3,hil,0,0,0,0,0,0,0,0,0,0,0,0,0,0,0,0
4213,3,ril,0,0,0,0,0,0,0,0,0,0,0,0,0,0,0,0
4214,2,lla,1,1,1,1,1,1,1,1,1,1,1,1,1,1,1,1
4215,3,ati,1,1,1,1,1,1,1,1,1,1,1,1,1,1,1,1
4216,3,ung,0,0,0,0,0,0,0,0,0,0,0,0,0,0,0,0
4217,3,ani,1,1,1,1,1,1,1,1,1,1,1,1,1,1,1,1
4218,3,tyo,0,0,0,0,0,0,0,0,0,0,0,0,0,0,0,0
4219,2,ian,0,0,0,0,0,0,0,0,0,0,0,0,0,0,0,0
4220,3,sia,1,1,1,1,1,1,1,1,1,1,1,1,1,1,1,1
4221,3,nto,0,0,0,0,0,0,0,0,0,0,0,0,0,0,0,0
4222,2,ani,1,1,1,1,1,1,1,1,1,1,1,1,1,1,1,1
4223,2,ari,1,1,1,1,1,1,1,1,1,1,1,1,1,1,1,1
4224,3,aga,1,1,1,1,1,1,1,1,1,1,1,1,1,1,1,1
4225,3,gga,1,1,1,1,1,1,1,1,1,1,1,1,1,1,1,1
4226,3,ara,0,0,0,0,0,0,0,0,0,0,0,0,0,0,0,0
4227,3,tri,1,1,1,1,1,1,1,1,1,1,1,1,1,1,1,1
4228,3,nti,1,1,1,1,1,1,1,1,1,1,1,1,1,1,1,1
4229,3,fka,1,1,1,1,1,1,1,1,1,1,1,1,1,1,1,1
4230,2,ana,1,1,1,1,1,1,1,1,1,1,1,1,1,1,1,1
4231,2,ani,1,1,1,1,1,1,1,1,1,1,1,1,1,1,1,1
4232,3,yah,1,1,1,1,1,1,1,1,1,1,1,1,1,1,1,1
4233,3,hra,1,1,1,1,1,1,1,1,1,1,1,1,1,1,1,1
4234,2,ila,1,1,1,1,1,1,1,1,1,1,1,1,1,1,1,1
4235,3,ani,1,1,1,1,1,1,1,1,1,1,1,1,1,1,1,1
4236,2,aga,1,1,1,1,1,1,1,1,1,1,1,1,1,1,1,1
4237,3,ani,1,1,1,1,1,1,1,1,1,1,1,1,1,1,1,1
4238,3,ati,1,1,1,1,1,1,1,1,1,1,1,1,1,1,1,1
4239,2,ati,1,1,1,1,1,1,1,1,1,1,1,1,1,1,1,1
4240,2,iah,1,1,1,1,1,1,1,1,1,1,1,1,1,1,1,1
4241,2,ara,1,1,1,1,1,1,1,1,1,1,1,1,1,1,1,1
4242,3,zra,1,1,1,1,1,1,1,1,1,1,1,1,1,1,1,1
4243,3,ifa,1,1,1,1,1,1,1,1,1,1,1,1,1,1,1,1
4244,2,ani,1,1,1,1,1,1,1,1,1,1,1,1,1,1,1,1
4245,3,rni,1,1,1,1,1,1,1,1,1,1,1,1,1,1,1,1
4246,3,hna,1,1,1,1,1,1,1,1,1,1,1,1,1,1,1,1
4247,2,kia,1,1,1,1,1,1,1,1,1,1,1,1,1,1,1,1
4248,2,nia,1,1,1,1,1,1,1,1,1,1,1,1,1,1,1,1
4249,2,ita,1,1,1,1,1,1,1,1,1,1,1,1,1,1,1,1
4250,2,any,1,1,1,1,1,1,1,1,1,1,1,1,1,1,1,1
4251,3,iwi,1,1,1,1,1,1,1,1,1,1,1,1,1,1,1,1
4252,3,ara,0,0,0,0,0,0,0,0,0,0,0,0,0,0,0,0
4253,3,ani,1,1,1,1,1,1,1,1,1,1,1,1,1,1,1,1
4254,3,eki,1,1,1,0,1,1,0,1,1,0,1,1,0,1,1,0
4255,3,lee,0,0,0,0,0,0,0,0,0,0,0,0,0,0,0,0
4256,3,ara,1,1,1,0,1,1,0,1,1,0,1,1,1,1,1,1
4257,4,tri,1,1,1,1,1,1,1,1,1,1,1,1,1,1,1,1
4258,3,sya,1,1,1,1,1,1,1,1,1,1,1,1,1,1,1,1
4259,3,dja,0,0,0,1,0,0,1,0,0,1,0,0,1,0,0,1
4260,3,oho,0,0,0,0,0,0,0,0,0,0,0,0,0,0,0,0
4261,3,asa,0,0,0,0,0,0,0,0,0,0,0,0,0,0,0,0
4262,2,izi,0,0,0,0,0,0,1,0,0,0,0,0,0,0,0,0
4263,3,nda,0,0,0,1,0,0,1,0,0,1,0,0,1,0,0,1
4264,3,lon,0,0,0,0,0,0,0,0,0,0,0,0,0,0,0,0
4265,3,ana,0,0,0,0,0,0,0,0,0,0,0,0,0,0,0,0
4266,2,yah,1,0,0,0,0,0,0,0,0,0,0,0,0,0,0,0
4267,2,rar,0,0,0,0,0,0,0,0,0,0,0,0,0,0,0,0
4268,4,owo,1,1,1,1,1,1,1,1,1,1,1,1,1,1,1,1
4269,3,ara,0,0,0,1,0,0,1,0,0,1,0,0,1,0,0,1
4270,3,ika,1,0,0,1,0,0,1,0,0,1,0,0,1,0,0,1
4271,3,hra,1,1,1,1,1,1,1,1,1,1,1,1,1,1,1,1
4272,3,ari,1,1,1,1,1,1,1,1,1,1,1,1,1,1,1,1
4273,3,afa,0,0,0,0,0,0,0,0,0,0,0,0,0,0,0,0
4274,3,nto,0,0,0,0,0,0,0,0,0,0,0,0,0,0,0,0
4275,3,nda,1,1,1,1,1,1,1,1,1,1,1,1,1,1,1,1
4276,4,san,0,0,0,0,0,0,0,0,0,0,0,0,0,0,0,0
4277,3,nto,0,0,0,0,0,0,0,0,0,0,0,0,0,0,0,0
4278,3,sra,0,0,0,0,0,0,0,0,0,0,0,0,0,0,0,0
4279,3,tya,0,0,0,0,0,0,0,0,0,0,0,0,0,0,0,0
4280,3,rma,0,0,0,0,0,0,0,0,0,0,0,0,0,0,0,0
4281,3,una,0,0,0,0,0,0,0,0,0,0,0,0,0,0,0,0
4282,3,par,0,0,0,0,0,0,0,0,0,0,0,0,0,0,0,0
4283,3,nem,0,0,0,0,0,0,0,0,0,0,0,0,0,0,0,0
4284,4,ulo,0,0,0,0,0,0,0,0,0,0,0,0,0,0,0,0
4285,2,yah,0,0,0,0,0,0,0,0,0,0,0,0,0,0,0,0
4286,3,pis,1,1,1,1,1,1,1,1,1,1,1,1,1,1,1,1
4287,3,sya,1,1,1,1,1,1,1,1,1,1,1,1,1,1,1,1
4288,3,nda,1,1,1,0,1,1,0,1,1,0,1,1,0,1,1,0
4289,2,fif,0,0,0,0,0,0,0,0,0,0,0,0,0,0,0,0
4290,3,tra,0,0,0,0,0,0,0,0,0,0,0,0,0,0,0,0
4291,3,ony,1,0,0,0,0,0,0,0,0,0,0,0,0,0,0,0
4292,3,ief,0,0,0,0,0,0,0,0,0,0,0,0,0,0,0,0
4293,3,fan,0,0,0,0,0,0,0,0,0,0,0,0,0,0,0,0
4294,3,nia,1,1,1,1,1,1,1,1,1,1,1,1,1,1,1,1
4295,4,ari,1,1,1,1,1,1,0,1,1,1,1,1,1,1,1,1
4296,3,eli,1,1,1,1,1,1,1,1,1,1,1,1,1,1,1,1
4297,3,lia,1,1,1,1,1,1,1,1,1,1,1,1,1,1,1,1
4298,2,ari,1,1,1,1,1,1,1,1,1,1,1,1,1,1,1,1
4299,2,nti,1,1,1,1,1,1,1,1,1,1,1,1,1,1,1,1
4300,3,wan,1,1,1,0,1,1,0,1,1,0,1,1,0,1,1,0
4301,2,ani,1,1,1,1,1,1,1,1,1,1,1,1,1,1,1,1
4302,2,tak,1,1,1,1,1,1,1,1,1,1,1,1,1,1,1,1
4303,2,iah,1,1,1,1,1,1,1,1,1,1,1,1,1,1,1,1
4304,1,ska,1,0,1,1,0,1,1,0,1,1,0,1,1,0,1,1
4305,2,yah,0,0,0,0,0,0,0,0,0,0,0,0,0,0,0,0
4306,4,tra,0,0,0,0,0,0,0,0,0,0,0,0,0,0,0,0
4307,3,dar,1,1,1,1,1,1,1,1,1,1,1,1,1,1,1,1
4308,2,iwi,1,1,1,1,1,1,1,1,1,1,1,1,1,1,1,1
4309,3,nah,1,1,1,1,1,1,1,1,1,1,1,1,1,1,1,1
4310,2,nti,1,1,1,1,1,1,1,1,1,1,1,1,1,1,1,1
4311,3,tra,0,0,0,0,0,0,0,0,0,0,0,0,0,0,0,0
4312,3,ama,0,0,0,0,0,0,0,0,0,0,0,0,0,0,0,0
4313,3,lie,1,1,1,1,1,1,1,1,1,1,1,1,1,1,1,1
4314,3,aya,0,0,0,0,0,0,0,0,0,0,0,0,0,0,0,0
4315,2,der,1,0,0,0,0,0,0,0,0,0,0,0,0,0,0,0
4316,3,dha,1,1,1,1,1,1,1,1,1,1,1,1,1,1,1,1
4317,3,iwi,1,1,1,1,1,1,1,1,1,1,1,1,1,1,1,1
4318,2,yah,1,1,1,1,1,1,1,1,1,1,1,1,1,1,1,1
4319,3,nti,1,1,1,1,1,1,1,1,1,1,1,1,1,1,1,1
4320,3,ati,1,1,1,1,1,1,1,1,1,1,1,1,1,1,1,1
4321,4,utu,1,1,1,0,1,1,0,1,1,0,1,1,1,1,1,0
4322,2,ova,1,1,1,1,1,1,1,1,1,1,1,1,1,1,1,1
4323,3,ani,1,1,1,1,1,1,1,1,1,1,1,1,1,1,1,1
4324,3,him,0,0,0,0,0,0,0,0,0,0,0,0,0,0,0,0
4325,3,sih,1,1,1,1,1,1,1,1,1,1,1,1,1,1,1,1
4326,3,tri,1,1,1,1,1,1,1,1,1,1,1,1,1,1,1,1
4327,3,tri,1,1,1,1,1,1,1,1,1,1,1,1,1,1,1,1
4328,3,tri,1,1,1,1,1,1,1,1,1,1,1,1,1,1,1,1
4329,2,ani,1,1,1,1,1,1,1,1,1,1,1,1,1,1,1,1
4330,2,rni,1,1,1,1,1,1,1,1,1,1,1,1,1,1,1,1
4331,2,lya,0,0,0,0,0,0,0,0,0,0,0,0,0,0,0,0
4332,3,ana,1,1,1,1,1,1,1,1,1,1,1,1,0,1,1,1
4333,3,rum,1,1,1,1,1,1,1,1,1,1,1,1,1,1,1,1
4334,4,nny,1,1,1,1,1,1,1,1,1,1,1,1,1,1,1,1
4335,2,ini,1,1,1,1,1,1,1,1,1,1,1,1,1,1,1,1
4336,2,nti,1,1,1,1,1,1,1,1,1,1,1,1,1,1,1,1
4337,3,ani,1,1,1,1,1,1,1,1,1,1,1,1,1,1,1,1
4338,3,iah,1,1,1,1,1,1,1,1,1,1,1,1,1,1,1,1
4339,3,sah,1,1,1,1,1,1,1,1,1,1,1,1,1,1,1,1
4340,2,ini,1,1,1,1,1,1,1,1,1,1,1,1,1,1,1,1
4341,2,ker,1,1,1,1,1,1,1,1,1,1,1,1,1,1,1,1
4342,3,hro,1,1,1,1,1,1,1,1,1,1,1,1,1,1,1,1
4343,3,rum,1,1,1,1,1,1,1,1,1,1,1,1,1,1,1,1
4344,3,iwi,1,1,1,1,1,1,1,1,1,1,1,1,1,1,1,1
4345,3,eni,1,1,1,1,1,1,1,1,1,1,1,1,1,1,1,1
4346,3,any,1,1,1,1,1,1,1,1,1,1,1,1,1,1,1,1
4347,2,ati,1,1,1,1,1,1,1,1,1,1,1,1,1,1,1,1
4348,3,ica,0,0,0,0,0,0,0,0,0,0,0,0,0,0,0,0
4349,3,ani,1,1,1,1,1,1,1,1,1,1,1,1,1,1,1,1
4350,3,ian,0,0,0,0,0,0,0,0,0,0,0,0,0,0,0,0
4351,3,uzi,1,1,1,0,1,1,0,1,1,0,1,1,0,1,1,0
4352,3,ing,1,1,1,1,1,1,1,1,1,1,1,1,1,1,1,1
4353,3,tra,0,0,0,0,0,0,0,0,0,0,0,0,0,0,0,0
4354,3,yin,0,0,0,0,0,0,0,0,0,0,0,0,0,0,0,0
4355,3,fia,1,1,1,1,1,1,1,1,1,1,1,1,1,1,1,1
4356,3,yim,1,1,1,1,1,1,1,1,1,1,1,1,1,1,1,1
4357,2,una,1,1,1,1,1,1,1,1,1,1,1,1,1,1,1,1
4358,2,hra,1,1,1,1,1,1,1,1,1,1,1,1,1,1,1,1
4359,4,ran,1,1,1,1,1,1,1,1,1,1,1,1,1,1,1,1
4360,4,tra,0,0,0,0,0,0,0,0,0,0,0,0,0,0,0,0
4361,3,oli,0,0,0,0,0,0,0,0,0,0,0,0,0,0,0,0
4362,4,aya,1,1,1,1,1,1,1,1,1,1,1,1,1,1,1,1
4363,3,mby,0,0,0,0,0,0,0,0,0,0,0,0,0,0,0,0
4364,3,yoe,0,1,1,0,1,1,0,1,1,0,1,1,0,1,1,0
4365,3,ani,1,1,1,1,1,1,1,1,1,1,1,1,1,1,1,1
4366,2,lia,1,1,1,1,1,1,1,1,1,1,1,1,1,1,1,1
4367,3,iza,1,1,1,1,1,1,1,1,1,1,1,1,1,1,1,1
4368,3,ani,1,1,1,1,1,1,1,1,1,1,1,1,1,1,1,1
4369,4,ibu,1,1,1,1,1,1,1,1,1,1,1,1,1,1,1,1
4370,2,yah,1,1,1,1,1,1,1,1,1,1,1,1,1,1,1,1
4371,3,ika,1,1,1,1,1,1,1,1,1,1,1,1,1,1,1,1
4372,3,ani,1,1,1,1,1,1,1,1,1,1,1,1,1,1,1,1
4373,4,tri,1,1,1,1,1,1,1,1,1,1,1,1,1,1,1,1
4374,3,dya,1,1,1,1,1,1,1,1,1,1,1,1,1,1,1,1
4375,3,tri,1,1,1,1,1,1,1,1,1,1,1,1,1,1,1,1
4376,3,iah,1,1,1,1,1,1,1,1,1,1,1,1,1,1,1,1
4377,3,zah,1,1,1,1,1,1,1,1,1,1,1,1,1,1,1,1
4378,3,ita,0,0,0,1,0,0,1,0,0,1,0,0,1,0,0,1
4379,3,hra,1,1,1,1,1,1,1,1,1,1,1,1,1,1,1,1
4380,3,uti,1,1,1,1,1,1,1,1,1,1,1,1,1,1,1,1
4381,3,ana,1,1,1,1,1,1,1,1,1,1,1,1,1,1,1,1
4382,2,ari,1,1,1,1,1,1,1,1,1,1,1,1,1,1,1,1
4383,4,ang,1,1,1,1,1,1,1,1,1,1,1,1,1,1,1,1
4384,2,nar,0,0,0,0,0,0,0,0,0,0,0,0,0,0,0,0
4385,3,jak,0,0,0,0,0,0,0,0,0,0,0,0,0,0,0,0
4386,2,nty,1,1,1,1,1,1,1,1,1,1,1,1,1,1,1,1
4387,2,ani,1,1,1,1,1,1,1,1,1,1,1,1,1,1,1,1
4388,3,ila,1,1,1,1,1,1,1,1,1,1,1,1,1,1,1,1
4389,3,hra,1,1,1,1,1,1,1,1,1,1,1,1,1,1,1,1
4390,3,tha,1,1,1,1,1,1,1,1,1,1,1,1,1,1,1,1
4391,2,yah,1,1,1,0,1,1,0,1,1,0,1,1,0,1,1,0
4392,3,uzi,1,1,1,1,1,1,1,1,1,1,1,1,1,1,1,1
4393,2,nti,1,1,1,1,1,1,1,1,1,1,1,1,1,1,1,1
4394,3,ati,1,1,1,1,1,1,1,1,1,1,1,1,1,1,1,1
4395,3,ani,1,1,1,1,1,1,1,1,1,1,1,1,1,1,1,1
4396,2,nda,1,1,1,1,1,1,1,1,1,1,1,1,1,1,1,1
4397,2,nti,1,1,1,1,1,1,1,1,1,1,1,1,1,1,1,1
4398,3,tri,1,1,1,1,1,1,1,1,1,1,1,1,1,1,1,1
4399,4,nta,1,1,1,1,1,1,1,1,1,1,1,1,1,1,1,1
4400,4,lan,1,1,1,1,1,1,1,1,1,1,1,1,1,1,1,1
4401,3,sty,1,1,1,1,1,1,1,1,1,1,1,1,1,1,1,1
4402,3,ana,1,1,1,1,1,1,1,1,1,1,1,1,1,1,1,1
4403,2,nti,1,1,1,1,1,1,1,1,1,1,1,1,1,1,1,1
4404,3,hra,1,1,1,1,1,1,1,1,1,1,1,1,1,1,1,1
4405,1,ari,1,1,1,1,1,1,1,1,1,1,1,1,1,1,1,1
4406,3,ian,0,0,0,0,0,0,0,0,0,0,0,0,0,0,0,0
4407,2,ini,1,1,1,1,1,1,1,1,1,1,1,1,1,1,1,1
4408,3,wan,0,0,0,0,0,0,0,0,0,0,0,0,0,0,0,0
4409,2,ati,1,1,1,1,1,1,1,1,1,1,1,1,1,1,1,1
4410,3,lah,1,1,1,1,1,1,1,1,1,1,1,1,1,1,1,1
4411,2,nie,1,1,1,1,1,1,1,1,1,1,1,1,1,1,1,1
4412,3,tio,1,0,0,0,0,0,0,0,0,0,0,0,0,0,0,0
4413,3,ldi,0,0,0,0,0,0,0,0,0,0,0,0,0,0,0,0
4414,6,ani,1,1,1,1,1,1,1,1,1,1,1,1,1,1,1,1
4415,5,and,1,1,1,1,1,1,1,1,1,1,1,1,1,1,1,1
4416,4,ama,0,0,0,0,0,0,0,0,0,0,0,0,0,0,0,0
4417,3,ima,0,0,0,0,0,0,0,0,0,0,0,0,0,0,0,0
4418,3,aja,0,0,0,0,0,0,0,0,0,0,0,0,0,0,0,0
4419,4,aja,0,0,0,0,0,0,0,0,0,0,0,0,0,0,0,0
4420,2,oro,1,1,1,1,1,1,1,1,1,1,1,1,1,1,1,1
4421,3,yat,1,0,0,1,0,0,1,0,0,1,0,0,1,0,0,1
4422,5,awa,1,1,1,1,1,1,1,1,1,1,1,1,1,1,1,1
4423,3,ani,1,1,1,1,1,1,1,1,1,1,1,1,1,1,1,1
4424,3,ani,1,1,1,1,1,1,1,1,1,1,1,1,1,1,1,1
4425,2,zah,1,1,1,1,1,1,1,1,1,1,1,1,1,1,1,1
4426,2,one,1,1,1,1,1,1,1,1,1,1,1,1,1,1,1,1
4427,3,ana,1,1,1,1,1,1,1,1,1,1,1,1,1,1,1,1
4428,3,iwi,1,1,1,1,1,1,1,1,1,1,1,1,1,1,1,1
4429,3,ayu,1,1,1,1,1,1,1,1,1,1,1,1,1,1,1,1
4430,3,lam,1,1,1,1,1,1,1,1,1,1,1,1,1,1,1,1
4431,2,sha,1,1,1,1,1,1,1,1,1,1,1,1,1,1,1,1
4432,3,ila,1,1,1,1,1,1,1,1,1,1,1,1,1,1,1,1
4433,2,ila,1,1,1,1,1,1,1,1,1,1,1,1,1,1,1,1
4434,2,lis,0,0,0,1,0,0,0,0,0,1,0,0,0,0,0,1
4435,2,tyo,0,0,0,0,0,0,0,0,0,0,0,0,0,0,0,0
4436,2,jab,0,0,0,0,0,0,0,0,0,0,0,0,0,0,0,0
4437,3,iri,0,0,0,0,0,0,0,0,0,0,0,0,0,0,0,0
4438,3,tra,0,0,0,0,0,0,0,0,0,0,0,0,0,0,0,0
4439,3,zri,0,0,0,0,0,0,0,0,0,0,0,0,0,0,0,0
4440,3,man,0,0,0,0,0,0,0,0,0,0,0,0,0,0,0,0
4441,2,lia,1,1,1,1,1,1,1,1,1,1,1,1,1,1,1,1
4442,2,man,0,0,0,0,0,0,0,0,0,0,0,0,0,0,0,0
4443,2,yas,1,1,1,1,1,1,1,1,1,1,1,1,1,1,1,1
4444,3,nto,0,0,0,0,0,0,0,0,0,0,0,0,0,0,0,0
4445,4,ojo,1,1,1,1,1,1,1,1,1,1,1,1,1,1,1,1
4446,3,ono,0,0,0,0,0,0,0,0,0,0,0,0,0,0,0,0
4447,3,ono,0,0,0,0,0,0,0,0,0,0,0,0,0,0,0,0
4448,3,ata,0,0,0,0,0,0,0,0,0,0,0,0,0,0,0,0
4449,3,tra,0,0,0,0,0,0,0,0,0,0,0,0,0,0,0,0
4450,3,zen,0,0,0,0,0,0,0,0,0,0,0,0,0,0,0,0
4451,3,tra,0,0,0,0,0,0,0,0,0,0,0,0,0,0,0,0
4452,3,isa,1,1,1,1,1,1,1,1,1,1,1,1,1,1,1,1
4453,3,tri,1,1,1,1,1,1,1,1,1,1,1,1,1,1,1,1
4454,3,ari,1,1,1,1,1,1,1,1,1,1,1,1,1,1,1,1
4455,4,ono,1,1,0,0,1,0,0,1,0,0,1,0,0,1,0,0
4456,2,nti,1,1,1,1,1,1,1,1,1,1,1,1,1,1,1,1
4457,2,nti,1,1,1,1,1,1,1,1,1,1,1,1,1,1,1,1
4458,3,iba,1,1,1,0,1,1,0,1,1,0,1,1,0,1,1,0
4459,3,ani,1,1,1,1,1,1,1,1,1,1,1,1,1,1,1,1
4460,3,tri,1,1,1,1,1,1,1,1,1,1,1,1,1,1,1,1
4461,3,nya,1,1,1,0,1,1,0,1,1,0,1,1,0,1,1,1
4462,3,din,1,1,1,1,1,1,1,1,1,1,1,1,1,1,1,1
4463,3,iwi,1,1,1,1,1,1,1,1,1,1,1,1,1,1,1,1
4464,3,zah,1,1,1,1,1,1,1,1,1,1,1,1,1,1,1,1
4465,4,tam,1,1,1,1,1,1,1,1,1,1,1,1,1,1,1,1
4466,3,tra,0,0,0,0,0,0,0,0,0,0,0,0,0,0,0,0
4467,3,aza,1,1,1,0,1,1,0,1,1,1,1,1,1,1,1,1
4468,3,tro,0,0,0,0,0,0,0,0,0,0,0,0,0,0,0,0
4469,3,ono,0,0,0,0,0,0,0,0,0,0,0,0,0,0,0,0
4470,3,ini,0,0,0,0,0,0,0,0,0,0,0,0,0,0,0,0
4471,2,ena,0,1,1,0,1,1,0,1,1,0,1,1,0,1,1,0
4472,3,ana,1,1,1,1,1,1,1,1,1,1,1,1,1,1,1,1
4473,4,waz,0,0,0,0,0,0,0,0,0,0,0,0,0,0,0,0
4474,2,ari,1,1,1,1,1,1,1,1,1,1,1,1,1,1,1,1
4475,2,yah,1,0,0,0,0,0,0,0,0,0,0,0,0,0,0,0
4476,2,tya,1,1,1,1,1,1,1,1,1,1,1,1,1,1,1,1
4477,3,ezi,1,0,0,0,0,0,0,0,0,0,0,0,0,0,0,0
4478,3,ana,0,0,0,0,0,0,0,0,0,0,0,0,0,0,0,0
4479,2,sah,0,0,0,0,0,0,0,0,0,0,0,0,0,0,0,0
4480,3,awa,0,0,0,0,0,0,0,0,0,0,0,0,0,0,0,0
4481,3,yya,0,0,0,0,0,0,0,0,0,0,0,0,0,0,0,0
4482,2,usa,0,0,0,0,0,0,1,0,0,0,0,0,1,0,0,1
4483,3,ane,0,0,0,0,0,0,0,0,0,0,0,0,0,0,0,0
4484,3,aji,0,0,0,0,0,0,0,0,0,0,0,0,0,0,0,0
4485,3,tro,0,0,0,0,0,0,0,0,0,0,0,0,0,0,0,0
4486,3,tra,0,0,0,0,0,0,0,0,0,0,0,0,0,0,0,0
4487,3,stu,0,0,0,0,0,0,0,0,0,0,0,0,0,0,0,0
4488,4,mad,0,0,0,0,0,0,0,0,0,0,0,0,0,0,0,0
4489,2,aty,1,1,1,1,1,1,1,1,1,1,1,1,1,1,1,1
4490,3,sya,1,1,1,1,1,1,1,1,1,1,1,1,1,1,1,1
4491,2,nda,1,1,1,1,1,1,1,1,1,1,1,1,1,1,1,1
4492,2,ati,1,1,1,1,1,1,1,1,1,1,1,1,1,1,1,1
4493,3,ian,0,0,0,0,0,0,0,0,0,0,0,0,0,0,0,0
4494,3,uti,1,1,1,1,1,1,1,1,1,1,1,1,1,1,1,1
4495,3,ani,1,1,1,1,1,1,1,1,1,1,1,1,1,1,1,1
4496,3,ari,1,1,1,1,1,1,1,1,1,1,1,1,1,1,1,1
4497,2,ira,1,1,1,1,1,1,1,1,1,1,1,1,1,1,1,1
4498,3,nto,0,0,0,0,0,0,0,0,0,0,0,0,0,0,0,0
4499,4,lya,1,1,1,1,1,1,1,1,1,1,1,1,1,1,1,1
4500,3,ila,1,1,1,1,1,1,1,1,1,1,1,1,1,1,1,1
4501,2,nto,0,0,0,0,0,0,0,0,0,0,0,0,0,0,0,0
4502,3,yan,0,0,0,0,0,0,0,0,0,0,0,0,0,0,0,0
4503,3,haq,1,1,1,1,1,1,1,1,1,1,1,1,1,1,1,1
4504,4,oso,1,1,1,1,1,1,1,1,1,1,1,1,1,1,1,1
4505,3,nti,1,1,1,1,1,1,1,1,1,1,1,1,1,1,1,1
4506,1,din,0,0,0,0,0,0,0,0,0,0,0,0,0,0,0,0
4507,3,nti,1,1,1,1,1,1,1,1,1,1,1,1,1,1,1,1
4508,5,ari,1,1,1,1,1,1,1,1,1,1,1,1,1,1,1,1
4509,2,hra,1,1,1,1,1,1,1,1,1,1,1,1,1,1,1,1
4510,3,ita,1,1,1,1,1,1,1,1,1,1,1,1,1,1,1,1
4511,3,kas,1,1,1,1,1,1,1,1,1,1,1,1,1,1,1,1
4512,3,nti,1,1,1,1,1,1,1,1,1,1,1,1,1,1,1,1
4513,2,rah,1,1,1,1,1,1,1,1,1,1,1,1,1,1,1,1
4514,2,ani,1,1,1,1,1,1,1,1,1,1,1,1,1,1,1,1
4515,3,ari,1,1,1,1,1,1,1,1,1,1,1,1,1,1,1,1
4516,3,nti,1,1,1,1,1,1,1,1,1,1,1,1,1,1,1,1
4517,3,evi,1,1,1,1,1,1,1,1,1,1,1,1,1,1,1,1
4518,3,ari,1,1,1,1,1,1,1,1,1,1,1,1,1,1,1,1
4519,3,ari,1,1,1,1,1,1,1,1,1,1,1,1,1,1,1,1
4520,3,gih,1,1,1,1,1,1,1,1,1,1,1,1,1,1,1,1
4521,3,wan,0,0,0,0,0,0,0,0,0,0,0,0,0,0,0,0
4522,3,lah,0,0,0,0,0,0,0,0,0,0,0,0,0,0,0,0
4523,3,roh,1,1,1,0,1,1,0,1,1,0,1,1,0,1,1,0
4524,3,ono,0,0,0,0,0,0,0,0,0,0,0,0,0,0,0,0
4525,4,iks,1,1,1,1,1,1,1,1,1,1,1,1,1,1,1,1
4526,2,ana,0,0,0,0,0,0,0,0,0,0,0,0,0,0,0,0
4527,3,nti,1,1,1,1,1,1,1,1,1,1,1,1,1,1,1,1
4528,2,ari,1,1,1,1,1,1,1,1,1,1,1,1,1,1,1,1
4529,3,ono,1,1,1,0,1,1,0,1,1,0,1,1,0,1,1,0
4530,3,ina,1,1,1,1,1,1,1,1,1,1,1,1,1,1,1,1
4531,3,sut,1,1,1,1,1,1,1,1,1,1,1,1,0,1,1,1
4532,4,ani,1,1,1,1,1,1,1,1,1,1,1,1,1,1,1,1
4533,3,lia,1,1,1,1,1,1,1,1,1,1,1,1,1,1,1,1
4534,2,sih,1,1,1,1,1,1,1,1,1,1,1,1,1,1,1,1
4535,4,hyo,0,0,0,0,0,0,0,0,0,0,0,0,0,0,0,0
4536,3,any,1,1,1,0,1,1,0,1,1,0,1,1,0,1,1,0
4537,3,rum,1,1,1,1,1,1,1,1,1,1,1,1,1,1,1,1
4538,3,uma,1,1,1,1,1,1,1,1,1,1,1,1,1,1,1,1
4539,2,nti,1,1,1,1,1,1,1,1,1,1,1,1,1,1,1,1
4540,2,cia,1,1,1,1,1,1,1,1,1,1,1,1,1,1,1,1
4541,3,ari,1,1,1,1,1,1,1,1,1,1,1,1,1,1,1,1
4542,3,ana,1,1,1,1,1,1,1,1,1,1,1,1,1,1,1,1
4543,2,liu,1,1,1,1,1,1,1,1,1,1,1,1,1,1,1,1
4544,4,ndi,1,1,1,1,1,1,1,1,1,1,1,1,1,1,1,1
4545,3,man,0,1,1,0,1,1,0,1,1,0,1,1,0,1,1,0
4546,3,jwa,1,1,1,0,1,1,0,1,1,0,1,1,0,1,1,0
4547,3,han,0,0,0,0,0,0,0,0,0,0,0,0,0,0,0,0
4548,3,ita,1,1,1,1,1,1,1,1,1,1,1,1,1,1,1,1
4549,4,ida,1,1,1,1,1,1,1,1,1,1,1,1,1,1,1,1
4550,3,ani,1,1,1,1,1,1,1,1,1,1,1,1,1,1,1,1
4551,3,jma,1,1,1,1,1,1,1,1,1,1,1,1,1,1,1,1
4552,3,ani,1,1,1,1,1,1,1,1,1,1,1,1,1,1,1,1
4553,4,ani,1,1,1,1,1,1,1,1,1,1,1,1,1,1,1,1
4554,4,nti,1,1,1,1,1,1,1,1,1,1,1,1,1,1,1,1
4555,3,any,1,1,1,1,1,1,1,1,1,1,1,1,1,1,1,1
4556,2,yah,0,0,0,0,0,0,0,0,0,0,0,0,0,0,0,0
4557,2,ati,1,1,1,1,1,1,1,1,1,1,1,1,1,1,1,1
4558,4,ari,1,1,1,1,1,1,1,1,1,1,1,1,1,1,1,1
4559,3,ari,1,1,1,1,1,1,1,1,1,1,1,1,1,1,1,1
4560,3,tri,1,1,1,1,1,1,1,1,1,1,1,1,1,1,1,1
4561,3,aya,1,1,1,1,1,1,1,1,1,1,1,1,1,1,1,1
4562,2,via,1,1,1,1,1,1,1,1,1,1,1,1,1,1,1,1
4563,3,nto,0,0,0,0,0,0,0,0,0,0,0,0,0,0,0,0
4564,2,man,0,0,0,0,0,0,0,0,0,0,0,0,0,0,0,0
4565,2,ari,1,1,1,1,1,1,1,1,1,1,1,1,1,1,1,1
4566,4,hra,1,1,1,1,1,1,1,1,1,1,1,1,1,1,1,1
4567,3,oga,1,0,0,0,0,0,0,0,0,0,0,0,0,0,0,0
4568,3,omo,0,0,0,0,0,0,0,0,0,0,0,0,0,0,0,0
4569,3,stu,0,0,0,0,0,0,0,0,0,0,0,0,0,0,0,0
4570,3,ahd,0,0,0,0,0,0,0,0,0,0,0,0,0,0,0,0
4571,2,yah,0,0,0,0,0,0,0,0,0,0,0,0,0,0,0,0
4572,2,yah,0,0,0,0,0,0,0,0,0,0,0,0,0,0,0,0
4573,3,man,0,0,0,0,0,0,0,0,0,0,0,0,0,0,0,0
4574,3,ika,0,0,0,0,0,0,0,0,0,0,0,0,0,0,0,0
4575,2,aus,0,0,0,0,0,0,0,0,0,0,0,0,0,0,0,0
4576,3,tro,0,0,0,0,0,0,0,0,0,0,0,0,0,0,0,0
4577,3,ika,0,0,0,0,0,0,0,0,0,0,0,0,0,0,0,0
4578,3,ama,0,0,0,0,0,0,0,0,0,0,0,0,0,0,0,0
4579,3,uma,0,0,0,0,0,0,0,0,0,0,0,0,0,0,0,0
4580,2,nto,0,0,0,0,0,0,0,0,0,0,0,0,0,0,0,0
4581,4,kim,0,0,0,0,0,0,0,0,0,0,0,0,0,0,0,0
4582,2,ian,0,0,0,0,0,0,0,0,0,0,0,0,0,0,0,0
4583,2,wan,0,0,0,0,0,0,0,0,0,0,0,0,0,0,0,0
4584,3,yat,0,0,0,0,0,0,0,0,0,0,0,0,0,0,0,0
4585,2,vel,0,0,0,0,0,0,0,0,0,0,0,0,0,0,0,0
4586,2,pta,0,0,0,0,0,0,0,0,0,0,0,0,0,0,0,0
4587,3,uma,0,0,0,0,0,0,0,0,0,0,0,0,0,0,0,0
4588,2,adi,0,0,0,0,0,0,0,0,0,0,0,0,0,0,0,0
4589,4,ega,0,0,0,0,0,0,0,0,0,0,0,0,0,0,0,0
4590,2,oho,0,0,0,0,0,0,0,0,0,0,0,0,0,0,0,0
4591,3,iro,0,0,0,0,0,0,0,0,0,0,0,0,0,0,0,0
4592,3,wan,0,0,0,0,0,0,0,0,0,0,0,0,0,0,0,0
4593,4,hma,1,1,1,1,1,1,1,1,1,1,1,1,1,1,1,1
4594,3,dah,1,1,1,1,1,1,1,1,1,1,1,1,1,1,1,1
4595,3,saa,1,1,1,1,1,1,1,1,1,1,1,1,1,1,1,1
4596,3,lla,1,1,1,1,1,1,1,1,1,1,1,1,1,1,1,1
4597,3,nti,1,1,1,1,1,1,1,1,1,1,1,1,1,1,1,1
4598,3,ila,0,0,0,0,0,0,0,0,0,0,0,0,0,0,0,0
4599,3,yat,0,0,0,0,0,0,0,0,0,0,0,0,0,0,0,0
4600,2,ian,0,0,0,0,0,0,0,0,0,0,0,0,0,0,0,0
4601,2,dya,0,0,0,0,0,0,0,0,0,0,0,0,0,0,0,0
4602,4,nti,1,1,1,1,1,1,1,1,1,1,1,1,1,1,1,1
4603,3,man,0,0,0,0,0,0,0,0,0,0,0,0,0,0,0,0
4604,2,nto,0,0,0,0,0,0,0,0,0,0,0,0,0,0,0,0
4605,4,ito,0,0,0,0,0,0,0,0,0,0,0,0,0,0,0,0
4606,4,ito,0,0,0,0,0,0,0,0,0,0,0,0,0,0,0,0
4607,3,lah,0,0,0,0,0,0,0,0,0,0,0,0,0,0,0,0
4608,2,eza,0,0,0,0,0,0,0,0,0,0,0,0,0,0,0,0
4609,2,ria,1,1,1,1,1,1,1,1,1,1,1,1,1,1,1,1
4610,2,mah,1,1,1,1,1,1,1,1,1,1,1,1,1,1,1,1
4611,3,eng,1,1,1,1,1,1,1,1,1,1,1,1,1,1,1,1
4612,2,n.l,1,1,1,1,1,1,1,1,1,1,1,1,1,1,1,1
4613,3,ani,1,1,1,1,1,1,1,1,1,1,1,1,1,1,1,1
4614,2,man,0,0,0,0,0,0,0,0,0,0,0,0,0,0,0,0
4615,2,nto,0,0,0,0,0,0,0,0,0,0,0,0,0,0,0,0
4616,3,kri,0,0,0,0,0,0,0,0,0,0,0,0,0,0,0,0
4617,3,fal,0,0,0,0,0,0,0,0,0,0,0,0,0,0,0,0
4618,3,ana,0,0,0,0,0,0,0,0,0,0,0,0,0,0,0,0
4619,3,wan,0,0,0,0,0,0,0,0,0,0,0,0,0,0,0,0
4620,2,izy,0,0,0,0,0,0,0,0,0,0,0,0,0,0,0,0
4621,4,kur,0,0,0,0,0,0,0,0,0,0,0,0,0,0,0,0
4622,3,oza,0,0,0,0,0,0,0,0,0,0,0,0,0,0,0,0
4623,3,hri,0,0,0,0,0,0,0,0,0,0,0,0,0,0,0,0
4624,3,tya,0,0,0,0,0,0,0,0,0,0,0,0,0,0,0,0
4625,3,ihi,0,0,0,0,0,0,0,0,0,0,0,0,0,0,0,0
4626,3,oro,0,0,0,0,0,0,0,0,0,0,0,0,0,0,0,0
4627,2,owo,0,0,0,0,0,0,0,0,0,0,0,0,0,0,0,0
4628,3,tri,0,0,0,0,0,0,0,0,0,0,0,0,0,0,0,0
4629,3,owo,0,0,0,0,0,0,0,0,0,0,0,0,0,0,0,0
4630,2,dya,0,0,0,0,0,0,0,0,0,0,0,0,0,0,0,0
4631,3,jah,0,0,0,0,0,0,0,0,0,0,0,0,0,0,0,0
4632,3,iyo,0,0,0,0,0,0,0,0,0,0,0,0,0,0,0,0
4633,3,ika,0,0,0,0,0,0,0,0,0,0,0,0,0,0,0,0
4634,4,ika,0,0,0,0,0,0,0,0,0,0,0,0,0,0,0,0
4635,4,end,0,0,0,0,0,0,0,0,0,0,0,0,0,0,0,0
4636,3,ama,0,0,0,0,0,0,0,0,0,0,0,0,0,0,0,0
4637,3,tyo,0,0,0,0,0,0,0,0,0,0,0,0,0,0,0,0
4638,3,wan,0,0,0,0,0,0,0,0,0,0,0,0,0,0,0,0
4639,3,ano,0,0,0,0,0,0,0,0,0,0,0,0,0,0,0,0
4640,2,zak,0,0,0,0,0,0,0,0,0,0,0,0,0,0,0,0
4641,2,ian,0,0,0,0,0,0,0,0,0,0,0,0,0,0,0,0
4642,3,rat,0,0,0,0,0,0,0,0,0,0,0,0,0,0,0,0
4643,3,mam,0,0,0,0,0,0,0,0,0,0,0,0,0,0,0,0
4644,3,rma,0,0,0,0,0,0,0,0,0,0,0,0,0,0,0,0
4645,2,ano,0,0,0,0,0,0,0,0,0,0,0,0,0,0,0,0
4646,3,nto,0,0,0,0,0,0,0,0,0,0,0,0,0,0,0,0
4647,3,sah,0,0,0,0,0,0,0,0,0,0,0,0,0,0,0,0
4648,3,tro,0,0,0,0,0,0,0,0,0,0,0,0,0,0,0,0
4649,4,ono,0,0,0,0,0,0,0,0,0,0,0,0,0,0,0,0
4650,3,uma,0,0,0,0,0,0,0,0,0,0,0,0,0,0,0,0
4651,3,tro,0,0,0,0,0,0,0,0,0,0,0,0,0,0,0,0
4652,3,iez,0,0,0,0,0,0,0,0,0,0,0,0,0,0,0,0
4653,3,din,0,0,0,0,0,0,0,0,0,0,0,0,0,0,0,0
4654,3,tya,0,0,0,0,0,0,0,0,0,0,0,0,0,0,0,0
4655,3,wan,0,0,0,0,0,0,0,0,0,0,0,0,0,0,0,0
4656,3,eir,0,0,0,0,0,0,0,0,0,0,0,0,0,0,0,0
4657,3,rop,0,0,0,0,0,0,0,0,0,0,0,0,0,0,0,0
4658,3,ach,0,0,0,0,0,0,0,0,0,0,0,0,0,0,0,0
4659,3,sha,0,0,0,0,0,0,0,0,0,0,0,0,0,0,0,0
4660,3,oga,0,0,0,0,0,0,0,0,0,0,0,0,0,0,0,0
4661,3,ama,0,0,0,0,0,0,0,0,0,0,0,0,0,0,0,0
4662,3,oyo,0,0,0,0,0,0,0,0,0,0,0,0,0,0,0,0
4663,2,tya,0,0,0,0,0,0,0,0,0,0,0,0,0,0,0,0
4664,3,tya,0,0,0,0,0,0,0,0,0,0,0,0,0,0,0,0
4665,3,aus,0,0,0,0,0,0,0,0,0,0,0,0,0,0,0,0
4666,3,avi,0,0,0,0,0,0,0,0,0,0,0,0,0,0,0,0
4667,3,oga,0,0,0,0,0,0,0,0,0,0,0,0,0,0,0,0
4668,4,rto,0,0,0,0,0,0,0,0,0,0,0,0,0,0,0,0
4669,3,ama,0,0,0,0,0,0,0,0,0,0,0,0,0,0,0,0
4670,3,loh,0,0,0,0,0,0,0,0,0,0,0,0,0,0,0,0
4671,3,tra,0,0,0,0,0,0,0,0,0,0,0,0,0,0,0,0
4672,3,uma,0,0,0,0,0,0,0,0,0,0,0,0,0,0,0,0
4673,3,tya,0,0,0,0,0,0,0,0,0,0,0,0,0,0,0,0
4674,4,tra,0,0,0,0,0,0,0,0,0,0,0,0,0,0,0,0
4675,3,ail,0,0,0,0,0,0,0,0,0,0,0,0,0,0,0,0
4676,3,ika,0,0,0,0,0,0,0,0,0,0,0,0,0,0,0,0
4677,3,oho,0,0,0,0,0,0,0,0,0,0,0,0,0,0,0,0
4678,2,fia,1,1,1,1,1,1,1,1,1,1,1,1,1,1,1,1
4679,3,ila,1,1,1,1,1,1,1,1,1,1,1,1,1,1,1,1
4680,3,ini,1,1,1,1,1,1,1,1,1,1,1,1,1,1,1,1
4681,2,ria,1,1,1,1,1,1,1,1,1,1,1,1,1,1,1,1
4682,3,rni,1,1,1,1,1,1,1,1,1,1,1,1,1,1,1,1
4683,3,dah,1,1,1,1,1,1,1,1,1,1,1,1,1,1,1,1
4684,2,iah,1,1,1,1,1,1,1,1,1,1,1,1,1,1,1,1
4685,3,hah,1,1,1,1,1,1,1,1,1,1,1,1,1,1,1,1
4686,2,nza,1,1,1,1,1,1,1,1,1,1,1,1,1,1,1,1
4687,3,lia,1,1,1,1,1,1,1,1,1,1,1,1,1,1,1,1
4688,3,eni,1,1,1,1,1,1,1,1,1,1,1,1,1,1,1,1
4689,2,ina,1,1,1,1,1,1,1,1,1,1,1,1,1,1,1,1
4690,3,ian,1,1,1,1,1,1,1,1,1,1,1,1,1,1,1,1
4691,3,tri,1,1,1,1,1,1,1,1,1,1,1,1,1,1,1,1
4692,2,ani,1,1,1,1,1,1,1,1,1,1,1,1,1,1,1,1
4693,4,ana,1,1,1,1,1,1,1,1,1,1,1,1,1,1,1,1
4694,1,ati,1,1,1,1,1,1,1,1,1,1,1,1,1,1,1,1
4695,3,oso,1,1,1,0,1,1,0,1,1,1,1,1,0,1,1,0
4696,3,ini,1,1,1,1,1,1,1,1,1,1,1,1,1,1,1,1
4697,2,dni,1,1,1,1,1,1,1,1,1,1,1,1,1,1,1,1
4698,2,yat,1,0,0,0,0,0,0,0,0,0,0,0,0,0,0,0
4699,3,rya,0,1,1,1,1,1,1,1,1,1,1,1,1,1,1,1
4700,3,nti,1,1,1,1,1,1,1,1,1,1,1,1,1,1,1,1
4701,4,ndo,0,1,0,0,1,0,0,1,0,0,1,0,0,1,0,0
4702,3,awi,1,1,1,1,1,1,1,1,1,1,1,1,1,1,1,1
4703,3,sha,1,1,1,1,1,1,1,1,1,1,1,1,1,1,1,1
4704,2,hra,1,1,1,1,1,1,1,1,1,1,1,1,1,1,1,1
4705,3,isa,1,1,1,1,1,1,1,1,1,1,1,1,1,1,1,1
4706,3,ani,1,1,1,1,1,1,1,1,1,1,1,1,1,1,1,1
4707,3,zwa,1,1,1,1,1,1,1,1,1,1,1,1,1,1,1,1
4708,3,tri,1,1,1,1,1,1,1,1,1,1,1,1,1,1,1,1
4709,3,nia,1,1,1,1,1,1,1,1,1,1,1,1,1,1,1,1
4710,3,nty,1,1,1,1,1,1,1,1,1,1,1,1,1,1,1,1
4711,4,ana,1,1,1,1,1,1,1,1,1,1,1,1,1,1,1,1
4712,3,dia,1,1,1,1,1,1,1,1,1,1,1,1,1,1,1,1
4713,3,ari,1,1,1,1,1,1,1,1,1,1,1,1,1,1,1,1
4714,4,uri,1,1,1,1,1,1,1,1,1,1,1,1,1,1,1,1
4715,3,ika,1,1,1,1,1,1,1,1,1,1,1,1,1,1,1,1
4716,3,hra,1,1,1,1,1,1,1,1,1,1,1,1,1,1,1,1
4717,3,sna,1,1,1,1,1,1,1,1,1,1,1,1,1,1,1,1
4718,3,dro,1,1,1,1,1,1,1,1,1,1,1,1,1,1,1,1
4719,3,mah,1,1,1,1,1,1,1,1,1,1,1,1,1,1,1,1
4720,2,isa,1,1,1,1,1,1,1,1,1,1,1,1,1,1,1,1
4721,4,rok,1,1,1,1,1,1,1,1,1,1,1,1,1,1,1,1
4722,3,lah,1,1,1,1,1,1,1,1,1,1,1,1,1,1,1,1
4723,3,hra,1,1,1,1,1,1,1,1,1,1,1,1,1,1,1,1
4724,2,ila,1,1,1,1,1,1,1,1,1,1,1,1,1,1,1,1
4725,4,udi,1,1,1,1,1,1,1,1,1,1,1,1,1,1,1,1
4726,3,tri,1,1,1,1,1,1,1,1,1,1,1,1,1,1,1,1
4727,2,yah,1,1,1,1,1,1,1,1,1,1,1,1,1,1,1,1
4728,3,iah,1,1,1,1,1,1,1,1,1,1,1,1,1,1,1,1
4729,3,tri,1,1,1,1,1,1,1,1,1,1,1,1,1,1,1,1
4730,3,nti,1,1,1,1,1,1,1,1,1,1,1,1,1,1,1,1
4731,3,umi,1,1,1,1,1,1,1,1,1,1,1,1,1,1,1,1
4732,4,tri,1,1,1,1,1,1,1,1,1,1,1,1,1,1,1,1
4733,3,ila,1,1,1,1,1,1,1,1,1,1,1,1,1,1,1,1
4734,2,ani,1,1,1,1,1,1,1,1,1,1,1,1,1,1,1,1
4735,3,ari,1,1,1,1,1,1,1,1,1,1,1,1,1,1,1,1
4736,4,bis,1,1,1,1,1,1,1,1,1,1,1,1,1,1,1,1
4737,3,tri,1,1,1,1,1,1,1,1,1,1,1,1,1,1,1,1
4738,3,ung,1,1,1,1,1,1,1,1,1,1,1,1,1,1,1,1
4739,3,yah,1,1,1,1,1,1,1,1,1,1,1,1,1,1,1,1
4740,3,sih,1,1,1,1,1,1,1,1,1,1,1,1,1,1,1,1
4741,3,ani,1,1,1,1,1,1,1,1,1,1,1,1,1,1,1,1
4742,3,lla,1,1,1,1,1,1,1,1,1,1,1,1,1,1,1,1
4743,3,yah,1,1,1,1,1,1,1,1,1,1,1,1,1,1,1,1
4744,3,cha,1,1,1,1,1,1,1,1,1,1,1,1,1,1,1,1
4745,2,nda,1,1,1,1,1,1,1,1,1,1,1,1,1,1,1,1
4746,3,uti,1,1,1,1,1,1,1,1,1,1,1,1,1,1,1,1
4747,3,mah,1,1,1,1,1,1,1,1,1,1,1,1,1,1,1,1
4748,2,iza,1,1,1,1,1,1,1,1,1,1,1,1,1,1,1,1
4749,3,ita,1,1,1,1,1,1,1,1,1,1,1,1,1,1,1,1
4750,3,ifa,1,1,1,1,1,1,1,1,1,1,1,1,1,1,1,1
4751,2,ini,1,1,1,1,1,1,1,1,1,1,1,1,1,1,1,1
4752,2,ani,1,1,1,1,1,1,1,1,1,1,1,1,1,1,1,1
4753,4,tri,1,1,1,1,1,1,1,1,1,1,1,1,1,1,1,1
4754,2,nza,0,0,0,0,0,0,0,0,0,0,0,0,0,0,0,0
4755,2,ifa,1,1,1,1,1,1,1,1,1,1,1,1,1,1,1,1
4756,2,ani,1,1,1,1,1,1,1,1,1,1,1,1,1,1,1,1
4757,2,jal,0,0,0,0,0,0,0,0,0,0,0,0,0,0,0,0
4758,2,oho,0,0,0,0,0,0,0,0,0,0,0,0,0,0,0,0
4759,4,gih,0,0,0,0,0,0,0,0,0,0,0,0,0,0,0,0
4760,3,rya,0,0,0,0,0,0,0,0,0,0,0,0,0,0,0,0
4761,3,ama,0,0,0,0,0,0,0,0,0,0,0,0,0,0,0,0
4762,3,ama,0,0,0,0,0,0,0,0,0,0,0,0,0,0,0,0
4763,3,ama,0,0,0,0,0,0,0,0,0,0,0,0,0,0,0,0
4764,2,nda,1,1,1,1,1,1,1,1,1,0,1,1,0,1,1,0
4765,3,ira,1,1,1,1,1,1,1,1,1,1,1,1,1,1,1,1
4766,3,ani,1,1,1,1,1,1,1,1,1,1,1,1,1,1,1,1
4767,3,nti,1,1,1,1,1,1,1,1,1,1,1,1,1,1,1,1
4768,2,tan,1,1,1,1,1,1,1,1,1,1,1,1,1,1,1,1
4769,3,ndi,1,1,1,1,1,1,1,1,1,1,1,1,1,1,1,1
4770,3,tri,1,1,1,1,1,1,1,1,1,1,1,1,1,1,1,1
4771,3,uma,1,1,1,1,1,1,1,1,1,1,1,1,1,1,1,1
4772,2,nti,1,1,1,1,1,1,1,1,1,1,1,1,1,1,1,1
4773,2,ari,1,1,1,1,1,1,1,1,1,1,1,1,1,1,1,1
4774,2,yyu,1,1,1,1,1,1,1,1,1,1,1,1,1,1,1,1
4775,4,dig,0,0,0,0,0,0,0,0,0,0,0,0,0,0,0,0
4776,3,wan,0,0,0,0,0,0,0,0,0,0,0,0,0,0,0,0
4777,3,cci,0,0,0,0,0,0,0,0,0,0,0,0,0,0,0,0
4778,2,yan,0,0,0,0,0,0,0,0,0,0,0,0,0,0,0,0
4779,4,oer,0,0,0,0,0,0,0,0,0,0,0,0,0,0,0,0
4780,3,ama,0,0,0,0,0,0,0,0,0,0,0,0,0,0,0,0
4781,3,ati,1,1,1,1,1,1,1,1,1,1,1,1,1,1,1,1
4782,3,nni,1,1,1,1,1,1,1,1,1,1,1,1,1,1,1,1
4783,3,ani,1,1,1,1,1,1,1,1,1,1,1,1,1,1,1,1
4784,3,tri,1,1,1,1,1,1,1,1,1,1,1,1,1,1,1,1
4785,3,ana,1,1,1,1,1,1,1,1,1,1,1,1,1,1,1,1
4786,2,nty,1,1,1,1,1,1,1,1,1,1,1,1,1,1,1,1
4787,3,ndi,1,0,0,1,0,0,0,0,0,1,0,0,0,0,0,1
4788,3,rah,1,1,1,1,1,1,1,1,1,1,1,1,1,1,1,1
4789,3,ani,1,1,1,1,1,1,1,1,1,1,1,1,1,1,1,1
4790,4,tri,1,1,1,1,1,1,1,1,1,1,1,1,1,1,1,1
4791,3,ifa,1,1,1,1,1,1,1,1,1,0,1,1,1,1,1,1
4792,4,tri,1,1,1,1,1,1,1,1,1,1,1,1,1,1,1,1
4793,2,via,1,1,1,1,1,1,1,1,1,1,1,1,1,1,1,1
4794,4,ang,1,1,1,1,1,1,1,1,1,1,1,1,1,1,1,1
4795,3,ani,1,1,1,1,1,1,1,1,1,1,1,1,1,1,1,1
4796,3,tna,1,1,1,1,1,1,1,1,1,1,1,1,1,1,1,1
4797,3,ied,1,1,1,1,1,1,1,1,1,1,1,1,1,1,1,1
4798,3,ida,1,1,1,1,1,1,1,1,1,1,1,1,1,1,1,1
4799,2,hra,1,1,1,1,1,1,1,1,1,1,1,1,1,1,1,1
4800,3,hra,1,1,1,1,1,1,1,1,1,1,1,1,1,1,1,1
4801,3,iti,1,1,1,1,1,1,1,1,1,1,1,1,1,1,1,1
4802,3,nia,1,1,1,1,1,1,1,1,1,1,1,1,1,1,1,1
4803,3,rah,0,0,0,0,0,0,0,0,0,0,0,0,0,0,0,0
4804,3,ari,1,1,1,1,1,1,1,1,1,1,1,1,1,1,1,1
4805,2,ino,0,0,0,0,0,0,0,0,0,0,0,0,0,0,0,0
4806,3,ina,1,1,1,1,1,1,1,1,1,1,1,1,1,1,1,1
4807,3,ina,1,1,1,1,1,1,1,1,1,1,1,1,1,1,1,1
4808,3,wan,0,0,0,0,0,0,0,0,0,0,0,0,0,0,0,0
4809,3,tri,1,1,1,1,1,1,1,1,1,1,1,1,1,1,1,1
4810,2,min,1,0,0,0,0,0,0,0,0,0,0,0,0,0,0,0
4811,1,kti,0,0,0,0,0,0,0,0,0,0,0,0,0,0,0,0
4812,3,ara,0,0,0,0,0,0,0,0,0,0,0,0,0,0,0,0
4813,2,owo,1,1,1,1,1,1,1,1,1,1,1,1,1,1,1,1
4814,3,ati,1,1,1,1,1,1,1,1,1,1,1,1,1,1,1,1
4815,3,stu,0,0,0,0,0,0,0,0,0,0,0,0,0,0,0,0
4816,3,tih,0,0,0,0,0,0,0,0,0,0,0,0,0,0,0,0
4817,2,tin,0,0,0,0,0,0,0,0,0,0,0,0,0,0,0,0
4818,3,nto,0,0,0,0,0,0,0,0,0,0,0,0,0,0,0,0
4819,2,bin,0,0,0,0,0,0,0,0,0,0,0,0,0,0,0,0
4820,3,tra,0,0,0,0,0,0,0,0,0,0,0,0,0,0,0,0
4821,3,tra,0,0,0,0,0,0,0,0,0,0,0,0,0,0,0,0
4822,3,iam,0,0,0,0,0,0,0,0,0,0,0,0,0,0,0,0
4823,2,sih,1,1,1,1,1,1,1,1,1,1,1,1,1,1,1,1
4824,4,ere,1,1,1,1,1,1,1,1,1,1,1,1,1,1,1,1
4825,4,ono,0,0,0,0,0,0,0,0,0,0,0,0,0,0,0,0
4826,2,yah,0,0,0,0,0,0,0,0,0,0,0,0,0,0,0,0
4827,5,rdi,0,0,0,0,0,0,0,0,0,0,0,0,0,0,0,0
4828,2,osa,0,0,0,0,0,0,0,0,0,0,0,0,0,0,0,0
4829,3,ean,0,0,0,0,0,0,0,0,0,0,0,0,0,0,0,0
4830,4,ira,0,0,0,0,0,0,0,0,0,0,0,0,0,0,0,0
4831,3,ana,1,1,1,1,1,1,1,1,1,1,1,1,1,1,1,1
4832,2,sca,1,1,1,1,1,1,1,1,1,1,1,1,1,1,1,1
4833,2,ria,1,1,1,1,1,1,1,1,1,1,1,1,1,1,1,1
4834,3,owo,0,0,0,0,0,0,0,0,0,0,0,0,0,0,0,0
4835,3,tty,0,0,0,0,0,0,0,0,0,0,0,0,0,0,0,0
4836,2,aus,0,0,0,0,0,0,0,0,0,0,0,0,0,0,0,0
4837,3,gar,0,0,0,0,0,0,0,0,0,0,0,0,0,0,0,0
4838,2,man,0,0,0,0,0,0,0,0,0,0,0,0,0,0,0,0
4839,2,nto,0,0,0,0,0,0,0,0,0,0,0,0,0,0,0,0
4840,4,a s,1,1,1,1,1,1,1,1,1,1,1,1,1,1,1,1
4841,2,nai,1,1,1,1,1,1,1,1,1,1,1,1,1,1,1,1
4842,3,rah,0,0,0,0,0,0,0,0,0,0,0,0,0,0,0,0
4843,2,owo,0,0,0,0,0,0,0,0,0,0,0,0,0,0,0,0
4844,3,muy,1,1,1,1,1,1,1,1,1,1,1,1,1,1,1,1
4845,3,kia,1,1,1,1,1,1,1,1,1,1,1,1,1,1,1,1
4846,3,oto,0,0,0,0,0,0,0,0,0,0,0,0,0,0,0,0
4847,3,sir,0,0,0,0,0,0,0,0,0,0,0,0,0,0,0,0
4848,3,tra,0,0,0,0,0,0,0,0,0,0,0,0,0,0,0,0
4849,2,hah,1,1,1,0,1,1,1,1,1,0,1,1,1,1,1,1
4850,3,tra,0,0,0,0,0,0,0,0,0,0,0,0,0,0,0,0
4851,3,yat,0,0,0,0,0,0,0,0,0,0,0,0,0,0,0,0
4852,3,hwa,0,0,0,0,0,0,0,0,0,0,0,0,0,0,0,0
4853,3,stu,0,0,0,0,0,0,0,0,0,0,0,0,0,0,0,0
4854,2,tra,0,0,0,0,0,0,0,0,0,0,0,0,0,0,0,0
4855,3,ani,1,1,1,1,1,1,1,1,1,1,1,1,1,1,1,1
4856,3,pid,0,0,0,0,0,0,0,0,0,0,0,0,0,0,0,0
4857,4,hra,1,1,1,1,1,1,1,1,1,1,1,1,1,1,1,1
4858,3,ysa,1,1,1,1,1,1,1,1,1,1,1,1,1,1,1,1
4859,2,ati,1,1,1,1,1,1,1,1,1,1,1,1,1,1,1,1
4860,4,gko,0,0,0,0,0,0,0,0,0,0,0,0,0,0,0,0
4861,3,nah,1,1,1,1,1,1,1,1,1,1,1,1,1,1,1,1
4862,2,ani,1,1,1,1,1,1,1,1,1,1,1,1,1,1,1,1
4863,3,aiq,0,0,0,0,0,0,0,0,0,0,0,0,0,0,0,0
4864,3,ani,1,1,1,1,1,1,1,1,1,1,1,1,1,1,1,1
4865,3,ana,0,0,0,0,0,0,0,0,0,0,0,0,0,0,0,0
4866,2,ati,1,1,1,1,1,1,1,1,1,1,1,1,1,1,1,1
4867,4,yah,1,1,1,1,1,1,1,1,1,1,1,1,1,1,1,1
4868,4,uti,1,1,1,1,1,1,1,1,1,1,1,1,1,1,1,1
4869,3,ani,1,1,1,1,1,1,1,1,1,1,1,1,1,1,1,1
4870,2,tri,1,1,1,1,1,1,1,1,1,1,1,1,1,1,1,1
4871,3,wan,1,1,1,1,1,1,1,1,1,1,1,1,1,1,1,1
4872,3,ngi,1,1,1,1,1,1,1,1,1,1,1,1,1,1,1,1
4873,3,ari,1,1,1,1,1,1,1,1,1,1,1,1,1,1,1,1
4874,4,eza,0,0,0,0,0,0,0,0,0,0,0,0,0,0,0,0
4875,3,tri,1,1,1,1,1,1,1,1,1,1,1,1,1,1,1,1
4876,4,ail,1,1,1,1,1,1,1,1,1,1,1,1,1,1,1,1
4877,4,tri,1,1,1,1,1,1,1,1,1,1,1,1,1,1,1,1
4878,3,ani,1,1,1,1,1,1,1,1,1,1,1,1,1,1,1,1
4879,3,uti,1,1,1,1,1,1,1,1,1,1,1,1,1,1,1,1
4880,4,tra,0,0,0,0,0,0,0,0,0,0,0,0,0,0,0,0
4881,2,rum,1,1,1,1,1,1,1,1,1,1,1,1,1,1,1,1
4882,4,aha,0,0,0,0,0,0,0,0,0,0,0,0,0,0,0,0
4883,3,hra,1,1,1,1,1,1,1,1,1,1,1,1,1,1,1,1
4884,2,lah,1,0,1,0,0,1,0,0,1,0,0,1,0,0,1,0
4885,3,ini,1,1,1,1,1,1,1,1,1,1,1,1,1,1,1,1
4886,3,nto,0,0,0,0,0,0,0,0,0,0,0,0,0,0,0,0
4887,3,tri,1,1,1,1,1,1,1,1,1,1,1,1,1,1,1,1
4888,3,uti,1,1,1,1,1,1,1,1,1,1,1,1,1,1,1,1
4889,3,ani,1,1,1,1,1,1,1,1,1,1,1,1,1,1,1,1
4890,4,man,1,1,1,0,1,1,0,1,1,0,1,1,0,1,1,0
4891,2,oro,0,0,0,0,0,0,0,0,0,0,0,0,0,0,0,0
4892,3,gih,1,1,1,1,1,1,1,1,1,1,1,1,1,1,1,1
4893,3,ara,1,1,1,1,1,1,1,1,1,0,1,1,1,1,1,0
4894,2,tia,0,0,0,0,0,0,0,0,0,0,0,0,0,0,0,0
4895,3,ana,0,0,0,0,0,0,0,0,0,0,0,0,0,0,0,0
4896,3,tra,0,0,0,0,0,0,0,0,0,0,0,0,0,0,0,0
4897,2,eza,0,0,0,0,0,0,0,0,0,0,0,0,0,0,0,0
4898,3,uma,0,0,0,0,0,0,0,0,0,0,0,0,0,0,0,0
4899,3,afi,0,0,0,0,0,0,0,0,0,0,0,0,0,0,0,0
4900,2,wan,0,0,0,0,0,0,0,0,0,0,0,0,0,0,0,0
4901,4,dhi,0,0,0,0,0,0,0,0,0,0,0,0,0,0,0,0
4902,3,lmi,0,0,0,0,0,0,0,0,0,0,0,0,0,0,0,0
4903,3,ani,1,1,1,1,1,1,1,1,1,1,1,1,1,1,1,1
4904,3,lia,1,1,1,1,1,1,1,1,1,1,1,1,1,1,1,1
4905,3,eta,1,1,1,1,1,1,1,1,1,1,1,1,1,1,1,1
4906,4,zah,1,1,1,1,1,1,1,1,1,1,1,1,1,1,1,1
4907,4,ani,1,1,1,1,1,1,1,1,1,1,1,1,1,1,1,1
4908,3,uti,1,1,1,1,1,1,1,1,1,1,1,1,1,1,1,1
4909,2,sya,1,1,1,1,1,1,1,1,1,1,1,1,1,1,1,1
4910,3,aya,0,0,0,0,0,0,0,0,0,0,0,0,0,0,0,0
4911,4,bil,1,1,1,1,1,1,1,1,1,1,1,1,1,1,1,1
4912,2,ila,1,1,1,1,1,1,1,1,1,1,1,1,1,1,1,1
4913,4,say,1,1,1,1,1,1,1,1,1,1,1,1,1,1,1,1
4914,3,eni,1,1,1,1,1,1,1,1,1,1,1,1,1,1,1,1
4915,3,kti,0,0,0,0,0,0,0,0,0,0,0,0,0,0,0,0
4916,3,ono,0,0,0,0,0,0,0,0,0,0,0,0,0,0,0,0
4917,4,ama,0,0,0,0,0,0,0,0,0,0,0,0,0,0,0,0
4918,3,nto,0,0,0,0,0,0,0,0,0,0,0,0,0,0,0,0
4919,3,wan,0,0,0,0,0,0,0,0,0,0,0,0,0,0,0,0
4920,2,yan,0,0,0,0,0,0,0,0,0,0,0,0,0,0,0,0
4921,3,ata,1,1,1,1,1,1,1,1,1,1,1,1,1,1,1,1
4922,3,nia,1,1,1,1,1,1,1,1,1,1,1,1,1,1,1,1
4923,3,edo,0,0,0,0,0,0,0,0,0,0,0,0,0,0,0,0
4924,3,han,0,0,0,0,0,0,0,0,0,0,0,0,0,0,0,0
4925,2,mar,0,0,0,0,0,0,0,0,0,0,0,0,0,0,0,0
4926,3,ana,1,1,1,1,1,1,1,1,1,1,1,1,1,1,1,1
4927,2,sya,1,1,1,0,1,1,0,1,1,0,1,1,0,1,1,0
4928,4,odj,0,0,0,0,0,0,0,0,0,0,0,0,0,0,0,1
4929,3,tra,0,0,0,0,0,0,0,0,0,0,0,0,0,0,0,0
4930,3,ika,1,1,1,1,1,1,1,1,1,1,1,1,1,1,1,1
4931,2,yah,1,1,1,1,1,1,1,1,1,1,1,1,1,1,1,1
4932,3,ira,1,1,1,1,1,1,1,1,1,1,1,1,1,1,1,1
4933,2,iah,1,1,1,1,1,1,1,1,1,1,1,1,1,1,1,1
4934,3,ani,1,1,1,1,1,1,1,1,1,1,1,1,1,1,1,1
4935,3,ian,0,0,0,0,0,0,0,0,0,0,0,0,0,0,0,0
4936,3,syi,0,0,0,0,0,0,0,0,0,0,0,0,0,0,0,0
4937,2,nna,0,0,0,0,0,0,1,0,0,1,0,0,0,0,0,0
4938,3,ian,0,0,0,0,0,0,0,0,0,0,0,0,0,0,0,0
4939,3,kib,0,0,0,0,0,0,0,0,0,0,0,0,0,0,0,0
4940,3,iil,0,0,0,0,0,0,0,0,0,0,0,0,0,0,0,0
4941,3,rif,0,0,0,0,0,0,0,0,0,0,0,0,0,0,0,0
4942,3,kim,0,0,0,1,0,0,1,0,0,1,0,0,0,0,0,1
4943,3,jal,0,0,0,0,0,0,0,0,0,0,0,0,0,0,0,0
4944,2,rok,0,0,0,0,0,0,0,0,0,0,0,0,0,0,0,0
4945,3,san,0,0,0,0,0,0,0,0,0,0,0,0,0,0,0,0
4946,4,zal,0,0,0,0,0,0,0,0,0,0,0,0,0,0,0,0
4947,3,sya,0,0,0,0,0,0,0,0,0,0,0,0,0,0,0,0
4948,4,ari,0,0,0,0,0,0,0,0,0,0,0,0,0,0,0,0
4949,3,yah,1,0,0,0,0,0,0,0,0,0,0,0,0,0,0,0
4950,3,tyo,0,0,0,0,0,0,0,0,0,0,0,0,0,0,0,0
4951,3,ria,0,0,0,1,0,0,1,0,0,1,0,0,1,0,0,0
4952,3,gka,0,0,0,0,0,0,0,0,0,0,0,0,0,0,0,0
4953,3,nto,0,0,0,0,0,0,0,0,0,0,0,0,0,0,0,0
4954,3,ani,0,0,0,1,0,0,0,0,0,0,0,0,0,0,0,0
4955,3,nti,1,1,1,1,1,1,1,1,1,1,1,1,1,1,1,1
4956,3,dah,1,1,1,1,1,1,1,1,1,1,1,1,1,1,1,1
4957,3,lah,0,0,0,0,0,0,0,0,0,0,0,0,0,0,0,0
4958,3,zqi,0,0,0,0,0,0,0,0,0,0,0,0,0,0,0,0
4959,3,man,0,0,0,0,0,0,0,0,0,0,0,0,0,0,0,0
4960,3,man,0,0,0,0,0,0,0,0,0,0,0,0,0,0,0,0
4961,2,riz,0,0,0,0,0,0,0,0,0,0,0,0,0,0,0,0
4962,3,nda,0,0,0,1,0,0,1,0,0,1,0,0,1,0,0,1
4963,3,ima,1,0,0,0,0,0,0,0,0,0,0,0,0,0,0,0
4964,3,ono,0,0,0,0,0,0,0,0,0,0,0,0,0,0,0,0
4965,4,dya,0,0,0,0,0,0,0,0,0,0,0,0,0,0,0,0
4966,3,nto,0,0,0,0,0,0,0,0,0,0,0,0,0,0,0,0
4967,3,lsi,0,0,0,0,0,0,0,0,0,0,0,0,0,0,0,0
4968,3,bar,0,0,0,0,0,0,0,0,0,0,0,0,0,0,0,0
4969,3,ama,0,0,0,0,0,0,0,0,0,0,0,0,0,0,0,0
4970,3,ira,1,1,1,1,1,1,1,1,1,1,1,1,1,1,1,1
4971,3,sya,0,0,0,0,0,0,0,0,0,0,0,0,0,0,0,0
4972,3,ina,1,1,1,1,1,1,1,1,1,1,1,1,1,1,1,1
4973,2,fah,1,1,1,0,1,1,0,1,1,0,1,1,1,1,1,1
4974,2,han,0,0,0,0,0,0,0,0,0,0,0,0,0,0,0,0
4975,3,mna,1,1,1,1,1,1,1,1,1,1,1,1,1,1,1,1
4976,3,haf,1,1,1,1,1,1,1,1,1,1,1,1,1,1,1,1
4977,3,ldi,0,0,0,0,0,0,0,0,0,0,0,0,0,0,0,0
4978,2,hir,0,0,0,0,0,0,0,0,0,0,0,0,0,0,0,0
4979,3,man,0,0,0,0,0,0,0,0,0,0,0,0,0,0,0,0
4980,3,aha,0,0,0,0,0,0,0,0,0,0,0,0,0,0,0,0
4981,3,uda,0,0,0,0,0,0,0,0,0,0,0,0,0,0,0,0
4982,2,lim,0,0,0,0,0,0,0,0,0,0,0,0,0,0,0,0
4983,3,tah,1,1,1,1,1,1,1,1,1,1,1,1,1,1,1,1
4984,3,nyu,0,0,0,0,0,0,0,0,0,0,0,0,0,0,0,0
4985,3,wan,0,0,0,0,0,0,0,0,0,0,0,0,0,0,0,0
4986,3,zha,0,0,0,0,0,0,0,0,0,0,0,0,0,0,0,0
4987,3,kla,0,1,1,1,1,1,1,1,1,1,1,1,1,1,1,1
4988,3,ast,0,0,0,0,0,0,0,0,0,0,0,0,0,0,0,0
4989,2,han,0,0,0,0,0,0,0,0,0,0,0,0,0,0,0,0
4990,3,hra,1,1,1,1,1,1,1,1,1,1,1,1,1,1,1,1
4991,3,tfi,1,1,1,1,1,1,1,1,1,1,1,1,1,1,1,1
4992,3,tri,1,1,1,1,1,1,1,1,1,1,1,1,1,1,1,1
4993,3,ico,0,0,0,0,0,0,0,0,0,0,0,0,0,0,0,0
4994,3,ate,0,0,0,0,0,0,0,0,0,0,0,0,0,0,0,0
4995,2,isa,1,1,1,1,1,1,1,1,1,1,1,1,1,1,1,1
4996,3,yak,1,1,1,1,1,1,1,1,1,1,1,1,1,1,1,1
4997,3,nni,0,0,0,0,0,0,0,0,0,0,0,0,0,0,0,0
4998,2,ung,0,0,0,0,0,0,0,0,0,0,0,0,0,0,0,0
4999,3,suf,1,1,1,1,1,1,1,1,1,1,1,1,1,1,1,1
5000,3,wan,0,0,0,0,0,0,0,0,0,0,0,0,0,0,0,0
5001,3,sty,1,1,1,1,1,1,1,1,1,1,1,1,1,1,1,1
5002,3,tya,0,0,0,0,0,0,0,0,0,0,0,0,0,0,0,0
5003,3,ndi,0,0,0,0,0,0,0,0,0,0,0,0,0,0,0,0
5004,2,ldo,1,0,0,0,0,0,0,0,0,0,0,0,0,0,0,0
5005,3,ril,0,0,0,0,0,0,0,0,0,0,0,0,0,0,0,0
5006,3,mbe,0,0,0,0,0,0,0,0,0,0,0,0,0,0,0,0
5007,4,tyo,0,0,0,0,0,0,0,0,0,0,0,0,0,0,0,0
5008,2,lah,0,0,0,0,0,0,0,0,0,0,0,0,0,0,0,0
5009,3,oni,1,1,1,1,1,1,1,1,1,1,1,1,1,1,1,1
5010,4,ati,1,1,1,1,1,1,1,1,1,1,1,1,1,1,1,1
5011,3,ati,0,1,1,1,1,1,1,1,1,1,1,1,1,1,1,1
5012,2,dia,0,1,1,0,1,1,1,1,1,0,1,1,1,1,1,0
5013,3,ara,1,1,1,0,1,1,1,1,1,0,1,1,1,1,1,1
5014,3,ari,1,1,1,1,1,1,1,1,1,1,1,1,1,1,1,1
5015,2,hma,1,1,1,0,1,1,0,1,1,0,1,1,0,1,1,0
5016,2,ila,0,0,0,0,0,0,0,0,0,0,0,0,0,0,0,0
5017,2,yah,0,0,0,0,0,0,0,0,0,0,0,0,0,0,0,0
5018,3,sha,0,1,1,0,1,1,0,1,1,0,1,1,0,1,1,0
5019,3,zza,0,0,0,0,0,0,0,0,0,0,0,0,0,0,0,0
5020,2,ian,0,0,0,0,0,0,0,0,0,0,0,0,0,0,0,0
5021,3,ran,0,0,0,0,0,0,0,0,0,0,0,0,0,0,0,0
5022,3,tra,0,0,0,0,0,0,0,0,0,0,0,0,0,0,0,0
5023,3,ana,0,0,0,0,0,0,0,0,0,0,0,0,0,0,0,0
5024,3,iar,0,0,0,0,0,0,0,0,0,0,0,0,0,0,0,0
5025,2,ara,0,0,0,0,0,0,0,0,0,0,0,0,0,0,0,0
5026,3,nti,1,1,1,1,1,1,1,1,1,1,1,1,1,1,1,1
5027,3,mur,1,1,1,1,1,1,1,1,1,1,1,1,1,1,1,1
5028,2,ari,1,1,1,1,1,1,1,1,1,1,1,1,1,1,1,1
5029,3,ono,0,0,1,0,0,1,0,0,1,0,0,1,0,0,1,0
5030,3,els,0,0,0,0,0,0,0,0,0,0,0,0,0,0,0,0
5031,3,adi,1,1,1,0,1,1,0,1,1,0,1,1,0,1,1,0
5032,3,ana,0,0,0,0,0,0,0,0,0,0,0,0,0,0,0,0
5033,2,ini,1,1,1,1,1,1,1,1,1,1,1,1,1,1,1,1
5034,3,air,0,0,0,0,0,0,0,0,0,0,0,0,0,0,0,0
5035,3,lia,1,1,1,1,1,1,1,1,1,1,1,1,1,1,1,1
5036,3,tri,1,1,1,1,1,1,1,1,1,1,1,1,1,1,1,1
5037,4,ati,1,1,1,1,1,1,1,1,1,1,1,1,1,1,1,1
5038,3,sih,1,1,1,1,1,1,1,1,1,1,1,1,1,1,1,1
5039,3,uci,1,1,1,0,1,1,0,1,1,0,1,1,0,1,1,0
5040,3,yah,1,0,0,0,0,0,0,0,0,0,0,0,0,0,0,0
5041,3,tri,1,1,1,1,1,1,1,1,1,1,1,1,1,1,1,1
5042,3,ani,1,1,1,0,1,1,0,1,1,0,1,1,0,1,1,0
5043,3,tri,1,1,1,1,1,1,1,1,1,1,1,1,1,1,1,1
5044,2,fah,1,1,1,1,1,1,1,1,1,1,1,1,1,1,1,1
5045,3,ufa,1,1,1,1,1,1,1,1,1,1,1,1,1,1,1,1
5046,2,ana,1,1,1,1,1,1,1,1,1,1,1,1,1,1,1,1
5047,3,ila,1,1,1,1,1,1,1,1,1,1,1,1,1,1,1,1
5048,3,wan,0,0,0,0,0,0,0,0,0,0,0,0,0,0,0,0
5049,3,yfa,1,1,1,1,1,1,1,1,1,1,1,1,1,1,1,1
5050,3,ani,1,1,1,1,1,1,1,1,1,1,1,1,1,1,1,1
5051,3,ewi,1,1,1,1,1,1,1,1,1,1,1,1,1,1,1,1
5052,2,nia,1,1,1,1,1,1,1,1,1,1,1,1,1,1,1,1
5053,3,wan,1,0,0,0,0,0,0,0,0,0,0,0,0,0,0,0
5054,4,ang,1,1,1,1,1,1,1,1,1,1,1,1,1,1,1,1
5055,3,ati,1,1,1,1,1,1,1,1,1,1,1,1,1,1,1,1
5056,2,ana,1,1,1,1,1,1,1,1,1,1,1,1,1,1,1,1
5057,4,tri,1,1,1,1,1,1,1,1,1,1,1,1,1,1,1,1
5058,3,uti,1,1,1,1,1,1,1,1,1,1,1,1,1,1,1,1
5059,2,ogi,0,0,0,0,0,0,0,0,0,0,0,0,0,0,0,0
5060,3,sti,0,0,0,0,0,0,0,0,0,0,0,0,0,0,0,0
5061,1,sia,0,1,1,1,1,1,1,1,1,1,1,1,1,1,1,1
5062,3,fin,0,0,0,0,0,0,0,0,0,0,0,0,0,0,0,0
5063,3,tio,0,0,0,0,0,0,0,0,0,0,0,0,0,0,0,0
5064,3,sya,0,0,0,0,0,0,0,0,0,0,0,0,0,0,0,0
5065,3,ran,0,0,0,0,0,0,0,0,0,0,0,0,0,0,0,0
5066,4,ali,0,0,0,0,0,0,0,0,0,0,0,0,0,0,0,0
5067,3,oga,0,0,0,0,0,0,0,0,0,0,0,0,0,0,0,0
5068,2,dra,0,0,0,0,0,0,0,0,0,0,0,0,0,0,0,0
5069,3,oma,0,0,0,0,0,0,0,0,0,0,0,0,0,0,0,0
5070,3,isi,0,1,1,1,1,1,1,1,1,1,1,1,1,1,1,1
5071,3,ana,1,1,1,1,1,1,1,1,1,1,1,1,1,1,1,1
5072,3,tri,1,1,1,1,1,1,1,1,1,1,1,1,1,1,1,1
5073,3,nti,1,1,1,1,1,1,1,1,1,1,1,1,1,1,1,1
5074,3,uat,1,1,1,0,1,1,0,1,1,0,1,1,0,1,1,0
5075,2,ati,1,1,1,1,1,1,1,1,1,1,1,1,1,1,1,1
5076,3,ing,1,1,1,1,1,1,1,1,1,1,1,1,1,1,1,1
5077,3,hah,1,1,1,1,1,1,1,1,1,1,1,1,1,1,1,1
5078,3,ani,1,1,1,1,1,1,1,1,1,1,1,1,1,1,1,1
5079,3,udi,0,0,0,0,0,0,0,0,0,0,0,0,0,0,0,0
5080,4,agi,0,0,0,0,0,0,0,0,0,0,0,0,0,0,0,0
5081,3,aet,1,1,1,1,1,1,1,1,1,1,1,1,1,1,1,1
5082,2,fia,1,1,1,1,1,1,1,1,1,1,1,1,1,1,1,1
5083,3,ise,1,1,1,1,1,1,1,1,1,1,1,1,1,1,1,1
5084,2,ing,1,1,1,1,1,1,1,1,1,1,1,1,1,1,1,1
5085,2,ari,0,1,1,1,1,1,1,1,1,1,1,1,1,1,1,1
5086,3,ani,1,1,1,1,1,1,1,1,1,1,1,1,1,1,1,1
5087,3,ari,1,1,1,1,1,1,1,1,1,1,1,1,1,1,1,1
5088,2,tri,1,1,1,1,1,1,1,1,1,1,1,1,1,1,1,1
5089,2,ila,1,1,1,1,1,1,1,1,1,1,1,1,1,1,1,1
5090,2,yah,1,1,1,1,1,1,1,1,1,1,1,1,1,1,1,1
5091,2,isa,1,1,1,1,1,1,1,1,1,1,1,1,1,1,1,1
5092,3,tri,1,1,1,1,1,1,1,1,1,1,1,1,1,1,1,1
5093,3,ang,1,1,1,1,1,1,1,1,1,1,1,1,1,1,1,1
5094,3,eno,1,1,1,1,1,1,1,1,1,1,1,1,1,1,1,1
5095,3,iri,1,1,1,1,1,1,1,1,1,1,1,1,1,1,1,1
5096,2,lia,1,1,1,1,1,1,1,1,1,1,1,1,1,1,1,1
5097,2,ati,1,1,1,1,1,1,1,1,1,1,1,1,1,1,1,1
5098,2,ila,1,1,1,1,1,1,1,1,1,1,1,1,1,1,1,1
5099,3,ani,1,1,1,1,1,1,1,1,1,1,1,1,1,1,1,1
5100,3,via,1,1,1,1,1,1,1,1,1,1,1,1,1,1,1,1
5101,4,oni,0,1,1,1,1,1,1,1,1,1,1,1,1,1,1,1
5102,2,yah,1,1,1,1,1,1,1,1,1,1,1,1,1,1,1,1
5103,3,ang,1,1,1,1,1,1,1,1,1,1,1,1,1,1,1,1
5104,3,him,0,0,0,0,0,0,0,0,0,0,0,0,0,0,0,0
5105,3,lia,1,1,1,1,1,1,1,1,1,1,1,1,1,1,1,1
5106,3,nia,1,1,1,1,1,1,1,1,1,1,1,1,1,1,1,1
5107,3,ata,1,1,1,1,1,1,1,1,1,1,1,1,1,1,1,1
5108,3,uju,1,1,1,1,1,1,1,1,1,1,1,1,1,1,1,1
5109,3,rif,1,1,1,1,1,1,1,1,1,1,1,1,1,1,1,1
5110,3,tri,1,1,1,1,1,1,1,1,1,1,1,1,1,1,1,1
5111,3,ima,1,1,1,0,1,1,1,1,1,0,1,1,0,1,1,1
5112,2,ani,1,1,1,1,1,1,1,1,1,1,1,1,1,1,1,1
5113,2,ika,1,1,1,1,1,1,1,1,1,1,1,1,1,1,1,1
5114,2,ini,1,1,1,1,1,1,1,1,1,1,1,1,1,1,1,1
5115,3,ila,1,1,1,1,1,1,1,1,1,1,1,1,1,1,1,1
5116,3,dah,1,1,1,1,1,1,1,1,1,1,1,1,1,1,1,1
5117,3,ono,1,1,1,1,1,1,1,1,1,1,1,1,1,1,1,1
5118,2,nti,1,1,1,1,1,1,1,1,1,1,1,1,1,1,1,1
5119,3,ega,1,1,1,1,1,1,1,1,1,1,1,1,1,1,1,1
5120,3,ini,1,1,1,1,1,1,1,1,1,1,1,1,1,1,1,1
5121,3,hra,1,1,1,1,1,1,1,1,1,1,1,1,1,1,1,1
5122,2,nti,1,1,1,1,1,1,1,1,1,1,1,1,1,1,1,1
5123,2,nah,1,1,1,1,1,1,1,1,1,1,1,1,1,1,1,1
5124,2,lah,1,1,1,1,1,1,1,1,1,1,1,1,1,1,1,1
5125,2,ifa,1,1,1,1,1,1,1,1,1,1,1,1,1,1,1,1
5126,2,ana,1,1,1,1,1,1,1,1,1,1,1,1,1,1,1,1
5127,3,nah,1,1,1,1,1,1,1,1,1,1,1,1,1,1,1,1
5128,2,nti,1,1,1,1,1,1,1,1,1,1,1,1,1,1,1,1
5129,4,ely,1,1,1,1,1,1,1,1,1,1,1,1,1,1,1,1
5130,2,hra,1,1,1,1,1,1,1,1,1,1,1,1,1,1,1,1
5131,3,wan,0,0,0,0,0,0,0,0,0,0,0,0,0,0,0,0
5132,3,iko,1,1,1,1,1,1,1,1,1,1,1,1,1,1,1,1
5133,3,efa,1,1,1,1,1,1,1,1,1,1,1,1,1,1,1,1
5134,2,fah,1,1,1,1,1,1,1,1,1,1,1,1,1,1,1,1
5135,3,ila,1,1,1,1,1,1,1,1,1,1,1,1,1,1,1,1
5136,4,uan,1,1,1,1,1,1,1,1,1,1,1,1,1,1,1,1
5137,3,lwa,1,1,1,1,1,1,1,1,1,1,1,1,1,1,1,1
5138,4,kit,1,1,1,1,1,1,1,1,1,1,1,1,1,1,1,1
5139,3,lka,1,1,1,1,1,1,1,1,1,1,1,1,1,1,1,1
5140,3,tri,1,1,1,1,1,1,1,1,1,1,1,1,1,1,1,1
5141,4,uzi,1,1,1,1,1,1,1,1,1,1,1,1,1,1,1,1
5142,3,ang,1,1,1,1,1,1,1,1,1,1,1,1,1,1,1,1
5143,3,ewi,1,1,1,1,1,1,1,1,1,1,1,1,1,1,1,1
5144,3,tha,1,1,1,1,1,1,1,1,1,1,1,1,1,1,1,1
5145,3,isa,1,1,1,1,1,1,1,1,1,1,1,1,1,1,1,1
5146,2,dah,1,1,1,1,1,1,1,1,1,1,1,1,1,1,1,1
5147,3,ani,1,1,1,1,1,1,1,1,1,1,1,1,1,1,1,1
5148,2,sih,1,1,1,1,1,1,1,1,1,1,1,1,1,1,1,1
5149,3,gih,1,1,1,1,1,1,1,1,1,1,1,1,1,1,1,1
5150,3,ayu,1,1,1,1,1,1,1,1,1,1,1,1,1,1,1,1
5151,4,the,1,1,1,1,1,1,1,1,1,1,1,1,1,1,1,1
5152,2,lya,1,1,1,1,1,1,1,1,1,0,1,1,1,1,1,1
5153,3,tri,1,1,1,1,1,1,1,1,1,1,1,1,1,1,1,1
5154,4,ani,0,0,0,1,0,0,1,0,0,1,0,0,1,0,0,1
5155,3,evi,0,0,0,0,0,0,0,0,0,0,0,0,0,0,0,0
5156,3,nto,1,0,0,0,0,0,0,0,0,0,0,0,0,0,0,0
5157,3,ama,0,0,0,0,0,0,0,0,0,0,0,0,0,0,0,0
5158,3,afi,1,0,0,0,0,0,0,0,0,0,0,0,0,0,0,0
5159,4,lam,0,0,0,0,0,0,0,0,0,0,0,0,0,0,0,0
5160,2,ine,1,1,1,1,1,1,1,1,1,1,1,1,1,1,1,1
5161,3,nif,0,0,0,0,0,0,0,0,0,0,0,0,0,0,0,0
5162,3,aih,0,0,0,0,0,0,0,0,0,0,0,0,0,0,0,0
5163,3,dar,0,0,0,0,0,0,0,0,0,0,0,0,0,0,0,0
5164,1,nti,1,1,1,1,1,1,1,1,1,1,1,1,1,1,1,1
5165,3,ule,0,0,0,0,0,0,0,0,0,0,0,0,0,0,0,0
5166,2,ath,0,0,0,0,0,0,0,0,0,0,0,0,0,0,0,0
5167,2,uwu,1,1,1,1,1,1,1,1,1,1,1,1,1,1,1,1
5168,2,ana,0,0,0,0,0,0,0,0,0,0,0,0,0,0,0,0
5169,3,aky,0,0,0,0,0,0,0,0,0,0,0,0,0,0,0,0
5170,3,yah,0,0,0,0,0,0,0,0,0,0,0,0,0,0,0,0
5171,4,ang,0,0,0,0,0,0,0,0,0,0,0,0,0,0,0,0
5172,2,ani,1,1,1,1,1,1,1,1,1,1,1,1,1,1,1,1
5173,2,tar,0,0,0,0,0,0,0,0,0,0,0,0,0,0,0,0
5174,3,nti,1,1,1,1,1,1,1,1,1,1,1,1,1,1,1,1
5175,2,ani,1,1,1,1,1,1,1,1,1,1,1,1,1,1,1,1
5176,5, as,1,1,1,1,1,1,1,1,1,1,1,1,1,1,1,1
5177,3,nto,0,0,0,0,0,0,0,0,0,0,0,0,0,0,0,0
5178,3,ari,1,1,1,1,1,1,1,1,1,1,1,1,1,1,1,1
5179,3,stu,0,0,0,0,0,0,0,0,0,0,0,0,0,0,0,0
5180,2,diq,0,0,0,0,0,0,0,0,0,0,0,0,0,0,0,0
5181,2,ana,1,1,1,1,1,1,1,1,1,1,1,1,1,1,1,1
5182,3,tri,1,1,1,1,1,1,1,1,1,1,1,1,1,1,1,1
5183,4,hom,1,1,1,0,1,1,0,1,1,0,1,1,0,1,1,0
5184,2,yah,0,0,1,0,0,1,0,0,1,0,0,1,0,0,1,0
5185,2,isy,1,1,1,0,1,1,0,1,1,0,1,1,0,1,1,0
5186,3,ita,1,1,1,1,1,1,1,1,1,1,1,1,1,1,1,1
5187,3,ret,0,0,0,0,0,0,0,0,0,0,0,0,0,0,0,0
5188,3,dra,0,0,0,0,0,0,0,0,0,0,0,0,0,0,0,0
5189,2,nti,1,1,1,1,1,1,1,1,1,1,1,1,1,1,1,1
5190,4,tah,0,0,0,0,0,0,0,0,0,0,0,0,0,0,0,0
5191,2,gko,0,0,0,0,0,0,0,0,0,0,0,0,0,0,0,0
5192,3,via,1,1,1,1,1,1,1,1,1,1,1,1,1,1,1,1
5193,3,nov,0,0,0,0,0,0,0,0,0,0,0,0,0,0,0,0
5194,2,yah,0,0,0,0,0,0,0,0,0,0,0,0,0,0,0,0
5195,3,exa,0,1,1,1,1,1,1,1,1,1,1,1,1,1,1,1
5196,3,ono,0,0,0,0,0,0,0,0,0,0,0,0,0,0,0,0
5197,3,edo,0,0,0,0,0,0,0,0,0,0,0,0,0,0,0,0
5198,3,ang,1,1,1,0,1,1,1,1,1,1,1,1,1,1,1,1
5199,3,ari,1,1,1,1,1,1,1,1,1,1,1,1,1,1,1,1
5200,3,tra,0,0,0,0,0,0,0,0,0,0,0,0,0,0,0,0
5201,3,bri,0,0,0,0,0,0,1,0,0,1,0,0,0,0,0,1
5202,3,ara,0,0,0,0,0,0,0,0,0,0,0,0,0,0,0,0
5203,2,mil,1,0,0,0,0,0,0,0,0,0,0,0,0,0,0,0
5204,3,rsa,0,0,0,0,0,0,0,0,0,0,0,0,0,0,0,0
5205,3,ong,1,1,1,1,1,1,1,1,1,1,1,1,1,1,1,1
5206,2,bal,0,0,0,0,0,0,0,0,0,0,0,0,0,0,0,0
5207,2,dra,0,0,0,0,0,0,0,0,0,0,0,0,0,0,0,0
5208,3,hra,1,1,1,1,1,1,1,1,1,1,1,1,1,1,1,1
5209,3,nti,1,1,1,1,1,1,1,1,1,1,1,1,1,1,1,1
5210,3,nti,1,1,1,1,1,1,1,1,1,1,1,1,1,1,1,1
5211,3,tri,1,1,1,1,1,1,1,1,1,1,1,1,1,1,1,1
5212,3,nia,1,1,1,1,1,1,1,1,1,1,1,1,1,1,1,1
5213,3,ela,1,1,1,1,1,1,1,1,1,1,1,1,1,1,1,1
5214,3,tri,1,1,1,1,1,1,1,1,1,1,1,1,1,1,1,1
5215,3,ira,1,1,1,1,1,1,1,1,1,1,1,1,1,1,1,1
5216,4,nti,1,1,1,1,1,1,1,1,1,1,1,1,1,1,1,1
5217,3,lin,1,0,0,0,0,0,0,0,0,0,0,0,0,0,0,0
5218,1,jan,0,0,0,0,0,0,0,0,0,0,0,0,0,0,0,0
5219,3,aro,0,0,0,0,0,0,0,0,0,0,0,0,0,0,0,0
5220,3,fif,0,0,0,0,0,0,0,0,0,0,0,0,0,0,0,0
5221,3,ono,0,0,0,0,0,0,0,0,0,0,0,0,0,0,0,0
5222,3,han,0,0,0,0,0,0,0,0,0,0,0,0,0,0,0,0
5223,3,dhi,0,0,0,0,0,0,0,0,0,0,0,0,0,0,0,0
5224,3,han,0,0,0,0,0,0,0,0,0,0,0,0,0,0,0,0
5225,3,tro,0,0,0,0,0,0,0,0,0,0,0,0,0,0,0,0
5226,3,ndi,0,0,0,0,0,0,0,0,0,0,0,0,0,0,0,0
5227,4,adi,0,0,0,0,0,0,0,0,0,0,0,0,0,0,0,0
5228,2,nda,0,0,0,0,0,0,0,0,0,0,0,0,0,0,0,0
5229,2,wan,0,0,0,0,0,0,0,0,0,0,0,0,0,0,0,0
5230,3,oko,0,0,0,0,0,0,0,0,0,0,0,0,0,0,0,0
5231,3,oko,0,0,0,0,0,0,0,0,0,0,0,0,0,0,0,0
5232,2,tam,1,1,1,1,1,1,1,1,1,1,1,1,1,1,1,1
5233,2,iaz,0,0,0,0,0,0,0,0,0,0,0,0,0,0,0,0
5234,2,ani,1,1,1,1,1,1,1,1,1,1,1,1,1,1,1,1
5235,2,kha,1,1,1,1,1,1,1,1,1,1,1,1,1,1,1,1
5236,3,ani,1,1,1,1,1,1,1,1,1,1,1,1,1,1,1,1
5237,2,ita,1,1,1,1,1,1,1,1,1,1,1,1,1,1,1,1
5238,2,ati,1,1,1,1,1,1,1,1,1,1,1,1,1,1,1,1
5239,3,ita,1,1,1,1,1,1,1,1,1,1,1,1,1,1,1,1
5240,2,ana,1,1,1,1,1,1,1,1,1,1,1,1,1,1,1,1
5241,3,hoh,1,1,1,1,1,1,1,1,1,1,1,1,1,1,1,1
5242,3,mba,1,1,1,1,1,1,1,1,1,1,1,1,1,1,1,1
5243,3,ani,1,1,1,1,1,1,1,1,1,1,1,1,1,1,1,1
5244,3,zah,1,1,1,1,1,1,1,1,1,1,1,1,1,1,1,1
5245,3,aya,0,0,0,0,0,0,0,0,0,0,0,0,0,0,0,0
5246,2,nda,0,1,1,0,1,1,1,1,1,0,1,1,0,1,1,1
5247,3,ana,1,1,1,1,1,1,0,1,1,1,1,1,0,1,1,1
5248,3,ani,0,0,0,1,0,0,1,0,0,1,0,0,1,0,0,1
5249,3,ata,1,1,1,1,1,1,1,1,1,1,1,1,1,1,1,1
5250,3,wan,0,0,0,0,0,0,0,0,0,0,0,0,0,0,0,0
5251,3,dar,1,1,1,1,1,1,1,1,1,1,1,1,1,1,1,1
5252,3,mad,0,0,0,0,0,0,0,0,0,0,0,0,0,0,0,0
5253,3,ani,1,1,1,1,1,1,1,1,1,1,1,1,1,1,1,1
5254,3,edi,0,0,0,0,0,0,0,0,0,0,0,0,0,0,0,0
5255,3,ani,1,1,1,1,1,1,1,1,1,1,1,1,1,1,1,1
5256,3,tra,0,0,0,0,0,0,0,0,0,0,0,0,0,0,0,0
5257,3,tin,1,1,1,1,1,1,1,1,1,1,1,1,1,1,1,1
5258,2,iah,1,1,1,1,1,1,1,1,1,1,1,1,1,1,1,1
5259,4,gar,1,1,1,1,1,1,1,1,1,1,1,1,1,1,1,1
5260,3,tom,1,1,1,1,1,1,1,1,1,1,1,1,0,1,1,0
5261,2,ing,1,1,1,0,1,1,1,1,1,0,1,1,1,1,1,0
5262,3,lah,1,1,1,1,1,1,1,1,1,1,1,1,0,1,1,0
5263,3,oso,0,0,0,0,0,0,0,0,0,0,0,0,0,0,0,0
5264,4,ter,0,0,0,0,0,0,0,0,0,0,0,0,0,0,0,0
5265,4,o p,0,0,0,0,0,0,0,0,0,0,0,0,0,0,0,0
5266,2,rfa,1,1,1,1,1,1,1,1,1,1,1,1,1,1,1,1
5267,3,ari,1,1,1,1,1,1,1,1,1,1,1,1,1,1,1,1
5268,1,ati,1,1,1,1,1,1,1,1,1,1,1,1,1,1,1,1
5269,2,lya,1,1,1,1,1,1,1,1,1,1,1,1,1,1,1,1
5270,3,cio,0,0,0,0,0,0,0,0,0,0,0,0,0,0,0,0
5271,3,ani,1,1,1,1,1,1,1,1,1,1,1,1,1,1,1,1
5272,3,ani,1,1,1,1,1,1,1,1,1,1,1,1,1,1,1,1
5273,3,ibu,1,1,1,1,1,1,1,1,1,1,1,1,1,1,1,1
5274,2,nti,1,1,1,1,1,1,1,1,1,1,1,1,1,1,1,1
5275,3,tra,0,0,0,0,0,0,0,0,0,0,0,0,0,0,0,0
5276,2,ara,0,0,0,0,0,0,0,0,0,0,0,0,0,0,0,0
5277,4,ono,0,0,0,0,0,0,0,0,0,0,0,0,0,0,0,0
5278,4,ami,0,0,0,0,0,0,0,0,0,0,0,0,0,0,0,0
5279,3,tya,0,0,0,0,0,0,0,0,0,0,0,0,0,0,0,0
5280,3,han,0,0,0,0,0,0,0,0,0,0,0,0,0,0,0,0
5281,3,ruq,0,0,0,0,0,0,0,0,0,0,0,0,0,0,0,0
5282,2,yah,0,0,0,0,0,0,0,0,0,0,0,0,0,0,0,0
5283,3,uci,0,0,0,0,0,0,0,0,0,0,0,0,0,0,0,0
5284,2,tyo,0,0,0,0,0,0,0,0,0,0,0,0,0,0,0,0
5285,3,tra,0,0,0,0,0,0,0,0,0,0,0,0,0,0,0,0
5286,3,cus,0,0,0,0,0,0,0,0,0,0,0,0,0,0,0,0
5287,3,iar,0,0,0,0,0,0,0,0,0,0,0,0,0,0,0,0
5288,4,ung,0,0,0,0,0,0,0,0,0,0,0,0,0,0,0,0
5289,4,adi,0,0,0,0,0,0,0,0,0,0,0,0,0,0,0,0
5290,3,ndi,0,0,0,0,0,0,0,0,0,0,0,0,0,0,0,0
5291,3,wan,0,0,0,0,0,0,0,0,0,0,0,0,0,0,0,0
5292,2,yah,1,1,1,1,1,1,1,1,1,1,1,1,1,1,1,1
5293,3,rah,0,1,1,1,1,1,1,1,1,1,1,1,1,1,1,1
5294,3,ari,1,1,1,1,1,1,1,1,1,1,1,1,1,1,1,1
5295,4,ran,1,1,1,1,1,1,1,1,1,1,1,1,1,1,1,1
5296,3,guk,1,1,1,1,1,1,1,1,1,1,1,1,1,1,1,1
5297,2,ina,1,1,1,1,1,1,1,1,1,1,1,1,1,1,1,1
5298,3,bun,1,1,1,1,1,1,1,1,1,0,1,1,0,1,1,0
5299,5,sit,1,1,1,1,1,1,1,1,1,1,1,1,1,1,1,1
5300,5,ima,1,1,1,1,1,1,1,1,1,1,1,1,1,1,1,1
5301,3,ati,1,1,1,1,1,1,1,1,1,1,1,1,1,1,1,1
5302,2,rdi,1,1,0,0,1,0,0,1,0,0,1,0,0,1,0,0
5303,4,ing,1,1,1,1,1,1,1,1,1,1,1,1,1,1,1,1
5304,3,lia,1,1,1,1,1,1,1,1,1,1,1,1,1,1,1,1
5305,3,ita,1,1,1,1,1,1,1,1,1,1,1,1,1,1,1,1
5306,3,ing,1,1,1,1,1,1,1,1,1,1,1,1,1,1,1,1
5307,3,aga,1,1,1,1,1,1,1,1,1,1,1,1,1,1,1,1
5308,3,han,1,1,1,0,1,1,0,1,1,0,1,1,0,1,1,0
5309,2,lia,1,0,1,1,0,1,1,0,1,1,0,1,1,0,1,1
5310,3,nda,0,0,0,0,0,0,0,0,0,0,0,0,0,0,0,0
5311,2,rfa,0,0,0,0,0,0,0,0,0,0,0,0,0,0,0,0
5312,3,fal,0,0,0,0,0,0,0,0,0,0,0,0,0,0,0,0
5313,3,bie,0,0,0,0,0,0,0,0,0,0,0,0,0,0,0,0
5314,3,adi,0,0,0,0,0,0,0,0,0,0,0,0,0,0,0,0
5315,3,qib,0,0,0,0,0,0,0,0,0,0,0,0,0,0,0,0
5316,3,ari,0,0,0,0,0,0,0,0,0,0,0,0,0,0,0,0
5317,3,nda,0,1,0,1,1,0,1,1,0,1,1,0,1,1,0,1
5318,2,utu,0,0,0,0,0,0,0,0,0,0,0,0,0,0,0,0
5319,3,adi,1,1,0,0,1,0,0,1,0,0,1,0,0,1,0,0
5320,3,din,0,0,0,0,0,0,0,0,0,0,0,0,0,0,0,0
5321,3,hfi,1,1,1,1,1,1,1,1,1,1,1,1,1,1,1,1
5322,2,min,1,1,1,1,1,1,1,1,1,1,1,1,1,1,1,1
5323,2,san,0,0,0,0,0,0,0,0,0,0,0,0,0,0,0,0
5324,3,ano,0,0,0,0,0,0,0,0,0,0,0,0,0,0,0,0
5325,3,rwa,1,1,1,1,1,1,1,1,1,1,1,1,1,1,1,1
5326,3,iya,0,0,0,0,0,0,0,0,0,0,0,0,0,0,0,0
5327,2,ufi,0,0,0,0,0,0,0,0,0,0,0,0,0,0,0,0
5328,3,nto,0,0,0,0,0,0,0,0,0,0,0,0,0,0,0,0
5329,3,tra,0,0,0,0,0,0,0,0,0,0,0,0,0,0,0,0
5330,2,esa,0,0,0,0,0,0,0,0,0,0,0,0,0,0,0,0
5331,2,fal,0,0,0,0,0,0,0,0,0,0,0,0,0,0,0,0
5332,3,nto,0,0,0,0,0,0,0,0,0,0,0,0,0,0,0,0
5333,3,ano,0,0,0,0,0,0,0,0,0,0,0,0,0,0,0,0
5334,3,aha,0,0,0,0,0,0,0,0,0,0,0,0,0,0,0,0
5335,3,ran,0,0,0,0,0,0,0,0,0,0,0,0,0,0,0,0
5336,2,ika,0,0,0,0,0,0,0,0,0,0,0,0,0,0,0,0
5337,4,tro,0,0,0,0,0,0,0,0,0,0,0,0,0,0,0,0
5338,2,sya,0,0,0,0,0,0,0,0,0,0,0,0,0,0,0,0
5339,3,ean,0,0,0,0,0,0,0,0,0,0,0,0,0,0,0,0
5340,3,rio,0,0,0,0,0,0,0,0,0,0,0,0,0,0,0,0
5341,2,ono,0,0,0,0,0,0,0,0,0,0,0,0,0,0,0,0
5342,2,oro,0,0,0,0,0,0,0,0,0,0,0,0,0,0,0,0
5343,3,oho,0,0,0,0,0,0,0,0,0,0,0,0,0,0,0,0
5344,3,lih,0,0,0,0,0,0,0,0,0,0,0,0,0,0,0,0
5345,3,eas,0,0,0,0,0,0,0,0,0,0,0,0,0,0,0,0
5346,3,ewo,0,0,0,0,0,0,0,0,0,0,0,0,0,0,0,0
5347,4,tri,1,1,1,1,1,1,1,1,1,1,1,1,1,1,1,1
5348,3,far,0,0,0,0,0,0,0,0,0,0,0,0,0,0,0,0
5349,2,yah,0,0,0,0,0,0,0,0,0,0,0,0,0,0,0,0
5350,3,aja,0,0,0,0,0,0,0,0,0,0,0,0,0,0,0,0
5351,3,iva,1,1,1,1,1,1,1,1,1,1,1,1,1,1,1,1
5352,3,ria,0,0,0,0,0,0,0,0,0,0,0,0,0,0,0,0
5353,3,ama,0,0,0,0,0,0,0,0,0,0,0,0,0,0,0,0
5354,3,awi,0,0,0,0,0,0,0,0,0,0,0,0,0,0,0,0
5355,3,fan,0,0,0,0,0,0,0,0,0,0,0,0,0,0,0,0
5356,3,dzi,0,0,0,0,0,0,0,0,0,0,0,0,0,0,0,0
5357,3,ama,0,0,0,0,0,0,0,0,0,0,0,0,0,0,0,0
5358,2,fat,0,0,0,0,0,0,0,0,0,0,0,0,0,0,0,0
5359,3,nto,0,0,0,0,0,0,0,0,0,0,0,0,0,0,0,0
5360,3,aha,0,0,0,0,0,0,0,0,0,0,0,0,0,0,0,0
5361,3,tya,0,0,0,0,0,0,0,0,0,0,0,0,0,0,0,0
5362,2,man,0,0,0,0,0,0,0,0,0,0,0,0,0,0,0,0
5363,3,adi,0,0,0,0,0,0,0,0,0,0,0,0,0,0,0,0
5364,3,tyo,0,0,0,0,0,0,0,0,0,0,0,0,0,0,0,0
5365,3,ari,0,0,0,0,0,0,0,0,0,0,0,0,0,0,0,0
5366,3,tra,0,0,0,0,0,0,0,0,0,0,0,0,0,0,0,0
5367,3,bis,0,0,0,0,0,0,0,0,0,0,0,0,0,0,0,0
5368,3,ani,1,1,1,1,1,1,1,1,1,1,1,1,1,1,1,1
5369,3,ika,0,0,0,0,0,0,0,0,0,0,0,0,0,0,0,0
5370,3,zky,0,0,0,0,0,0,0,0,0,0,0,0,0,0,0,0
5371,3,ran,0,0,0,0,0,0,0,0,0,0,0,0,0,0,0,0
5372,3,oni,0,0,0,0,0,0,0,0,0,0,0,0,0,0,0,0
5373,3,ria,0,0,0,0,0,0,0,0,0,0,0,0,0,0,0,0
5374,3,tra,0,0,0,0,0,0,0,0,0,0,0,0,0,0,0,0
5375,3,yah,0,0,0,0,0,0,0,0,0,0,0,0,0,0,0,0
5376,3,esa,0,0,0,0,0,0,0,0,0,0,0,0,0,0,0,0
5377,4,adi,0,0,0,0,0,0,0,0,0,0,0,0,0,0,0,0
5378,3,ana,0,0,0,0,0,0,0,0,0,0,0,0,0,0,0,0
5379,2,ian,0,0,0,0,0,0,0,0,0,0,0,0,0,0,0,0
5380,3,bar,0,0,0,0,0,0,0,0,0,0,0,0,0,0,0,0
5381,2,lib,0,0,0,0,0,0,0,0,0,0,0,0,0,0,0,0
5382,2,san,0,0,0,0,0,0,0,0,0,0,0,0,0,0,0,0
5383,2,ine,1,1,1,1,1,1,1,1,1,1,1,1,1,1,1,1
5384,3,rma,0,0,0,0,0,0,0,0,0,0,0,0,0,0,0,0
5385,3,ani,0,0,0,0,0,0,0,0,0,0,0,0,0,0,0,0
5386,2,yah,0,0,0,0,0,0,0,0,0,0,0,0,0,0,0,0
5387,2,wan,0,0,0,0,0,0,0,0,0,0,0,0,0,0,0,0
5388,3,zan,0,0,0,0,0,0,0,0,0,0,0,0,0,0,0,0
5389,3,aki,0,0,0,0,0,0,0,0,0,0,0,0,0,0,0,0
5390,3,hed,0,0,0,0,0,0,0,0,0,0,0,0,0,0,0,0
5391,3,oho,0,0,0,0,0,0,0,0,0,0,0,0,0,0,0,0
5392,3,man,0,0,0,0,0,0,0,0,0,0,0,0,0,0,0,0
5393,3,lah,0,0,0,0,0,0,0,0,0,0,0,0,0,0,0,0
5394,3,han,0,0,0,0,0,0,0,0,0,0,0,0,0,0,0,0
5395,3,wan,0,0,0,0,0,0,0,0,0,0,0,0,0,0,0,0
5396,3,udi,0,0,0,0,0,0,0,0,0,0,0,0,0,0,0,0
5397,2,tra,0,0,0,0,0,0,0,0,0,0,0,0,0,0,0,0
5398,2,ami,1,1,1,1,1,1,1,1,1,1,1,1,1,1,1,1
5399,1,lah,0,0,1,0,0,1,0,0,1,0,0,1,0,0,1,1
5400,2,hfi,0,0,0,0,0,0,0,0,0,0,0,0,0,0,0,0
5401,3,hra,1,1,1,1,1,1,1,1,1,1,1,1,1,1,1,1
5402,3,nty,1,1,1,1,1,1,1,1,1,1,1,1,1,1,1,1
5403,3,dia,1,1,1,1,1,1,1,1,1,1,1,1,1,1,1,1
5404,3,nty,1,1,1,1,1,1,1,1,1,1,1,1,1,1,1,1
5405,2,han,0,0,0,0,0,0,0,0,0,0,0,0,0,0,0,0
5406,3,ira,1,1,1,1,1,1,1,1,1,1,1,1,1,1,1,1
5407,2,ani,1,0,1,1,0,1,1,0,1,1,0,1,1,0,1,1
5408,2,ira,1,1,1,1,1,1,1,1,1,1,1,1,1,1,1,1
5409,3,wan,0,0,0,0,0,0,0,0,0,0,0,0,0,0,0,0
5410,4,gar,1,1,1,1,1,1,1,1,1,1,1,1,1,1,1,1
5411,2,lya,1,1,1,0,1,1,0,1,1,0,1,1,0,1,1,0
5412,3,yid,0,0,0,0,0,0,0,0,0,0,0,0,0,0,0,0
5413,3,ain,0,0,0,0,0,0,0,0,0,0,0,0,0,0,0,0
5414,3,lla,0,0,0,0,0,0,0,0,0,0,0,0,0,0,0,0
5415,3,kia,1,1,1,1,1,1,1,1,1,1,1,1,1,1,1,1
5416,3,wan,0,0,0,0,0,0,0,0,0,0,0,0,0,0,0,0
5417,3,ava,1,1,1,1,1,1,1,1,1,1,1,1,1,1,1,1
5418,3,ila,1,1,1,1,1,1,1,1,1,1,1,1,1,1,1,1
5419,3,iko,1,1,0,0,1,0,0,1,0,0,1,0,0,1,0,0
5420,2,ani,1,1,1,1,1,1,1,1,1,1,1,1,1,1,1,1
5421,3,tra,0,0,0,0,0,0,0,0,0,0,0,0,0,0,0,0
5422,3,tra,0,0,0,0,0,0,0,0,0,0,0,0,0,0,0,0
5423,3,him,0,0,0,0,0,0,0,0,0,0,0,0,0,0,0,0
5424,2,ana,1,1,1,1,1,1,1,1,1,1,1,1,1,1,1,1
5425,5,aus,1,1,1,1,1,1,1,1,1,1,1,1,1,1,1,1
5426,3,din,0,0,0,0,0,0,0,0,0,0,0,0,0,0,0,0
5427,2,tri,1,1,1,1,1,1,1,1,1,1,1,1,1,1,1,1
5428,3,sna,1,1,1,1,1,1,1,1,1,1,1,1,1,1,1,1
5429,3,nto,0,0,0,0,0,0,0,0,0,0,0,0,0,0,0,0
5430,2,han,0,0,0,0,0,0,0,0,0,0,0,0,0,0,0,0
5431,3,nia,1,1,1,1,1,1,1,1,1,1,1,1,1,1,1,1
5432,3,man,1,0,0,0,0,0,0,0,0,0,0,0,0,0,0,0
5433,3,ano,0,0,0,0,0,0,0,0,0,0,0,0,0,0,0,0
5434,3,ana,0,0,0,1,0,0,1,0,0,1,0,0,1,0,0,1
5435,3,tno,0,0,0,0,0,0,0,0,0,0,0,0,0,0,0,0
5436,2,afi,0,0,0,0,0,0,0,0,0,0,0,0,0,0,0,0
5437,2,nti,1,1,1,1,1,1,1,1,1,1,1,1,1,1,1,1
5438,2,ati,1,1,1,1,1,1,1,1,1,1,1,1,1,1,1,1
5439,3,ira,1,1,1,1,1,1,1,1,1,1,1,1,1,1,1,1
5440,3,idi,1,1,1,1,1,1,1,1,1,1,1,1,1,1,1,1
5441,2,rah,0,1,1,1,1,1,1,1,1,1,1,1,1,1,1,1
5442,4,aya,0,0,0,0,0,0,0,0,0,0,0,0,0,0,0,0
5443,3,lia,1,1,1,1,1,1,1,1,1,1,1,1,1,1,1,1
5444,2,fah,1,1,1,1,1,1,1,1,1,1,1,1,1,1,1,1
5445,3,han,0,0,0,0,0,0,0,0,0,0,0,0,0,0,0,0
5446,3,han,0,0,0,0,0,0,0,0,0,0,0,0,0,0,0,0
5447,3,ian,0,0,0,0,0,0,0,0,0,0,0,0,0,0,0,0
5448,2,kim,0,0,0,0,0,0,0,0,0,0,0,0,0,0,0,0
5449,3,min,0,0,0,0,0,0,0,0,0,0,0,0,0,0,0,0
5450,3,yah,0,0,0,0,0,0,0,0,0,0,0,0,0,0,0,0
5451,3,udi,0,0,0,0,0,0,0,0,0,0,0,0,0,0,0,0
5452,3,rja,0,0,0,0,0,0,0,0,0,0,0,0,0,0,0,0
5453,2,man,0,0,0,0,0,0,0,0,0,0,0,0,0,0,0,0
5454,3,iri,0,0,0,0,0,0,0,0,0,0,0,0,0,0,0,0
5455,2,fiz,0,0,0,0,0,0,0,0,0,0,0,0,0,0,0,0
5456,3,qih,0,0,0,0,0,0,0,0,0,0,0,0,0,0,0,0
5457,3,tyo,0,0,0,0,0,0,0,0,0,0,0,0,0,0,0,0
5458,2,nto,0,0,0,0,0,0,0,0,0,0,0,0,0,0,0,0
5459,3,son,0,0,0,0,0,0,0,0,0,0,0,0,0,0,0,0
5460,2,ara,0,0,0,0,0,0,0,0,0,0,0,0,0,0,0,0
5461,2,adi,0,0,0,0,0,0,0,0,0,0,0,0,0,0,0,0
5462,3,bar,0,0,0,0,0,0,0,0,0,0,0,0,0,0,0,0
5463,3,nto,1,0,0,0,0,0,0,0,0,0,0,0,0,0,0,0
5464,3,ani,1,1,1,1,1,1,1,1,1,1,1,1,1,1,1,1
5465,3,hmi,0,0,0,0,0,0,0,0,0,0,0,0,0,0,0,0
5466,4,sul,0,0,0,0,0,0,0,0,0,0,0,0,0,0,0,0
5467,2,hra,1,1,1,1,1,1,1,1,1,1,1,1,1,1,1,1
5468,3,ray,1,1,1,1,1,1,1,1,1,1,1,1,1,1,1,1
5469,3,ezi,0,0,0,0,0,0,0,0,0,0,0,0,0,0,0,0
5470,3,aqi,0,0,0,0,0,0,0,0,0,0,0,0,0,0,0,0
5471,2,yah,0,0,0,0,0,0,0,0,0,0,0,0,0,0,0,0
5472,2,lah,0,0,0,0,0,0,0,0,0,0,0,0,0,0,0,0
5473,3,tyo,0,0,0,0,0,0,0,0,0,0,0,0,0,0,0,0
5474,3,yah,0,0,0,0,0,0,0,0,0,0,0,0,0,0,0,0
5475,3,rif,0,0,0,0,0,0,0,0,0,0,0,0,0,0,0,0
5476,2,yah,0,0,0,0,0,0,0,0,0,0,0,0,0,0,0,0
5477,2,ibi,0,0,0,0,0,0,0,0,0,0,0,0,0,0,0,0
5478,2,kim,0,0,0,0,0,0,0,0,0,0,0,0,0,0,0,0
5479,2,loh,0,0,0,0,0,0,0,0,0,0,0,0,0,0,0,0
5480,2,yah,0,0,0,0,0,0,0,0,0,0,0,0,0,0,0,0
5481,3,han,0,0,0,0,0,0,0,0,0,0,0,0,0,0,0,0
5482,3,aus,0,0,0,0,0,0,0,0,0,0,0,0,0,0,0,0
5483,3,bwo,0,0,0,0,0,0,0,0,0,0,0,0,0,0,0,0
5484,4,sar,0,0,0,0,0,0,0,0,0,0,0,0,0,0,0,0
5485,2,adi,0,0,0,0,0,0,0,0,0,0,0,0,0,0,0,0
5486,2,yah,0,0,0,0,0,0,0,0,0,0,0,0,0,0,0,0
5487,3,had,0,1,0,0,1,0,0,1,0,0,1,0,0,1,0,0
5488,3,nia,1,1,1,1,1,1,1,1,1,1,1,1,1,1,1,1
5489,3,ila,1,1,1,1,1,1,1,1,1,1,1,1,1,1,1,1
5490,2,ria,1,1,1,1,1,1,1,1,1,1,1,1,1,1,1,1
5491,2,tya,0,0,0,0,0,0,0,0,0,0,0,0,0,0,0,0
5492,3,eza,0,0,0,0,0,0,0,0,0,0,0,0,0,0,0,0
5493,3,zki,0,0,0,0,0,0,0,0,0,0,0,0,0,0,0,0
5494,3,man,0,0,0,0,0,0,0,0,0,0,0,0,0,0,0,0
5495,2,iem,0,0,0,0,0,0,0,0,0,0,0,0,0,0,0,0
5496,2,han,0,0,0,0,0,0,0,0,0,0,0,0,0,0,0,0
5497,3,ruz,0,0,0,0,0,0,0,0,0,0,0,0,0,0,0,0
5498,4,arm,0,0,0,0,0,0,0,0,0,0,0,0,0,0,0,0
5499,2,ini,0,1,1,1,1,1,1,1,1,1,1,1,1,1,1,1
5500,2,tya,0,0,0,0,0,0,0,0,0,0,0,0,0,0,0,0
5501,2,lah,0,0,0,0,0,0,0,0,0,0,0,0,0,0,0,0
5502,2,loh,0,0,0,0,0,0,0,0,0,0,0,0,0,0,0,0
5503,2,him,0,0,0,0,0,0,0,0,0,0,0,0,0,0,0,0
5504,3,esi,0,0,0,0,0,0,0,0,0,0,0,0,0,0,0,0
5505,2,man,0,0,0,0,0,0,0,0,0,0,0,0,0,0,0,0
5506,2,fti,0,0,0,1,0,0,1,0,0,0,0,0,1,0,0,0
5507,2,lim,0,0,0,0,0,0,0,0,0,0,0,0,0,0,0,0
5508,3,han,0,0,0,0,0,0,0,0,0,0,0,0,0,0,0,0
5509,2,nda,0,0,0,1,0,0,1,0,0,1,0,0,1,0,0,1
5510,2,nda,0,0,0,0,0,0,0,0,0,0,0,0,0,0,0,0
5511,2,usi,1,1,1,1,1,1,1,1,1,1,1,1,1,1,1,1
5512,3,oso,0,0,0,0,0,0,0,0,0,0,0,0,0,0,0,0
5513,3,ama,0,0,0,0,0,0,0,0,0,0,0,0,0,0,0,0
5514,3,ani,1,1,1,1,1,1,1,1,1,1,1,1,1,1,1,1
5515,3,rah,1,1,1,1,1,1,1,1,1,1,1,1,1,1,1,1
5516,2,mar,0,0,0,0,0,0,0,0,0,0,0,0,0,0,0,0
5517,2,afi,0,0,0,0,0,0,0,0,0,0,0,0,0,0,0,0
5518,4,wan,0,0,0,0,0,0,0,0,0,0,0,0,0,0,0,0
5519,2,man,0,0,0,0,0,0,0,0,0,0,0,0,0,0,0,0
5520,3,yah,0,0,0,0,0,0,0,0,0,0,0,0,0,0,0,0
5521,2,rif,0,0,0,0,0,0,0,0,0,0,0,0,0,0,0,0
5522,3,mar,0,0,0,0,0,0,0,0,0,0,0,0,0,0,0,0
5523,3,ono,0,0,0,0,0,0,0,0,0,0,0,0,0,0,0,0
5524,3,nda,0,0,0,1,0,0,0,0,0,0,0,0,0,0,0,0
5525,3,eza,0,0,0,1,0,0,1,0,0,0,0,0,0,0,0,1
5526,2,loh,0,0,0,0,0,0,0,0,0,0,0,0,0,0,0,0
5527,3,yan,0,0,0,0,0,0,0,0,0,0,0,0,0,0,0,0
5528,3,yla,1,1,1,1,1,1,1,1,1,1,1,1,1,1,1,1
5529,2,man,0,0,0,0,0,0,0,0,0,0,0,0,0,0,0,0
5530,3,hir,0,0,0,0,0,0,0,0,0,0,0,0,0,0,0,0
5531,3,ata,0,0,0,0,0,0,0,0,0,0,0,0,0,0,0,0
5532,3,ziz,0,0,0,0,0,0,0,0,0,0,0,0,0,0,0,0
5533,3,ady,0,0,0,0,0,0,0,0,0,0,0,0,0,0,0,0
5534,3,aki,0,0,0,0,0,0,0,0,0,0,0,0,0,0,0,0
5535,3,ziz,0,0,0,0,0,0,0,0,0,0,0,0,0,0,0,0
5536,1,sha,1,1,1,0,1,1,0,1,1,0,1,1,0,1,1,0
5537,3,aya,1,1,1,1,1,1,1,1,1,0,1,1,1,1,1,1
5538,2,lia,1,1,1,1,1,1,1,1,1,1,1,1,1,1,1,1
5539,3,ana,1,1,1,1,1,1,1,1,1,1,1,1,1,1,1,1
5540,3,aya,1,1,1,1,1,1,1,1,1,1,1,1,1,1,1,1
5541,2,lia,1,1,1,1,1,1,1,1,1,1,1,1,1,1,1,1
5542,3,ian,0,0,0,0,0,0,0,0,0,0,0,0,0,0,0,0
5543,2,dah,1,1,1,1,1,1,1,1,1,1,1,1,1,1,1,1
5544,2,ham,0,0,0,0,0,0,0,0,0,0,0,0,0,0,0,0
5545,3,ali,0,0,0,0,0,0,0,0,0,0,0,0,0,0,0,0
5546,3,lah,0,0,0,0,0,0,0,0,0,0,0,0,0,0,0,0
5547,3,dri,1,1,1,1,1,1,1,1,1,1,1,1,1,1,1,1
5548,4,ias,0,1,1,1,1,1,1,1,1,1,1,1,1,1,1,1
5549,3,iah,1,1,1,1,1,1,1,1,1,1,1,1,1,1,1,1
5550,3,ion,1,1,1,1,1,1,1,1,1,1,1,1,1,1,1,1
5551,3,tya,0,0,0,0,0,0,0,0,0,0,0,0,0,0,0,0
5552,3,ana,1,1,1,1,1,1,1,1,1,1,1,1,1,1,1,1
5553,3,adi,0,0,0,0,0,0,0,0,0,0,0,0,0,0,0,0
5554,2,fin,0,0,0,0,0,0,0,0,0,0,0,0,0,0,0,0
5555,3,man,0,0,0,0,0,0,0,0,0,0,0,0,0,0,0,0
5556,3,diq,0,0,0,0,0,0,0,0,0,0,0,0,0,0,0,0
5557,3,han,0,0,0,0,0,0,0,0,0,0,0,0,0,0,0,0
5558,4,zar,0,0,0,0,0,0,0,0,0,0,0,0,0,0,0,0
5559,2,kky,0,0,0,0,0,0,0,0,0,0,0,0,0,0,0,0
5560,2,jib,0,0,0,0,0,0,0,0,0,0,0,0,0,0,0,0
5561,3,san,0,0,0,0,0,0,0,0,0,0,0,0,0,0,0,0
5562,3,mad,0,0,0,0,0,0,0,0,0,0,0,0,0,0,0,0
5563,2,oni,0,0,0,0,0,0,0,0,0,0,0,0,0,0,0,0
5564,3,iri,0,0,0,0,0,0,0,0,0,0,0,0,0,0,0,0
5565,2,him,0,0,0,0,0,0,0,0,0,0,0,0,0,0,0,0
5566,3,zen,0,0,0,0,0,0,0,0,0,0,0,0,0,0,0,0
5567,3,ola,0,1,1,1,1,1,1,1,1,1,1,1,1,1,1,1
5568,3,ida,0,0,0,0,0,0,0,0,0,0,0,0,0,0,0,0
5569,4,oro,0,0,0,0,0,0,0,0,0,0,0,0,0,0,0,0
5570,3,ama,0,0,0,0,0,0,0,0,0,0,0,0,0,0,0,0
5571,3,ran,0,0,0,0,0,0,0,0,0,0,0,0,0,0,0,0
5572,3,dan,0,0,0,0,0,0,0,0,0,0,0,0,0,0,0,0
5573,3,ama,0,0,0,0,0,0,0,0,0,0,0,0,0,0,0,0
5574,3,ono,0,0,0,0,0,0,0,0,0,0,0,0,0,0,0,0
5575,3,man,0,0,0,0,0,0,0,0,0,0,0,0,0,0,0,0
5576,3,bar,0,0,0,0,0,0,0,0,0,0,0,0,0,0,0,0
5577,3,zar,0,0,0,0,0,0,0,0,0,0,0,0,0,0,0,0
5578,4,sam,0,0,0,0,0,0,0,0,0,0,0,0,0,0,0,0
5579,4,lah,0,0,0,0,0,0,0,0,0,0,0,0,0,0,0,0
5580,3,mar,0,0,0,0,0,0,0,0,0,0,0,0,0,0,0,0
5581,3,ine,0,0,0,0,0,0,0,0,0,0,0,0,0,0,0,0
5582,3,dar,0,0,0,0,0,0,0,0,0,0,0,0,0,0,0,0
5583,2,ffy,0,0,0,0,0,0,0,0,0,0,0,0,0,0,0,0
5584,2,man,0,0,0,0,0,0,0,0,0,0,0,0,0,0,0,0
5585,3,san,0,0,0,0,0,0,0,0,0,0,0,0,0,0,0,0
5586,2,hia,1,0,0,0,0,0,0,0,0,0,0,0,0,0,0,0
5587,3,han,0,0,0,0,0,0,0,0,0,0,0,0,0,0,0,0
5588,3,han,0,0,0,0,0,0,0,0,0,0,0,0,0,0,0,0
5589,3,rok,0,0,0,0,0,0,0,0,0,0,0,0,0,0,0,0
5590,3,lam,0,0,0,0,0,0,0,0,0,0,0,0,0,0,0,0
5591,3,dha,0,0,0,0,0,0,0,0,0,0,0,0,0,0,0,0
5592,3,ana,1,1,1,1,1,1,1,1,1,1,1,1,1,1,1,1
5593,3,bis,1,1,1,1,1,1,1,1,1,1,1,1,1,1,1,1
5594,3,iha,1,1,1,1,1,1,1,1,1,1,1,1,1,1,1,1
5595,3,a'i,0,0,0,0,0,0,0,0,0,0,0,0,0,0,0,0
5596,2,yat,0,0,0,0,0,0,0,0,0,0,0,0,0,0,0,0
5597,3,tra,0,0,0,0,0,0,0,0,0,0,0,0,0,0,0,0
5598,3,lah,0,0,0,0,0,0,0,0,0,0,0,0,0,0,0,0
5599,3,ono,0,0,0,0,0,0,0,0,0,0,0,0,0,0,0,0
5600,3,jid,0,0,0,0,0,0,0,0,0,0,0,0,0,0,0,0
5601,3,aya,0,0,0,0,0,0,0,0,0,0,0,0,0,0,0,0
5602,3,lid,0,0,0,0,0,0,0,0,0,0,0,0,0,0,0,0
5603,3,tra,0,0,0,0,0,0,0,0,0,0,0,0,0,0,0,0
5604,2,yah,0,0,0,0,0,0,0,0,0,0,0,0,0,0,0,0
5605,2,oro,0,0,0,0,0,0,0,0,0,0,0,0,0,0,0,0
5606,3,tra,0,0,0,0,0,0,0,0,0,0,0,0,0,0,0,0
5607,2,zan,0,0,0,0,0,0,0,0,0,0,0,0,0,0,0,0
5608,3,nah,0,1,0,0,1,0,0,1,0,0,1,0,0,1,0,0
5609,3,tra,0,0,0,0,0,0,0,0,0,0,0,0,0,0,0,0
5610,2,uar,0,0,0,0,0,0,0,0,0,0,0,0,0,0,0,0
5611,3,aha,0,0,0,0,0,0,0,0,0,0,0,0,0,0,0,0
5612,2,iko,0,0,0,0,0,0,0,0,0,0,0,0,0,0,0,0
5613,3,wan,0,0,0,0,0,0,0,0,0,0,0,0,0,0,0,0
5614,2,lim,0,0,0,0,0,0,0,0,0,0,0,0,0,0,0,0
5615,3,ian,0,0,0,0,0,0,0,0,0,0,0,0,0,0,0,0
5616,3,dhi,0,0,0,0,0,0,0,0,0,0,0,0,0,0,0,0
5617,4,tno,0,0,0,0,0,0,0,0,0,0,0,0,0,0,0,0
5618,3,ndi,0,0,0,0,0,0,0,0,0,0,0,0,0,0,0,0
5619,3,ana,0,0,0,0,0,0,0,0,0,0,0,0,0,0,0,0
5620,2,owo,0,0,0,0,0,0,0,0,0,0,0,0,0,0,0,0
5621,3,ndi,0,0,0,0,0,0,0,0,0,0,0,0,0,0,0,0
5622,3,uda,1,1,1,1,1,1,1,1,1,1,1,1,1,1,1,1
5623,3,tra,0,0,0,0,0,0,0,0,0,0,0,0,0,0,0,0
5624,2,oho,0,0,0,0,0,0,0,0,0,0,0,0,0,0,0,0
5625,3,ali,1,1,1,1,1,1,1,1,1,1,1,1,1,1,1,1
5626,3,ori,1,1,1,1,1,1,1,1,1,1,1,1,1,1,1,1
5627,3,din,0,0,0,0,0,0,0,0,0,0,0,0,0,0,0,0
5628,2,lal,0,0,0,0,0,0,0,0,0,0,0,0,0,0,0,0
5629,2,hah,1,1,1,1,1,1,0,1,1,0,1,1,1,1,1,1
5630,2,man,0,0,0,0,0,0,0,0,0,0,0,0,0,0,0,0
5631,3,sya,1,1,1,1,1,1,1,1,1,1,1,1,1,1,1,1
5632,5,din,1,0,0,0,0,0,0,0,0,0,0,0,0,0,0,0
5633,2,mad,0,0,0,0,0,0,0,0,0,0,0,0,0,0,0,0
5634,3,ael,0,0,0,0,0,0,0,0,0,0,0,0,0,0,0,0
5635,3,ady,0,0,0,0,0,0,0,0,0,0,0,0,0,0,0,0
5636,2,lah,0,0,0,0,0,0,0,0,0,0,0,0,0,0,0,0
5637,3,han,0,0,0,0,0,0,0,0,0,0,0,0,0,0,0,0
5638,3,ani,0,0,0,1,0,0,1,0,0,1,0,0,1,0,0,1
5639,3,ego,0,0,0,0,0,0,0,0,0,0,0,0,0,0,0,0
5640,4,riq,0,0,0,0,0,0,0,0,0,0,0,0,0,0,0,0
5641,3,hak,0,0,0,0,0,0,0,0,0,0,0,0,0,0,0,0
5642,3,lik,0,0,0,0,0,0,0,0,0,0,0,0,0,0,0,0
5643,2,asa,0,0,0,0,0,0,0,0,0,0,0,0,0,0,0,0
5644,2,kir,0,0,0,0,0,0,0,0,0,0,0,0,0,0,0,0
5645,3,ana,0,0,0,0,0,0,0,0,0,0,0,0,0,0,0,0
5646,2,tya,0,0,0,0,0,0,0,0,0,0,0,0,0,0,0,0
5647,3,wan,0,0,0,0,0,0,0,0,0,0,0,0,0,0,0,0
5648,4,izi,0,0,0,0,0,0,0,0,0,0,0,0,0,0,0,0
5649,3,fin,0,0,0,0,0,0,0,0,0,0,0,0,0,0,0,0
5650,4,hfi,0,0,0,0,0,0,0,0,0,0,0,0,0,0,0,0
5651,2,ari,1,1,1,1,1,1,1,1,1,1,1,1,1,1,1,1
5652,3,dra,0,0,0,0,0,0,0,0,0,0,0,0,0,0,0,0
5653,3,tra,0,0,0,0,0,0,0,0,0,0,0,0,0,0,0,0
5654,2,dar,0,0,0,0,0,0,0,0,0,0,0,0,0,0,0,0
5655,2,nto,0,0,0,0,0,0,0,0,0,0,0,0,0,0,0,0
5656,3,dri,0,0,0,0,0,0,0,0,0,0,0,0,0,0,0,0
5657,2,ian,0,0,0,0,0,0,0,0,0,0,0,0,0,0,0,0
5658,3,ogo,0,0,0,0,0,0,0,0,0,0,0,0,0,0,0,0
5659,2,han,0,0,0,0,0,0,0,0,0,0,0,0,0,0,0,0
5660,2,yah,0,0,0,0,0,0,0,0,0,0,0,0,0,0,0,0
5661,3,tri,1,1,1,1,1,1,1,1,1,1,1,1,1,1,1,1
5662,3,ila,1,1,1,1,1,1,1,1,1,1,1,1,1,1,1,1
5663,3,nti,1,1,1,1,1,1,1,1,1,1,1,1,1,1,1,1
5664,3,adi,1,0,0,0,0,0,0,0,0,0,0,0,0,0,0,0
5665,4,zka,1,1,1,1,1,1,1,1,1,1,1,1,1,1,1,1
5666,3,uma,0,0,0,0,0,0,0,0,0,0,0,0,0,0,0,0
5667,4,obi,1,1,1,1,1,1,1,1,1,1,1,1,1,1,1,1
5668,3,owo,0,0,0,0,0,0,0,0,0,0,0,0,0,0,0,0
5669,3,ama,0,0,0,0,0,0,0,0,0,0,0,0,0,0,0,0
5670,3,dra,1,0,0,0,0,0,0,0,0,0,0,0,0,0,0,0
5671,3,sya,1,1,1,1,1,1,1,1,1,1,1,1,1,1,1,1
5672,4,tri,1,1,1,1,1,1,1,1,1,1,1,1,1,1,1,1
5673,3,fah,0,1,1,1,1,1,1,1,1,1,1,1,1,1,1,1
5674,3,tri,1,1,1,1,1,1,1,1,1,1,1,1,1,1,1,1
5675,3,ani,1,1,1,1,1,1,1,1,1,1,1,1,1,1,1,1
5676,2,zia,1,1,1,1,1,1,1,1,1,1,1,1,1,1,1,1
5677,3,tri,1,1,1,1,1,1,1,1,1,1,1,1,1,1,1,1
5678,3,hra,1,1,1,1,1,1,1,1,1,1,1,1,1,1,1,1
5679,3,ara,1,1,1,1,1,1,1,1,1,1,1,1,1,1,1,1
5680,3,lia,1,1,1,1,1,1,1,1,1,1,1,1,1,1,1,1
5681,2,sya,1,1,1,1,1,1,1,1,1,1,1,1,1,1,1,1
5682,2,ova,1,1,1,1,1,1,1,1,1,1,1,1,1,1,1,1
5683,3,ina,1,1,1,1,1,1,1,1,1,1,1,1,1,1,1,1
5684,3,tri,1,1,1,1,1,1,1,1,1,1,1,1,1,1,1,1
5685,3,uma,1,1,1,0,1,1,0,1,1,0,1,1,0,1,1,0
5686,4,aol,1,1,1,1,1,1,0,1,1,0,1,1,0,1,1,0
5687,2,sha,1,1,1,1,1,1,1,1,1,1,1,1,1,1,1,1
5688,3,lia,1,1,1,1,1,1,1,1,1,1,1,1,1,1,1,1
5689,3,rus,1,1,1,1,1,1,1,1,1,1,1,1,1,1,1,1
5690,3,esa,1,1,1,1,1,1,1,1,1,1,1,1,1,1,1,1
5691,2,tya,1,1,1,1,1,1,1,1,1,1,1,1,1,1,1,1
5692,3,ina,1,1,1,1,1,1,1,1,1,1,1,1,1,1,1,1
5693,3,ira,1,1,1,1,1,1,1,1,1,1,1,1,1,1,1,1
5694,3,tho,1,1,1,1,1,1,1,1,1,1,1,1,1,1,1,1
5695,2,man,0,0,0,0,0,0,0,0,0,0,0,0,0,0,0,0
5696,4,oko,0,0,0,0,0,0,0,0,0,0,0,0,0,0,0,0
5697,3,ati,0,0,0,0,0,0,0,0,0,0,0,0,0,0,0,0
5698,3,aji,0,0,0,0,0,0,0,0,0,0,0,0,0,0,0,0
5699,2,ldi,0,0,0,0,0,0,0,0,0,0,0,0,0,0,0,0
5700,3,ara,1,1,1,1,1,1,1,1,1,1,1,1,1,1,1,1
5701,5,tri,1,1,1,1,1,1,1,1,1,1,1,1,1,1,1,1
5702,4,ana,1,1,1,1,1,1,1,1,1,1,1,1,1,1,1,1
5703,3,ani,1,1,1,1,1,1,1,1,1,1,1,1,1,1,1,1
5704,3,man,0,0,0,0,0,0,0,0,0,0,0,0,0,0,0,0
5705,3,afi,1,1,1,1,1,1,1,1,1,1,1,1,1,1,1,1
5706,3,san,1,0,0,0,0,0,0,0,0,0,0,0,0,0,0,0
5707,2,tya,1,1,1,1,1,1,1,1,1,1,1,1,1,1,1,1
5708,3,dya,1,1,1,1,1,1,1,1,1,1,1,1,1,1,1,1
5709,3,ani,1,1,1,1,1,1,1,1,1,1,1,1,1,1,1,1
5710,3,qis,1,1,1,1,1,1,1,1,1,1,1,1,1,1,1,1
5711,2,hra,1,1,1,1,1,1,1,1,1,1,1,1,1,1,1,1
5712,3,nti,1,1,1,1,1,1,1,1,1,1,1,1,1,1,1,1
5713,3,ifa,1,1,1,1,1,1,1,1,1,1,1,1,1,1,1,1
5714,3,nda,1,1,1,1,1,1,1,1,1,1,1,1,1,1,1,1
5715,2,yah,1,1,1,1,1,1,1,1,1,1,1,1,1,1,1,1
5716,2,dah,1,1,1,1,1,1,1,1,1,1,1,1,1,1,1,1
5717,3,ira,1,1,1,1,1,1,1,1,1,1,1,1,1,1,1,1
5718,3,naf,1,1,1,1,1,1,1,1,1,1,1,1,1,1,1,1
5719,2,nah,1,1,1,1,1,1,1,1,1,1,1,1,1,1,1,1
5720,3,tri,1,1,1,1,1,1,1,1,1,1,1,1,1,1,1,1
5721,3,uty,1,1,1,1,1,1,1,1,1,1,1,1,1,1,1,1
5722,3,ila,1,1,1,1,1,1,1,1,1,1,1,1,1,1,1,1
5723,3,zah,1,1,1,1,1,1,1,1,1,1,1,1,1,1,1,1
5724,3,yah,1,1,1,1,1,1,1,1,1,1,1,1,1,1,1,1
5725,3,nti,1,1,1,1,1,1,1,1,1,1,1,1,1,1,1,1
5726,3,aya,1,1,1,1,1,1,1,1,1,1,1,1,1,1,1,1
5727,3,lia,1,1,1,1,1,1,1,1,1,1,1,1,1,1,1,1
5728,3,mah,1,1,1,1,1,1,1,1,1,1,1,1,1,1,1,1
5729,3,sih,1,1,1,1,1,1,1,1,1,1,1,1,1,1,1,1
5730,3,yah,1,1,1,1,1,1,1,1,1,1,1,1,1,1,1,1
5731,2,ppa,1,1,1,0,1,1,0,1,1,0,1,1,0,1,1,0
5732,3,nsa,0,1,1,0,1,1,1,1,1,1,1,1,0,1,1,1
5733,4,ani,1,1,1,1,1,1,1,1,1,1,1,1,1,1,1,1
5734,3,sda,1,1,1,1,1,1,1,1,1,1,1,1,1,1,1,1
5735,3,lbi,0,0,0,0,0,0,0,0,0,0,0,0,0,0,0,0
5736,3,mad,0,0,0,0,0,0,0,0,0,0,0,0,0,0,0,0
5737,2,uzi,0,0,0,0,0,0,0,0,0,0,0,0,0,0,0,0
5738,3,hab,0,0,0,0,0,0,0,0,0,0,0,0,0,0,0,0
5739,2,hif,0,0,0,0,0,0,0,0,0,0,0,0,0,0,0,0
5740,2,lah,0,0,0,0,0,0,0,0,0,0,0,0,0,0,0,0
5741,1,lah,1,0,0,0,0,0,0,0,0,0,0,0,0,0,0,0
5742,3,ari,0,0,0,0,0,0,0,0,0,0,0,0,0,0,0,0
5743,3,bar,0,0,0,0,0,0,0,0,0,0,0,0,0,0,0,0
5744,3,had,0,0,0,0,0,0,0,0,0,0,0,0,0,0,0,0
5745,3,oga,0,0,0,0,0,0,0,0,0,0,0,0,0,0,0,0
5746,3,ict,0,0,0,0,0,0,0,0,0,0,0,0,0,0,0,0
5747,3,ana,0,0,0,0,0,0,0,0,0,0,0,0,0,0,0,0
5748,3,ana,0,0,0,0,0,0,0,0,0,0,0,0,0,0,0,0
5749,2,lah,0,0,0,0,0,0,0,0,0,0,0,0,0,0,0,0
5750,3,qin,0,0,0,0,0,0,0,0,0,0,0,0,0,0,0,0
5751,3,ian,0,0,0,0,0,0,0,0,0,0,0,0,0,0,0,0
5752,2,afi,0,0,0,0,0,0,0,0,0,0,0,0,0,0,0,0
5753,4,tra,0,0,0,0,0,0,0,0,0,0,0,0,0,0,0,0
5754,3,'at,0,0,0,0,0,0,0,0,0,0,0,0,0,0,0,0
5755,3,aha,0,0,0,0,0,0,0,0,0,0,0,0,0,0,0,0
5756,3,ruz,0,0,0,0,0,0,0,0,0,0,0,0,0,0,0,0
5757,2,lan,0,0,0,0,0,0,0,0,0,0,0,0,0,0,0,0
5758,2,ldo,0,0,0,0,0,0,0,0,0,0,0,0,0,0,0,0
5759,3,wan,0,0,0,0,0,0,0,0,0,0,0,0,0,0,0,0
5760,3,lah,0,0,0,0,0,0,0,0,0,0,0,0,0,0,0,0
5761,2,wan,0,0,0,0,0,0,0,0,0,0,0,0,0,0,0,0
5762,3,evi,0,0,0,0,0,0,0,0,0,0,0,0,0,0,0,0
5763,4,ana,0,0,0,0,0,0,0,0,0,0,0,0,0,0,0,0
5764,3,ama,0,0,0,0,0,0,0,0,0,0,0,0,0,0,0,0
5765,3,lah,0,0,0,0,0,0,0,0,0,0,0,0,0,0,0,0
5766,3,nto,0,0,0,0,0,0,0,0,0,0,0,0,0,0,0,0
5767,3,nto,0,0,0,0,0,0,0,0,0,0,0,0,0,0,0,0
5768,3,mad,0,0,0,0,0,0,0,0,0,0,0,0,0,0,0,0
5769,4,diq,0,0,0,0,0,0,0,0,0,0,0,0,0,0,0,0
5770,3,omo,0,0,0,0,0,0,0,0,0,0,0,0,0,0,0,0
5771,2,fah,1,1,1,1,1,1,1,1,1,1,1,1,1,1,1,1
5772,3,ani,1,1,1,1,1,1,1,1,1,1,1,1,1,1,1,1
5773,3,lmi,0,0,0,0,0,0,0,0,0,0,0,0,0,0,0,0
5774,3,oho,0,0,0,0,0,0,0,0,0,0,0,0,0,0,0,0
5775,3,tia,0,0,0,0,0,0,0,0,0,0,0,0,0,0,0,0
5776,2,ati,0,0,0,1,0,0,1,0,0,1,0,0,1,0,0,1
5777,2,ang,0,0,0,0,0,0,0,0,0,0,0,0,0,0,0,0
5778,2,wan,0,0,0,0,0,0,0,0,0,0,0,0,0,0,0,0
5779,3,imo,0,0,0,0,0,0,0,0,0,0,0,0,0,0,0,0
5780,3,tyo,0,0,0,0,0,0,0,0,0,0,0,0,0,0,0,0
5781,3,izi,0,0,0,0,0,0,0,0,0,0,0,0,0,0,0,0
5782,3,riq,0,0,0,0,0,0,0,0,0,0,0,0,0,0,0,0
5783,2,din,0,0,0,0,0,0,0,0,0,0,0,0,0,0,0,0
5784,3,nto,0,0,0,0,0,0,0,0,0,0,0,0,0,0,0,0
5785,3,yah,1,1,1,1,1,1,1,1,1,1,1,1,1,1,1,1
5786,2,zah,1,1,1,1,1,1,1,1,1,1,1,1,1,1,1,1
5787,1,din,0,0,0,0,0,0,0,0,0,0,0,0,0,0,0,0
5788,2,ani,1,1,1,1,1,1,1,1,1,1,1,1,1,1,1,1
5789,3,ini,1,1,1,1,1,1,1,1,1,1,1,1,1,1,1,1
5790,2,rin,1,1,0,0,1,0,0,1,0,0,1,0,0,1,0,0
5791,2,nta,0,0,0,0,0,0,0,0,0,0,0,0,0,0,0,0
5792,2,kim,0,0,0,0,0,0,0,0,0,0,0,0,0,0,0,0
5793,3,ova,0,0,0,0,0,0,0,0,0,0,0,0,0,0,0,0
5794,2,yam,0,0,0,0,0,0,0,0,0,0,0,0,0,0,0,0
5795,3,sir,0,0,0,0,0,0,0,0,0,0,0,0,0,0,0,0
5796,2,man,0,0,0,0,0,0,0,0,0,0,0,0,0,0,0,0
5797,2,ani,0,0,0,0,0,0,0,0,0,0,0,0,0,0,0,0
5798,2,rio,0,0,0,0,0,0,0,0,0,0,0,0,0,0,0,0
5799,2,ati,1,1,1,1,1,1,1,1,1,1,1,1,1,1,1,1
5800,2,der,0,0,0,0,0,0,0,0,0,0,0,0,0,0,0,0
5801,2,ari,0,0,0,0,0,0,0,0,0,0,0,0,0,0,0,0
5802,4,tyo,0,0,0,0,0,0,0,0,0,0,0,0,0,0,0,0
5803,3,owo,0,0,0,0,0,0,0,0,0,0,0,0,0,0,0,0
5804,2,yah,0,0,0,0,0,0,0,0,0,0,0,0,0,0,0,0
5805,3,suf,0,0,0,0,0,0,0,0,0,0,0,0,0,0,0,0
5806,4,riy,0,0,0,0,0,0,0,0,0,0,0,0,0,0,0,0
5807,3,ari,0,0,0,0,0,0,0,0,0,0,0,0,0,0,0,0
5808,3,han,0,0,0,0,0,0,0,0,0,0,0,0,0,0,0,0
5809,2,ama,0,0,0,0,0,0,0,0,0,0,0,0,0,0,0,0
5810,2,lia,1,1,1,1,1,1,1,1,1,1,1,1,1,1,1,1
5811,3,tri,1,1,1,1,1,1,1,1,1,1,1,1,1,1,1,1
5812,3,hra,1,1,1,1,1,1,1,1,1,1,1,1,1,1,1,1
5813,2,lah,0,0,0,0,0,0,0,0,0,0,0,0,0,0,0,0
5814,3,izi,0,0,0,0,0,0,0,0,0,0,0,0,0,0,0,0
5815,2,dra,0,0,0,0,0,0,0,0,0,0,0,0,0,0,0,0
5816,3,tra,0,0,0,0,0,0,0,0,0,0,0,0,0,0,0,0
5817,2,yah,0,0,0,0,0,0,0,0,0,0,0,0,0,0,0,0
5818,4,tra,0,0,0,0,0,0,0,0,0,0,0,0,0,0,0,0
5819,3,han,0,0,0,0,0,0,0,0,0,0,0,0,0,0,0,0
5820,3,dad,0,0,0,0,0,0,0,0,0,0,0,0,0,0,0,0
5821,3,kim,0,0,0,0,0,0,0,0,0,0,0,0,0,0,0,0
5822,3,han,0,0,0,0,0,0,0,0,0,0,0,0,0,0,0,0
5823,4,ama,0,0,0,0,0,0,0,0,0,0,0,0,0,0,0,0
5824,4,'ab,0,0,0,0,0,0,0,0,0,0,0,0,0,0,0,0
5825,2,lia,1,1,1,1,1,1,1,1,1,1,1,1,1,1,1,1
5826,2,tia,1,1,1,1,1,1,1,1,1,1,1,1,1,1,1,1
5827,2,han,0,0,0,0,0,0,0,0,0,0,0,0,0,0,0,0
5828,3,han,0,0,0,0,0,0,0,0,0,0,0,0,0,0,0,0
5829,2,lia,0,0,0,1,0,0,1,0,0,1,0,0,1,0,0,1
5830,2,jar,1,0,0,0,0,0,0,0,0,0,0,0,0,0,0,0
5831,3,ila,0,0,0,0,0,0,0,0,0,0,0,0,0,0,0,0
5832,3,yah,0,0,0,0,0,0,0,0,0,0,0,0,0,0,0,0
5833,3,man,0,0,0,0,0,0,0,0,0,0,0,0,0,0,0,0
5834,3,ira,1,1,1,1,1,1,1,1,1,1,1,1,1,1,1,1
5835,3,ani,1,1,1,1,1,1,1,1,1,1,1,1,1,1,1,1
5836,2,kan,0,0,0,0,0,0,0,0,0,0,0,0,0,0,0,0
5837,5,yah,1,1,1,1,1,1,1,1,1,1,1,1,1,1,1,1
5838,2,han,0,0,0,0,0,0,0,0,0,0,0,0,0,0,0,0
5839,3,ita,1,1,1,1,1,1,1,1,1,1,1,1,1,1,1,1
5840,1,rel,0,0,0,0,0,0,0,0,0,0,0,0,0,0,0,0
5841,3,yan,0,0,0,0,0,0,0,0,0,0,0,0,0,0,0,0
5842,3,auz,0,0,0,0,0,0,0,0,0,0,0,0,0,0,0,0
5843,3,lah,0,0,0,0,0,0,0,0,0,0,0,0,0,0,0,0
5844,3,aan,0,0,0,0,0,0,0,0,0,0,0,0,0,0,0,0
5845,2,tma,0,0,0,0,0,0,0,0,0,0,0,0,0,0,0,0
5846,3,ama,0,0,0,0,0,0,0,0,0,0,0,0,0,0,0,0
5847,4,ari,0,0,0,0,0,0,0,0,0,0,0,0,0,0,0,0
5848,3,aro,0,0,0,0,0,0,0,0,0,0,0,0,0,0,0,0
5849,3,owo,0,0,0,0,0,0,0,0,0,0,0,0,0,0,0,0
5850,2,ldi,0,0,0,0,0,0,0,0,0,0,0,0,0,0,0,0
5851,3,han,0,0,0,0,0,0,0,0,0,0,0,0,0,0,0,0
5852,2,ian,0,0,0,0,0,0,0,0,0,0,0,0,0,0,0,0
5853,3,hif,0,0,0,0,0,0,0,0,0,0,0,0,0,0,0,0
5854,2,ach,0,0,0,0,0,0,0,0,0,0,0,0,0,0,0,0
5855,3,nza,0,0,0,0,0,0,0,0,0,0,0,0,0,0,0,0
5856,3,ani,0,0,0,1,0,0,1,0,0,1,0,0,1,0,0,1
5857,3,kim,0,0,0,0,0,0,0,0,0,0,0,0,0,0,0,0
5858,3,wan,0,0,0,0,0,0,0,0,0,0,0,0,0,0,0,0
5859,2,tar,0,0,0,0,0,0,0,0,0,0,0,0,0,0,0,0
5860,3,sya,0,0,0,0,0,0,0,0,0,0,0,0,0,0,0,0
5861,3,fqi,0,0,0,0,0,0,0,0,0,0,0,0,0,0,0,0
5862,5,api,0,0,0,0,0,0,0,0,0,1,0,0,0,0,0,0
5863,3,wan,0,0,0,0,0,0,0,0,0,0,0,0,0,0,0,0
5864,3,ike,0,0,0,1,0,0,0,0,0,0,0,0,1,0,0,1
5865,4,mal,0,0,0,0,0,0,0,0,0,0,0,0,0,0,0,0
5866,3,nta,0,0,0,0,0,0,0,0,0,0,0,0,0,0,0,0
5867,3,dja,0,0,0,0,0,0,0,0,0,0,0,0,0,0,0,0
5868,3,han,0,0,0,0,0,0,0,0,0,0,0,0,0,0,0,0
5869,3,ana,0,0,0,0,0,0,0,0,0,0,0,0,0,0,0,0
5870,2,zqi,0,0,0,0,0,0,0,0,0,0,0,0,0,0,0,0
5871,3,tra,0,0,0,0,0,0,0,0,0,0,0,0,0,0,0,0
5872,4,haq,0,0,0,0,0,0,0,0,0,0,0,0,0,0,0,0
5873,3,tra,0,0,0,0,0,0,0,0,0,0,0,0,0,0,0,0
5874,3,zal,0,0,0,0,0,0,0,0,0,0,0,0,0,0,0,0
5875,3,tra,0,0,0,0,0,0,0,0,0,0,0,0,0,0,0,0
5876,3,ozi,0,0,0,0,0,0,0,0,0,0,0,0,0,0,0,0
5877,3,osa,0,0,0,0,0,0,0,0,0,0,0,0,0,0,0,0
5878,3,ros,0,0,0,0,0,0,0,0,0,0,0,0,0,0,0,0
5879,3,aus,0,0,0,0,0,0,0,0,0,0,0,0,0,0,0,0
5880,3,ama,0,0,0,0,0,0,0,0,0,0,0,0,0,0,0,0
5881,3,mmy,0,0,0,0,0,0,0,0,0,0,0,0,0,0,0,0
5882,3,omo,0,0,0,0,0,0,0,0,0,0,0,0,0,0,0,0
5883,3,sya,0,0,0,0,0,0,0,0,0,0,0,0,0,0,0,0
5884,3,oho,0,0,0,0,0,0,0,0,0,0,0,0,0,0,0,0
5885,4,yat,0,0,0,0,0,0,0,0,0,0,0,0,0,0,0,0
5886,3,uma,0,0,0,0,0,0,0,0,0,0,0,0,0,0,0,0
5887,3,ndi,0,0,0,0,0,0,0,0,0,0,0,0,0,0,0,0
5888,3,dra,0,0,0,0,0,0,0,0,0,0,0,0,0,0,0,0
5889,2,osa,0,0,0,0,0,0,0,0,0,0,0,0,0,0,0,0
5890,3,ris,0,0,0,0,0,0,0,0,0,0,0,0,0,0,0,0
5891,3,ang,0,0,0,0,0,0,0,0,0,0,0,0,0,0,0,0
5892,3,ano,0,0,0,0,0,0,0,0,0,0,0,0,0,0,0,0
5893,4,sil,0,0,0,0,0,0,0,0,0,0,0,0,0,0,0,0
5894,2,las,0,0,0,0,0,0,0,0,0,0,0,0,0,0,0,0
5895,3,rio,0,0,0,0,0,0,0,0,0,0,0,0,0,0,0,0
5896,2,iqa,1,1,0,0,1,0,0,1,0,0,1,0,0,1,0,0
5897,3,yah,1,1,1,1,1,1,1,1,1,1,1,1,1,1,1,1
5898,4,min,0,0,0,0,0,0,0,0,0,0,0,0,0,0,0,0
5899,3,ros,0,0,0,0,0,0,0,0,0,0,0,0,0,0,0,0
5900,2,yad,0,0,0,0,0,0,0,0,0,0,0,0,0,0,0,0
5901,3,awy,0,1,0,0,1,0,0,1,0,0,1,0,0,1,0,0
5902,4,man,1,1,1,0,1,1,0,1,1,0,1,1,0,1,1,0
5903,3,ani,0,0,0,0,0,0,0,0,0,0,0,0,0,0,0,0
5904,3,nda,0,0,0,0,0,0,0,0,0,0,0,0,0,0,0,0
5905,4,ain,0,0,0,0,0,0,0,0,0,0,0,0,0,0,0,0
5906,3,oso,0,0,0,0,0,0,0,0,0,0,0,0,0,0,0,0
5907,2,rra,1,1,1,1,1,1,1,1,1,1,1,1,1,1,1,1
5908,3,hra,1,1,1,1,1,1,1,1,1,1,1,1,1,1,1,1
5909,2,ska,1,1,1,1,1,1,1,1,1,1,1,1,1,1,1,1
5910,2,han,0,0,0,0,0,0,0,0,0,0,0,0,0,0,0,0
5911,5,i a,1,1,1,1,1,1,1,1,1,1,1,1,1,1,1,1
5912,3,dji,0,0,0,0,0,0,0,0,0,0,0,0,0,0,0,0
5913,3,dho,0,0,0,0,0,0,1,0,0,0,0,0,0,0,0,0
5914,3,yat,0,0,0,0,0,0,0,0,0,0,0,0,0,0,0,0
5915,2,nto,0,0,0,0,0,0,0,0,0,0,0,0,0,0,0,0
5916,3,fal,0,0,0,0,0,0,0,0,0,0,0,0,0,0,0,0
5917,4,ian,0,0,0,0,0,0,0,0,0,0,0,0,0,0,0,0
5918,3,ila,1,1,1,1,1,1,1,1,1,1,1,1,1,1,1,1
5919,3,tra,0,0,0,0,0,0,0,0,0,0,0,0,0,0,0,0
5920,3,ani,0,0,0,0,0,0,0,0,0,0,0,0,0,0,0,0
5921,4,man,0,0,0,0,0,0,0,0,0,0,0,0,0,0,0,0
5922,3,oji,0,0,0,0,0,0,0,0,0,0,0,0,0,0,0,0
5923,3,las,0,0,0,0,0,0,0,0,0,0,0,0,0,0,0,0
5924,3,man,0,0,0,0,0,0,0,0,0,0,0,0,0,0,0,0
5925,3,hin,0,0,0,1,0,0,1,0,0,0,0,0,0,0,0,0
5926,3,hya,0,0,0,0,0,0,0,0,0,0,0,0,0,0,0,0
5927,2,azi,0,0,0,0,0,0,0,0,0,0,0,0,0,0,0,0
5928,3,dli,0,0,0,0,0,0,0,0,0,0,0,0,0,0,0,0
5929,2,ari,0,0,0,0,0,0,0,0,0,0,0,0,0,0,0,0
5930,3,ana,0,0,0,0,0,0,0,0,0,0,0,0,0,0,0,0
5931,3,ana,0,0,0,0,0,0,0,0,0,0,0,0,0,0,0,0
5932,3,lah,0,0,0,0,0,0,0,0,0,0,0,0,0,0,0,0
5933,3,ana,0,0,0,0,0,0,0,0,0,0,0,0,0,0,0,0
5934,3,nto,0,0,0,0,0,0,0,0,0,0,0,0,0,0,0,0
5935,3,fin,0,0,0,0,0,0,0,0,0,0,0,0,0,0,0,0
5936,3,tno,0,0,0,0,0,0,0,0,0,0,0,0,0,0,0,0
5937,3,tra,0,0,0,0,0,0,0,0,0,0,0,0,0,0,0,0
5938,4,hra,1,1,1,1,1,1,1,1,1,1,1,1,1,1,1,1
5939,4,nto,0,0,0,0,0,0,0,0,0,0,0,0,0,0,0,0
5940,3,wan,0,0,0,0,0,0,0,0,0,0,0,0,0,0,0,0
5941,2,ian,0,0,0,0,0,0,0,0,0,0,0,0,0,0,0,0
5942,3,nto,0,0,0,0,0,0,0,0,0,0,0,0,0,0,0,0
5943,3,hra,1,1,1,1,1,1,1,1,1,1,1,1,1,1,1,1
5944,3,ima,1,1,1,1,1,1,1,1,1,1,1,1,1,1,1,1
5945,2,ndi,1,1,1,0,1,1,0,1,1,1,1,1,0,1,1,1
5946,3,hwa,1,1,1,1,1,1,1,1,1,1,1,1,1,1,1,1
5947,2,mal,0,0,0,0,0,0,0,0,0,0,0,0,0,0,0,0
5948,3,ara,0,0,0,0,0,0,0,0,0,0,0,0,0,0,0,0
5949,3,any,0,0,0,0,0,0,0,0,0,0,0,0,0,0,0,0
5950,3,wan,0,0,0,0,0,0,0,0,0,0,0,0,0,0,0,0
5951,2,jie,0,0,0,0,0,0,0,0,0,0,0,0,0,0,0,0
5952,4,ing,0,0,0,0,0,0,0,0,0,0,0,0,0,0,0,0
5953,3,ami,0,0,0,0,0,0,0,0,0,0,0,0,0,0,0,0
5954,4,ani,0,0,0,0,0,0,1,0,0,1,0,0,0,0,0,0
5955,2,evi,0,0,0,0,0,0,0,0,0,0,0,0,0,0,0,0
5956,2,han,0,0,0,0,0,0,0,0,0,0,0,0,0,0,0,0
5957,3,tri,0,0,0,1,0,0,1,0,0,1,0,0,1,0,0,1
5958,3,rya,0,0,0,0,0,0,0,0,0,0,0,0,0,0,0,0
5959,3,smi,1,1,0,0,1,0,0,1,0,0,1,0,0,1,0,0
5960,3,mar,0,0,0,0,0,0,0,0,0,0,0,0,0,0,0,0
5961,3,sah,1,1,1,1,1,1,1,1,1,1,1,1,1,1,1,1
5962,3,war,1,1,1,1,1,1,1,1,1,1,1,1,1,1,1,1
5963,2,ali,1,1,1,1,1,1,1,1,1,1,1,1,1,1,1,1
5964,3,hra,1,1,1,1,1,1,1,1,1,1,1,1,1,1,1,1
5965,3,ati,1,1,1,1,1,1,1,1,1,1,1,1,1,1,1,1
5966,3,iya,1,1,1,1,1,1,1,1,1,1,1,1,1,1,1,1
5967,3,lah,1,1,1,1,1,1,1,1,1,1,1,1,1,1,1,1
5968,3,sny,1,1,1,1,1,1,1,1,1,1,1,1,1,1,1,1
5969,2,fah,1,1,1,1,1,1,1,1,1,1,1,1,1,1,1,1
5970,3,ini,1,1,1,1,1,1,1,1,1,1,1,1,1,1,1,1
5971,2,min,0,0,0,0,0,0,0,0,0,0,0,0,0,0,0,0
5972,2,ian,0,0,0,0,0,0,0,0,0,0,0,0,0,0,0,0
5973,2,ani,1,1,1,1,1,1,1,1,1,1,1,1,1,1,1,1
5974,2,nah,1,1,1,1,1,1,1,1,1,1,1,1,1,1,1,1
5975,2,man,0,0,0,0,0,0,0,0,0,0,0,0,0,0,0,0
5976,3,izi,0,0,0,0,0,0,0,0,0,0,0,0,0,0,0,0
5977,2,zqi,0,0,0,0,0,0,0,0,0,0,0,0,0,0,0,0
5978,1,man,0,0,0,0,0,0,0,0,0,0,0,0,0,0,0,0
5979,3,dah,1,1,1,1,1,1,1,1,1,1,1,1,1,1,1,1
5980,3,lia,1,1,1,1,1,1,1,1,1,1,1,1,1,1,1,1
5981,3,din,0,0,0,0,0,0,0,0,0,0,0,0,0,0,0,0
5982,4,thi,0,0,0,0,0,0,0,0,0,0,0,0,0,0,0,0
5983,3,dan,0,0,0,0,0,0,0,0,0,0,0,0,0,0,0,0
5984,3,kri,0,0,0,1,0,0,1,0,0,1,0,0,1,0,0,1
5985,3,owo,1,1,1,0,1,1,0,1,1,0,1,1,0,1,1,0
5986,3,ila,1,1,1,1,1,1,1,1,1,1,1,1,1,1,1,1
5987,4,ari,1,1,1,1,1,1,1,1,1,1,1,1,1,1,1,1
5988,3,nda,1,1,1,1,1,1,1,1,1,1,1,1,1,1,1,1
5989,3,ira,1,1,1,1,1,1,1,1,1,1,1,1,1,1,1,1
5990,4,ian,1,1,1,1,1,1,1,1,1,1,1,1,1,1,1,1
5991,4,oyo,1,1,1,1,1,1,1,1,1,1,1,1,1,1,1,1
5992,2,isa,1,1,1,1,1,1,1,1,1,1,1,1,1,1,1,1
5993,2,yah,1,1,1,1,1,1,1,1,1,1,1,1,1,1,1,1
5994,3,hra,1,1,1,1,1,1,1,1,1,1,1,1,1,1,1,1
5995,4,ila,1,1,1,1,1,1,1,1,1,1,1,1,1,1,1,1
5996,3,lma,1,1,1,1,1,1,1,1,1,1,1,1,1,1,1,1
5997,1,hro,1,1,1,1,1,1,1,1,1,1,1,1,1,1,1,1
5998,3,man,1,0,0,0,0,0,0,0,0,0,0,0,0,0,0,0
5999,2,hra,1,1,1,1,1,1,1,1,1,1,1,1,1,1,1,1
6000,2,hro,1,1,1,1,1,1,1,1,1,1,1,1,1,1,1,1
6001,3,mah,1,1,1,1,1,1,1,1,1,1,1,1,1,1,1,1
6002,4,qon,0,0,0,0,0,0,0,0,0,0,0,0,0,0,0,0
6003,3,kim,1,1,1,1,1,1,1,1,1,1,1,1,1,1,1,1
6004,3,bah,1,1,1,1,1,1,1,1,1,0,1,1,1,1,1,1
6005,2,uri,0,0,0,0,0,0,0,0,0,0,0,0,0,0,0,0
6006,2,lih,0,0,0,0,0,0,0,0,0,0,0,0,0,0,0,0
6007,3,han,0,0,0,0,0,0,0,0,0,0,0,0,0,0,0,0
6008,2,man,0,0,0,0,0,0,0,0,0,0,0,0,0,0,0,0
6009,1,man,0,0,0,0,0,0,0,0,0,0,0,0,0,0,0,0
6010,3,fik,1,1,1,1,1,1,1,1,1,1,1,1,1,1,1,1
6011,2,yah,0,0,0,0,0,0,0,0,0,0,0,0,0,0,0,0
6012,2,lla,1,1,1,1,1,1,1,1,1,1,1,1,1,1,1,1
6013,2,yah,0,0,0,0,0,0,0,0,0,0,0,0,0,0,0,0
6014,2,ara,0,0,0,0,0,0,0,0,0,0,0,0,0,0,0,0
6015,3,lah,0,0,0,0,0,0,0,0,0,0,0,0,0,0,0,0
6016,3,ana,0,0,0,0,0,0,0,0,0,0,0,0,0,0,0,0
6017,3,him,0,0,0,0,0,0,0,0,0,0,0,0,0,0,0,0
6018,3,tyo,0,0,0,0,0,0,0,0,0,0,0,0,0,0,0,0
6019,3,uan,0,0,0,0,0,0,0,0,0,0,0,0,0,0,0,0
6020,2,tra,0,0,0,0,0,0,0,0,0,0,0,0,0,0,0,0
6021,3,yan,0,0,0,0,0,0,0,0,0,0,0,0,0,0,0,0
6022,3,kri,0,0,0,0,0,0,0,0,0,0,0,0,0,0,0,0
6023,3,him,0,0,0,0,0,0,0,0,0,0,0,0,0,0,0,0
6024,3,wan,0,0,0,0,0,0,0,0,0,0,0,0,0,0,0,0
6025,4,din,0,0,0,0,0,0,0,0,0,0,0,0,0,0,0,0
6026,3,ono,0,0,0,0,0,0,0,0,0,0,0,0,0,0,0,0
6027,3,mud,0,0,0,0,0,0,0,0,0,0,0,0,0,0,0,0
6028,3,aan,0,0,0,0,0,0,0,0,0,0,0,0,0,0,0,0
6029,2,man,0,0,0,0,0,0,0,0,0,0,0,0,0,0,0,0
6030,3,ari,0,0,0,0,0,0,0,0,0,0,0,0,0,0,0,0
6031,3,yah,0,0,0,0,0,0,0,0,0,0,0,0,0,0,0,0
6032,2,idz,0,0,0,0,0,0,0,0,0,0,0,0,0,0,0,0
6033,3,han,0,0,0,0,0,0,0,0,0,0,0,0,0,0,0,0
6034,2,nto,0,0,0,0,0,0,0,0,0,0,0,0,0,0,0,0
6035,2,nda,0,0,0,0,0,0,0,0,0,0,0,0,0,0,0,0
6036,3,bar,0,0,0,0,0,0,0,0,0,0,0,0,0,0,0,0
6037,2,sah,0,0,0,0,0,0,0,0,0,0,0,0,0,0,0,0
6038,3,izi,0,0,0,0,0,0,0,0,0,0,0,0,0,0,0,0
6039,3,lid,0,0,0,0,0,0,0,0,0,0,0,0,0,0,0,0
6040,4,afi,0,0,0,0,0,0,0,0,0,0,0,0,0,0,0,0
6041,4,tra,0,0,0,0,0,0,0,0,0,0,0,0,0,0,0,0
6042,3,man,0,0,0,0,0,0,0,0,0,0,0,0,0,0,0,0
6043,3,stu,0,0,0,0,0,0,0,0,0,0,0,0,0,0,0,0
6044,3,bie,0,0,0,0,0,0,0,0,0,0,0,0,0,0,0,0
6045,3,mal,0,0,0,0,0,0,0,0,0,0,0,0,0,0,0,0
6046,4,ziz,0,0,0,0,0,0,0,0,0,0,0,0,0,0,0,0
6047,3,oso,0,0,0,0,0,0,0,0,0,0,0,0,0,0,0,0
6048,2,ani,0,0,0,0,0,0,0,0,0,0,0,0,0,0,0,0
6049,3,wan,0,0,0,0,0,0,0,0,0,0,0,0,0,0,0,0
6050,3,bar,0,0,0,0,0,0,0,0,0,0,0,0,0,0,0,0
6051,2,nto,0,0,0,0,0,0,0,0,0,0,0,0,0,0,0,0
6052,3,nto,0,0,0,0,0,0,0,0,0,0,0,0,0,0,0,0
6053,3,ita,0,1,1,1,1,1,1,1,1,1,1,1,1,1,1,1
6054,2,ham,0,0,0,0,0,0,0,0,0,0,0,0,0,0,0,0
6055,3,ham,0,0,0,0,0,0,0,0,0,0,0,0,0,0,0,0
6056,2,ono,0,0,0,0,0,0,0,0,0,0,0,0,0,0,0,0
6057,2,hra,1,1,1,1,1,1,1,1,1,1,1,1,1,1,1,1
6058,3,lah,1,1,1,1,1,1,1,1,1,1,1,1,1,1,1,1
6059,3,leh,1,1,1,1,1,1,1,1,1,1,1,1,1,1,1,1
6060,4,tri,1,1,1,1,1,1,1,1,1,1,1,1,1,1,1,1
6061,3,tri,1,1,1,1,1,1,1,1,1,1,1,1,1,1,1,1
6062,3,ida,1,1,1,1,1,1,1,1,1,1,1,1,1,1,1,1
6063,2,isa,1,1,1,1,1,1,1,1,1,1,1,1,1,1,1,1
6064,3,ifa,1,1,1,1,1,1,1,1,1,1,1,1,1,1,1,1
6065,3,nda,1,1,1,1,1,1,1,1,1,1,1,1,1,1,1,1
6066,3,ola,0,0,0,1,0,0,1,0,0,1,0,0,1,0,0,1
6067,3,iza,0,0,0,0,0,0,0,0,0,0,0,0,0,0,0,0
6068,4,nam,0,0,0,0,0,0,0,0,0,0,0,0,0,0,0,0
6069,3,ama,0,0,0,0,0,0,0,0,0,0,0,0,0,0,0,0
6070,3,ran,0,0,0,0,0,0,0,0,0,0,0,0,0,0,0,0
6071,2,man,0,0,0,0,0,0,0,0,0,0,0,0,0,0,0,0
6072,3,han,0,0,0,0,0,0,0,0,0,0,0,0,0,0,0,0
6073,3,kah,0,0,0,0,0,0,0,0,0,0,0,0,0,0,0,0
6074,3,eto,0,0,0,0,0,0,0,0,0,0,0,0,0,0,0,0
6075,2,dar,0,0,0,0,0,0,0,0,0,0,0,0,0,0,0,0
6076,2,las,0,0,0,0,0,0,0,0,0,0,0,0,0,0,0,0
6077,3,tya,0,0,0,1,0,0,1,0,0,1,0,0,1,0,0,1
6078,3,ino,0,0,0,0,0,0,0,0,0,0,0,0,0,0,0,0
6079,3,lah,0,0,0,0,0,0,0,0,0,0,0,0,0,0,0,0
6080,4,mar,0,0,0,0,0,0,0,0,0,0,0,0,0,0,0,0
6081,3,uda,0,0,0,1,0,0,0,0,0,1,0,0,1,0,0,1
6082,3,wah,1,1,1,1,1,1,1,1,1,1,1,1,1,1,1,1
6083,3,har,0,0,0,0,0,0,0,0,0,0,0,0,0,0,0,0
6084,1,yiz,0,0,0,0,0,0,0,0,0,0,0,0,0,0,0,0
6085,2,nnu,1,1,1,0,1,1,0,1,1,0,1,1,0,1,1,0
6086,3,ani,0,0,0,0,0,0,0,0,0,0,0,0,0,0,0,0
6087,3,nah,1,1,1,1,1,1,1,1,1,1,1,1,1,1,1,1
6088,3,uma,0,0,0,0,0,0,0,0,0,0,0,0,0,0,0,0
6089,3,ova,0,0,0,0,0,0,0,0,0,0,0,0,0,0,0,0
6090,3,tsa,0,0,0,0,0,0,0,0,0,0,0,0,0,0,0,0
6091,2,isi,0,1,1,1,1,1,1,1,1,1,1,1,1,1,1,1
6092,3,ara,1,1,1,0,1,1,0,1,1,0,1,1,0,1,1,0
6093,3,ani,1,1,1,1,1,1,1,1,1,1,1,1,1,1,1,1
6094,3,ina,1,1,1,1,1,1,1,1,1,1,1,1,1,1,1,1
6095,3,ani,1,1,1,1,1,1,1,1,1,1,1,1,1,1,1,1
6096,3,hun,0,0,0,0,0,0,0,0,0,0,0,0,0,0,0,0
6097,4,bar,0,0,0,0,0,0,0,0,0,0,0,0,0,0,0,0
6098,3,izi,0,0,0,1,0,0,1,0,0,1,0,0,1,0,0,1
6099,2,zan,0,0,0,0,0,0,0,0,0,0,0,0,0,0,0,0
6100,3,wal,0,0,0,0,0,0,0,0,0,0,0,0,0,0,0,0
6101,3,ani,1,1,1,1,1,1,1,1,1,1,1,1,1,1,1,1
6102,3,yan,1,1,1,1,1,1,1,1,1,1,1,1,1,1,1,1
6103,3,kim,0,0,0,0,0,0,0,0,0,0,0,0,0,0,0,0
6104,3,zky,0,0,0,0,0,0,0,0,0,0,0,0,0,0,0,0
6105,3,zha,1,1,1,0,1,1,0,1,1,0,1,1,0,1,1,0
6106,3,mad,0,0,0,0,0,0,0,0,0,0,0,0,0,0,0,0
6107,3,tri,1,1,1,1,1,1,1,1,1,1,1,1,1,1,1,1
6108,3,aan,0,0,0,0,0,0,0,0,0,0,0,0,0,0,0,0
6109,3,fif,0,0,0,0,0,0,0,0,0,0,0,0,0,0,0,0
6110,3,odo,0,0,0,0,0,0,0,0,0,0,0,0,0,0,0,0
6111,3,uzi,0,0,0,0,0,0,0,0,0,0,0,0,0,0,0,0
6112,3,tra,0,0,0,0,0,0,0,0,0,0,0,0,0,0,0,0
6113,3,ang,0,0,0,0,0,0,0,0,0,0,0,0,0,0,0,0
6114,2,kka,0,0,0,0,0,0,0,0,0,0,0,0,0,0,0,0
6115,2,lwa,1,1,1,1,1,1,1,1,1,1,1,1,1,1,1,1
6116,3,tri,1,1,1,1,1,1,1,1,1,1,1,1,1,1,1,1
6117,3,hra,1,1,1,1,1,1,1,1,1,1,1,1,1,1,1,1
6118,3,lya,1,1,1,1,1,1,1,1,1,1,1,1,1,1,1,1
6119,2,cia,1,1,1,1,1,1,1,1,1,1,1,1,1,1,1,1
6120,3,ari,1,1,1,1,1,1,1,1,1,1,1,1,1,1,1,1
6121,3,ewi,1,1,1,1,1,1,1,1,1,1,1,1,1,1,1,1
6122,3,nto,0,0,0,0,0,0,0,0,0,0,0,0,0,0,0,0
6123,5,rma,1,1,1,1,1,1,1,1,1,1,1,1,1,1,1,1
6124,2,ita,1,1,1,1,1,1,1,1,1,1,1,1,1,1,1,1
6125,2,sih,1,1,1,1,1,1,1,1,1,1,1,1,1,1,1,1
6126,3,nza,0,0,0,0,0,0,0,0,0,0,0,0,0,0,0,0
6127,2,ola,1,1,1,1,1,1,1,1,1,1,1,1,1,1,1,1
6128,2,ono,0,0,0,0,0,0,0,0,0,0,0,0,0,0,0,0
6129,2,ram,0,0,0,0,0,0,0,0,0,0,0,0,0,0,0,0
6130,4,ama,0,0,0,0,0,0,0,0,0,0,0,0,0,0,0,0
6131,3,tra,0,0,0,0,0,0,0,0,0,0,0,0,0,0,0,0
6132,3,fio,0,0,0,0,0,0,0,0,0,0,0,0,0,0,0,0
6133,4,zah,1,1,1,0,1,1,0,1,1,0,1,1,0,1,1,1
6134,3,oho,0,0,0,0,0,0,0,0,0,0,0,0,0,0,0,0
6135,2,man,0,0,0,0,0,0,0,0,0,0,0,0,0,0,0,0
6136,3,lly,0,0,0,0,0,0,0,0,0,0,0,0,0,0,0,0
6137,3,tri,1,1,1,1,1,1,1,1,1,1,1,1,1,1,1,1
6138,2,nur,1,0,0,0,0,0,0,0,0,0,0,0,0,0,0,0
6139,2,oti,0,0,0,0,0,0,0,0,0,0,0,0,0,0,0,0
6140,2,tin,1,1,1,1,1,1,1,1,1,1,1,1,1,1,1,1
6141,2,ura,1,1,1,1,1,1,1,1,1,1,1,1,1,1,1,1
6142,3,rum,1,1,1,1,1,1,1,1,1,1,1,1,1,1,1,1
6143,3,isa,1,1,1,1,1,1,1,1,1,1,1,1,1,1,1,1
6144,3,ede,1,1,1,1,1,1,1,1,1,1,1,1,1,1,1,1
6145,3,iro,1,1,1,1,1,1,1,1,1,1,1,1,1,1,1,1
6146,3,rum,1,1,1,1,1,1,1,1,1,1,1,1,1,1,1,1
6147,2,ang,1,1,1,1,1,1,1,1,1,1,1,1,1,1,1,1
6148,2,yam,1,1,1,1,1,1,1,1,1,1,1,1,1,1,1,1
6149,2,hra,1,1,1,1,1,1,1,1,1,1,1,1,1,1,1,1
6150,3,ata,1,1,1,1,1,1,1,1,1,1,1,1,1,1,1,1
6151,3,ana,0,0,0,0,0,0,0,0,0,0,0,0,0,0,0,0
6152,3,uma,0,0,0,0,0,0,0,0,0,0,0,0,0,0,0,0
6153,3,ani,1,1,1,1,1,1,1,1,1,1,1,1,1,1,1,1
6154,2,yda,1,1,1,1,1,1,1,1,1,1,1,1,1,1,1,1
6155,3,omo,0,0,0,0,0,0,0,0,0,0,0,0,0,0,0,0
6156,3,nto,0,0,0,0,0,0,0,0,0,0,0,0,0,0,0,0
6157,3,nah,1,1,1,1,1,1,1,1,1,1,1,1,1,1,1,1
6158,3,age,0,0,0,0,0,0,0,0,0,0,0,0,0,0,0,0
6159,3,tra,0,0,0,0,0,0,0,0,0,0,0,0,0,0,0,0
6160,3,tri,1,1,1,1,1,1,1,1,1,1,1,1,1,1,1,1
6161,4,hyo,0,0,0,0,0,0,0,0,0,0,0,0,0,0,0,0
6162,3,rdi,1,1,1,1,1,1,1,1,1,1,1,1,1,1,1,1
6163,3,ani,1,1,1,1,1,1,1,1,1,1,1,1,1,1,1,1
6164,2,nah,1,1,1,1,1,1,1,1,1,1,1,1,1,1,1,1
6165,3,ina,1,1,1,1,1,1,1,1,1,1,1,1,1,1,1,1
6166,2,ati,1,1,1,1,1,1,1,1,1,1,1,1,1,1,1,1
6167,3,ani,1,1,1,1,1,1,1,1,1,1,1,1,1,1,1,1
6168,3,yah,0,0,0,0,0,0,0,0,0,0,0,0,0,0,0,0
6169,2,yla,1,1,1,1,1,1,1,1,1,1,1,1,1,1,1,1
6170,2,oel,0,0,0,0,0,0,0,0,0,0,0,0,0,0,0,0
6171,4,amb,0,0,0,0,0,0,0,0,0,0,0,0,0,0,0,0
6172,3,mad,1,1,1,0,1,1,0,1,1,0,1,1,0,1,1,0
6173,4,nda,1,1,1,1,1,1,1,1,1,1,1,1,1,1,1,1
6174,3,ouw,1,0,0,0,0,0,0,0,0,0,0,0,0,0,0,1
6175,3,ham,0,0,0,0,0,0,0,0,0,0,0,0,0,0,0,0
6176,3,abi,0,1,1,1,1,1,1,1,1,1,1,1,1,1,1,1
6177,3,ika,0,1,1,1,1,1,1,1,1,1,1,1,1,1,1,1
6178,3,fah,1,1,1,1,1,1,1,1,1,1,1,1,1,1,1,1
6179,3,wan,1,1,1,1,1,1,1,1,1,1,1,1,1,1,1,1
6180,3,ala,1,1,1,1,1,1,1,1,1,1,1,1,1,1,1,1
6181,4,ung,1,1,1,1,1,1,1,1,1,1,1,1,1,1,1,1
6182,3,oka,1,1,1,1,1,1,1,1,1,1,1,1,1,1,1,1
6183,3,wan,1,1,1,0,1,1,0,1,1,0,1,1,0,1,1,0
6184,2,rat,1,1,1,1,1,1,1,1,1,1,1,1,1,1,1,1
6185,3,ana,1,1,1,1,1,1,1,1,1,1,1,1,1,1,1,1
6186,4,pat,1,1,1,1,1,1,1,1,1,1,1,1,1,1,1,1
6187,3,ick,1,1,1,1,1,1,1,1,1,1,1,1,1,1,1,1
6188,3,ono,1,1,1,0,1,1,0,1,1,0,1,1,0,1,1,0
6189,4,are,1,1,1,1,1,1,1,1,1,1,1,1,1,1,1,1
6190,2,aya,0,0,0,1,0,0,1,0,0,1,0,0,1,0,0,1
6191,3,ran,0,0,0,0,0,0,0,0,0,0,0,0,0,0,0,0
6192,4,bah,0,0,0,0,0,0,0,0,0,0,0,0,0,0,0,0
6193,3,aen,0,0,0,0,0,0,0,0,0,0,0,0,0,0,0,0
6194,3,wan,0,0,0,0,0,0,0,0,0,0,0,0,0,0,0,0
6195,2,ila,1,1,1,1,1,1,1,1,1,1,1,1,1,1,1,1
6196,3,ddy,1,1,1,1,1,1,1,1,1,1,1,1,1,1,1,1
6197,2,sca,1,1,1,1,1,1,1,1,1,1,1,1,1,1,1,1
6198,3,dan,1,1,1,1,1,1,1,1,1,1,1,1,1,1,1,1
6199,4,ian,1,1,1,1,1,1,1,1,1,1,1,1,1,1,1,1
6200,3,mat,1,1,1,1,1,1,1,1,1,1,1,1,1,1,1,1
6201,4,tri,1,1,1,1,1,1,1,1,1,1,1,1,1,1,1,1
6202,2,wan,0,0,0,0,0,0,0,0,0,0,0,0,0,0,0,0
6203,3,owo,1,1,0,0,1,0,0,1,0,0,1,0,0,1,0,0
6204,3,ria,1,1,1,1,1,1,1,1,1,1,1,1,1,1,1,1
6205,4,lia,1,1,1,1,1,1,1,1,1,1,1,1,1,1,1,1
6206,3,ari,1,1,1,1,1,1,1,1,1,1,1,1,1,1,1,1
6207,3,ari,1,1,1,1,1,1,1,1,1,1,1,1,1,1,1,1
6208,3,lit,1,1,1,1,1,1,1,1,1,1,1,1,1,1,1,1
6209,3,ani,0,0,0,0,0,0,0,0,0,0,0,0,0,0,0,0
6210,2,tra,0,0,0,0,0,0,0,0,0,0,0,0,0,0,0,0
6211,3,zan,0,0,0,0,0,0,0,0,0,0,0,0,0,0,0,0
6212,2,yan,0,0,0,0,0,0,0,0,0,0,0,0,0,0,0,0
6213,2,san,0,0,0,0,0,0,0,0,0,0,0,0,0,0,0,0
6214,3,tra,0,0,0,0,0,0,0,0,0,0,0,0,0,0,0,0
6215,2,ama,0,0,0,0,0,0,0,0,0,0,0,0,0,0,0,0
6216,3,nto,0,0,0,0,0,0,0,0,0,0,0,0,0,0,0,0
6217,4,ugr,0,0,0,0,0,0,0,0,0,0,0,0,0,0,0,0
6218,2,yat,0,0,0,0,0,0,0,0,0,0,0,0,0,0,0,0
6219,3,bun,0,0,0,0,0,0,0,0,0,0,0,0,0,0,0,0
6220,2,han,0,0,0,0,0,0,0,0,0,0,0,0,0,0,0,0
6221,3,tra,0,0,0,0,0,0,0,0,0,0,0,0,0,0,0,0
6222,3,ama,0,0,0,0,0,0,0,0,0,0,0,0,0,0,0,0
6223,2,tra,0,0,0,0,0,0,0,0,0,0,0,0,0,0,0,0
6224,3,nto,0,0,0,0,0,0,0,0,0,0,0,0,0,0,0,0
6225,2,ean,0,0,0,0,0,0,0,0,0,0,0,0,0,0,0,0
6226,2,yah,0,0,0,0,0,0,0,0,0,0,0,0,0,0,0,0
6227,3,owo,0,0,0,0,0,0,0,0,0,0,0,0,0,0,0,0
6228,3,sin,0,0,0,0,0,0,0,0,0,0,0,0,0,0,0,0
6229,3,nto,0,0,0,0,0,0,0,0,0,0,0,0,0,0,0,0
6230,2,nto,0,0,0,0,0,0,0,0,0,0,0,0,0,0,0,0
6231,3,oso,1,1,1,1,1,1,1,1,1,1,1,1,1,1,1,1
6232,2,lya,1,1,1,1,1,1,1,1,1,0,1,1,1,1,1,1
6233,3,yan,0,0,0,0,0,0,0,0,0,0,0,0,0,0,0,0
6234,1,nti,1,1,1,1,1,1,1,1,1,1,1,1,1,1,1,1
6235,2,cia,1,1,1,1,1,1,1,1,1,1,1,1,1,1,1,1
6236,3,mbo,0,0,0,0,0,0,0,0,0,0,0,0,0,0,0,0
6237,3,aya,1,1,1,0,1,1,0,1,1,0,1,1,0,1,1,0
6238,3,ika,0,0,0,0,0,0,0,0,0,0,0,0,0,0,0,0
6239,3,eva,1,1,1,1,1,1,1,1,1,1,1,1,1,1,1,1
6240,4,tra,0,0,0,0,0,0,0,0,0,0,0,0,0,0,0,0
6241,2,ela,1,1,1,1,1,1,1,1,1,1,1,1,1,1,1,1
6242,2,ami,0,1,1,0,1,1,1,1,1,1,1,1,1,1,1,1
6243,3,fli,1,1,1,1,1,1,1,1,1,1,1,1,1,1,1,1
6244,3,jri,0,0,0,0,0,0,0,0,0,0,0,0,0,0,0,0
6245,2,iha,1,1,1,0,1,1,0,1,1,0,1,1,0,1,1,0
6246,2,wan,1,0,0,0,0,0,0,0,0,0,0,0,0,0,0,0
6247,3,uzi,0,0,0,0,0,0,0,0,0,0,0,0,0,0,0,0
6248,2,ini,1,1,1,1,1,1,1,1,1,1,1,1,1,1,1,1
6249,4,lwi,1,1,1,1,1,1,1,1,1,1,1,1,1,1,1,1
6250,3,man,1,1,1,1,1,1,1,1,1,1,1,1,1,1,1,1
6251,3,isa,1,1,1,1,1,1,1,1,1,1,1,1,1,1,1,1
6252,3,ita,1,1,1,1,1,1,1,1,1,1,1,1,1,1,1,1
6253,4,suf,1,1,1,1,1,1,1,1,1,1,1,1,1,1,1,1
6254,3,ini,1,1,1,1,1,1,1,1,1,1,1,1,1,1,1,1
6255,3,hma,1,1,1,1,1,1,1,1,1,1,1,1,1,1,1,1
6256,3,ssa,1,1,1,1,1,1,1,1,1,1,1,1,1,1,1,1
6257,3,lia,1,1,1,1,1,1,1,1,1,1,1,1,1,1,1,1
6258,3,emi,0,0,0,1,0,0,1,0,0,1,0,0,1,0,0,1
6259,3,aya,1,1,1,1,1,1,1,1,1,1,1,1,1,1,1,1
6260,4,lae,0,0,0,0,0,0,0,0,0,0,0,0,0,0,0,0
6261,2,ari,1,1,1,1,1,1,1,1,1,1,1,1,1,1,1,1
6262,3,ani,1,1,1,1,1,1,1,1,1,1,1,1,1,1,1,1
6263,2,fah,1,1,1,1,1,1,1,1,1,1,1,1,1,1,1,1
6264,3,nti,1,1,1,1,1,1,1,1,1,1,1,1,1,1,1,1
6265,2,ani,1,1,1,1,1,1,1,1,1,1,1,1,1,1,1,1
6266,3,rum,1,1,1,1,1,1,1,1,1,1,1,1,1,1,1,1
6267,3,ang,0,0,0,0,0,0,0,0,0,0,0,0,0,0,0,0
6268,3,hah,1,1,1,1,1,1,1,1,1,1,1,1,1,1,1,1
6269,3,hla,1,1,1,1,1,1,1,1,1,1,1,1,1,1,1,1
6270,2,ani,1,1,1,1,1,1,1,1,1,1,1,1,1,1,1,1
6271,2,nti,1,1,1,1,1,1,1,1,1,1,1,1,1,1,1,1
6272,3,lia,1,1,1,1,1,1,1,1,1,1,1,1,1,1,1,1
6273,3,nti,1,1,1,1,1,1,1,1,1,1,1,1,1,1,1,1
6274,2,rdi,0,0,0,0,0,0,0,0,0,0,0,0,0,0,0,0
6275,3,ubi,0,0,0,0,0,0,0,0,0,0,0,0,0,0,0,0
6276,3,rok,0,0,0,0,0,0,0,0,0,0,0,0,0,0,0,0
6277,2,tya,0,0,0,0,0,0,0,0,0,0,0,0,0,0,0,0
6278,4,rif,0,0,0,0,0,0,0,0,0,0,0,0,0,0,0,0
6279,2,yah,0,0,0,0,0,0,0,0,0,0,0,0,0,0,0,0
6280,3,han,0,0,0,0,0,0,0,0,0,0,0,0,0,0,0,0
6281,3,ian,0,0,0,0,0,0,0,0,0,0,0,0,0,0,0,0
6282,4,tya,0,0,0,0,0,0,0,0,0,0,0,0,0,0,0,0
6283,3,rta,0,0,0,0,0,0,0,0,0,0,0,0,0,0,0,0
6284,2,din,0,0,0,0,0,0,0,0,0,0,0,0,0,0,0,0
6285,3,ruf,1,0,0,0,0,0,0,0,0,0,0,0,0,0,0,0
6286,3,yat,0,0,0,0,0,0,0,0,0,0,0,0,0,0,0,0
6287,3,ama,0,0,0,0,0,0,0,0,0,0,0,0,0,0,0,0
6288,3,han,0,0,0,0,0,0,0,0,0,0,0,0,0,0,0,0
6289,3,nto,0,0,0,0,0,0,0,0,0,0,0,0,0,0,0,0
6290,3,zza,1,1,1,1,1,1,1,1,1,1,1,1,1,1,1,1
6291,3,dhi,0,1,0,1,1,0,1,1,0,1,1,0,1,1,0,1
6292,2,ani,1,1,1,1,1,1,1,1,1,1,1,1,1,1,1,1
6293,3,nda,0,0,0,0,0,0,0,0,0,0,0,0,0,0,0,0
6294,2,ani,0,0,1,1,0,1,0,0,1,0,0,1,0,0,1,0
6295,3,ora,0,0,0,0,0,0,0,0,0,0,0,0,0,0,0,0
6296,3,yah,1,1,1,1,1,1,1,1,1,1,1,1,1,1,1,1
6297,2,dra,1,1,1,1,1,1,1,1,1,1,1,1,1,1,1,1
6298,3,ane,1,1,1,1,1,1,1,1,1,1,1,1,1,1,1,1
6299,4,ito,0,0,0,0,0,0,0,0,0,0,0,0,0,0,0,0
6300,3,hya,1,1,1,1,1,1,1,1,1,1,1,1,1,1,1,1
6301,2,lie,0,0,0,0,0,0,0,0,0,0,0,0,0,0,0,0
6302,3,oko,0,0,0,0,0,0,0,0,0,0,0,0,0,0,0,0
6303,3,sha,1,1,1,0,1,1,0,1,1,0,1,1,0,1,1,0
6304,2,ila,1,1,1,1,1,1,1,1,1,1,1,1,1,1,1,1
6305,3,nah,1,1,1,1,1,1,1,1,1,1,1,1,1,1,1,1
6306,3,ada,1,1,1,1,1,1,1,1,1,1,1,1,1,1,1,1
6307,3,tri,1,1,1,1,1,1,1,1,1,1,1,1,1,1,1,1
6308,3,ari,1,1,1,1,1,1,1,1,1,1,1,1,1,1,1,1
6309,3,ari,1,1,1,1,1,1,1,1,1,1,1,1,1,1,1,1
6310,3,yah,1,1,1,1,1,1,1,1,1,1,1,1,1,1,1,1
6311,3,zah,1,1,1,1,1,1,1,1,1,1,1,1,1,1,1,1
6312,3,zah,1,1,1,1,1,1,1,1,1,1,1,1,1,1,1,1
6313,2,nti,1,1,1,1,1,1,1,1,1,1,1,1,1,1,1,1
6314,3,ora,1,1,1,1,1,1,1,1,1,1,1,1,1,1,1,1
6315,3,ora,1,1,1,1,1,1,1,1,1,1,1,1,1,1,1,1
6316,3,awa,1,1,1,1,1,1,1,1,1,1,1,1,1,1,1,1
6317,2,ita,1,1,1,1,1,1,1,1,1,1,1,1,1,1,1,1
6318,3,hri,1,1,1,1,1,1,1,1,1,1,1,1,1,1,1,1
6319,3,tra,0,0,0,0,0,0,0,0,0,0,0,0,0,0,0,0
6320,3,zah,1,1,1,1,1,1,1,1,1,1,1,1,1,1,1,1
6321,3,tmo,1,1,1,1,1,1,1,1,1,1,1,1,1,1,1,1
6322,4,nto,1,1,1,0,1,1,0,1,1,0,1,1,0,1,1,0
6323,3,iwa,1,1,1,1,1,1,1,1,1,1,1,1,1,1,1,1
6324,2,iza,1,1,1,1,1,1,1,1,1,1,1,1,1,1,1,1
6325,3,hra,1,1,1,1,1,1,1,1,1,1,1,1,1,1,1,1
6326,2,mal,0,0,0,0,0,0,0,0,0,0,0,0,0,0,0,0
6327,2,yah,0,0,0,0,0,0,0,0,0,0,0,0,0,0,0,0
6328,3,tra,0,0,0,0,0,0,0,0,0,0,0,0,0,0,0,0
6329,2,isa,1,1,1,1,1,1,1,1,1,1,1,1,1,1,1,1
6330,3,man,1,1,1,1,1,1,1,1,1,1,1,1,1,1,1,1
6331,3,uci,0,0,0,0,0,0,0,0,0,0,0,0,0,0,0,0
6332,3,isa,1,1,1,1,1,1,1,1,1,1,1,1,1,1,1,1
6333,4,nti,1,1,1,1,1,1,1,1,1,1,1,1,1,1,1,1
6334,3,ana,1,1,1,1,1,1,1,1,1,1,1,1,1,1,1,1
6335,2,nto,0,0,0,0,0,0,0,0,0,0,0,0,0,0,0,0
6336,3,gar,0,0,0,0,0,0,0,0,0,0,0,0,0,0,0,0
6337,2,nah,1,1,1,1,1,1,1,1,1,1,1,1,1,1,1,1
6338,4,ani,1,1,1,1,1,1,1,1,1,1,1,1,1,1,1,1
6339,3,hra,1,1,1,1,1,1,1,1,1,1,1,1,1,1,1,1
6340,4,lia,1,1,1,1,1,1,1,1,1,1,1,1,1,1,1,1
6341,2,adi,1,1,0,0,1,0,0,1,0,0,1,0,0,1,0,0
6342,3,isa,1,1,1,1,1,1,1,1,1,1,1,1,1,1,1,1
6343,3,tri,1,1,1,1,1,1,1,1,1,1,1,1,1,1,1,1
6344,3,ila,1,1,1,1,1,1,1,1,1,1,1,1,1,1,1,1
6345,3,tri,1,1,1,1,1,1,1,1,1,1,1,1,1,1,1,1
6346,3,dan,0,0,0,0,0,0,0,0,0,0,0,0,0,0,0,0
6347,3,tra,0,0,0,0,0,0,0,0,0,0,0,0,0,0,0,0
6348,3,ung,0,0,0,0,0,0,0,0,0,0,0,0,0,0,0,0
6349,3,owo,0,0,0,0,0,0,0,0,0,0,0,0,0,0,0,0
6350,2,bil,0,0,0,0,0,0,0,0,0,0,0,0,0,0,0,0
6351,3,tra,0,0,0,0,0,0,0,0,0,0,0,0,0,0,0,0
6352,3,yah,0,0,0,0,0,0,0,0,0,0,0,0,0,0,0,0
6353,3,ach,0,0,0,0,0,0,0,0,0,0,0,0,0,0,0,0
6354,3,gga,0,0,0,1,0,0,1,0,0,1,0,0,0,0,0,1
6355,3,riz,0,0,0,0,0,0,0,0,0,0,0,0,0,0,0,0
6356,4,mas,0,0,0,0,0,0,0,0,0,0,0,0,0,0,0,0
6357,2,hla,1,1,1,1,1,1,1,1,1,1,1,1,1,1,1,1
6358,2,ama,1,0,0,0,0,0,0,0,0,0,0,0,0,0,0,0
6359,2,ita,1,1,1,1,1,1,1,1,1,1,1,1,1,1,1,1
6360,4,idi,1,0,0,0,0,0,0,0,0,0,0,0,0,0,0,0
6361,2,ini,1,1,1,1,1,1,1,1,1,1,1,1,1,1,1,1
6362,3,nia,1,1,1,1,1,1,1,1,1,1,1,1,1,1,1,1
6363,4,ihe,1,1,1,0,1,1,0,1,1,0,1,1,0,1,1,0
6364,4,ama,0,0,0,0,0,0,0,0,0,0,0,0,0,0,0,0
6365,3,kti,0,0,0,0,0,0,0,0,0,0,0,0,0,0,0,0
6366,4,ama,0,0,0,0,0,0,0,0,0,0,0,0,0,0,0,0
6367,2,lya,1,1,1,1,1,1,1,1,1,1,1,1,1,1,1,1
6368,3,tia,1,1,1,1,1,1,1,1,1,1,1,1,1,1,1,1
6369,2,una,1,1,1,1,1,1,1,1,1,1,1,1,1,1,1,1
6370,2,ila,1,1,1,1,1,1,1,1,1,1,1,1,1,1,1,1
6371,4,son,0,0,0,0,0,0,0,0,0,0,0,0,0,0,0,0
6372,3,dip,1,1,1,0,1,1,0,1,1,0,1,1,0,1,1,0
6373,3,lfa,1,1,1,1,1,1,1,1,1,0,1,1,1,1,1,1
6374,3,wan,1,1,1,0,1,1,1,1,1,0,1,1,0,1,1,0
6375,2,rah,1,1,1,0,1,1,0,1,1,0,1,1,0,1,1,0
6376,4,nah,1,1,1,1,1,1,1,1,1,1,1,1,1,1,1,1
6377,2,ini,1,1,1,1,1,1,1,1,1,1,1,1,1,1,1,1
6378,3,ani,1,1,1,1,1,1,1,1,1,1,1,1,1,1,1,1
6379,2,hra,1,1,1,1,1,1,1,1,1,1,1,1,1,1,1,1
6380,2,isa,1,1,1,1,1,1,1,1,1,1,1,1,1,1,1,1
6381,3,tra,0,0,0,0,0,0,0,0,0,0,0,0,0,0,0,0
6382,2,ana,0,0,0,1,0,0,1,0,0,1,0,0,1,0,0,1
6383,2,hra,1,1,1,1,1,1,1,1,1,1,1,1,1,1,1,1
6384,4,ari,0,0,0,0,0,0,0,0,0,0,0,0,0,0,0,1
6385,3,ila,1,1,1,0,1,1,1,1,1,0,1,1,0,1,1,0
6386,3,tra,0,0,0,0,0,0,0,0,0,0,0,0,0,0,0,0
6387,3,ral,0,0,0,0,0,0,0,0,0,0,0,0,0,0,0,0
6388,3,ani,0,0,0,0,0,0,1,0,0,1,0,0,0,0,0,0
6389,2,fah,1,1,1,1,1,1,1,1,1,1,1,1,1,1,1,1
6390,1,bid,0,0,0,0,0,0,0,0,0,0,0,0,0,0,0,0
6391,3,nia,1,1,1,1,1,1,1,1,1,1,1,1,1,1,1,1
6392,3,nti,1,1,1,1,1,1,1,1,1,1,1,1,1,1,1,1
6393,2,yah,1,1,1,1,1,1,1,1,1,1,1,1,1,1,1,1
6394,3,ani,1,1,1,1,1,1,1,1,1,1,1,1,1,1,1,1
6395,2,ini,1,1,1,1,1,1,1,1,1,1,1,1,1,1,1,1
6396,4,rma,1,1,1,1,1,1,1,1,1,1,1,1,1,1,1,1
6397,2,isa,1,1,1,1,1,1,1,1,1,1,1,1,1,1,1,1
6398,3,mah,1,1,1,1,1,1,1,1,1,1,1,1,1,1,1,1
6399,3,yah,1,0,0,0,0,0,0,0,0,0,0,0,0,0,0,0
6400,2,ani,1,1,1,1,1,1,1,1,1,1,1,1,1,1,1,1
6401,3,ani,1,1,1,1,1,1,1,1,1,1,1,1,1,1,1,1
6402,4,ion,1,1,1,1,1,1,1,1,1,1,1,1,1,1,1,1
6403,3,ari,1,1,1,1,1,1,1,1,1,1,1,1,1,1,1,1
6404,4,ane,1,1,1,1,1,1,1,1,1,1,1,1,1,1,1,1
6405,2,ati,1,1,1,1,1,1,1,1,1,1,1,1,1,1,1,1
6406,3,ana,1,1,1,1,1,1,1,1,1,1,1,1,1,1,1,1
6407,3,ila,1,1,1,1,1,1,1,1,1,1,1,1,1,1,1,1
6408,2,ona,1,1,1,1,1,1,1,1,1,1,1,1,1,1,1,1
6409,3,zis,1,1,1,1,1,1,1,1,1,1,1,1,1,1,1,1
6410,2,nto,1,1,1,1,1,1,1,1,1,0,1,1,1,1,1,1
6411,2,lia,1,1,1,1,1,1,1,1,1,1,1,1,1,1,1,1
6412,4,leh,1,0,0,1,0,0,1,0,0,1,0,0,1,0,0,1
6413,2,ati,1,1,1,1,1,1,1,1,1,1,1,1,1,1,1,1
6414,1,ssa,1,1,1,1,1,1,1,1,1,1,1,1,1,1,1,1
6415,3,dro,0,0,0,0,0,0,0,0,0,0,0,0,0,0,0,0
6416,3,yne,1,1,1,1,1,1,1,1,1,1,1,1,1,1,1,1
6417,2,sta,1,1,1,1,1,1,1,1,1,1,1,1,1,1,1,1
6418,3,lan,1,1,1,0,1,1,0,1,1,0,1,1,0,1,1,0
6419,3,ama,1,1,1,1,1,1,1,1,1,1,1,1,1,1,1,1
6420,3,lla,1,1,1,1,1,1,1,1,1,1,1,1,1,1,1,1
6421,4,omo,1,1,1,1,1,1,1,1,1,1,1,1,1,1,1,1
6422,4,riy,1,1,1,1,1,1,1,1,1,1,1,1,1,1,1,1
6423,2,ono,1,1,1,0,1,1,0,1,1,0,1,1,0,1,1,0
6424,3,nda,1,1,1,1,1,1,1,1,1,1,1,1,1,1,1,1
6425,3,wan,0,0,0,0,0,0,0,0,0,0,0,0,0,0,0,0
6426,3,ina,1,1,1,1,1,1,1,1,1,1,1,1,1,1,1,1
6427,3,ani,1,1,1,1,1,1,1,1,1,1,1,1,1,1,1,1
6428,3,ika,1,0,1,1,0,1,1,0,1,1,0,1,1,0,1,1
6429,6,h a,0,0,0,0,0,0,0,0,0,0,0,0,1,0,0,0
6430,3,lla,0,0,0,0,0,0,0,0,0,0,0,0,1,0,0,0
6431,3,rdi,0,0,0,0,0,0,0,0,0,0,0,0,0,0,0,0
6432,2,ada,1,1,1,1,1,1,1,1,1,1,1,1,1,1,1,1
6433,4,nja,0,0,0,0,0,0,0,0,0,0,0,0,0,0,0,0
6434,2,ino,0,0,0,0,0,0,0,0,0,0,0,0,0,0,0,0
6435,3,ang,0,0,0,0,0,0,0,0,0,0,0,0,0,0,0,0
6436,3,han,0,0,0,0,0,0,0,0,0,0,0,0,0,0,0,0
6437,4,rar,0,0,0,0,0,0,0,0,0,0,0,0,0,0,0,0
6438,3,oho,0,0,0,0,0,0,0,0,0,0,0,0,0,0,0,0
6439,3,det,1,1,1,1,1,1,1,1,1,1,1,1,1,1,1,1
6440,3,awi,1,1,1,1,1,1,1,1,1,1,1,1,1,1,1,1
6441,2,ari,1,1,1,1,1,1,1,1,1,1,1,1,1,1,1,1
6442,2,ael,0,0,0,0,0,0,0,0,0,0,0,0,0,0,0,0
6443,3,ndi,0,0,0,0,0,0,0,0,0,0,0,0,0,0,0,0
6444,3,ana,0,0,0,1,0,0,1,0,0,1,0,0,1,0,0,1
6445,4,usa,0,0,0,0,0,0,0,0,0,0,0,0,0,0,0,0
6446,2,bis,0,0,0,0,0,0,0,0,0,0,0,0,0,0,0,0
6447,3,exa,1,1,1,1,1,1,1,1,1,1,1,1,1,1,1,1
6448,4,ant,0,0,0,0,0,0,0,0,0,0,0,0,0,0,0,0
6449,3,ung,1,0,0,0,0,0,0,0,0,0,0,0,0,0,0,0
6450,3,sno,0,0,0,0,0,0,0,0,0,0,0,0,0,0,0,0
6451,2,fal,0,0,0,1,0,0,1,0,0,1,0,0,1,0,0,1
6452,3,osi,1,1,1,0,1,1,0,1,1,0,1,1,0,1,1,0
6453,3,ana,1,1,1,0,1,1,0,1,1,0,1,1,0,1,1,0
6454,2,son,0,0,0,0,0,0,0,0,0,0,0,0,0,0,0,0
6455,3,kry,1,1,1,1,1,1,1,1,1,1,1,1,1,1,1,1
6456,4, az,1,1,1,1,1,1,1,1,1,1,1,1,1,1,1,1
6457,3,ani,1,1,1,1,1,1,1,1,1,1,1,1,1,1,1,1
6458,3,aya,1,1,1,1,1,1,1,1,1,1,1,1,1,1,1,1
6459,2,nti,1,1,1,1,1,1,1,1,1,1,1,1,1,1,1,1
6460,3,owo,1,1,1,1,1,1,0,1,1,1,1,1,1,1,1,1
6461,3,tio,1,1,1,1,1,1,1,1,1,1,1,1,1,1,1,1
6462,4,sih,1,1,1,1,1,1,1,1,1,1,1,1,1,1,1,1
6463,4,aba,1,1,1,1,1,1,1,1,1,1,1,1,1,1,1,1
6464,3,aja,1,1,1,1,1,1,1,1,1,1,1,1,1,1,1,1
6465,3,ari,1,1,1,1,1,1,1,1,1,1,1,1,1,1,1,1
6466,3,tri,1,1,1,1,1,1,1,1,1,1,1,1,1,1,1,1
6467,2,ing,1,1,1,1,1,1,1,1,1,1,1,1,1,1,1,1
6468,3,des,1,1,1,1,1,1,1,1,1,1,1,1,1,1,1,1
6469,2,ung,1,1,1,1,1,1,1,1,1,1,1,1,1,1,1,1
6470,3,han,1,1,1,0,1,1,0,1,1,0,1,1,1,1,1,0
6471,3,ani,1,1,1,1,1,1,1,1,1,1,1,1,1,1,1,1
6472,3,wan,0,0,0,0,0,0,0,0,0,0,0,0,0,0,0,0
6473,3,tra,0,0,0,0,0,0,0,0,0,0,0,0,0,0,0,0
6474,3,ari,1,1,1,1,1,1,1,1,1,1,1,1,1,1,1,1
6475,3,diq,0,0,0,1,0,0,1,0,0,1,0,0,1,0,0,1
6476,2,fin,0,0,0,0,0,0,0,0,0,0,0,0,0,0,0,0
6477,3,aha,0,0,0,0,0,0,0,0,0,0,0,0,0,0,0,0
6478,4,oso,0,0,0,0,0,0,0,0,0,0,0,0,0,0,0,0
6479,4,alu,0,0,0,0,0,0,0,0,0,0,0,0,0,0,0,0
6480,4,aan,0,0,0,0,0,0,0,0,0,0,0,0,0,0,0,0
6481,4,ddo,0,0,0,0,0,0,0,0,0,0,0,0,0,0,0,0
6482,3,tyo,0,0,0,0,0,0,0,0,0,0,0,0,0,0,0,0
6483,3,ian,0,0,0,0,0,0,0,0,0,0,0,0,0,0,0,0
6484,3,ang,0,0,0,0,0,0,0,0,0,0,0,0,0,0,0,0
6485,3,pen,1,0,0,0,0,0,0,0,0,0,0,0,0,0,0,0
6486,3,der,0,0,0,0,0,0,0,0,0,0,0,0,0,0,0,0
6487,4,sta,0,0,0,0,0,0,0,0,0,0,0,0,0,0,0,0
6488,3,tan,0,0,0,0,0,0,0,0,0,0,0,0,0,0,0,0
6489,3,lia,1,1,1,1,1,1,1,1,1,1,1,1,1,1,1,1
6490,4,pea,0,0,0,0,0,0,0,0,0,0,0,0,0,0,0,0
6491,3,tom,0,0,0,0,0,0,0,0,0,0,0,0,0,0,0,0
6492,3,tta,1,1,1,1,1,1,1,1,1,1,1,1,1,1,1,1
6493,3,oro,1,1,1,0,1,1,1,1,1,0,1,1,0,1,1,1
6494,4,vin,1,1,1,0,1,1,1,1,1,1,1,1,1,1,1,0
6495,4,eku,1,1,1,1,1,1,1,1,1,1,1,1,1,1,1,1
6496,4,ovi,1,1,1,1,1,1,1,1,1,1,1,1,1,1,1,1
6497,2,rba,1,1,1,1,1,1,1,1,1,1,1,1,1,1,1,1
6498,3,ung,1,1,1,1,1,1,1,1,1,1,1,1,1,1,1,1
6499,3,eba,1,1,1,0,1,1,0,1,1,0,1,1,0,1,1,0
6500,4,ayu,1,1,1,0,1,1,0,1,1,0,1,1,0,1,1,0
6501,3,lia,1,1,1,1,1,1,1,1,1,1,1,1,1,1,1,1
6502,2,rzu,1,1,1,0,1,1,0,1,1,0,1,1,0,1,1,0
6503,3,ani,1,1,0,1,1,0,1,1,0,1,1,0,1,1,0,1
6504,3,nto,0,0,0,0,0,0,0,0,0,0,0,0,0,0,0,0
6505,4,ara,0,0,0,0,0,0,0,0,0,0,0,0,0,0,0,0
6506,3,rin,0,0,0,0,0,0,0,0,0,0,0,0,0,0,0,0
6507,3,man,0,0,0,0,0,0,0,0,0,0,0,0,0,0,0,0
6508,3,ron,0,0,0,0,0,0,0,0,0,0,0,0,0,0,0,0
6509,3,uzi,0,1,1,1,1,1,1,1,1,1,1,1,1,1,1,1
6510,4,han,0,0,0,0,0,0,0,0,0,0,0,0,0,0,0,0
6511,2,ira,0,0,0,0,0,0,0,0,0,0,0,0,0,0,0,0
6512,3,aji,0,0,0,0,0,0,0,0,0,0,0,0,0,0,0,0
6513,3,han,0,0,0,0,0,0,0,0,0,0,0,0,0,0,0,0
6514,4,ell,0,0,0,0,0,0,0,0,0,0,0,0,0,0,0,0
6515,3,wan,0,0,0,0,0,0,0,0,0,0,0,0,0,0,0,0
6516,2,ana,0,0,0,0,0,0,0,0,0,0,0,0,0,0,0,0
6517,2,eza,0,0,0,0,0,0,0,0,0,0,0,0,0,0,0,0
6518,2,ana,0,0,0,0,0,0,0,0,0,0,0,0,0,0,0,0
6519,3,aus,0,0,0,0,0,0,0,0,0,0,0,0,0,0,0,0
6520,5,ang,0,0,0,0,0,0,0,0,0,0,0,0,0,0,0,0
6521,2,ndi,0,0,0,0,0,0,0,0,0,0,0,0,0,0,0,0
6522,2,tra,0,0,0,0,0,0,0,0,0,0,0,0,0,0,0,0
6523,3,ama,0,0,0,0,0,0,0,0,0,0,0,0,0,0,0,0
6524,3,lah,0,0,0,0,0,0,0,0,0,0,0,0,0,0,0,0
6525,2,ama,0,0,0,0,0,0,0,0,0,0,0,0,0,0,0,0
6526,3,nto,0,0,0,0,0,0,0,0,0,0,0,0,0,0,0,0
6527,4,ada,0,0,0,0,0,0,0,0,0,0,0,0,0,0,0,0
6528,4,omo,0,0,0,0,0,0,0,0,0,0,0,0,0,0,0,0
6529,4,uma,0,0,0,0,0,0,0,0,0,0,0,0,0,0,0,0
6530,2,riz,0,0,0,0,0,0,0,0,0,0,0,0,0,0,0,0
6531,3,tra,0,0,0,0,0,0,0,0,0,0,0,0,0,0,0,0
6532,2,yah,0,0,0,0,0,0,0,0,0,0,0,0,0,0,0,0
6533,3,nto,0,0,0,0,0,0,0,0,0,0,0,0,0,0,0,0
6534,3,ama,0,0,0,0,0,0,0,0,0,0,0,0,0,0,0,0
6535,3,tyo,0,0,0,0,0,0,0,0,0,0,0,0,0,0,0,0
6536,3,the,0,0,0,0,0,0,0,0,0,0,0,0,0,0,0,0
6537,2,tin,1,1,1,1,1,1,1,1,1,1,1,1,1,1,1,1
6538,4,hra,1,1,1,1,1,1,1,1,1,1,1,1,1,1,1,1
6539,2,sti,1,1,1,1,1,1,1,1,1,1,1,1,1,1,1,1
6540,3,yah,0,0,0,0,0,0,0,0,0,0,0,0,0,0,0,0
6541,2,ani,1,1,1,1,1,1,1,1,1,1,1,1,1,1,1,1
6542,3,aki,1,1,1,1,1,1,0,1,1,0,1,1,0,1,1,0
6543,3,iwi,1,1,1,1,1,1,1,1,1,1,1,1,1,1,1,1
6544,3,ina,1,1,1,1,1,1,1,1,1,1,1,1,1,1,1,1
6545,3,din,0,0,0,0,0,0,0,0,0,0,0,0,0,0,0,0
6546,3,ama,0,0,0,0,0,0,0,0,0,0,0,0,0,0,0,0
6547,2,aki,0,0,0,0,0,0,0,0,0,0,0,0,0,0,0,0
6548,4,nto,0,0,0,0,0,0,0,0,0,0,0,0,0,0,0,0
6549,4,owo,1,1,1,1,1,1,1,1,1,1,1,1,1,1,1,1
6550,2,ewa,0,0,0,0,0,0,0,0,0,0,0,0,0,0,0,0
6551,3,ama,0,0,0,0,0,0,0,0,0,0,0,0,0,0,0,0
6552,2,hah,1,1,1,1,1,1,1,1,1,1,1,1,1,1,1,1
6553,3,oan,0,0,0,0,0,0,0,0,0,0,0,0,0,0,0,0
6554,3,ram,0,0,0,0,0,0,0,0,0,0,0,0,0,0,0,0
6555,2,bah,1,1,1,1,1,1,1,1,1,0,1,1,1,1,1,1
6556,3,man,0,0,0,0,0,0,0,0,0,0,0,0,0,0,0,0
6557,3,man,0,0,0,0,0,0,0,0,0,0,0,0,0,0,0,0
6558,3,sta,0,0,0,0,0,0,0,0,0,0,0,0,0,0,0,0
6559,3,oso,0,0,0,0,0,0,0,0,0,0,0,0,0,0,0,0
6560,3,lla,0,0,0,0,0,0,1,0,0,0,0,0,0,0,0,0
6561,3,mba,0,0,0,0,0,0,0,0,0,1,0,0,1,0,0,0
6562,3,hya,1,1,1,1,1,1,1,1,1,1,1,1,1,1,1,1
6563,3,dra,0,0,0,0,0,0,0,0,0,0,0,0,0,0,0,0
6564,2,sis,0,0,0,0,0,0,0,0,0,0,0,0,0,0,0,0
6565,2,lia,1,1,1,1,1,1,1,1,1,1,1,1,1,1,1,1
6566,3,aus,1,1,1,1,1,1,1,1,1,1,1,1,1,1,1,1
6567,3,tri,1,1,1,1,1,1,1,1,1,1,1,1,1,1,1,1
6568,3,ani,1,1,1,1,1,1,1,1,1,1,1,1,1,1,1,1
6569,4,ita,1,1,1,1,1,1,1,1,1,1,1,1,1,1,1,1
6570,2,isa,1,1,1,1,1,1,1,1,1,1,1,1,1,1,1,1
6571,3,ono,0,0,0,0,0,0,0,0,0,0,0,0,0,0,0,0
6572,3,rah,0,0,0,0,0,0,0,0,0,0,0,0,0,0,0,0
6573,3,dzi,1,1,1,1,1,1,1,1,1,1,1,1,1,1,1,1
6574,4,tri,1,1,1,1,1,1,1,1,1,1,1,1,1,1,1,1
6575,3,lia,1,1,1,1,1,1,1,1,1,1,1,1,1,1,1,1
6576,3,lah,0,0,0,0,0,0,0,0,0,0,0,0,0,0,0,0
6577,3,den,0,0,0,0,0,0,0,0,0,0,0,0,0,0,0,0
6578,3,ani,1,1,1,1,1,1,1,1,1,1,1,1,1,1,1,1
6579,3,ata,1,1,1,1,1,1,0,1,1,1,1,1,1,1,1,1
6580,3,nda,1,1,1,1,1,1,1,1,1,1,1,1,1,1,1,1
6581,3,mah,1,1,1,1,1,1,1,1,1,1,1,1,1,1,1,1
6582,2,ati,1,1,1,1,1,1,1,1,1,1,1,1,1,1,1,1
6583,2,nti,1,1,1,1,1,1,1,1,1,1,1,1,1,1,1,1
6584,3,ayu,1,1,1,1,1,1,1,1,1,1,1,1,1,1,1,1
6585,3,ino,0,0,0,0,0,0,0,0,0,0,0,0,0,0,0,0
6586,3,sha,0,0,0,0,0,0,0,0,0,0,0,0,0,0,0,0
6587,2,ael,0,0,0,0,0,0,0,0,0,0,0,0,0,0,0,0
6588,2,ira,0,0,0,0,0,0,0,0,0,0,0,0,0,0,0,0
6589,3,yas,0,0,0,0,0,0,0,0,0,0,0,0,0,0,0,0
6590,3,pie,0,0,0,0,0,0,0,0,0,0,0,0,0,0,0,0
6591,4,gar,0,0,0,0,0,0,0,0,0,0,0,0,0,0,0,0
6592,3,ing,0,0,0,0,0,0,0,0,0,0,0,0,0,0,0,0
6593,3,ker,0,0,0,0,0,0,0,0,0,0,0,0,0,0,0,0
6594,3,llo,0,0,0,0,0,0,0,0,0,0,0,0,0,0,0,0
6595,3,ibu,0,0,0,0,0,0,0,0,0,0,0,0,0,0,0,0
6596,3,rli,0,0,0,0,0,0,0,0,0,0,0,0,0,0,0,0
6597,2,rih,0,0,0,1,0,0,1,0,0,1,0,0,1,0,0,1
6598,2,sah,0,0,0,0,0,0,0,0,0,0,0,0,0,0,0,0
6599,3,dra,0,0,0,0,0,0,0,0,0,0,0,0,0,0,0,0
6600,2,aka,0,0,0,0,0,0,0,0,0,0,0,0,0,0,0,0
6601,3,eus,0,0,0,0,0,0,0,0,0,0,0,0,0,0,0,0
6602,3,ian,0,0,0,0,0,0,0,0,0,0,0,0,0,0,0,0
6603,3,djo,0,0,0,0,0,0,0,0,0,0,0,0,0,0,0,0
6604,3,uri,0,0,0,0,0,0,0,0,0,0,0,0,0,0,0,0
6605,3,nto,0,0,0,0,0,0,0,0,0,0,0,0,0,0,0,0
6606,3,adi,0,0,0,0,0,0,0,0,0,0,0,0,0,0,0,0
6607,2,dry,0,0,0,0,0,0,0,0,0,0,0,0,0,0,0,0
6608,2,ian,0,0,0,0,0,0,0,0,0,0,0,0,0,0,0,0
6609,4,iri,0,0,0,0,0,0,0,0,0,0,0,0,0,0,0,0
6610,3,tar,0,0,0,0,0,0,0,0,0,0,0,0,0,0,0,0
6611,2,ova,1,1,1,1,1,1,1,1,1,0,1,1,0,1,1,1
6612,3,suf,0,0,0,0,0,0,0,0,0,0,0,0,0,0,0,0
6613,2,rya,0,0,0,0,0,0,0,0,0,0,0,0,0,0,0,0
6614,3,ani,1,1,1,1,1,1,1,1,1,1,1,1,1,1,1,1
6615,3,ali,1,1,1,1,1,1,1,1,1,1,1,1,1,1,1,1
6616,3,man,1,0,0,0,0,0,0,0,0,0,0,0,0,0,0,0
6617,4,hab,1,1,1,1,1,1,1,1,1,1,1,1,1,1,1,1
6618,3,tin,1,1,1,1,1,1,1,1,1,1,1,1,1,1,1,1
6619,3,iti,1,1,1,1,1,1,1,1,1,1,1,1,1,1,1,1
6620,3,ian,0,0,0,0,0,0,0,0,0,0,0,0,0,0,0,0
6621,2,umi,1,1,1,1,1,1,1,1,1,1,1,1,1,1,1,1
6622,4,kha,0,0,1,1,0,1,1,0,1,1,0,1,1,0,1,1
6623,2,ani,1,1,1,1,1,1,1,1,1,1,1,1,1,1,1,1
6624,2,lia,1,1,1,1,1,1,1,1,1,1,1,1,1,1,1,1
6625,4,hro,1,1,1,1,1,1,1,1,1,1,1,1,1,1,1,1
6626,3,tri,1,1,1,1,1,1,1,1,1,1,1,1,1,1,1,1
6627,3,ofa,1,1,1,1,1,1,1,1,1,1,1,1,1,1,1,1
6628,3,man,0,1,1,0,1,1,0,1,1,0,1,1,0,1,1,0
6629,3,ati,1,1,1,1,1,1,1,1,1,1,1,1,1,1,1,1
6630,2,fan,0,0,0,0,0,0,0,0,0,0,0,0,0,0,0,0
6631,3,sen,1,1,0,0,1,0,0,1,0,0,1,0,0,1,0,0
6632,3,hah,0,0,0,0,0,0,0,0,0,0,0,0,0,0,0,0
6633,3,zah,1,1,1,1,1,1,1,1,1,1,1,1,1,1,1,1
6634,3,rto,0,0,0,0,0,0,0,0,0,0,0,0,0,0,0,0
6635,3,ani,1,1,1,1,1,1,1,1,1,1,1,1,1,1,1,1
6636,4,ila,1,1,1,1,1,1,1,1,1,1,1,1,1,1,1,1
6637,3,mah,1,1,1,1,1,1,1,1,1,1,1,1,1,1,1,1
6638,3,tri,1,1,1,1,1,1,1,1,1,1,1,1,1,1,1,1
6639,3,rif,0,0,0,0,0,0,0,0,0,0,0,0,0,0,0,0
6640,3,oho,0,0,0,0,0,0,0,0,0,0,0,0,0,0,0,0
6641,4,gia,0,0,0,0,0,0,0,0,0,0,0,0,0,0,0,0
6642,3,gau,0,0,0,0,0,0,0,0,0,0,0,0,0,0,0,0
6643,3,ein,0,0,0,0,0,0,0,0,0,0,0,0,0,0,0,0
6644,3,lan,0,0,0,0,0,0,0,0,0,0,0,0,0,0,0,0
6645,2,yah,0,0,0,0,0,0,0,0,0,0,0,0,0,0,0,0
6646,2,hri,1,1,1,1,1,1,1,1,1,1,1,1,1,1,1,1
6647,3,man,1,1,1,1,1,1,1,1,1,1,1,1,1,1,1,1
6648,4,ofa,1,1,1,1,1,1,1,1,1,1,1,1,1,1,1,1
6649,3,oni,0,0,0,0,0,0,0,0,0,0,0,0,0,0,0,0
6650,2,hra,1,1,1,1,1,1,1,1,1,1,1,1,1,1,1,1
6651,3,van,0,0,0,0,0,0,0,0,0,0,0,0,0,0,0,0
6652,3,zti,0,0,0,0,0,0,1,0,0,0,0,0,1,0,0,0
6653,3,ama,0,0,0,0,0,0,0,0,0,0,0,0,0,0,0,0
6654,3,sha,0,1,1,0,1,1,0,1,1,0,1,1,0,1,1,0
6655,2,jki,1,0,0,0,0,0,0,0,0,0,0,0,0,0,0,0
6656,4,i e,1,1,1,1,1,1,1,1,1,1,1,1,1,1,1,1
6657,2,aya,1,1,1,1,1,1,1,1,1,1,1,1,1,1,1,1
6658,2,ria,1,1,1,1,1,1,1,1,1,1,1,1,1,1,1,1
6659,3,ifa,1,1,1,1,1,1,1,1,1,1,1,1,1,1,1,1
6660,2,iya,1,1,1,1,1,1,1,1,1,1,1,1,1,1,1,1
6661,3,sih,1,1,1,1,1,1,1,1,1,1,1,1,1,1,1,1
6662,3,ila,1,1,1,1,1,1,1,1,1,1,1,1,1,1,1,1
6663,3,lia,1,1,1,1,1,1,1,1,1,1,1,1,1,1,1,1
6664,3,ini,1,1,1,1,1,1,1,1,1,1,1,1,1,1,1,1
6665,4,hra,1,1,1,1,1,1,1,1,1,1,1,1,1,1,1,1
6666,3,ofa,1,1,1,1,1,1,1,1,1,1,1,1,1,1,1,1
6667,1,yla,1,1,1,1,1,1,1,1,1,1,1,1,1,1,1,1
6668,2,hah,1,1,1,1,1,1,1,1,1,1,1,1,1,1,1,1
6669,2,thy,1,1,1,1,1,1,1,1,1,1,1,1,1,1,1,1
6670,3,zka,1,1,1,1,1,1,1,1,1,1,1,1,1,1,1,1
6671,3,mad,0,0,0,0,0,0,0,0,0,0,0,0,0,0,0,0
6672,3,ara,1,0,0,0,0,0,0,0,0,0,0,0,0,0,0,0
6673,2,roh,1,1,1,1,1,1,1,1,1,0,1,1,1,1,1,1
6674,2,yah,0,0,0,0,0,0,0,0,0,0,0,0,0,0,0,0
6675,3,ibi,0,0,0,0,0,0,0,0,0,0,0,0,0,0,0,0
6676,3,lah,0,0,0,0,0,0,0,0,0,0,0,0,0,0,0,0
6677,3,nah,1,1,1,1,1,1,1,1,1,1,1,1,1,1,1,1
6678,2,van,0,0,0,0,0,0,0,0,0,0,0,0,0,0,0,0
6679,2,lix,0,0,0,0,0,0,0,0,0,0,0,0,0,0,0,0
6680,2,han,0,0,0,0,0,0,0,0,0,0,0,0,0,0,0,0
6681,3,ini,1,1,1,1,1,1,1,1,1,1,1,1,1,1,1,1
6682,3,aiq,0,0,0,1,0,0,1,0,0,1,0,0,1,0,0,1
6683,3,ano,0,0,0,0,0,0,0,0,0,0,0,0,0,0,0,0
6684,3,eni,1,1,1,1,1,1,1,1,1,1,1,1,1,1,1,1
6685,3,ari,1,1,1,1,1,1,1,1,1,1,1,1,1,1,1,1
6686,3,nto,1,1,1,0,1,1,0,1,1,0,1,1,0,1,1,0
6687,3,nto,1,1,1,1,1,1,1,1,1,1,1,1,1,1,1,1
6688,2,din,0,0,0,0,0,0,0,0,0,0,0,0,0,0,0,0
6689,4,fel,0,0,0,0,0,0,0,0,0,0,0,0,0,0,0,0
6690,3,him,0,0,0,0,0,0,0,0,0,0,0,0,0,0,0,0
6691,3,zki,0,0,0,0,0,0,0,0,0,0,0,0,0,0,0,0
6692,4,sar,0,0,0,0,0,0,0,0,0,0,0,0,0,0,0,0
6693,3,ani,0,0,0,0,0,0,0,0,0,1,0,0,0,0,0,0
6694,4,san,0,0,0,0,0,0,0,0,0,0,0,0,0,0,0,0
6695,2,rdi,0,0,0,0,0,0,0,0,0,0,0,0,0,0,0,0
6696,2,lon,1,0,0,0,0,0,0,0,0,0,0,0,0,0,0,0
6697,3,nto,0,0,0,0,0,0,0,0,0,0,0,0,0,0,0,0
6698,3,ton,0,0,0,0,0,0,0,0,0,0,0,0,0,0,0,0
6699,3,aja,0,0,0,1,0,0,1,0,0,1,0,0,1,0,0,1
6700,3,uan,0,0,0,0,0,0,0,0,0,0,0,0,0,0,0,0
6701,4,sut,1,1,1,1,1,1,1,1,1,1,1,1,1,1,1,1
6702,2,ngi,1,1,1,1,1,1,1,1,1,1,1,1,1,1,1,1
6703,2,tya,0,0,0,0,0,0,0,0,0,0,0,0,0,0,0,0
6704,4,ani,0,0,0,0,0,0,0,0,0,0,0,0,0,0,0,0
6705,3,han,0,0,0,0,0,0,0,0,0,0,0,0,0,0,0,0
6706,3,wan,0,0,0,0,0,0,0,0,0,0,0,0,0,0,0,0
6707,4,ana,0,0,0,0,0,0,0,0,0,0,0,0,0,0,0,0
6708,3,lah,0,0,0,0,0,0,0,0,0,0,0,0,0,0,0,0
6709,3,sha,0,0,0,0,0,0,0,0,0,0,0,0,0,0,0,0
6710,3,mah,0,0,0,0,0,0,0,0,0,0,0,0,0,0,0,0
6711,3,tra,0,0,0,0,0,0,0,0,0,0,0,0,0,0,0,0
6712,2,tyo,0,0,0,0,0,0,0,0,0,0,0,0,0,0,0,0
6713,3,svi,0,0,0,0,0,0,0,0,0,0,0,0,0,0,0,0
6714,3,uzi,0,0,0,0,0,0,0,0,0,0,0,0,0,0,0,0
6715,3,esi,0,0,0,0,0,0,0,0,0,0,0,0,0,0,0,0
6716,3,wan,0,0,0,0,0,0,0,0,0,0,0,0,0,0,0,0
6717,3,nda,0,0,0,0,0,0,0,0,0,0,0,0,0,0,0,0
6718,2,ana,0,0,0,0,0,0,0,0,0,0,0,0,0,0,0,0
6719,3,yat,0,0,0,0,0,0,0,0,0,0,0,0,0,0,0,0
6720,2,ita,0,0,0,1,0,0,1,0,0,1,0,0,1,0,0,1
6721,4,ata,1,1,1,1,1,1,1,1,1,1,1,1,1,1,1,1
6722,4,lya,0,0,0,0,0,0,0,0,0,0,0,0,0,0,0,0
6723,5,lam,0,0,0,0,0,0,0,0,0,0,0,0,0,0,0,0
6724,2,lia,1,1,1,1,1,1,1,1,1,1,1,1,1,1,1,1
6725,3,ini,1,1,1,1,1,1,1,1,1,1,1,1,1,1,1,1
6726,2,lia,1,1,1,1,1,1,1,1,1,1,1,1,1,1,1,1
6727,2,ana,1,1,1,1,1,1,1,1,1,1,1,1,1,1,1,1
6728,2,ari,1,1,1,1,1,1,1,1,1,1,1,1,1,1,1,1
6729,2,ael,0,0,0,0,0,0,0,0,0,0,0,0,0,0,0,0
6730,2,rto,0,0,0,0,0,0,0,0,0,0,0,0,0,0,0,0
6731,3,yni,1,1,1,1,1,1,1,1,1,1,1,1,1,1,1,1
6732,3,lif,0,0,0,0,0,0,0,0,0,0,0,0,0,0,0,0
6733,4,uma,0,0,0,0,0,0,0,0,0,0,0,0,0,0,0,0
6734,3,ayo,0,0,0,0,0,0,0,0,0,0,0,0,0,0,0,0
6735,3,wan,1,0,0,0,0,0,0,0,0,0,0,0,0,0,0,0
6736,3,kir,1,1,1,1,1,1,1,1,1,1,1,1,1,1,1,1
6737,3,tri,1,1,1,1,1,1,1,1,1,1,1,1,1,1,1,1
6738,3,ove,1,1,1,1,1,1,1,1,1,1,1,1,1,1,1,1
6739,3,dri,1,1,1,1,1,1,1,1,1,1,1,1,1,1,1,1
6740,3,han,1,1,1,1,1,1,1,1,1,1,1,1,1,1,1,1
6741,3,aby,1,1,1,1,1,1,1,1,1,1,1,1,1,1,1,1
6742,3,lah,1,1,1,1,1,1,1,1,1,1,1,1,1,1,1,1
6743,3,tri,1,1,1,1,1,1,1,1,1,1,1,1,1,1,1,1
6744,2,lia,1,1,1,1,1,1,1,1,1,1,1,1,1,1,1,1
6745,3,nta,1,1,1,1,1,1,1,1,1,1,1,1,1,1,1,1
6746,3,iha,1,1,1,1,1,1,1,1,1,1,1,1,1,1,1,1
6747,4,isa,1,1,1,1,1,1,1,1,1,1,1,1,1,1,1,1
6748,3,aty,1,1,1,1,1,1,1,1,1,1,1,1,1,1,1,1
6749,3,kia,1,1,1,1,1,1,1,1,1,1,1,1,1,1,1,1
6750,3,ani,1,1,1,1,1,1,1,1,1,1,1,1,1,1,1,1
6751,3,ira,1,1,1,1,1,1,1,1,1,1,1,1,1,1,1,1
6752,2,iha,1,1,1,1,1,1,1,1,1,1,1,1,1,1,1,1
6753,3,ung,1,1,1,1,1,1,1,1,1,1,1,1,1,1,1,1
6754,2,yas,1,1,1,1,1,1,1,1,1,1,1,1,1,1,1,1
6755,4,ina,1,1,1,1,1,1,1,1,1,1,1,1,1,1,1,1
6756,3,ari,1,1,1,1,1,1,1,1,1,1,1,1,1,1,1,1
6757,3,ira,1,1,1,1,1,1,1,1,1,1,1,1,1,1,1,1
6758,3,mah,1,1,1,1,1,1,1,1,1,1,1,1,1,1,1,1
6759,2,ika,1,1,1,1,1,1,1,1,1,1,1,1,1,1,1,1
6760,4,ani,1,1,1,1,1,1,1,1,1,1,1,1,1,1,1,1
6761,2,hra,1,1,1,1,1,1,1,1,1,1,1,1,1,1,1,1
6762,5,ffa,0,0,0,0,0,0,0,0,0,0,0,0,0,0,0,0
6763,4,len,1,1,1,0,1,1,0,1,1,0,1,1,0,1,1,0
6764,3,hah,1,1,1,1,1,1,1,1,1,1,1,1,1,1,1,1
6765,3,ssa,1,1,1,1,1,1,1,1,1,1,1,1,1,1,1,1
6766,3,nda,1,1,1,1,1,1,1,1,1,1,1,1,1,1,1,1
6767,3,ian,1,1,1,1,1,1,1,1,1,1,1,1,1,1,1,1
6768,3,sya,1,1,1,1,1,1,1,1,1,1,1,1,1,1,1,1
6769,2,ira,1,1,1,0,1,1,1,1,1,1,1,1,1,1,1,1
6770,4,ana,1,1,1,1,1,1,1,1,1,1,1,1,1,1,1,1
6771,3,hwa,1,1,1,0,1,1,0,1,1,0,1,1,0,1,1,1
6772,3,lah,1,1,1,0,1,1,0,1,1,0,1,1,0,1,1,0
6773,3,nia,1,1,1,1,1,1,1,1,1,1,1,1,1,1,1,1
6774,3,nto,1,1,0,0,1,0,0,1,0,0,1,0,0,1,0,0
6775,4,uzi,0,0,0,0,0,0,0,0,0,0,0,0,0,0,0,0
6776,3,tan,0,0,0,0,0,0,0,0,0,0,0,0,0,0,0,0
6777,3,ulu,0,0,0,0,0,0,0,0,0,0,0,0,0,0,0,0
6778,2,iem,0,0,0,0,0,0,0,0,0,0,0,0,0,0,0,0
6779,3,tak,0,1,1,0,1,1,0,1,1,0,1,1,0,1,1,0
6780,2,tak,0,0,0,0,0,0,0,0,0,0,0,0,0,0,0,0
6781,2,lyn,1,1,1,0,1,1,0,1,1,0,1,1,0,1,1,0
6782,2,yah,0,0,0,0,0,0,0,0,0,0,0,0,0,0,0,0
6783,5,sar,1,1,1,1,1,1,1,1,1,1,1,1,1,1,1,1
6784,3,ung,1,1,1,1,1,1,1,1,1,0,1,1,1,1,1,1
6785,4,ulu,1,1,1,0,1,1,0,1,1,0,1,1,0,1,1,0
6786,3,apu,1,1,1,1,1,1,1,1,1,1,1,1,1,1,1,1
6787,3,nan,1,1,1,1,1,1,1,1,1,1,1,1,1,1,1,1
6788,5,roa,1,1,1,0,1,1,1,1,1,0,1,1,0,1,1,0
6789,2,ana,1,1,1,1,1,1,1,1,1,1,1,1,1,1,1,1
6790,3,ait,1,1,1,1,1,1,1,1,1,1,1,1,1,1,1,1
6791,3,ruk,1,1,1,1,1,1,1,1,1,1,1,1,1,1,1,1
6792,4,adi,1,1,1,1,1,1,1,1,1,1,1,1,1,1,1,1
6793,3,lan,1,1,1,0,1,1,0,1,1,0,1,1,0,1,1,0
6794,3,ong,1,1,1,0,1,1,1,1,1,1,1,1,0,1,1,1
6795,3,ayu,1,1,1,1,1,1,1,1,1,1,1,1,1,1,1,1
6796,4,nda,1,1,1,1,1,1,1,1,1,1,1,1,1,1,1,1
6797,4,rba,1,1,1,1,1,1,1,1,1,1,1,1,1,1,1,1
6798,4,lla,1,1,1,1,1,1,1,1,1,1,1,1,1,1,1,1
6799,3,ait,1,1,1,1,1,1,1,1,1,1,1,1,1,1,1,1
6800,3,tta,1,1,1,1,1,1,1,1,1,1,1,1,1,1,1,1
6801,3,ahi,1,1,1,1,1,1,1,1,1,1,1,1,1,1,1,1
6802,3,tri,1,1,1,1,1,1,1,1,1,1,1,1,1,1,1,1
6803,2,lia,1,1,1,1,1,1,1,1,1,1,1,1,1,1,1,1
6804,3,ata,1,1,1,1,1,1,1,1,1,1,1,1,1,1,1,1
6805,1,sya,1,1,1,0,1,1,0,1,1,0,1,1,0,1,1,0
6806,3,dez,1,1,1,1,1,1,1,1,1,1,1,1,1,1,1,1
6807,3,ick,1,1,1,1,1,1,1,1,1,1,1,1,1,1,1,1
6808,4,gih,1,1,1,1,1,1,1,1,1,1,1,1,1,1,1,1
6809,3,nto,0,0,0,0,0,0,0,0,0,0,0,0,0,0,0,0
6810,3,tra,0,0,0,0,0,0,0,0,0,0,0,0,0,0,0,0
6811,4,bea,0,0,0,0,0,0,0,0,0,0,0,0,0,0,0,0
6812,4,a n,0,0,0,0,0,0,0,0,0,0,0,0,0,0,0,0
6813,3,rya,0,0,0,0,0,0,0,0,0,0,0,0,0,0,0,0
6814,3,gak,1,1,1,1,1,1,1,1,1,1,1,1,1,1,1,1
6815,3,ade,1,1,1,0,1,1,0,1,1,0,1,1,0,1,1,0
6816,3,ana,1,1,1,1,1,1,1,1,1,1,1,1,1,1,1,1
6817,2,ani,1,0,0,0,0,0,0,0,0,0,0,0,0,0,0,0
6818,2,wan,0,0,0,0,0,0,0,0,0,0,0,0,0,0,0,0
6819,3,ndi,0,0,0,0,0,0,0,0,0,0,0,0,0,0,0,0
6820,3,sah,0,0,0,0,0,0,0,0,0,0,0,0,0,0,0,1
6821,3,han,0,0,0,0,0,0,0,0,0,0,0,0,0,0,0,0
6822,3,tra,0,0,0,0,0,0,0,0,0,0,0,0,0,0,0,0
6823,2,odo,0,0,0,0,0,0,0,0,0,0,0,0,0,0,0,0
6824,3,hsy,0,0,0,0,0,0,0,0,0,0,0,0,0,0,0,0
6825,6,ami,1,1,1,1,1,1,1,1,1,1,1,1,1,1,1,1
6826,3,sih,1,1,1,1,1,1,1,1,1,1,1,1,1,1,1,1
6827,3,iqi,0,0,0,0,0,0,0,0,0,0,0,0,0,0,0,0
6828,3,eri,1,1,1,1,1,1,1,1,1,1,1,1,1,1,1,1
6829,2,gke,0,1,1,1,1,1,1,1,1,1,1,1,1,1,1,1
6830,2,ana,1,1,1,1,1,1,1,1,1,1,1,1,1,1,1,1
6831,2,yah,1,1,1,1,1,1,1,1,1,1,1,1,1,1,1,1
6832,1,tom,0,0,0,0,0,0,0,0,0,0,0,0,0,0,0,0
6833,3,aya,1,1,1,1,1,1,1,1,1,1,1,1,1,1,1,1
6834,4,hul,1,0,0,0,0,0,0,0,0,0,0,0,0,0,0,0
6835,4,nia,1,1,1,1,1,1,1,1,1,1,1,1,1,1,1,1
6836,2,aya,0,0,0,1,0,0,1,0,0,1,0,0,1,0,0,1
6837,2,lah,0,0,0,0,0,0,0,0,0,0,0,0,0,0,0,0
6838,3,liq,0,0,0,0,0,0,0,0,0,0,0,0,0,0,0,0
6839,4,tah,0,0,0,0,0,0,0,0,0,0,0,0,0,0,0,0
6840,3,gaf,0,0,0,0,0,0,0,0,0,0,0,0,0,0,0,0
6841,3,hid,0,0,0,0,0,0,0,0,0,0,0,0,0,0,0,0
6842,3,ama,0,0,0,0,0,0,0,0,0,0,0,0,0,0,0,0
6843,4,han,0,0,0,0,0,0,0,0,0,0,0,0,0,0,0,0
6844,2,rto,0,0,0,0,0,0,0,0,0,0,0,0,0,0,0,0
6845,3,han,1,1,1,0,1,1,0,1,1,0,1,1,0,1,1,0
6846,4,ari,0,0,0,0,0,0,0,0,0,0,0,0,0,0,0,0
6847,3,nto,0,0,0,0,0,0,0,0,0,0,0,0,0,0,0,0
6848,3,yat,0,0,0,0,0,0,0,0,0,0,0,0,0,0,0,0
6849,3,oto,0,0,0,0,0,0,0,0,0,0,0,0,0,0,0,0
6850,3,zqi,0,0,0,1,0,0,1,0,0,1,0,0,1,0,0,1
6851,3,nto,0,0,0,0,0,0,0,0,0,0,0,0,0,0,0,0
6852,3,ani,0,0,0,0,0,0,0,0,0,0,0,0,0,0,0,0
6853,2,uji,0,0,0,0,0,0,0,0,0,0,0,0,0,0,0,0
6854,3,stu,0,0,0,0,0,0,0,0,0,0,0,0,0,0,0,0
6855,3,rin,0,0,0,0,0,0,0,0,0,0,0,0,0,0,0,0
6856,3,opo,0,0,0,0,0,0,0,0,0,0,0,0,0,0,0,0
6857,3,rto,0,0,0,0,0,0,0,0,0,0,0,0,0,0,0,0
6858,2,ran,0,0,0,0,0,0,0,0,0,0,0,0,0,0,0,0
6859,2,lla,1,1,1,1,1,1,1,1,1,1,1,1,1,1,1,1
6860,2,isa,1,1,1,1,1,1,1,1,1,1,1,1,1,1,1,1
6861,3,ama,0,0,0,0,0,0,0,0,0,0,0,0,0,0,0,0
6862,3,ana,0,0,0,0,0,0,0,0,0,0,0,0,0,0,0,0
6863,2,tra,0,0,0,0,0,0,0,0,0,0,0,0,0,0,0,0
6864,3,qqi,0,0,0,0,0,0,0,0,0,0,0,0,0,0,0,0
6865,3,adi,0,0,0,0,0,0,0,0,0,0,0,0,0,0,0,0
6866,3,han,0,0,0,0,0,0,0,0,0,0,0,0,0,0,0,0
6867,1,fid,0,0,0,0,0,0,0,0,0,0,0,0,0,0,0,0
6868,3,ana,0,0,0,0,0,0,0,0,0,0,0,0,0,0,0,0
6869,2,yah,1,1,1,1,1,1,1,1,1,1,1,1,1,1,1,1
6870,3,uhu,1,1,1,1,1,1,1,1,1,1,1,1,1,1,1,1
6871,3,aan,0,0,0,0,0,0,0,0,0,0,0,0,0,0,0,0
6872,3,dha,0,0,0,0,0,0,0,0,0,0,0,0,0,0,0,0
6873,2,zal,0,0,0,0,0,0,0,0,0,0,0,0,0,0,0,0
6874,3,din,0,0,0,0,0,0,0,0,0,0,0,0,0,0,0,0
6875,2,ain,0,0,0,0,0,0,0,0,0,0,0,0,0,0,0,0
6876,3,ani,0,0,0,1,0,0,1,0,0,1,0,0,1,0,0,1
6877,3,man,0,0,0,0,0,0,0,0,0,0,0,0,0,0,0,0
6878,3,yah,0,0,0,0,0,0,0,0,0,0,0,0,0,0,0,0
6879,3,yat,0,0,0,0,0,0,0,0,0,0,0,0,0,0,0,0
6880,3,san,0,0,0,0,0,0,0,0,0,0,0,0,0,0,0,0
6881,3,nna,1,1,1,1,1,1,1,1,1,1,1,1,1,1,1,1
6882,2,ani,0,0,0,0,0,0,0,0,0,0,0,0,0,0,0,0
6883,3,ani,1,1,1,1,1,1,1,1,1,1,1,1,1,1,1,1
6884,3,tra,0,0,0,0,0,0,0,0,0,0,0,0,0,0,0,0
6885,3,lah,0,0,0,0,0,0,0,0,0,0,0,0,0,0,0,0
6886,3,ani,0,0,0,1,0,0,0,0,0,0,0,0,1,0,0,1
6887,3,tra,0,0,0,0,0,0,0,0,0,0,0,0,0,0,0,0
6888,3,adi,0,0,0,0,0,0,0,0,0,0,0,0,0,0,0,0
6889,3,nie,0,0,0,0,0,0,0,0,0,0,0,0,0,0,0,0
6890,2,ari,0,0,0,0,0,0,0,0,0,0,0,0,0,0,0,0
6891,4,lbi,0,0,0,0,0,0,0,0,0,0,0,0,0,0,0,0
6892,3,uzi,0,0,0,0,0,0,0,0,0,0,0,0,0,0,0,0
6893,2,ran,0,0,0,0,0,0,0,0,0,0,0,0,0,0,0,0
6894,2,dar,0,0,0,0,0,0,0,0,0,0,0,0,0,0,0,0
6895,2,din,0,0,0,0,0,0,0,0,0,0,0,0,0,0,0,0
6896,3,tra,0,0,0,0,0,0,0,0,0,0,0,0,0,0,0,0
6897,3,ata,0,0,0,0,0,0,0,0,0,0,0,0,0,0,0,0
6898,2,ita,1,1,1,1,1,1,1,1,1,1,1,1,1,1,1,1
6899,2,lah,1,1,1,1,1,1,1,1,1,1,1,1,1,1,1,1
6900,2,iya,1,1,1,1,1,1,1,1,1,1,1,1,1,1,1,1
6901,3,ran,1,1,1,1,1,1,1,1,1,1,1,1,1,1,1,1
6902,4,ark,0,0,0,0,0,0,0,0,0,0,0,0,0,0,0,0
6903,2,ier,0,0,0,0,0,0,0,0,0,0,0,0,0,0,0,0
6904,3,azy,0,0,0,0,0,0,0,0,0,0,0,0,0,0,0,0
6905,2,zmi,0,0,0,0,0,0,0,0,0,0,0,0,0,0,0,0
6906,3,ksa,0,0,0,1,0,0,1,0,0,1,0,0,1,0,0,1
6907,3,haq,0,0,0,0,0,0,0,0,0,0,0,0,0,0,0,0
6908,3,wan,0,0,0,0,0,0,0,0,0,0,0,0,0,0,0,0
6909,2,yah,0,0,0,0,0,0,0,0,0,0,0,0,0,0,0,0
6910,4,tah,0,0,0,0,0,0,0,0,0,0,0,0,0,0,0,0
6911,3,han,0,0,0,0,0,0,0,0,0,0,0,0,0,0,0,0
6912,3,bal,0,0,0,0,0,0,0,0,0,0,0,0,0,0,0,0
6913,2,din,0,0,0,0,0,0,0,0,0,0,0,0,0,0,0,0
6914,3,oro,0,0,0,0,0,0,0,0,0,0,0,0,0,0,0,0
6915,3,gko,0,0,0,0,0,0,0,0,0,0,0,0,0,0,0,0
6916,2,dha,0,0,0,0,0,0,0,0,0,0,0,0,0,0,0,0
6917,2,lah,0,0,0,0,0,0,0,0,0,0,0,0,0,0,0,0
6918,3,ani,0,0,0,1,0,0,1,0,0,1,0,0,1,0,0,1
6919,2,mah,0,0,0,0,0,0,0,0,0,0,0,0,0,0,0,0
6920,3,han,0,0,0,0,0,0,0,0,0,0,0,0,0,0,0,0
6921,3,nti,1,1,1,1,1,1,1,1,1,1,1,1,1,1,1,1
6922,2,iwi,1,1,1,1,1,1,1,1,1,1,1,1,1,1,1,1
6923,2,'ah,1,1,1,1,1,1,1,1,1,1,1,1,1,1,1,1
6924,2,yat,0,0,0,0,0,0,0,0,0,0,0,0,0,0,0,0
6925,2,ina,1,1,1,1,1,1,1,1,1,1,1,1,1,1,1,1
6926,2,hah,1,1,1,0,1,1,0,1,1,0,1,1,1,1,1,1
6927,2,'ah,1,1,1,1,1,1,1,1,1,1,1,1,1,1,1,1
6928,2,nun,1,1,1,0,1,1,0,1,1,0,1,1,0,1,1,0
6929,1,hoh,1,1,1,0,1,1,0,1,1,0,1,1,0,1,1,0
6930,3,iwu,1,0,0,1,0,0,1,0,0,1,0,0,1,0,0,1
6931,3,ini,0,0,0,1,0,0,1,0,0,1,0,0,1,0,0,1
6932,2,ziz,0,0,0,0,0,0,0,0,0,0,0,0,0,0,0,0
6933,2,yah,0,0,0,0,0,0,0,0,0,0,0,0,0,0,0,0
6934,3,ham,0,0,0,0,0,0,0,0,0,0,0,0,0,0,0,0
6935,3,rus,0,0,0,0,0,0,0,0,0,0,0,0,0,0,0,0
6936,3,yid,0,0,0,0,0,0,0,0,0,0,0,0,0,0,0,0
6937,3,yza,1,1,1,0,1,1,0,1,1,0,1,1,0,1,1,0
6938,1,lah,1,1,1,1,1,1,1,1,1,0,1,1,1,1,1,1
6939,4,oto,0,0,0,0,0,0,0,0,0,0,0,0,0,0,0,0
6940,3,afi,0,0,0,0,0,0,0,0,0,0,0,0,0,0,0,0
6941,4,ama,0,0,0,0,0,0,0,0,0,0,0,0,0,0,0,0
6942,3,tra,0,0,0,0,0,0,0,0,0,0,0,0,0,0,0,0
6943,3,ian,0,0,0,0,0,0,0,0,0,0,0,0,0,0,0,0
6944,2,una,0,0,0,0,0,0,0,0,0,0,0,0,0,0,0,0
6945,3,zmi,0,0,0,0,0,0,0,0,0,0,0,0,0,0,0,0
6946,3,anu,0,0,0,0,0,0,0,0,0,0,0,0,0,0,0,0
6947,3,zky,0,0,0,0,0,0,0,0,0,0,0,0,0,0,0,0
6948,2,aiz,0,0,0,0,0,0,0,0,0,0,0,0,0,0,0,0
6949,2,taf,0,0,0,0,0,0,0,0,0,0,0,0,0,0,0,0
6950,2,rzi,0,0,0,0,0,0,0,0,0,0,0,0,0,0,0,0
6951,2,ham,0,0,0,0,0,0,0,0,0,0,0,0,0,0,0,0
6952,3,man,0,0,0,0,0,0,0,0,0,0,0,0,0,0,0,0
6953,3,ang,0,0,0,0,0,0,0,0,0,0,0,0,0,0,0,0
6954,3,ama,0,0,0,0,0,0,0,0,0,0,0,0,0,0,0,0
6955,3,rto,0,0,0,0,0,0,0,0,0,0,0,0,0,0,0,0
6956,3,tra,0,0,0,0,0,0,0,0,0,0,0,0,0,0,0,0
6957,4,dya,0,0,0,0,0,0,0,0,0,0,0,0,0,0,0,0
6958,2,dro,0,0,0,0,0,0,0,0,0,0,0,0,0,0,0,0
6959,2,ari,0,0,0,0,0,0,0,0,0,0,0,0,0,0,0,0
6960,3,yra,0,0,0,0,0,0,0,0,0,0,0,0,0,0,0,0
6961,2,hmi,0,0,0,0,0,0,0,0,0,0,0,0,0,0,0,0
6962,2,aja,0,0,0,0,0,0,0,0,0,0,0,0,0,0,0,0
6963,4,uba,1,1,1,1,1,1,1,1,1,1,1,1,1,1,1,1
6964,3,hra,1,1,1,1,1,1,1,1,1,1,1,1,1,1,1,1
6965,3,owo,1,1,1,0,1,1,0,1,1,0,1,1,0,1,1,0
6966,3,ini,1,1,1,1,1,1,1,1,1,1,1,1,1,1,1,1
6967,3,ani,1,1,1,1,1,1,1,1,1,1,1,1,1,1,1,1
6968,2,ani,1,1,1,1,1,1,1,1,1,1,1,1,1,1,1,1
6969,2,dah,1,1,1,1,1,1,1,1,1,1,1,1,1,1,1,1
6970,3,a m,1,1,1,1,1,1,1,1,1,1,1,1,1,1,1,1
6971,1,yah,1,1,1,1,1,1,1,1,1,1,1,1,1,1,1,1
6972,3,ani,1,1,1,1,1,1,1,1,1,1,1,1,1,1,1,1
6973,2,lia,1,1,1,1,1,1,1,1,1,1,1,1,1,1,1,1
6974,3,ini,1,1,1,1,1,1,1,1,1,1,1,1,1,1,1,1
6975,2,hra,1,1,1,1,1,1,1,1,1,1,1,1,1,1,1,1
6976,4,rok,0,0,0,0,0,0,0,0,0,0,0,0,0,0,0,0
6977,3,sdi,0,0,0,0,0,0,0,0,0,0,0,0,0,0,0,0
6978,2,ali,0,0,0,0,0,0,0,0,0,0,0,0,0,0,0,0
6979,3,tra,0,0,0,0,0,0,0,0,0,0,0,0,0,0,0,0
6980,3,rif,1,1,1,0,1,1,1,1,1,1,1,1,0,1,1,0
6981,2,ari,0,0,0,0,0,0,0,0,0,0,0,0,0,0,0,0
6982,3,ria,0,0,0,0,0,0,0,0,0,0,0,0,0,0,0,0
6983,3,min,0,0,0,0,0,0,0,0,0,0,0,0,0,0,0,0
6984,4,ari,1,1,1,1,1,1,1,1,1,1,1,1,1,1,1,1
6985,3,lah,1,1,1,1,1,1,1,1,1,0,1,1,1,1,1,1
6986,3,ani,1,1,1,1,1,1,1,1,1,1,1,1,1,1,1,1
6987,2,sta,1,1,1,1,1,1,1,1,1,1,1,1,1,1,1,1
6988,3,nah,1,1,1,1,1,1,1,1,1,1,1,1,1,1,1,1
6989,3,idi,1,1,1,1,1,1,1,1,1,1,1,1,1,1,1,1
6990,4,rdy,1,1,1,0,1,1,0,1,1,0,1,1,0,1,1,1
6991,2,ina,1,1,1,1,1,1,1,1,1,1,1,1,1,1,1,1
6992,3,iwi,1,1,1,1,1,1,1,1,1,1,1,1,1,1,1,1
6993,2,dya,1,1,1,1,1,1,1,1,1,1,1,1,1,1,1,1
6994,3,ina,1,1,1,1,1,1,1,1,1,1,1,1,1,1,1,1
6995,2,iha,1,1,1,1,1,1,1,1,1,1,1,1,1,1,1,1
6996,3,ila,1,1,1,1,1,1,1,1,1,1,1,1,1,1,1,1
6997,2,nia,1,1,1,1,1,1,1,1,1,1,1,1,1,1,1,1
6998,3,aga,1,1,1,1,1,1,1,1,1,1,1,1,1,1,1,1
6999,3,yun,1,1,1,1,1,1,1,1,1,1,1,1,1,1,1,1
7000,2,fah,1,1,1,1,1,1,1,1,1,1,1,1,1,1,1,1
7001,3,ini,1,1,1,1,1,1,1,1,1,1,1,1,1,1,1,1
7002,3,ing,1,1,1,1,1,1,1,1,1,1,1,1,1,1,1,1
7003,3,tri,1,1,1,1,1,1,1,1,1,1,1,1,1,1,1,1
7004,3,ala,1,1,1,1,1,1,1,1,1,1,1,1,1,1,1,1
7005,3,ani,1,1,1,1,1,1,1,1,1,1,1,1,1,1,1,1
7006,3,san,0,0,0,0,0,0,0,0,0,0,0,0,0,0,0,0
7007,3,zan,0,0,0,0,0,0,0,0,0,0,0,0,0,0,0,0
7008,3,ndi,0,0,0,0,0,0,0,0,0,0,0,0,0,0,0,0
7009,3,ian,0,0,0,0,0,0,0,0,0,0,0,0,0,0,0,0
7010,3,hra,1,1,1,1,1,1,1,1,1,1,1,1,1,1,1,1
7011,3,wan,0,0,0,0,0,0,0,0,0,0,0,0,0,0,0,0
7012,3,tya,0,0,0,0,0,0,0,0,0,0,0,0,0,0,0,0
7013,3,aya,0,0,0,0,0,0,0,0,0,0,0,0,0,0,0,0
7014,2,yah,0,0,0,0,0,0,0,0,0,0,0,0,0,0,0,0
7015,3,din,0,0,0,0,0,0,0,0,0,0,0,0,0,0,0,0
7016,3,ama,0,0,0,0,0,0,0,0,0,0,0,0,0,0,0,0
7017,3,ono,0,0,0,0,0,0,0,0,0,0,0,0,0,0,0,0
7018,3,han,0,0,0,0,0,0,0,0,0,0,0,0,0,0,0,0
7019,2,zki,0,0,0,0,0,0,0,0,0,0,0,0,0,0,0,0
7020,3,snu,1,1,1,1,1,1,1,1,1,1,1,1,1,1,1,1
7021,3,stu,0,0,0,0,0,0,0,0,0,0,0,0,0,0,0,0
7022,5,dhi,0,0,0,0,0,0,0,0,0,0,0,0,0,0,0,0
7023,3,tyo,0,0,0,0,0,0,0,0,0,0,0,0,0,0,0,0
7024,3,hra,1,1,1,1,1,1,1,1,1,1,1,1,1,1,1,1
7025,2,ili,1,1,1,1,1,1,1,1,1,1,1,1,1,1,1,1
7026,4,lmi,1,1,1,1,1,1,1,1,1,1,1,1,1,1,1,1
7027,3,ati,1,1,1,1,1,1,1,1,1,1,1,1,1,1,1,1
7028,3,ama,1,1,1,1,1,1,1,1,1,1,1,1,1,1,1,1
7029,2,hra,1,1,1,1,1,1,1,1,1,1,1,1,1,1,1,1
7030,2,iza,1,1,1,1,1,1,1,1,1,1,1,1,1,1,1,1
7031,3,ati,1,1,1,1,1,1,1,1,1,1,1,1,1,1,1,1
7032,2,ana,1,1,1,1,1,1,1,1,1,1,1,1,1,1,1,1
7033,3,rok,0,0,0,0,0,0,0,0,0,0,0,0,0,0,0,0
7034,3,nto,0,0,0,0,0,0,0,0,0,0,0,0,0,0,0,0
7035,3,han,0,0,0,0,0,0,0,0,0,0,0,0,0,0,0,0
7036,3,kki,0,0,0,0,0,0,0,0,0,0,0,0,0,0,0,0
7037,3,afi,0,0,0,1,0,0,1,0,0,0,0,0,1,0,0,1
7038,3,mis,0,0,0,0,0,0,0,0,0,0,0,0,0,0,0,0
7039,2,kah,0,0,0,0,0,0,0,0,0,0,0,0,0,0,0,0
7040,3,dah,0,0,0,1,0,0,1,0,0,0,0,0,0,0,0,0
7041,3,nna,0,0,0,1,0,0,1,0,0,1,0,0,1,0,0,1
7042,3,ofa,0,0,0,0,0,0,0,0,0,0,0,0,0,0,0,0
7043,2,yah,0,0,0,0,0,0,0,0,0,0,0,0,0,0,0,0
7044,3,ati,0,0,0,0,0,0,0,0,0,0,0,0,0,0,0,0
7045,3,han,0,0,0,0,0,0,0,0,0,0,0,0,0,0,0,0
7046,2,din,0,0,0,0,0,0,0,0,0,0,0,0,0,0,0,0
7047,2,ria,1,1,1,1,1,1,1,1,1,1,1,1,1,1,1,1
7048,2,lar,1,0,1,1,0,1,1,0,1,1,0,1,1,0,1,1
7049,3,tri,1,1,1,1,1,1,1,1,1,1,1,1,1,1,1,1
7050,2,zri,1,1,1,1,1,1,1,1,1,1,1,1,1,1,1,1
7051,2,lla,1,1,1,1,1,1,1,1,1,1,1,1,1,1,1,1
7052,2,isa,1,1,1,1,1,1,1,1,1,1,1,1,1,1,1,1
7053,3,rah,1,1,1,1,1,1,1,1,1,1,1,1,1,1,1,1
7054,2,nti,1,1,1,1,1,1,1,1,1,1,1,1,1,1,1,1
7055,2,lwa,1,1,1,1,1,1,1,1,1,1,1,1,1,1,1,1
7056,4,aji,1,1,1,1,1,1,1,1,1,1,1,1,1,1,1,1
7057,3,rie,1,0,0,1,0,0,0,0,0,0,0,0,0,0,0,1
7058,2,sih,1,1,1,1,1,1,1,1,1,1,1,1,1,1,1,1
7059,3,tun,1,1,1,1,1,1,1,1,1,1,1,1,1,1,1,1
7060,2,isa,1,1,1,1,1,1,1,1,1,1,1,1,1,1,1,1
7061,3,ida,1,1,1,1,1,1,1,1,1,1,1,1,1,1,1,1
7062,1,isa,1,1,1,1,1,1,1,1,1,1,1,1,1,1,1,1
7063,2,hra,1,1,1,1,1,1,1,1,1,1,1,1,1,1,1,1
7064,3,han,1,1,1,0,1,1,0,1,1,0,1,1,0,1,1,0
7065,2,sya,1,1,1,1,1,1,1,1,1,1,1,1,1,1,1,1
7066,2,ati,1,1,1,1,1,1,1,1,1,1,1,1,1,1,1,1
7067,4,ndi,1,1,1,1,1,1,1,1,1,1,1,1,1,1,1,1
7068,3,ila,1,1,1,1,1,1,1,1,1,1,1,1,1,1,1,1
7069,3,tan,1,1,1,1,1,1,1,1,1,1,1,1,1,1,1,1
7070,2,ila,1,1,1,1,1,1,1,1,1,1,1,1,1,1,1,1
7071,3,mah,1,1,1,1,1,1,1,1,1,1,1,1,1,1,1,1
7072,3,ira,1,1,1,1,1,1,1,1,1,1,1,1,1,1,1,1
7073,2,lie,1,1,1,1,1,1,1,1,1,1,1,1,1,1,1,1
7074,2,ner,0,0,0,0,0,0,0,0,0,0,0,0,0,0,0,0
7075,3,nia,1,1,1,1,1,1,1,1,1,1,1,1,1,1,1,1
7076,2,mah,1,1,1,1,1,1,1,1,1,1,1,1,1,1,1,1
7077,4,yah,1,1,1,1,1,1,1,1,1,1,1,1,1,1,1,1
7078,2,ani,1,1,1,1,1,1,1,1,1,1,1,1,1,1,1,1
7079,2,ina,1,1,1,1,1,1,1,1,1,1,1,1,1,1,1,1
7080,4,ulu,0,0,0,0,0,0,0,0,0,0,0,0,0,0,0,0
7081,2,una,0,0,0,0,0,0,0,0,0,0,0,0,0,0,0,0
7082,2,ano,0,0,0,0,0,0,0,0,0,0,0,0,0,0,0,0
7083,3,omo,0,0,0,0,0,0,0,0,0,0,0,0,0,0,0,0
7084,4,iwi,1,1,1,1,1,1,1,1,1,1,1,1,1,1,1,1
7085,3,nti,1,1,1,1,1,1,1,1,1,1,1,1,1,1,1,1
7086,3,isa,1,1,1,1,1,1,1,1,1,1,1,1,1,1,1,1
7087,2,ika,1,1,1,0,1,1,1,1,1,1,1,1,1,1,1,1
7088,3,zah,1,1,1,1,1,1,1,1,1,1,1,1,1,1,1,1
7089,2,tyo,0,0,0,0,0,0,0,0,0,0,0,0,0,0,0,0
7090,3,nah,1,1,1,1,1,1,1,1,1,1,1,1,1,1,1,1
7091,4, na,0,0,0,0,0,0,1,0,0,0,0,0,1,0,0,1
7092,3,san,0,0,0,0,0,0,0,0,0,0,0,0,0,0,0,0
7093,3,dra,0,0,0,0,0,0,0,0,0,0,0,0,0,0,0,0
7094,3,hma,1,1,1,0,1,1,0,1,1,0,1,1,0,1,1,0
7095,3,ini,1,1,1,1,1,1,1,1,1,1,1,1,1,1,1,1
7096,3,sti,1,1,1,1,1,1,1,1,1,1,1,1,1,1,1,1
7097,3,stu,1,0,0,0,0,0,0,0,0,0,0,0,0,0,0,0
7098,2,ini,1,1,1,1,1,1,1,1,1,1,1,1,1,1,1,1
7099,3,ono,1,0,0,0,0,0,0,0,0,0,0,0,0,0,0,0
7100,3,waf,0,0,0,0,0,0,0,0,0,0,0,0,0,0,0,0
7101,3,owo,0,0,0,0,0,0,0,0,0,0,0,0,0,0,0,0
7102,2,wan,0,0,0,0,0,0,0,0,0,0,0,0,0,0,0,0
7103,2,rim,0,0,0,0,0,0,0,0,0,0,0,0,0,0,0,0
7104,3,fah,1,1,1,1,1,1,1,1,1,1,1,1,1,1,1,1
7105,3,ira,0,0,0,0,0,0,0,0,0,0,0,0,0,0,0,0
7106,2,tio,0,0,0,0,0,0,0,0,0,0,0,0,0,0,0,0
7107,3,ini,1,1,1,1,1,1,1,1,1,1,1,1,1,1,1,1
7108,3,hap,0,0,0,0,0,0,0,0,0,0,0,0,0,0,0,0
7109,2,nto,0,0,0,0,0,0,0,0,0,0,0,0,0,0,0,0
7110,3,nti,1,1,1,1,1,1,1,1,1,1,1,1,1,1,1,1
7111,2,dra,0,0,0,0,0,0,0,0,0,0,0,0,0,0,0,0
7112,3,yat,0,0,0,0,0,0,0,0,0,0,0,0,0,0,0,0
7113,2,rti,1,1,1,1,1,1,1,1,1,1,1,1,1,1,1,1
7114,3,hyi,0,0,0,0,0,0,0,0,0,0,0,0,0,0,0,0
7115,2,iah,1,1,1,1,1,1,1,1,1,1,1,1,1,1,1,1
7116,2,ain,0,0,0,0,0,0,0,0,0,0,0,0,0,0,0,0
7117,2,son,0,0,0,0,0,0,0,0,0,0,0,0,0,0,0,0
7118,3,nyu,0,0,0,0,0,0,0,0,0,0,0,0,0,0,0,0
7119,3,ewi,1,1,1,1,1,1,1,1,1,1,1,1,1,1,1,1
7120,2,ino,0,0,0,0,0,0,0,0,0,0,0,0,0,0,0,0
7121,3,fiz,0,0,0,0,0,0,0,0,0,0,0,0,0,0,0,0
7122,3,izy,0,0,0,0,0,0,0,0,0,0,0,0,0,0,0,0
7123,3,han,0,0,0,0,0,0,0,0,0,0,0,0,0,0,0,0
7124,4,ena,0,0,0,0,0,0,0,0,0,0,0,0,0,0,0,0
7125,4,sti,1,1,1,1,1,1,1,1,1,1,1,1,1,1,1,1
7126,3,ari,1,1,1,1,1,1,1,1,1,1,1,1,1,1,1,1
7127,2,ibi,0,0,0,0,0,0,0,0,0,0,0,0,0,0,0,0
7128,2,rip,0,0,0,0,0,0,0,0,0,0,0,0,0,0,0,0
7129,2,izi,0,0,0,0,0,0,0,0,0,0,0,0,0,0,0,0
7130,3,dan,0,0,0,0,0,0,0,0,0,0,0,0,0,0,0,0
7131,3,rus,0,0,0,0,0,0,0,0,0,0,0,0,0,0,0,0
7132,3,ira,0,0,0,0,0,0,0,0,0,0,0,0,0,0,0,0
7133,2,izi,0,0,0,0,0,0,0,0,0,0,0,0,0,0,0,0
7134,3,aiz,0,0,0,0,0,0,0,0,0,0,0,0,0,0,0,0
7135,3,ndi,0,0,0,0,0,0,0,0,0,0,0,0,0,0,0,0
7136,3,ati,1,1,1,1,1,1,1,1,1,1,1,1,1,1,1,1
7137,3,har,1,1,1,1,1,1,1,1,1,1,1,1,1,1,1,1
7138,2,yah,1,1,1,1,1,1,1,1,1,1,1,1,1,1,1,1
7139,3,nto,1,0,0,0,0,0,0,0,0,0,0,0,0,0,0,0
7140,3,mah,1,1,1,1,1,1,1,1,1,1,1,1,1,1,1,1
7141,3,ina,1,1,1,1,1,1,1,1,1,1,1,1,1,1,1,1
7142,2,yas,1,1,1,1,1,1,1,1,1,1,1,1,1,1,1,1
7143,3,tah,0,0,0,0,0,0,0,0,0,0,0,0,0,0,0,0
7144,3,ani,1,1,1,1,1,1,1,1,1,1,1,1,1,1,1,1
7145,2,nah,1,1,1,1,1,1,1,1,1,1,1,1,1,1,1,1
7146,3,ala,0,1,1,1,1,1,1,1,1,1,1,1,1,1,1,1
7147,2,qim,0,0,0,0,0,0,0,0,0,0,0,0,0,0,0,0
7148,3,din,0,0,0,0,0,0,0,0,0,0,0,0,0,0,0,0
7149,3,tya,1,1,1,1,1,1,1,1,1,1,1,1,1,1,1,1
7150,4,omo,1,1,1,1,1,1,1,1,1,1,1,1,1,1,1,1
7151,3,kti,0,0,0,0,0,0,0,0,0,0,0,0,0,0,0,0
7152,3,zmi,1,1,1,1,1,1,1,1,1,1,1,1,1,1,1,1
7153,3,wan,1,1,0,0,1,0,0,1,0,0,1,0,0,1,0,0
7154,3,lan,1,1,1,1,1,1,1,1,1,1,1,1,1,1,1,1
7155,3,nsa,1,1,1,0,1,1,1,1,1,0,1,1,0,1,1,1
7156,3,ono,0,0,0,0,0,0,0,0,0,0,0,0,0,0,0,0
7157,2,man,0,0,0,0,0,0,0,0,0,0,0,0,0,0,0,0
7158,2,ara,0,0,0,0,0,0,0,0,0,0,0,0,0,0,0,0
7159,4,nda,0,0,0,0,0,0,0,0,0,0,0,0,0,0,0,0
7160,3,sin,0,0,0,0,0,0,0,0,0,0,0,0,0,0,0,0
7161,3,oho,1,1,1,0,1,1,0,1,1,0,1,1,0,1,1,0
7162,2,yza,1,1,1,0,1,1,0,1,1,0,1,1,0,1,1,0
7163,3,ani,1,1,1,1,1,1,1,1,1,1,1,1,1,1,1,1
7164,2,dah,1,1,1,1,1,1,1,1,1,1,1,1,1,1,1,1
7165,3,lah,1,1,1,1,1,1,1,1,1,1,1,1,1,1,1,1
7166,3,zah,1,1,1,1,1,1,1,1,1,1,1,1,1,1,1,1
7167,3,iza,1,1,1,1,1,1,1,1,1,1,1,1,1,1,1,1
7168,2,ein,0,0,0,0,0,0,0,0,0,0,0,0,0,0,0,0
7169,2,bar,0,0,0,0,0,0,0,0,0,0,0,0,0,0,0,0
7170,3,afi,0,0,0,0,0,0,0,0,0,0,0,0,0,0,0,0
7171,3,ami,0,0,0,0,0,0,0,0,0,0,0,0,0,0,0,0
7172,4, zm,0,0,0,0,0,0,0,0,0,0,0,0,0,0,0,0
7173,3,iya,0,0,0,0,0,0,0,0,0,0,0,0,0,0,0,0
7174,1,ham,0,0,0,0,0,0,0,0,0,0,0,0,0,0,0,0
7175,2,zky,1,0,0,0,0,0,0,0,0,0,0,0,0,0,0,0
7176,3,fif,0,0,0,0,0,0,0,0,0,0,0,0,0,0,0,0
7177,2,ata,0,0,0,0,0,0,0,0,0,0,0,0,0,0,0,0
7178,3,aya,0,0,0,0,0,0,0,0,0,0,0,0,0,0,0,0
7179,3,aya,1,0,0,0,0,0,0,0,0,0,0,0,0,0,0,0
7180,3,ori,0,0,0,0,0,0,0,0,0,0,0,0,0,0,0,0
7181,4,adi,0,1,0,0,1,0,0,1,0,0,1,0,0,1,0,0
7182,2,far,0,0,0,0,0,0,0,0,0,0,0,0,0,0,0,0
7183,3,eri,1,1,1,1,1,1,1,1,1,1,1,1,1,1,1,1
7184,3,ara,0,0,0,0,0,0,0,0,0,0,0,0,0,0,0,0
7185,3,iya,1,1,1,0,1,1,0,1,1,0,1,1,0,1,1,0
7186,4,elo,0,0,0,0,0,0,0,0,0,0,0,0,0,0,0,0
7187,3,han,0,0,0,0,0,0,0,0,0,0,0,0,0,0,0,0
7188,3,nah,1,1,1,1,1,1,1,1,1,1,1,1,1,1,1,1
7189,2,ola,1,1,1,0,1,1,1,1,1,1,1,1,1,1,1,1
7190,3,the,1,1,1,1,1,1,1,1,1,1,1,1,1,1,1,1
7191,2,sha,1,1,1,1,1,1,1,1,1,0,1,1,1,1,1,1
7192,2,ria,1,1,1,1,1,1,1,1,1,1,1,1,1,1,1,1
7193,2,ura,1,1,1,1,1,1,1,1,1,1,1,1,1,1,1,1
7194,3,ara,1,1,1,1,1,1,1,1,1,1,1,1,1,1,1,1
7195,2,zah,1,1,1,1,1,1,1,1,1,1,1,1,1,1,1,1
7196,3,den,1,1,1,1,1,1,1,1,1,1,1,1,1,1,1,1
7197,3,lia,1,1,1,1,1,1,1,1,1,1,1,1,1,1,1,1
7198,3,tra,0,0,0,0,0,0,0,0,0,0,0,0,0,0,0,0
7199,2,hya,0,0,0,0,0,0,0,0,0,0,0,0,0,0,0,0
7200,2,man,0,0,0,0,0,0,0,0,0,0,0,0,0,0,0,0
7201,3,nti,1,1,1,1,1,1,1,1,1,1,1,1,1,1,1,1
7202,3,ono,0,0,0,0,0,0,0,0,0,0,0,0,0,0,0,0
7203,3,war,0,0,0,0,0,0,0,0,0,0,0,0,0,0,0,0
7204,3,bar,0,0,0,0,0,0,0,0,0,0,0,0,0,0,0,0
7205,3,tra,0,0,0,0,0,0,0,0,0,0,0,0,0,0,0,0
7206,3,goo,1,1,1,1,1,1,1,1,1,1,1,1,1,1,1,1
7207,5,aji,0,0,0,0,0,0,0,0,0,0,0,0,0,0,0,0
7208,3,rma,0,0,0,0,0,0,0,0,0,0,0,0,0,0,0,0
7209,2,tyo,0,0,0,0,0,0,0,0,0,0,0,0,0,0,0,0
7210,3,ono,0,0,0,0,0,0,0,0,0,0,0,0,0,0,0,0
7211,3,tna,0,0,0,0,0,0,0,0,0,0,0,0,0,0,0,0
7212,4,gan,0,0,0,0,0,0,0,0,0,0,0,0,0,0,0,0
7213,2,iti,1,1,1,1,1,1,1,1,1,1,1,1,1,1,1,1
7214,4,ini,1,1,1,1,1,1,1,1,1,1,1,1,1,1,1,1
7215,4,ian,0,0,0,0,0,0,0,0,0,0,0,0,0,0,0,0
7216,3,nda,0,0,0,0,0,0,0,0,0,0,0,0,0,0,0,0
7217,4,hut,1,1,1,1,1,1,1,1,1,1,1,1,1,1,1,1
7218,2,mto,0,0,0,0,0,0,0,0,0,0,0,0,0,0,0,0
7219,2,ati,1,1,1,1,1,1,1,1,1,1,1,1,1,1,1,1
7220,4,yas,1,1,1,1,1,1,1,1,1,1,1,1,1,1,1,1
7221,3,ndi,0,0,0,0,0,0,0,0,0,0,0,0,0,0,0,0
7222,4,oco,0,0,0,0,0,0,0,0,0,0,0,0,0,0,0,0
7223,3,zam,0,0,0,0,0,0,0,0,0,0,0,0,0,0,0,0
7224,4, pu,0,0,0,0,0,0,0,0,0,0,0,0,0,0,0,0
7225,3,nti,1,1,1,1,1,1,1,1,1,1,1,1,1,1,1,1
7226,2,nti,1,1,1,1,1,1,1,1,1,1,1,1,1,1,1,1
7227,2,ini,1,1,1,1,1,1,1,1,1,1,1,1,1,1,1,1
7228,2,tya,0,0,0,0,0,0,0,0,0,0,0,0,0,0,0,0
7229,2,ana,0,0,0,0,0,0,0,0,0,0,0,0,0,0,0,0
7230,3,wan,0,0,0,0,0,0,0,0,0,0,0,0,0,0,0,0
7231,3,ria,0,0,0,0,0,0,0,0,0,0,0,0,0,0,0,0
7232,3,aro,0,0,0,0,0,0,0,0,0,0,0,0,0,0,0,0
7233,3,dra,0,0,0,0,0,0,0,0,0,0,0,0,0,0,0,0
7234,3,ini,1,1,1,1,1,1,1,1,1,1,1,1,1,1,1,1
7235,2,ari,1,1,1,1,1,1,1,1,1,1,1,1,1,1,1,1
7236,3,tra,0,0,0,0,0,0,0,0,0,0,0,0,0,0,0,0
7237,2,ama,0,0,0,0,0,0,0,0,0,0,0,0,0,0,0,0
7238,2,ana,1,1,1,1,1,1,1,1,1,1,1,1,1,1,1,1
7239,3,gky,0,0,0,0,0,0,0,0,0,0,0,0,0,0,0,0
7240,3,fqy,0,0,0,0,0,0,0,0,0,0,0,0,0,0,0,0
7241,2,aya,0,0,0,0,0,0,0,0,0,0,0,0,0,0,0,0
7242,3,ran,0,0,0,0,0,0,0,0,0,0,0,0,0,0,0,0
7243,4,gif,0,0,0,0,0,0,0,0,0,0,0,0,0,0,0,0
7244,2,hfi,0,0,0,0,0,0,0,0,0,0,0,0,0,0,0,0
7245,2,yah,0,0,0,0,0,0,0,0,0,0,0,0,0,0,0,0
7246,3,bar,0,0,0,0,0,0,0,0,0,0,0,0,0,0,0,0
7247,1,mah,1,1,1,1,1,1,1,1,1,1,1,1,1,1,1,1
7248,4,wan,0,0,0,0,0,0,0,0,0,0,0,0,0,0,0,0
7249,2,izi,0,0,0,0,0,0,0,0,0,0,0,0,0,0,0,0
7250,3,yah,0,0,0,0,0,0,0,0,0,0,0,0,0,0,0,0
7251,2,ien,0,0,0,0,0,0,0,0,0,0,0,0,0,0,0,0
7252,2,isa,1,1,1,1,1,1,1,1,1,1,1,1,1,1,1,1
7253,3,isa,1,1,1,1,1,1,1,1,1,1,1,1,1,1,1,1
7254,2,isa,1,1,1,1,1,1,1,1,1,1,1,1,1,1,1,1
7255,3,dra,0,0,0,0,0,0,0,0,0,0,0,0,0,0,0,0
7256,2,han,0,0,0,0,0,0,0,0,0,0,0,0,0,0,0,0
7257,2,ari,0,0,0,0,0,0,0,0,0,0,0,0,0,0,0,0
7258,2,ero,0,0,0,0,0,0,0,0,0,0,0,0,0,0,0,0
7259,3,raf,0,0,0,0,0,0,0,0,0,0,0,0,0,0,0,0
7260,6,dra,1,1,1,1,1,1,1,1,1,1,1,1,1,1,1,1
7261,2,dah,1,1,1,1,1,1,1,1,1,1,1,1,1,1,1,1
7262,2,ani,1,1,1,1,1,1,1,1,1,1,1,1,1,1,1,1
7263,3,aja,0,0,0,0,0,0,0,0,0,0,0,0,0,0,0,0
7264,2,ana,0,0,0,0,0,0,0,0,0,0,0,0,0,0,0,0
7265,3,ani,1,1,1,1,1,1,1,1,1,1,1,1,1,1,1,1
7266,3,ule,1,1,1,0,1,1,0,1,1,0,1,1,0,1,1,0
7267,3,zah,1,1,1,1,1,1,1,1,1,1,1,1,1,1,1,1
7268,2,yah,1,1,1,1,1,1,1,1,1,1,1,1,1,1,1,1
7269,2,mri,0,0,0,0,0,0,0,0,0,0,0,0,0,0,0,0
7270,3,lar,0,0,0,0,0,0,0,0,0,0,0,0,0,0,0,0
7271,3,dar,0,0,0,0,0,0,0,0,0,0,0,0,0,0,0,0
7272,3,bar,0,0,0,0,0,0,0,0,0,0,0,0,0,0,0,0
7273,3,zan,0,0,0,0,0,0,0,0,0,0,0,0,0,0,0,0
7274,3,gja,0,0,0,0,0,0,0,0,0,0,0,0,0,0,0,0
7275,3,ari,0,0,0,0,0,0,0,0,0,0,0,0,0,0,0,0
7276,3,ada,0,0,0,0,0,0,0,0,0,0,0,0,0,0,0,0
7277,2,izi,0,0,0,0,0,0,0,0,0,0,0,0,0,0,0,0
7278,2,lim,0,0,0,0,0,0,0,0,0,0,0,0,0,0,0,0
7279,3,wan,0,0,0,0,0,0,0,0,0,0,0,0,0,0,0,0
7280,3,hum,0,0,0,0,0,0,0,0,0,0,0,0,0,0,0,0
7281,3,aqi,0,0,0,0,0,0,0,0,0,0,0,0,0,0,0,0
7282,3,abi,0,0,0,0,0,0,0,0,0,0,0,0,0,0,0,0
7283,3,han,0,0,0,0,0,0,0,0,0,0,0,0,0,0,0,0
7284,3,dzy,0,0,0,0,0,0,0,0,0,0,0,0,0,0,0,0
7285,3,yaz,0,0,0,0,0,0,0,0,0,0,0,0,0,0,0,0
7286,3,nda,0,0,0,0,0,0,0,0,0,0,0,0,0,0,0,0
7287,2,yaf,0,0,0,0,0,0,0,0,0,0,0,0,0,0,0,0
7288,2,yah,0,0,0,0,0,0,0,0,0,0,0,0,0,0,0,0
7289,2,iah,1,1,1,1,1,1,1,1,1,1,1,1,1,1,1,1
7290,2,iya,1,1,1,0,1,1,0,1,1,0,1,1,0,1,1,0
7291,3,lah,1,1,1,1,1,1,1,1,1,1,1,1,1,1,1,1
7292,2,jwa,1,1,1,1,1,1,1,1,1,1,1,1,1,1,1,1
7293,3,lah,1,1,1,1,1,1,1,1,1,1,1,1,1,1,1,1
7294,3,ari,0,0,0,0,0,0,0,0,0,0,0,0,0,0,0,0
7295,3,ana,0,0,0,1,0,0,1,0,0,1,0,0,1,0,0,1
7296,2,nik,0,0,0,1,0,0,1,0,0,1,0,0,1,0,0,1
7297,3,ait,0,0,0,0,0,0,0,0,0,0,0,0,0,0,0,0
7298,2,hap,0,0,0,0,0,0,0,0,0,0,0,0,0,0,0,0
7299,2,roh,1,1,1,0,1,1,0,1,1,0,1,1,0,1,1,1
7300,4,ait,0,0,0,1,0,0,1,0,0,1,0,0,1,0,0,1
7301,4,owo,0,0,0,0,0,0,0,0,0,0,0,0,0,0,0,0
7302,2,lau,1,1,0,0,1,0,1,1,0,0,1,0,0,1,0,0
7303,3,sna,0,0,0,0,0,0,0,0,0,0,0,0,0,0,0,0
7304,3,ati,1,1,1,1,1,1,1,1,1,1,1,1,1,1,1,1
7305,3,has,0,0,0,0,0,0,0,0,0,0,0,0,0,0,0,0
7306,3,uda,1,0,0,1,0,0,1,0,0,1,0,0,1,0,0,1
7307,2,idz,0,0,0,0,0,0,0,0,0,0,0,0,1,0,0,0
7308,3,mam,0,0,0,0,0,0,0,0,0,0,0,0,0,0,0,0
7309,3,ida,1,1,1,1,1,1,1,1,1,1,1,1,1,1,1,1
7310,4,gih,0,0,0,0,0,0,0,0,0,0,0,0,0,0,0,0
7311,3,yim,1,1,1,0,1,1,0,1,1,0,1,1,0,1,1,0
7312,2,ila,1,1,1,1,1,1,1,1,1,1,1,1,1,1,1,1
7313,3,ani,1,1,1,1,1,1,1,1,1,1,1,1,1,1,1,1
7314,3,sha,1,1,1,0,1,1,1,1,1,0,1,1,1,1,1,1
7315,2,ana,1,0,0,0,0,0,0,0,0,0,0,0,0,0,0,0
7316,3, d.,1,1,1,1,1,1,1,1,1,1,1,1,1,1,1,1
7317,3,uri,1,1,1,0,1,1,0,1,1,0,1,1,0,1,1,0
7318,2,kur,0,0,0,1,0,0,1,0,0,1,0,0,1,0,0,1
7319,4,dhi,0,0,0,0,0,0,0,0,0,0,0,0,0,0,0,0
7320,2,ila,1,1,1,1,1,1,1,1,1,1,1,1,1,1,1,1
7321,2,yah,1,1,1,1,1,1,1,1,1,1,1,1,1,1,1,1
7322,3,zah,1,1,1,1,1,1,1,1,1,1,1,1,1,1,1,1
7323,3,ial,1,1,1,0,1,1,0,1,1,0,1,1,0,1,1,0
7324,2,ant,0,0,0,0,0,0,1,0,0,1,0,0,1,0,0,1
7325,5,ana,0,0,0,1,0,0,1,0,0,1,0,0,1,0,0,1
7326,5,ana,0,0,0,0,0,0,0,0,0,0,0,0,0,0,0,0
7327,6,ati,1,1,1,1,1,1,1,1,1,1,1,1,1,1,1,1
7328,6,udh,0,0,0,0,0,0,0,0,0,0,0,0,0,0,0,0
7329,4,ian,0,0,0,0,0,0,0,0,0,0,0,0,0,0,0,0
7330,4,ana,0,0,1,1,0,1,1,0,1,1,0,1,1,0,1,1
7331,4,ika,0,0,0,0,0,0,1,0,0,1,0,0,1,0,0,1
7332,4,awa,0,1,1,0,1,1,0,1,1,0,1,1,0,1,1,0
7333,5,ana,0,0,0,0,0,0,0,0,0,0,0,0,0,0,0,0
7334,4,rta,0,0,0,0,0,0,0,0,0,0,0,0,0,0,0,0
7335,4,ana,0,0,0,0,0,0,0,0,0,0,0,0,0,0,0,0
7336,3,ana,0,0,0,0,0,0,0,0,0,0,0,0,0,0,0,0
7337,4,ika,0,0,0,0,0,0,0,0,0,0,0,0,0,0,0,0
7338,4,ata,0,0,0,1,0,0,1,0,0,1,0,0,1,0,0,1
7339,5,tra,0,0,0,0,0,0,0,0,0,0,0,0,0,0,0,0
7340,3,'az,0,0,0,0,0,0,0,0,0,0,0,0,0,0,0,0
7341,3,ada,0,0,0,0,0,0,0,0,0,0,0,0,0,0,0,0
7342,2,hra,1,1,1,1,1,1,1,1,1,1,1,1,1,1,1,1
7343,3,ani,1,1,1,1,1,1,1,1,1,1,1,1,1,1,1,1
7344,3,rah,1,1,1,1,1,1,1,1,1,1,1,1,1,1,1,1
7345,2,hra,1,1,1,1,1,1,1,1,1,1,1,1,1,1,1,1
7346,2,ian,0,0,0,0,0,0,0,0,0,0,0,0,0,0,0,0
7347,2,dly,0,0,0,0,0,0,0,0,0,0,0,0,0,0,0,0
7348,2,han,0,0,0,0,0,0,0,0,0,0,0,0,0,0,0,0
7349,3,tya,0,0,0,0,0,0,0,0,0,0,0,0,0,0,0,0
7350,3,sya,0,0,0,0,0,0,0,0,0,0,0,0,0,0,0,0
7351,2,uzy,0,0,0,0,0,0,0,0,0,0,0,0,0,0,0,0
7352,3,man,0,0,0,0,0,0,0,0,0,0,0,0,0,0,0,0
7353,3,aci,0,0,0,1,0,0,1,0,0,1,0,0,0,0,0,1
7354,3,kri,0,0,0,0,0,0,0,0,0,0,0,0,0,0,0,0
7355,3,ani,0,0,0,1,0,0,1,0,0,0,0,0,0,0,0,0
7356,2,bil,0,0,0,0,0,0,0,0,0,0,0,0,0,0,0,0
7357,3,ana,0,0,0,0,0,0,0,0,0,0,0,0,0,0,0,0
7358,3,ior,0,0,0,0,0,0,0,0,0,0,0,0,0,0,0,0
7359,2,ayo,0,0,0,0,0,0,0,0,0,0,0,0,0,0,0,0
7360,2,him,0,0,0,0,0,0,0,0,0,0,0,0,0,0,0,0
7361,2,ofi,0,0,0,0,0,0,0,0,0,0,0,0,0,0,0,0
7362,2,ter,0,0,0,0,0,0,0,0,0,0,0,0,0,0,0,0
7363,2,ndy,0,0,0,0,0,0,0,0,0,0,0,0,0,0,0,0
7364,3,ama,0,0,0,0,0,0,0,0,0,0,0,0,0,0,0,0
7365,2,aya,0,0,0,0,0,0,0,0,0,0,0,0,0,0,0,0
7366,2,ami,0,0,0,0,0,0,0,0,0,0,0,0,0,0,0,0
7367,4,amo,0,0,0,0,0,0,0,0,0,0,0,0,0,0,0,0
7368,1,ich,0,0,0,0,0,0,0,0,0,0,0,0,0,0,0,0
7369,3,yah,1,1,1,1,1,1,1,1,1,1,1,1,1,1,1,1
7370,2,oro,0,0,0,0,0,0,0,0,0,0,0,0,0,0,0,0
7371,2,ini,1,1,1,1,1,1,1,1,1,1,1,1,1,1,1,1
7372,3,ani,1,1,1,1,1,1,1,1,1,1,1,1,1,1,1,1
7373,2,eha,1,1,0,0,1,0,0,1,0,0,1,0,0,1,0,0
7374,2,yah,0,0,0,0,0,0,0,0,0,0,0,0,0,0,0,0
7375,5,iwy,1,1,1,1,1,1,1,1,1,1,1,1,1,1,1,1
7376,4,tha,0,0,0,0,0,0,0,0,0,0,0,0,0,0,0,0
7377,5,wan,0,0,0,0,0,0,0,0,0,0,0,0,0,0,0,0
7378,5,kti,0,0,0,0,0,0,0,0,0,0,0,0,0,0,0,0
7379,6,ana,0,0,0,0,0,0,0,0,0,0,0,0,0,0,0,1
7380,2,rah,0,0,0,0,0,0,0,0,0,0,0,0,0,0,0,0
7381,3,ani,1,1,1,1,1,1,1,1,1,1,1,1,1,1,1,1
7382,3,rah,0,0,0,0,0,0,0,0,0,0,0,0,0,0,0,0
7383,2,lah,0,0,0,0,0,0,0,0,0,0,0,0,0,0,0,0
7384,2,tai,1,1,1,1,1,1,1,1,1,1,1,1,1,1,1,1
7385,2,isa,1,1,1,1,1,1,1,1,1,1,1,1,1,1,1,1
7386,2,uda,0,0,0,0,0,0,0,0,0,0,0,0,0,0,0,0
7387,3,adi,1,1,1,1,1,1,1,1,1,1,1,1,1,1,1,1
7388,3,mah,1,1,1,1,1,1,1,1,1,1,1,1,1,1,1,1
7389,2,iah,1,1,1,1,1,1,1,1,1,1,1,1,1,1,1,1
7390,2,zqy,0,0,0,0,0,0,0,0,0,0,0,0,0,0,0,0
7391,2,rah,1,1,1,1,1,1,1,1,1,1,1,1,1,1,1,1
7392,3,ila,1,1,1,1,1,1,1,1,1,1,1,1,1,1,1,1
7393,3,tyo,0,0,0,0,0,0,0,0,0,0,0,0,0,0,0,0
7394,2,ziq,0,0,0,0,0,0,0,0,0,0,0,0,0,0,0,0
7395,3,qoh,1,1,1,1,1,1,1,1,1,1,1,1,1,1,1,1
7396,4,rni,1,1,1,1,1,1,1,1,1,1,1,1,1,1,1,1
7397,3,ham,0,0,0,0,0,0,0,0,0,0,0,0,0,0,0,0
7398,3,ama,0,0,0,0,0,0,0,0,0,0,0,0,0,0,0,0
7399,3,ubi,0,0,0,0,0,0,0,0,0,0,0,0,0,0,0,0
7400,3,iim,0,0,0,0,0,0,0,0,0,0,0,0,0,0,0,0
7401,2,yah,0,0,0,0,0,0,0,0,0,0,0,0,0,0,0,0
7402,3,ika,0,0,0,0,0,0,0,0,0,0,0,0,0,0,0,0
7403,2,man,0,0,0,0,0,0,0,0,0,0,0,0,0,0,0,0
7404,2,mir,0,0,0,0,0,0,0,0,0,0,0,0,0,0,0,0
7405,3,wan,0,0,0,0,0,0,0,0,0,0,0,0,0,0,0,0
7406,2,ana,0,0,0,0,0,0,0,0,0,0,0,0,0,0,0,0
7407,4,war,0,0,0,0,0,0,0,0,0,0,0,0,0,0,0,0
7408,2,hyo,0,0,0,0,0,0,0,0,0,0,0,0,0,0,0,0
7409,3,yah,0,0,0,0,0,0,0,0,0,0,0,0,0,0,0,0
7410,3,ani,0,0,0,0,0,0,0,0,0,0,0,0,0,0,0,0
7411,2,ati,1,1,1,1,1,1,1,1,1,1,1,1,1,1,1,1
7412,3,a'u,0,0,0,0,0,0,0,0,0,0,0,0,0,0,0,0
7413,3,tri,1,1,1,1,1,1,1,1,1,1,1,1,1,1,1,1
7414,2,hoh,1,1,1,1,1,1,1,1,1,1,1,1,0,1,1,1
7415,4,ath,0,0,0,0,0,0,0,0,0,0,0,0,0,0,0,0
7416,4,rum,1,1,1,1,1,1,1,1,1,1,1,1,1,1,1,1
7417,3,ana,0,0,0,0,0,0,0,0,0,0,0,0,0,0,0,0
7418,3,iwi,1,1,1,1,1,1,1,1,1,1,1,1,1,1,1,1
7419,3,imi,0,0,0,0,0,0,0,0,0,0,0,0,0,0,0,0
7420,3,ina,1,1,1,1,1,1,1,1,1,1,1,1,1,1,1,1
7421,2,lih,0,0,0,0,0,0,0,0,0,0,0,0,0,0,0,0
7422,3,man,0,1,1,0,1,1,0,1,1,0,1,1,0,1,1,0
7423,5, pa,0,0,0,0,0,0,0,0,0,0,0,0,0,0,0,0
7424,2,thi,0,0,0,0,0,0,0,0,0,0,0,0,0,0,0,0
7425,2,dan,0,0,0,0,0,0,0,0,0,0,0,0,0,0,0,0
7426,2,odo,0,0,0,0,0,0,0,0,0,0,0,0,0,0,0,0
7427,3,uzi,0,0,0,0,0,0,0,0,0,0,0,0,0,0,0,0
7428,3,kim,0,0,0,0,0,0,0,0,0,0,0,0,0,0,0,0
7429,4,bol,0,0,0,0,0,0,0,0,0,0,0,0,0,0,0,0
7430,3,ufi,0,0,0,0,0,0,0,0,0,0,0,0,0,0,0,0
7431,2,ari,0,0,0,0,0,0,0,0,0,0,0,0,0,0,0,0
7432,3,hoh,1,1,1,1,1,1,1,1,1,1,1,1,1,1,1,1
7433,2,ana,1,1,1,1,1,1,1,1,1,1,1,1,1,1,1,1
7434,2,yat,0,0,0,0,0,0,0,0,0,0,0,0,0,0,0,0
7435,3,tra,0,0,0,0,0,0,0,0,0,0,0,0,0,0,0,0
7436,2,nyu,0,0,0,0,0,0,0,0,0,0,0,0,0,0,0,0
7437,2,ian,0,0,0,0,0,0,0,0,0,0,0,0,0,0,0,0
7438,4,ori,0,0,0,0,0,0,0,0,0,0,0,0,0,0,0,0
7439,3,tra,0,0,0,0,0,0,0,0,0,0,0,0,0,0,0,0
7440,3,aha,0,0,0,0,0,0,0,0,0,0,0,0,0,0,0,0
7441,3,oso,0,0,0,0,0,0,0,0,0,0,0,0,0,0,0,0
7442,3,stu,0,0,0,0,0,0,0,0,0,0,0,0,0,0,0,0
7443,2,ezi,0,0,0,0,0,0,0,0,0,0,0,0,0,0,0,0
7444,2,yah,0,0,0,0,0,0,0,0,0,0,0,0,0,0,0,0
7445,3,dan,0,0,0,0,0,0,0,0,0,0,0,0,0,0,0,0
7446,4,ana,0,0,0,0,0,0,0,0,0,0,0,0,0,0,0,0
7447,3,uma,0,0,0,0,0,0,0,0,0,0,0,0,0,0,0,0
7448,2,nto,0,0,0,0,0,0,0,0,0,0,0,0,0,0,0,0
7449,2,iri,0,0,0,0,0,0,0,0,0,0,0,0,0,0,0,0
7450,2,uma,0,0,0,0,0,0,0,0,0,0,0,0,0,0,0,0
7451,3,tra,0,0,0,0,0,0,0,0,0,0,0,0,0,0,0,0
7452,3,kti,0,0,0,0,0,0,0,0,0,0,0,0,0,0,0,0
7453,2,wan,0,0,0,0,0,0,0,0,0,0,0,0,0,0,0,0
7454,3,kas,0,0,0,0,0,0,0,0,0,0,0,0,0,0,0,0
7455,3,ama,0,0,0,0,0,0,0,0,0,0,0,0,0,0,0,0
7456,2,ach,0,0,0,0,0,0,0,0,0,0,0,0,0,0,0,0
7457,3,kti,0,0,0,0,0,0,0,0,0,0,0,0,0,0,0,0
7458,3,ana,0,0,0,0,0,0,0,0,0,0,0,0,0,0,0,0
7459,3,han,0,0,0,0,0,0,0,0,0,0,0,0,0,0,0,0
7460,2,din,0,0,0,0,0,0,0,0,0,0,0,0,0,0,0,0
7461,2,ria,0,0,0,0,0,0,0,0,0,0,0,0,0,0,0,0
7462,3,ndi,1,1,0,1,1,0,1,1,0,1,1,0,1,1,0,1
7463,3,nwi,1,1,1,1,1,1,1,1,1,1,1,1,1,1,1,1
7464,3,ifa,1,1,1,1,1,1,1,1,1,1,1,1,1,1,1,1
7465,3,tra,0,0,0,0,0,0,0,0,0,0,0,0,0,0,0,0
7466,3,hma,1,1,1,1,1,1,1,1,1,1,1,1,1,1,1,1
7467,3,stu,0,0,0,0,0,0,0,0,0,0,0,0,0,0,0,0
7468,3,man,0,0,0,0,0,0,0,0,0,0,0,0,0,0,0,0
7469,3,han,0,0,0,0,0,0,0,0,0,0,0,0,0,0,0,0
7470,3,ila,1,1,1,1,1,1,1,1,1,1,1,1,1,1,1,1
7471,3,ana,0,0,0,0,0,0,0,0,0,0,0,0,0,0,0,0
7472,4,aaz,0,0,0,0,0,0,0,0,0,0,0,0,0,0,0,0
7473,3,hid,0,0,0,0,0,0,0,0,0,0,0,0,0,0,0,0
7474,3,vas,0,0,0,0,0,0,0,0,0,0,0,0,0,0,0,0
7475,3,ufa,1,1,0,0,1,0,0,1,0,0,1,0,0,1,0,0
7476,1,lia,1,1,1,1,1,1,1,1,1,1,1,1,1,1,1,1
7477,3,him,0,0,0,0,0,0,0,0,0,0,0,0,0,0,0,0
7478,3,afi,0,0,0,0,0,0,0,0,0,0,0,0,0,0,0,0
7479,2,din,0,0,0,0,0,0,0,0,0,0,0,0,0,0,0,0
7480,2,yah,0,0,0,0,0,0,0,0,0,0,0,0,0,0,0,0
7481,3,tas,0,0,0,1,0,0,1,0,0,1,0,0,1,0,0,0
7482,4,kim,0,0,0,0,0,0,0,0,0,0,0,0,0,0,0,0
7483,4,ziz,0,0,0,0,0,0,0,0,0,0,0,0,0,0,0,0
7484,3,ani,0,0,0,0,0,0,0,0,0,0,0,0,0,0,0,0
7485,2,oli,0,0,0,0,0,0,0,0,0,0,0,0,0,0,0,0
7486,3,nto,0,0,0,0,0,0,0,0,0,0,0,0,0,0,0,0
7487,2,oro,0,0,0,0,0,0,0,0,0,0,0,0,0,0,0,0
7488,3,rah,0,0,0,0,0,0,0,0,0,0,0,0,0,0,0,0
7489,2,gko,0,0,0,0,0,0,0,0,0,0,0,0,0,0,0,0
7490,3,nto,0,0,0,0,0,0,0,0,0,0,0,0,0,0,0,0
7491,3,lia,1,1,1,1,1,1,1,1,1,1,1,1,1,1,1,1
7492,2,ani,0,0,0,0,0,0,0,0,0,0,0,0,0,0,0,0
7493,2,fia,1,1,1,1,1,1,1,1,1,1,1,1,1,1,1,1
7494,4,tom,0,0,0,0,0,0,0,0,0,0,0,0,0,0,0,0
7495,3,ong,0,0,0,0,0,0,0,0,0,0,0,0,0,0,0,0
7496,3,ati,1,1,1,1,1,1,1,1,1,1,1,1,1,1,1,1
7497,2,roh,1,1,1,0,1,1,0,1,1,0,1,1,0,1,1,0
7498,3,ini,1,1,1,1,1,1,1,1,1,1,1,1,1,1,1,1
7499,2,sca,1,1,1,1,1,1,1,1,1,1,1,1,1,1,1,1
7500,2,ati,1,1,1,1,1,1,1,1,1,1,1,1,1,1,1,1
7501,3,ait,1,1,1,1,1,1,1,1,1,1,1,1,1,1,1,1
7502,3,ong,1,1,1,1,1,1,1,1,1,1,1,1,1,1,1,1
7503,3,ora,1,1,1,0,1,1,1,1,1,0,1,1,1,1,1,1
7504,3,udi,1,1,1,1,1,1,1,1,1,1,1,1,1,1,1,1
7505,3,tom,0,0,0,0,0,0,0,0,0,0,0,0,0,0,0,0
7506,2,rba,0,0,0,0,0,0,0,0,0,0,0,0,0,0,0,0
7507,3,ina,1,1,1,1,1,1,1,1,1,1,1,1,1,1,1,1
7508,2,dia,1,0,1,1,0,1,1,0,1,1,0,1,1,0,1,1
7509,3,ayu,1,1,1,1,1,1,1,1,1,1,1,1,1,1,1,1
7510,3,aya,1,1,1,1,1,1,1,1,1,1,1,1,1,1,1,1
7511,3,lla,1,1,1,1,1,1,1,1,1,1,1,1,1,1,1,1
7512,4,ana,1,1,1,1,1,1,1,1,1,1,1,1,1,1,1,1
7513,2,sha,1,1,1,1,1,1,1,1,1,1,1,1,1,1,1,1
7514,4,leh,1,1,1,1,1,1,1,1,1,1,1,1,1,1,1,1
7515,3,kia,1,1,1,1,1,1,1,1,1,1,1,1,1,1,1,1
7516,3,sti,1,1,1,1,1,1,1,1,1,1,1,1,1,1,1,1
7517,3,ani,1,1,1,1,1,1,1,1,1,1,1,1,1,1,1,1
7518,2,ssa,1,1,1,1,1,1,1,1,1,1,1,1,1,1,1,1
7519,3,mis,1,1,1,1,1,1,1,1,1,1,1,1,1,1,1,1
7520,3,ani,1,1,1,1,1,1,1,1,1,1,1,1,1,1,1,1
7521,3,ani,1,1,1,1,1,1,1,1,1,1,1,1,1,1,1,1
7522,3,una,1,1,1,1,1,1,1,1,1,1,1,1,1,1,1,1
7523,3,ani,1,1,1,1,1,1,1,1,1,1,1,1,1,1,1,1
7524,3,ani,1,1,1,1,1,1,1,1,1,1,1,1,1,1,1,1
7525,3,ion,1,1,1,1,1,1,1,1,1,1,1,1,1,1,1,1
7526,3,ati,1,1,1,1,1,1,1,1,1,1,1,1,1,1,1,1
7527,3,ewi,1,1,1,1,1,1,1,1,1,1,1,1,1,1,1,1
7528,3,ari,1,1,1,1,1,1,1,1,1,1,1,1,1,1,1,1
7529,3,sih,1,1,1,1,1,1,1,1,1,1,1,1,1,1,1,1
7530,3,tri,1,1,1,1,1,1,1,1,1,1,1,1,1,1,1,1
7531,3,iny,1,1,1,1,1,1,1,1,1,1,1,1,1,1,1,1
7532,2,ini,1,1,1,1,1,1,1,1,1,1,1,1,1,1,1,1
7533,3,ani,1,1,1,1,1,1,1,1,1,1,1,1,1,1,1,1
7534,2,ita,1,1,1,1,1,1,1,1,1,1,1,1,1,1,1,1
7535,3,oro,1,1,1,1,1,1,1,1,1,1,1,1,1,1,1,1
7536,3,iwi,1,1,1,1,1,1,1,1,1,1,1,1,1,1,1,1
7537,4,air,1,1,1,1,1,1,1,1,1,1,1,1,1,1,1,1
7538,3,ary,1,1,1,1,1,1,1,1,1,1,1,1,1,1,1,1
7539,3,ani,1,1,1,1,1,1,1,1,1,1,1,1,1,1,1,1
7540,3,rah,1,1,1,1,1,1,1,1,1,1,1,1,1,1,1,1
7541,2,dwa,1,0,0,0,0,0,0,0,0,0,0,0,0,0,0,0
7542,2,nti,1,1,1,1,1,1,1,1,1,1,1,1,1,1,1,1
7543,3,ani,1,1,1,1,1,1,1,1,1,1,1,1,1,1,1,1
7544,3,try,1,1,1,1,1,1,1,1,1,1,1,1,1,1,1,1
7545,3,hra,1,1,1,1,1,1,1,1,1,1,1,1,1,1,1,1
7546,3,ina,1,1,1,1,1,1,1,1,1,1,1,1,1,1,1,1
7547,3,num,1,1,1,1,1,1,1,1,1,1,1,1,1,1,1,1
7548,2,ita,1,1,1,1,1,1,1,1,1,1,1,1,1,1,1,1
7549,3,kti,0,0,0,0,0,0,0,0,0,0,0,0,0,0,0,0
7550,4,alu,0,0,0,0,0,0,0,0,0,0,0,0,0,0,0,0
7551,3,ana,0,0,0,0,0,0,0,0,0,0,0,0,0,0,0,0
7552,3,han,0,0,0,0,0,0,0,0,0,0,0,0,0,0,0,0
7553,4,rba,0,0,0,0,0,0,0,0,0,0,0,0,0,0,0,0
7554,3,ita,1,0,0,1,0,0,1,0,0,1,0,0,1,0,0,1
7555,2,iwi,1,1,1,1,1,1,1,1,1,1,1,1,1,1,1,1
7556,4,ani,1,1,1,1,1,1,1,1,1,1,1,1,1,1,1,1
7557,3,ibu,1,1,1,1,1,1,1,1,1,1,1,1,1,1,1,1
7558,3,nny,1,1,1,1,1,1,1,1,1,1,1,1,1,1,1,1
7559,2,nny,1,1,1,0,1,1,0,1,1,1,1,1,1,1,1,0
7560,2,aga,1,1,1,1,1,1,1,1,1,1,1,1,1,1,1,1
7561,2,ayu,1,1,1,1,1,1,1,1,1,1,1,1,1,1,1,1
7562,3,ila,1,1,1,1,1,1,1,1,1,1,1,1,1,1,1,1
7563,3,mah,1,1,1,1,1,1,1,1,1,1,1,1,1,1,1,1
7564,2,cia,1,1,1,1,1,1,1,1,1,1,1,1,1,1,1,1
7565,2,isa,1,1,1,1,1,1,1,1,1,1,1,1,1,1,1,1
7566,2,nti,1,1,1,1,1,1,1,1,1,1,1,1,1,1,1,1
7567,3,via,1,1,1,1,1,1,1,1,1,1,1,1,1,1,1,1
7568,2,ana,1,1,1,1,1,1,1,1,1,1,1,1,1,1,1,1
7569,3,ari,1,1,1,1,1,1,1,1,1,1,1,1,1,1,1,1
7570,3,uti,1,1,1,1,1,1,1,1,1,1,1,1,1,1,1,1
7571,3,nti,1,1,1,1,1,1,1,1,1,1,1,1,1,1,1,1
7572,2,iza,1,1,1,1,1,1,1,1,1,1,1,1,1,1,1,1
7573,3,ila,1,1,1,1,1,1,1,1,1,1,1,1,1,1,1,1
7574,3,tri,1,1,1,1,1,1,1,1,1,1,1,1,1,1,1,1
7575,3,pto,1,1,1,1,1,1,1,1,1,1,1,1,1,1,1,1
7576,3,ewi,1,1,1,1,1,1,1,1,1,1,1,1,1,1,1,1
7577,4,tri,1,1,1,1,1,1,1,1,1,1,1,1,1,1,1,1
7578,3,una,1,1,1,1,1,1,1,1,1,1,1,1,1,1,1,1
7579,3,ita,0,1,1,1,1,1,1,1,1,0,1,1,1,1,1,1
7580,2,adi,0,0,0,0,0,0,1,0,0,1,0,0,0,0,0,1
7581,3,rah,1,1,1,1,1,1,1,1,1,1,1,1,1,1,1,1
7582,4,die,1,1,1,1,1,1,1,1,1,1,1,1,1,1,1,1
7583,4,tri,1,1,1,1,1,1,1,1,1,1,1,1,1,1,1,1
7584,2,ani,1,1,1,1,1,1,1,1,1,1,1,1,1,1,1,1
7585,2,lia,1,1,1,1,1,1,1,1,1,1,1,1,1,1,1,1
7586,3,hni,1,1,1,1,1,1,1,1,1,1,1,1,1,1,1,1
7587,3,eni,1,1,1,1,1,1,1,1,1,1,1,1,1,1,1,1
7588,4,tri,1,1,1,1,1,1,1,1,1,1,1,1,1,1,1,1
7589,3,ati,1,1,1,1,1,1,1,1,1,1,1,1,1,1,1,1
7590,3,ila,1,1,1,1,1,1,1,1,1,1,1,1,1,1,1,1
7591,2,sih,1,1,1,1,1,1,1,1,1,1,1,1,1,1,1,1
7592,3,ati,1,1,1,1,1,1,1,1,1,1,1,1,1,1,1,1
7593,2,ela,1,1,1,1,1,1,1,1,1,1,1,1,1,1,1,1
7594,3,sha,1,1,1,1,1,1,1,1,1,1,1,1,1,1,1,1
7595,2,nti,1,1,1,1,1,1,1,1,1,1,1,1,1,1,1,1
7596,2,ani,1,1,1,1,1,1,1,1,1,1,1,1,1,1,1,1
7597,2,ari,1,1,1,1,1,1,1,1,1,1,1,1,1,1,1,1
7598,2,ani,1,1,1,1,1,1,1,1,1,1,1,1,1,1,1,1
7599,2,isa,1,1,1,1,1,1,1,1,1,1,1,1,1,1,1,1
7600,2,hma,1,1,1,1,1,1,1,1,1,1,1,1,1,1,1,1
7601,3,hra,1,1,1,1,1,1,1,1,1,1,1,1,1,1,1,1
7602,4,tri,1,1,1,1,1,1,1,1,1,1,1,1,1,1,1,1
7603,3,zah,1,1,1,1,1,1,1,1,1,1,1,1,1,1,1,1
7604,2,lah,1,1,1,1,1,1,1,1,1,1,1,1,1,1,1,1
7605,2,lah,1,1,1,1,1,1,1,1,1,1,1,1,1,1,1,1
7606,2,ada,1,1,1,1,1,1,1,1,1,1,1,1,1,1,1,1
7607,4,ati,1,1,1,1,1,1,1,1,1,1,1,1,1,1,1,1
7608,2,ita,1,1,1,1,1,1,1,1,1,1,1,1,1,1,1,1
7609,3,aro,1,1,1,1,1,1,1,1,1,1,1,1,1,1,1,1
7610,3,ami,1,1,1,1,1,1,1,1,1,1,1,1,1,1,1,1
7611,3,aid,1,1,1,1,1,1,1,1,1,1,1,1,1,1,1,0
7612,2,ani,1,1,1,1,1,1,1,1,1,1,1,1,1,1,1,1
7613,3,ari,1,1,1,1,1,1,1,1,1,1,1,1,1,1,1,1
7614,2,gar,1,1,1,1,1,1,1,1,1,1,1,1,1,1,1,0
7615,3,ari,1,1,1,1,1,1,1,1,1,1,1,1,1,1,1,1
7616,2,kia,1,1,1,1,1,1,1,1,1,1,1,1,1,1,1,1
7617,2,tri,1,1,1,1,1,1,1,1,1,1,1,1,1,1,1,1
7618,3,nur,1,1,1,1,1,1,1,1,1,1,1,1,1,1,1,1
7619,2,rto,1,0,0,0,0,0,0,0,0,0,0,0,0,0,0,0
7620,4,dra,0,0,0,0,0,0,0,0,0,0,0,0,0,0,0,0
7621,3,ani,0,0,0,0,0,0,0,0,0,0,0,0,0,0,0,0
7622,3,zky,0,0,0,0,0,0,0,0,0,0,0,0,0,0,0,0
7623,3,sah,0,0,0,0,0,0,0,0,0,0,0,0,0,0,0,0
7624,3,nto,0,0,0,0,0,0,0,0,0,0,0,0,0,0,0,0
7625,3,bar,0,0,0,0,0,0,0,0,0,0,0,0,0,0,0,0
7626,2,din,0,0,0,0,0,0,0,0,0,0,0,0,0,0,0,0
7627,3,idi,0,0,0,0,0,0,0,0,0,0,0,0,0,0,0,0
7628,2,ino,0,0,0,0,0,0,0,0,0,0,0,0,0,0,0,0
7629,3,mad,0,0,0,0,0,0,0,0,0,0,0,0,0,0,0,0
7630,3,han,0,0,0,0,0,0,0,0,0,0,0,0,0,0,0,0
7631,3,owo,0,0,0,0,0,0,0,0,0,0,0,0,0,0,0,0
7632,3,ana,0,0,0,0,0,0,0,0,0,0,0,0,0,0,0,0
7633,3,ura,1,1,1,1,1,1,1,1,1,1,1,1,1,1,1,1
7634,3,sum,1,1,1,1,1,1,1,1,1,1,1,1,1,1,1,1
7635,3,ana,0,0,0,0,0,0,0,0,0,0,0,0,0,0,0,0
7636,3,ari,1,1,1,1,1,1,1,1,1,1,1,1,1,1,1,1
7637,2,ira,1,1,1,0,1,1,0,1,1,0,1,1,0,1,1,0
7638,3,ary,0,0,0,0,0,0,0,0,0,0,0,0,0,0,0,0
7639,3,hra,1,1,1,1,1,1,1,1,1,1,1,1,1,1,1,1
7640,3,ara,1,1,1,1,1,1,1,1,1,1,1,1,1,1,1,1
7641,3,ian,1,1,1,1,1,1,1,1,1,1,1,1,1,1,1,1
7642,2,efy,1,1,1,0,1,1,0,1,1,0,1,1,0,1,1,0
7643,3,ola,1,1,1,1,1,1,1,1,1,1,1,1,1,1,1,1
7644,3,tri,1,1,1,1,1,1,1,1,1,1,1,1,1,1,1,1
7645,5,rus,1,1,1,1,1,1,1,1,1,1,1,1,1,1,1,1
7646,2,ani,1,1,1,1,1,1,1,1,1,1,1,1,1,1,1,1
7647,3,nov,1,1,1,0,1,1,0,1,1,0,1,1,0,1,1,0
7648,4,ura,0,0,0,0,0,0,0,0,0,0,0,0,0,0,0,0
7649,4,ran,1,1,1,1,1,1,1,1,1,1,1,1,1,1,1,1
7650,3,ewi,1,1,1,1,1,1,1,1,1,1,1,1,1,1,1,1
7651,3,oho,0,0,0,0,0,0,0,0,0,0,0,0,0,0,0,0
7652,3,din,0,0,0,0,0,0,0,0,0,0,0,0,0,0,0,0
7653,2,rif,0,0,0,0,0,0,0,0,0,0,0,0,0,0,0,0
7654,2,fiz,0,0,0,0,0,0,0,0,0,0,0,0,0,0,0,0
7655,3,kti,0,0,0,0,0,0,0,0,0,0,0,0,0,0,0,0
7656,3,wan,0,0,0,0,0,0,0,0,0,0,0,0,0,0,0,0
7657,5,zal,0,0,0,0,0,0,0,0,0,0,0,0,0,0,0,0
7658,3,osa,0,0,0,0,0,0,0,0,0,0,0,0,0,0,0,0
7659,3,mad,0,0,0,0,0,0,0,0,0,0,0,0,0,0,0,0
7660,3,him,0,0,0,0,0,0,0,0,0,0,0,0,0,0,0,0
7661,2,vai,0,0,0,0,0,0,0,0,0,0,0,0,0,0,0,0
7662,3,tra,0,0,0,0,0,0,0,0,0,0,0,0,0,0,0,0
7663,2,zky,0,0,0,0,0,0,0,0,0,0,0,0,0,0,0,0
7664,3,man,0,0,0,0,0,0,0,0,0,0,0,0,0,0,0,0
7665,3,han,0,0,0,0,0,0,0,0,0,0,0,0,0,0,0,0
7666,2,zan,0,0,0,0,0,0,0,0,0,0,0,0,0,0,0,0
7667,3,owo,0,0,0,0,0,0,0,0,0,0,0,0,0,0,0,0
7668,3,tyo,0,0,0,0,0,0,0,0,0,0,0,0,0,0,0,0
7669,2,wan,0,0,0,0,0,0,0,0,0,0,0,0,0,0,0,0
7670,3,haq,0,0,0,0,0,0,0,0,0,0,0,0,0,0,0,0
7671,4,ila,1,1,1,1,1,1,1,1,1,1,1,1,1,1,1,1
7672,3,ndi,1,1,1,1,1,1,1,1,1,1,1,1,1,1,1,1
7673,2,ari,1,1,1,1,1,1,1,1,1,1,1,1,1,1,1,1
7674,4,isa,1,1,1,1,1,1,1,1,1,1,1,1,1,1,1,1
7675,2,nti,1,1,1,1,1,1,1,1,1,1,1,1,1,1,1,1
7676,3,lah,0,0,0,0,0,0,0,0,0,0,0,0,0,0,0,0
7677,2,vic,0,0,0,0,0,0,0,0,0,0,0,0,0,0,0,0
7678,3,ani,0,0,0,0,0,0,0,0,0,0,0,0,0,0,0,0
7679,3,ham,0,0,0,0,0,0,0,0,0,0,0,0,0,0,0,0
7680,3,san,0,0,0,0,0,0,0,0,0,0,0,0,0,0,0,0
7681,3,wan,0,0,0,0,0,0,0,0,0,0,0,0,0,0,0,0
7682,3,yah,0,0,0,0,0,0,0,0,0,0,0,0,0,0,0,0
7683,3,oga,0,0,0,0,0,0,0,0,0,0,0,0,0,0,0,0
7684,2,man,0,0,0,0,0,0,0,0,0,0,0,0,0,0,0,0
7685,3,alu,0,0,0,0,0,0,0,0,0,0,0,0,0,0,0,0
7686,2,ian,0,0,0,0,0,0,0,0,0,0,0,0,0,0,0,0
7687,3,dra,0,0,0,0,0,0,0,0,0,0,0,0,0,0,0,0
7688,3,hah,1,1,1,1,1,1,1,1,1,1,1,1,1,1,1,1
7689,3,tri,1,1,1,1,1,1,1,1,1,1,1,1,1,1,1,1
7690,3,iwi,1,1,1,1,1,1,1,1,1,1,1,1,1,1,1,1
7691,4,anu,1,1,1,1,1,1,1,1,1,1,1,1,1,1,1,1
7692,3,fat,0,0,0,0,0,0,0,0,0,0,0,0,0,0,0,0
7693,3,ani,1,1,1,1,1,1,1,1,1,1,1,1,1,1,1,1
7694,3,aya,0,0,0,1,0,0,1,0,0,1,0,0,1,0,0,1
7695,2,iwi,1,1,1,1,1,1,1,1,1,1,1,1,1,1,1,1
7696,2,ira,1,1,1,0,1,1,0,1,1,0,1,1,0,1,1,1
7697,2,man,0,0,0,0,0,0,0,0,0,0,0,0,0,0,0,0
7698,3,ori,0,0,0,0,0,0,0,0,0,0,0,0,0,0,0,0
7699,3,uan,0,0,0,0,0,0,0,0,0,0,0,0,0,0,0,0
7700,3,ani,1,1,1,1,1,1,1,1,1,1,1,1,1,1,1,1
7701,2,tri,1,1,1,1,1,1,1,1,1,1,1,1,1,1,1,1
7702,2,ila,1,1,1,1,1,1,1,1,1,1,1,1,1,1,1,1
7703,2,ina,1,1,1,1,1,1,1,1,1,1,1,1,1,1,1,1
7704,3,ini,1,1,1,1,1,1,1,1,1,1,1,1,1,1,1,1
7705,3,ani,1,1,1,1,1,1,1,1,1,1,1,1,1,1,1,1
7706,2,lia,1,1,1,1,1,1,1,1,1,1,1,1,1,1,1,1
7707,3,ila,1,1,1,1,1,1,1,1,1,1,1,1,1,1,1,1
7708,2,zah,1,1,1,1,1,1,1,1,1,1,1,1,1,1,1,1
7709,3,nah,1,1,1,1,1,1,1,1,1,1,1,1,1,1,1,1
7710,3,uda,1,1,1,1,1,1,1,1,1,1,1,1,1,1,1,1
7711,3,hra,1,1,1,1,1,1,1,1,1,1,1,1,1,1,1,1
7712,3,sih,1,1,1,1,1,1,1,1,1,1,1,1,1,1,1,1
7713,2,kah,1,1,1,1,1,1,1,1,1,1,1,1,1,1,1,1
7714,2,tri,1,1,1,1,1,1,1,1,1,1,1,1,1,1,1,1
7715,3,sih,1,1,1,1,1,1,1,1,1,1,1,1,1,1,1,1
7716,3,tya,0,0,0,0,0,0,0,0,0,0,0,0,0,0,0,0
7717,2,din,0,0,0,0,0,0,0,0,0,0,0,0,0,0,0,0
7718,2,tya,0,0,0,0,0,0,0,0,0,0,0,0,0,0,0,0
7719,3,ngo,0,0,0,0,0,0,0,0,0,0,0,0,0,0,0,0
7720,3,rel,1,1,1,0,1,1,0,1,1,0,1,1,0,1,1,0
7721,3,ati,1,1,1,1,1,1,1,1,1,1,1,1,1,1,1,1
7722,3,ari,1,1,1,1,1,1,1,1,1,1,1,1,1,1,1,1
7723,2,yah,0,0,0,0,0,0,0,0,0,0,0,0,0,0,0,0
7724,3,mto,1,1,0,1,1,0,1,1,0,1,1,0,1,1,0,1
7725,3,ien,1,1,1,0,1,1,0,1,1,0,1,1,0,1,1,0
7726,3,nda,1,1,1,1,1,1,1,1,1,1,1,1,1,1,1,1
7727,3,nti,1,1,1,1,1,1,1,1,1,1,1,1,1,1,1,1
7728,3,nto,0,0,0,0,0,0,0,0,0,0,0,0,0,0,0,0
7729,3,san,0,0,0,0,0,0,0,0,0,0,0,0,0,0,0,0
7730,2,ian,0,0,0,0,0,0,0,0,0,0,0,0,0,0,0,0
7731,2,man,0,0,0,0,0,0,0,0,0,0,0,0,0,0,0,0
7732,4,sta,0,0,0,0,0,0,0,0,0,0,0,0,0,0,0,0
7733,4,tna,0,0,0,0,0,0,0,0,0,0,0,0,0,0,0,0
7734,3,ara,0,0,0,0,0,0,0,0,0,0,0,0,0,0,0,0
7735,3,oho,0,0,0,0,0,0,0,0,0,0,0,0,0,0,0,0
7736,3,bar,0,0,0,0,0,0,0,0,0,0,0,0,0,0,0,0
7737,3,dra,0,0,0,0,0,0,0,0,0,0,0,0,0,0,0,0
7738,2,isa,1,1,1,1,1,1,1,1,1,1,1,1,1,1,1,1
7739,2,vic,1,1,0,1,1,0,1,1,0,0,1,0,0,1,0,0
7740,3,ans,0,0,0,0,0,0,0,0,0,0,0,0,0,0,0,0
7741,3,ona,1,1,1,1,1,1,1,1,1,1,1,1,1,1,1,1
7742,2,ina,1,1,1,1,1,1,1,1,1,1,1,1,1,1,1,1
7743,1,yah,1,0,0,0,0,0,0,0,0,0,0,0,0,0,0,0
7744,3,ami,0,0,0,0,0,0,0,0,0,0,0,0,0,0,0,0
7745,3,ndi,0,0,0,0,0,0,0,0,0,0,0,0,0,0,0,0
7746,2,ila,1,1,1,1,1,1,1,1,1,1,1,1,1,1,1,1
7747,3,qah,1,1,1,1,1,1,1,1,1,1,1,1,1,1,1,1
7748,3,ina,1,1,1,1,1,1,1,1,1,1,1,1,1,1,1,1
7749,4,hra,1,1,1,1,1,1,1,1,1,1,1,1,1,1,1,1
7750,2,ash,0,1,1,0,1,1,0,1,1,0,1,1,0,1,1,1
7751,3,har,1,1,1,1,1,1,1,1,1,1,1,1,1,1,1,1
7752,2,hri,1,1,1,0,1,1,0,1,1,0,1,1,0,1,1,0
7753,2,hri,0,0,0,0,0,0,0,0,0,0,0,0,0,0,0,0
7754,3,ing,0,0,0,0,0,0,0,0,0,0,0,0,0,0,0,0
7755,4,ela,1,1,1,0,1,1,0,1,1,1,1,1,0,1,1,1
7756,3,aud,0,0,0,0,0,0,0,0,0,0,0,0,0,0,0,0
7757,3,dra,0,0,0,0,0,0,0,0,0,0,0,0,0,0,0,0
7758,2,dik,0,0,0,0,0,0,0,0,0,0,0,0,0,0,0,0
7759,2,ina,1,0,1,1,0,1,1,0,1,1,0,1,1,0,1,1
7760,2,yah,1,1,1,1,1,1,1,1,1,1,1,1,1,1,1,1
7761,3,wak,1,1,1,0,1,1,0,1,1,0,1,1,0,1,1,0
7762,2,una,0,0,0,0,0,0,0,0,0,0,0,0,0,0,0,0
7763,3,ang,0,0,0,0,0,0,0,0,0,0,0,0,0,0,0,0
7764,2,ena,0,0,0,1,0,0,1,0,0,1,0,0,0,0,0,1
7765,3,ara,0,0,0,0,0,0,0,0,0,0,0,0,0,0,0,0
7766,3,rat,0,0,0,0,0,0,0,0,0,0,0,0,0,0,0,0
7767,3,ang,0,0,0,1,0,0,1,0,0,1,0,0,1,0,0,1
7768,3,ado,0,0,0,0,0,0,0,0,0,0,0,0,0,0,0,0
7769,4,dek,0,0,0,0,0,0,0,0,0,0,0,0,0,0,0,0
7770,4,ien,0,0,0,0,0,0,0,0,0,0,0,0,0,0,0,0
7771,3,nri,1,1,1,1,1,1,1,1,1,0,1,1,1,1,1,1
7772,2,ssa,1,1,1,1,1,1,1,1,1,1,1,1,1,1,1,1
7773,3,wan,1,0,0,0,0,0,0,0,0,0,0,0,0,0,0,0
7774,3,aja,1,1,1,1,1,1,1,1,1,1,1,1,1,1,1,1
7775,3,ola,1,1,1,0,1,1,1,1,1,1,1,1,1,1,1,1
7776,2,'wa,1,1,1,1,1,1,1,1,1,0,1,1,0,1,1,1
7777,3,awi,1,1,1,0,1,1,0,1,1,0,1,1,1,1,1,1
7778,2,tra,0,0,0,0,0,0,0,0,0,0,0,0,0,0,0,0
7779,2,ani,0,0,0,1,0,0,1,0,0,0,0,0,0,0,0,1
7780,2,hra,1,1,1,1,1,1,1,1,1,1,1,1,1,1,1,1
7781,3,ian,1,1,1,0,1,1,0,1,1,0,1,1,0,1,1,0
7782,3,ari,1,1,1,1,1,1,1,1,1,1,1,1,1,1,1,1
7783,2,fsa,1,1,1,0,1,1,0,1,1,0,1,1,0,1,1,0
7784,3,tri,1,1,1,1,1,1,1,1,1,1,1,1,1,1,1,1
7785,4,hra,1,1,1,1,1,1,1,1,1,1,1,1,1,1,1,1
7786,4,lez,1,1,1,1,1,1,1,1,1,1,1,1,1,1,1,1
7787,3,tri,1,1,1,1,1,1,1,1,1,1,1,1,1,1,1,1
7788,4,udi,1,1,1,1,1,1,1,1,1,1,1,1,1,1,1,1
7789,3,nti,1,1,1,1,1,1,1,1,1,1,1,1,1,1,1,1
7790,3,lla,1,1,1,1,1,1,1,1,1,1,1,1,1,1,1,1
7791,3,ira,1,1,1,1,1,1,1,1,1,1,1,1,1,1,1,1
7792,2,iah,1,1,1,1,1,1,1,1,1,1,1,1,1,1,1,1
7793,3,sia,1,1,1,1,1,1,1,1,1,1,1,1,1,1,1,1
7794,4, ja,1,1,1,1,1,1,1,1,1,1,1,1,1,1,1,1
7795,3,hra,1,1,1,1,1,1,1,1,1,1,1,1,1,1,1,1
7796,3,ani,1,1,1,1,1,1,1,1,1,1,1,1,1,1,1,1
7797,3,zak,1,1,1,1,1,1,1,1,1,1,1,1,1,1,1,1
7798,3,ani,1,1,1,1,1,1,1,1,1,1,1,1,1,1,1,1
7799,3,wan,1,1,1,0,1,1,0,1,1,0,1,1,0,1,1,0
7800,3,nur,1,1,1,1,1,1,1,1,1,1,1,1,1,1,1,1
7801,3,sia,1,1,1,1,1,1,1,1,1,1,1,1,1,1,1,1
7802,3,nna,1,1,1,1,1,1,1,1,1,1,1,1,1,1,1,1
7803,4,ran,0,0,0,0,0,0,0,0,0,0,0,0,0,0,0,0
7804,3,ssa,0,0,0,0,0,0,0,0,0,0,0,0,0,0,0,0
7805,2,eng,0,0,0,0,0,0,0,0,0,0,0,0,0,0,0,0
7806,2,tan,0,0,0,0,0,0,0,0,0,0,0,0,0,0,0,0
7807,3,ari,0,0,0,1,0,0,1,0,0,1,0,0,1,0,0,1
7808,3,ara,0,1,1,0,1,1,0,1,1,0,1,1,0,1,1,0
7809,3,rsy,1,1,1,1,1,1,1,1,1,1,1,1,1,1,1,1
7810,2,aus,0,0,0,0,0,0,0,0,0,0,0,0,0,0,0,0
7811,3,kti,1,1,1,1,1,1,1,1,1,1,1,1,1,1,1,1
7812,3,mah,1,1,1,1,1,1,1,1,1,1,1,1,1,1,1,1
7813,3,ldi,1,0,0,0,0,0,0,0,0,0,0,0,0,0,0,0
7814,3,ani,1,1,1,1,1,1,1,1,1,1,1,1,1,1,1,1
7815,3,bih,1,1,1,0,1,1,0,1,1,0,1,1,1,1,1,1
7816,3,fir,1,0,1,1,0,1,1,0,1,1,0,1,1,0,1,1
7817,3,smi,1,1,0,0,1,0,0,1,0,0,1,0,0,1,0,0
7818,3,rof,0,0,0,0,0,0,0,0,0,0,0,0,0,0,0,0
7819,3,sya,0,0,0,0,0,0,0,0,0,0,0,0,0,0,0,0
7820,3,bis,0,0,0,0,0,0,0,0,0,0,0,0,0,0,0,0
7821,3,lah,0,0,0,0,0,0,0,0,0,0,0,0,0,0,0,0
7822,2,ada,1,1,1,1,1,1,1,1,1,0,1,1,1,1,1,1
7823,3,suf,0,0,0,0,0,0,0,0,0,0,0,0,0,0,0,0
7824,4,min,1,1,1,1,1,1,1,1,1,1,1,1,1,1,1,1
7825,2,ria,0,0,0,0,0,0,0,0,0,0,0,0,0,0,0,0
7826,3,aen,1,0,1,1,0,1,1,0,1,1,0,1,1,0,1,1
7827,3,awa,1,1,1,1,1,1,1,1,1,1,1,1,1,1,1,1
7828,3,ner,1,0,0,0,0,0,0,0,0,0,0,0,0,0,0,0
7829,3,ina,1,1,1,1,1,1,1,1,1,1,1,1,1,1,1,1
7830,3,ggi,1,1,1,1,1,1,1,1,1,1,1,1,1,1,1,1
7831,3,ssy,0,0,0,0,0,0,0,0,0,0,0,0,0,0,0,0
7832,2,sah,0,0,0,0,0,0,0,0,0,0,0,0,0,0,0,0
7833,2,zqi,0,0,0,0,0,0,0,0,0,0,0,0,0,0,0,0
7834,2,ena,0,1,1,0,1,1,0,1,1,0,1,1,0,1,1,0
7835,3,lah,1,1,1,1,1,1,1,1,1,1,1,1,1,1,1,1
7836,2,tya,0,0,0,0,0,0,0,0,0,0,0,0,0,0,0,0
7837,2,her,1,0,0,0,0,0,0,0,0,0,0,0,0,0,0,0
7838,3,djo,0,0,0,0,0,0,0,0,0,0,0,0,0,0,0,0
7839,5, ru,1,1,1,1,1,1,1,1,1,1,1,1,1,1,1,1
7840,2,ati,1,1,1,1,1,1,1,1,1,1,1,1,1,1,1,1
7841,3,ina,1,1,1,1,1,1,1,1,1,1,1,1,1,1,1,1
7842,2,lia,1,1,1,1,1,1,1,1,1,1,1,1,1,1,1,1
7843,3,ami,1,1,1,1,1,1,1,1,1,1,1,1,1,1,1,1
7844,2,ian,0,0,0,0,0,0,0,0,0,0,0,0,0,0,0,0
7845,3,aka,0,0,0,0,0,0,0,0,0,0,0,0,0,0,0,0
7846,3,ari,1,1,1,1,1,1,1,1,1,1,1,1,1,1,1,1
7847,3,tan,1,1,1,0,1,1,1,1,1,1,1,1,1,1,1,0
7848,3,ulu,1,1,1,1,1,1,1,1,1,1,1,1,1,1,1,1
7849,2,ita,1,1,1,1,1,1,1,1,1,1,1,1,1,1,1,1
7850,2,lim,1,1,0,0,1,0,0,1,0,0,1,0,0,1,0,0
7851,3,ani,1,1,1,1,1,1,1,1,1,1,1,1,1,1,1,1
7852,3,ska,1,1,1,1,1,1,1,1,1,1,1,1,1,1,1,1
7853,3,nur,1,1,1,1,1,1,1,1,1,1,1,1,1,1,1,1
7854,2,lah,1,1,1,1,1,1,1,1,1,1,1,1,1,1,1,1
7855,3,nti,1,1,1,1,1,1,1,1,1,1,1,1,1,1,1,1
7856,2,sih,1,1,1,1,1,1,1,1,1,1,1,1,1,1,1,1
7857,3,ele,1,1,1,0,1,1,0,1,1,0,1,1,0,1,1,0
7858,4,mpi,0,1,1,0,1,1,0,1,1,0,1,1,0,1,1,0
7859,4,iha,0,0,0,0,0,0,0,0,0,0,0,0,0,0,0,0
7860,4,ina,0,0,0,1,0,0,1,0,0,1,0,0,1,0,0,1
7861,4,ibu,0,0,0,0,0,0,0,0,0,0,0,0,0,0,0,0
7862,3,kas,0,0,0,0,0,0,0,0,0,0,0,0,0,0,0,0
7863,2,apa,0,0,0,0,0,0,0,0,0,0,0,0,0,0,0,0
7864,3,ria,1,0,0,0,0,0,0,0,0,0,0,0,0,0,0,0
7865,3,ruz,0,0,0,0,0,0,0,0,0,0,0,0,0,0,0,0
7866,3,ang,1,0,0,0,0,0,0,0,0,0,0,0,0,0,0,0
7867,4,o s,0,0,0,0,0,0,0,0,0,0,0,0,0,0,0,0
7868,3,ndi,1,1,1,1,1,1,0,1,1,0,1,1,1,1,1,1
7869,3,ani,1,1,1,1,1,1,1,1,1,1,1,1,1,1,1,1
7870,3,ina,1,1,1,1,1,1,1,1,1,1,1,1,1,1,1,1
7871,4,ang,1,1,1,1,1,1,1,1,1,1,1,1,1,1,1,1
7872,2,eni,1,1,1,1,1,1,1,1,1,1,1,1,1,1,1,1
7873,2,ani,1,1,1,1,1,1,1,1,1,1,1,1,1,1,1,1
7874,3,ram,0,0,0,0,0,0,0,0,0,0,0,0,0,0,0,0
7875,3,ara,1,1,1,1,1,1,1,1,1,1,1,1,1,1,1,1
7876,3,lya,1,1,1,1,1,1,1,1,1,1,1,1,1,1,1,1
7877,3,iel,0,0,0,0,0,0,0,0,0,0,0,0,0,0,0,0
7878,3,ani,1,1,1,1,1,1,1,1,1,1,1,1,1,1,1,1
7879,3,ila,1,1,1,1,1,1,1,1,1,1,1,1,1,1,1,1
7880,3,oen,1,1,1,1,1,1,1,1,1,1,1,1,1,1,1,1
7881,3,ina,1,1,1,1,1,1,1,1,1,1,1,1,1,1,1,1
7882,3,ess,1,1,1,1,1,1,1,1,1,1,1,1,1,1,1,1
7883,3,aen,1,1,1,0,1,1,0,1,1,0,1,1,0,1,1,0
7884,3,ani,1,1,1,1,1,1,1,1,1,1,1,1,1,1,1,1
7885,3,nda,1,1,1,1,1,1,1,1,1,1,1,1,1,1,1,1
7886,4,the,1,1,1,0,1,1,1,1,1,1,1,1,1,1,1,1
7887,3,uri,1,1,1,1,1,1,1,1,1,1,1,1,1,1,1,1
7888,4,ady,1,1,1,1,1,1,1,1,1,1,1,1,1,1,1,1
7889,3,aga,1,1,1,1,1,1,1,1,1,1,1,1,1,1,1,1
7890,3,ura,1,1,1,1,1,1,1,1,1,1,1,1,1,1,1,1
7891,2,lie,1,1,1,1,1,1,1,1,1,1,1,1,1,1,1,1
7892,2,iwi,1,1,1,1,1,1,1,1,1,1,1,1,1,1,1,1
7893,2,nta,1,1,1,1,1,1,1,1,1,1,1,1,1,1,1,1
7894,4,gka,1,1,1,1,1,1,1,1,1,1,1,1,1,1,1,1
7895,2,ary,1,1,1,1,1,1,1,1,1,0,1,1,0,1,1,1
7896,4,ung,1,1,1,1,1,1,1,1,1,1,1,1,1,1,1,1
7897,3,tri,1,1,1,1,1,1,1,1,1,1,1,1,1,1,1,1
7898,3,har,0,0,0,0,0,0,0,0,0,0,0,0,0,0,0,0
7899,3,ndu,0,0,0,0,0,0,0,0,0,0,0,0,0,0,0,0
7900,3,ulu,0,0,0,0,0,0,0,0,0,0,0,0,0,0,0,0
7901,3,aon,0,0,0,1,0,0,1,0,0,1,0,0,1,0,0,1
7902,4,mbi,0,0,0,0,0,0,0,0,0,0,0,0,0,0,0,0
7903,3,and,0,0,0,0,0,0,0,0,0,0,0,0,0,0,0,0
7904,2,har,0,0,0,0,0,0,0,0,0,0,0,0,0,0,0,0
7905,3,ruf,0,0,0,0,0,0,0,0,0,0,0,0,0,0,0,0
7906,3,wan,0,0,0,0,0,0,0,0,0,0,0,0,0,0,0,0
7907,2,jid,0,0,0,0,0,0,0,0,0,0,0,0,0,0,0,0
7908,3,tya,0,0,0,0,0,0,0,0,0,0,0,0,0,0,0,0
7909,2,aqi,0,0,0,0,0,0,0,0,0,0,0,0,0,0,0,0
7910,2,han,0,0,0,0,0,0,0,0,0,0,0,0,0,0,0,0
7911,3,aga,0,0,0,0,0,0,0,0,0,1,0,0,0,0,0,1
7912,3,zah,1,1,1,1,1,1,1,1,1,1,1,1,1,1,1,1
7913,4,rin,1,1,1,1,1,1,1,1,1,1,1,1,1,1,1,1
7914,3,isa,1,1,1,1,1,1,1,1,1,1,1,1,1,1,1,1
7915,3,lmi,1,1,1,1,1,1,1,1,1,1,1,1,1,1,1,1
7916,2,lia,1,1,1,1,1,1,1,1,1,1,1,1,1,1,1,1
7917,3,tri,1,1,1,1,1,1,1,1,1,1,1,1,1,1,1,1
7918,2,rah,1,1,1,1,1,1,1,1,1,1,1,1,1,1,1,1
7919,3,uha,1,1,1,1,1,1,1,1,1,1,1,1,1,1,1,1
7920,3,mah,1,1,1,0,1,1,0,1,1,0,1,1,0,1,1,0
7921,3,mah,1,1,1,1,1,1,1,1,1,1,1,1,1,1,1,1
7922,3,hra,1,1,1,1,1,1,1,1,1,1,1,1,1,1,1,1
7923,2,ana,1,1,1,0,1,1,0,1,1,0,1,1,0,1,1,0
7924,2,ira,1,1,1,0,1,1,0,1,1,0,1,1,0,1,1,0
7925,3,mah,1,1,1,1,1,1,1,1,1,1,1,1,1,1,1,1
7926,2,lah,1,1,1,0,1,1,0,1,1,0,1,1,0,1,1,0
7927,2,ari,1,1,1,1,1,1,1,1,1,1,1,1,1,1,1,1
7928,3,ion,1,1,1,1,1,1,1,1,1,1,1,1,1,1,1,1
7929,2,ina,1,1,1,1,1,1,1,1,1,1,1,1,1,1,1,1
7930,2,nah,1,1,1,1,1,1,1,1,1,1,1,1,1,1,1,1
7931,3,nza,1,1,0,0,1,0,0,1,0,0,1,0,0,1,0,0
7932,2,lah,1,1,1,0,1,1,0,1,1,0,1,1,0,1,1,0
7933,3,iza,1,1,1,1,1,1,1,1,1,1,1,1,1,1,1,1
7934,3,ila,1,1,1,1,1,1,1,1,1,1,1,1,1,1,1,1
7935,3,nti,1,1,1,1,1,1,1,1,1,1,1,1,1,1,1,1
7936,3,tri,1,1,1,1,1,1,1,1,1,1,1,1,1,1,1,1
7937,2,mah,1,1,1,0,1,1,0,1,1,0,1,1,0,1,1,0
7938,2,ima,1,1,1,0,1,1,0,1,1,0,1,1,0,1,1,0
7939,3,hma,1,1,1,0,1,1,0,1,1,0,1,1,0,1,1,0
7940,4,hya,1,1,1,0,1,1,0,1,1,0,1,1,1,1,1,0
7941,3,yah,1,1,1,1,1,1,1,1,1,1,1,1,1,1,1,1
7942,4,hra,1,1,1,1,1,1,1,1,1,1,1,1,1,1,1,1
7943,3,sah,1,0,0,0,0,0,0,0,0,0,0,0,0,0,0,0
7944,2,ana,1,1,1,1,1,1,1,1,1,1,1,1,1,1,1,1
7945,3,ian,0,0,0,0,0,0,0,0,0,0,0,0,0,0,0,0
7946,2,yla,1,1,1,1,1,1,1,1,1,1,1,1,1,1,1,1
7947,3,ary,1,1,1,1,1,1,1,1,1,0,1,1,1,1,1,1
7948,3,aha,1,0,0,1,0,0,1,0,0,1,0,0,1,0,0,1
7949,3,eng,0,0,0,0,0,0,0,0,0,0,0,0,0,0,0,0
7950,2,ita,0,1,1,1,1,1,1,1,1,1,1,1,1,1,1,1
7951,3,ena,0,0,0,0,0,0,0,0,0,0,0,0,0,0,0,0
7952,4,fan,0,0,0,0,0,0,0,0,0,0,0,0,0,0,0,0
7953,3,mos,1,0,0,1,0,0,1,0,0,1,0,0,1,0,0,1
7954,3,sta,1,1,1,1,1,1,1,1,1,1,1,1,1,1,1,1
7955,4,bin,1,1,1,1,1,1,1,1,1,1,1,1,1,1,1,1
7956,4,uli,0,1,1,0,1,1,0,1,1,0,1,1,0,1,1,0
7957,3,tih,0,0,0,0,0,0,0,0,0,0,0,0,0,0,0,0
7958,4,mba,0,0,0,0,0,0,0,0,0,0,0,0,0,0,0,0
7959,4,dzi,0,0,0,0,0,0,0,0,0,0,0,0,0,0,0,0
7960,2,ila,0,0,0,0,0,0,0,0,0,1,0,0,0,0,0,0
7961,3,ung,0,0,0,0,0,0,0,0,0,0,0,0,0,0,0,0
7962,2,tro,0,0,0,0,0,0,0,0,0,0,0,0,0,0,0,0
7963,3,ang,0,0,0,0,0,0,0,0,0,0,0,0,0,0,0,0
7964,4,ana,0,0,0,0,0,0,0,0,0,0,0,0,0,0,0,0
7965,2,tyo,0,0,0,0,0,0,0,0,0,0,0,0,0,0,0,0
7966,4,aja,0,0,0,0,0,0,0,0,0,0,0,0,0,0,0,0
7967,4,eny,1,0,0,0,0,0,0,0,0,0,0,0,0,0,0,0
7968,3,oto,0,0,0,0,0,0,0,0,0,0,0,0,0,0,0,0
7969,3,gar,0,0,0,0,0,0,0,0,0,0,0,0,0,0,0,0
7970,3,llo,0,0,0,0,0,0,0,0,0,0,0,0,0,0,0,0
7971,5,y p,0,0,0,0,0,0,0,0,0,0,0,0,0,0,0,0
7972,4,bat,0,0,0,0,0,0,0,0,0,0,0,0,0,0,0,0
7973,4,bra,0,0,0,0,0,0,0,0,0,0,0,0,0,0,0,0
7974,4,han,0,0,0,0,0,0,0,0,0,0,0,0,0,0,0,0
7975,3,ang,0,0,0,0,0,0,0,0,0,0,0,0,0,0,0,0
7976,3,omo,0,0,0,0,0,0,0,0,0,0,0,0,0,0,0,0
7977,4,n h,0,0,0,0,0,0,0,0,0,0,0,0,0,0,0,0
7978,3,oto,0,0,0,0,0,0,0,0,0,0,0,0,0,0,0,0
7979,3,ono,0,0,0,0,0,0,0,0,0,0,0,0,0,0,0,0
7980,4,ari,0,0,0,0,0,0,0,0,0,0,0,0,0,0,0,0
7981,4,tam,0,0,0,0,0,0,0,0,0,0,0,0,0,0,0,0
7982,3,oto,0,0,0,0,0,0,0,0,0,0,0,0,0,0,0,0
7983,2,ama,0,0,0,0,0,0,0,0,0,0,0,0,0,0,0,0
7984,3,han,0,0,0,0,0,0,0,0,0,0,0,0,0,0,0,0
7985,3,ang,0,0,0,0,0,0,0,0,0,0,0,0,0,0,0,0
7986,3,ega,0,0,0,0,0,0,0,0,0,0,0,0,0,0,0,0
7987,4,ani,0,0,0,0,0,0,0,0,0,0,0,0,0,0,0,0
7988,2,ert,0,0,0,0,0,0,0,0,0,0,0,0,0,0,0,0
7989,2,rdy,0,0,0,0,0,0,0,0,0,0,0,0,0,0,0,0
7990,3,ino,0,0,0,0,0,0,0,0,0,0,0,0,0,0,0,0
7991,3,han,0,0,0,0,0,0,0,0,0,0,0,0,0,0,0,0
7992,4,uta,0,0,0,0,0,0,0,0,0,0,0,0,0,0,0,0
7993,3,ian,1,0,0,0,0,0,0,0,0,0,0,0,0,0,0,0
7994,2,dro,0,0,0,0,0,0,0,0,0,0,0,0,0,0,0,0
7995,3,toy,0,0,0,0,0,0,0,0,0,0,0,0,0,0,0,0
7996,4,the,0,0,0,0,0,0,0,0,0,0,0,0,0,0,0,0
7997,3,oco,0,0,0,0,0,0,0,0,0,0,0,0,0,0,0,0
7998,2,wen,1,0,0,0,0,0,0,0,0,0,0,0,0,0,0,0
7999,4, gu,1,1,1,1,1,1,1,1,1,1,1,1,1,1,1,1
8000,4,pan,0,0,0,0,0,0,0,0,0,0,0,0,0,0,0,0
8001,2,uel,0,0,0,0,0,0,0,0,0,0,0,0,0,0,0,0
8002,3,rdo,0,0,0,0,0,0,0,0,0,0,0,0,0,0,0,0
8003,3,dez,0,0,0,0,0,0,0,0,0,0,0,0,0,0,0,0
8004,3,uel,0,0,0,0,0,0,0,0,0,0,0,0,0,0,0,0
8005,4,asi,0,0,0,0,0,0,0,0,0,0,0,0,0,0,0,0
8006,3,oan,0,0,0,0,0,0,0,0,0,0,0,0,0,0,0,0
8007,3,are,0,0,0,1,0,0,1,0,0,1,0,0,1,0,0,1
8008,3,ung,0,0,0,0,0,0,0,0,0,0,0,0,0,0,0,0
8009,4,itu,0,0,0,1,0,0,1,0,0,1,0,0,1,0,0,1
8010,3,omo,0,0,0,0,0,0,0,0,0,0,0,0,0,0,0,0
8011,3,rba,0,0,0,0,0,0,0,0,0,0,0,0,0,0,0,0
8012,3,aya,0,0,0,1,0,0,1,0,0,1,0,0,1,0,0,1
8013,3,ang,0,0,0,0,0,0,0,0,0,0,0,0,0,0,0,0
8014,3,tri,1,1,1,1,1,1,1,1,1,1,1,1,1,1,1,1
8015,2,nto,0,0,0,0,0,0,0,0,0,0,0,0,0,0,0,0
8016,2,ata,0,0,0,0,0,0,0,0,0,0,0,0,0,0,0,0
8017,3,aiz,0,0,0,0,0,0,0,0,0,0,0,0,0,0,0,0
8018,3,ndy,0,0,0,0,0,0,0,0,0,0,0,0,0,0,0,0
8019,3,aan,1,1,1,1,1,1,1,1,1,1,1,1,1,1,1,1
8020,2,ddy,0,0,0,0,0,0,0,0,0,0,0,0,0,0,0,0
8021,3,tyo,0,0,0,0,0,0,0,0,0,0,0,0,0,0,0,0
8022,3,ban,0,0,0,0,0,0,0,0,0,0,0,0,0,0,0,0
8023,3,zal,1,1,1,1,1,1,1,1,1,1,1,1,1,1,1,1
8024,4,soe,1,1,1,1,1,1,1,1,1,1,1,1,1,1,1,1
8025,3,alu,0,0,0,0,0,0,0,0,0,0,0,0,0,0,0,0
8026,5,ziz,0,0,0,0,0,0,0,0,0,0,0,0,0,0,0,0
8027,3,gah,0,0,0,0,0,0,0,0,0,0,0,0,0,0,0,0
8028,4,unt,0,0,0,0,0,0,0,0,0,0,0,0,0,0,0,0
8029,2,nda,0,0,0,0,0,0,0,0,0,0,0,0,0,0,0,0
8030,3,ngo,0,0,0,0,0,0,0,0,0,0,0,0,0,0,0,0
8031,4,ang,0,0,0,0,0,0,0,0,0,0,0,0,0,0,0,0
8032,3,asy,0,0,0,0,0,0,0,0,0,0,0,0,0,0,0,0
8033,4,ruk,0,0,0,0,0,0,0,0,0,0,0,0,0,0,0,0
8034,3,guk,0,0,0,0,0,0,0,0,0,0,0,0,0,0,0,0
8035,3,stu,0,0,0,0,0,0,0,0,0,0,0,0,0,0,0,0
8036,2,tra,0,0,0,0,0,0,0,0,0,0,0,0,0,0,0,0
8037,2,hil,0,0,0,0,0,0,0,0,0,0,0,0,0,0,0,0
8038,4,fri,0,0,0,0,0,0,0,0,0,0,0,0,0,0,0,0
8039,3,gar,0,0,0,0,0,0,0,0,0,0,0,0,0,0,0,0
8040,2,riq,0,0,0,0,0,0,0,0,0,0,0,0,0,0,0,0
8041,3,man,0,0,0,0,0,0,0,0,0,0,0,0,0,0,0,0
8042,4,iet,1,1,1,1,1,1,1,1,1,1,1,1,1,1,1,1
8043,2,tri,1,1,1,1,1,1,1,1,1,1,1,1,1,1,1,1
8044,3,ari,1,1,1,1,1,1,1,1,1,1,1,1,1,1,1,1
8045,3,uni,1,1,1,1,1,1,1,1,1,1,1,1,1,1,1,1
8046,2,ura,1,1,1,1,1,1,1,1,1,1,1,1,1,1,1,1
8047,2,tan,0,0,0,0,0,0,0,0,0,0,0,0,0,0,0,0
8048,3,zki,0,0,0,0,0,0,0,0,0,0,0,0,0,0,0,0
8049,2,uar,0,0,0,0,0,0,0,0,0,0,0,0,0,0,0,0
8050,2,tra,0,0,0,0,0,0,0,0,0,0,0,0,0,0,0,0
8051,2,ose,1,1,1,1,1,1,1,1,1,1,1,1,1,1,1,1
8052,3,tri,1,1,1,1,1,1,1,1,1,1,1,1,1,1,1,1
8053,2,ari,1,1,1,1,1,1,1,1,1,1,1,1,1,1,1,1
8054,2,ang,1,1,1,1,1,1,1,1,1,1,1,1,1,1,1,1
8055,2,uwo,0,0,0,0,0,0,0,0,0,0,0,0,0,0,0,0
8056,3,sya,1,1,1,1,1,1,1,1,1,1,1,1,1,1,1,1
8057,3,ali,0,0,0,0,0,0,0,0,0,0,0,0,0,0,0,0
8058,3,yow,0,0,0,0,0,0,0,0,0,0,0,0,0,0,0,0
8059,2,nti,1,1,1,1,1,1,1,1,1,1,1,1,1,1,1,1
8060,3,ani,1,1,1,1,1,1,1,1,1,1,1,1,1,1,1,1
8061,3,nco,0,0,0,0,0,0,0,0,0,0,0,0,0,0,0,0
8062,3,tra,0,0,0,0,0,0,0,0,0,0,0,0,0,0,0,0
8063,3,zis,1,0,0,0,0,0,0,0,0,0,0,0,0,0,0,0
8064,3,idi,0,0,0,0,0,0,0,0,0,0,0,0,0,0,0,0
8065,3,ary,0,0,0,0,0,0,0,0,0,0,0,0,0,0,0,0
8066,4,nea,0,0,0,0,0,0,0,0,0,0,0,0,0,0,0,0
8067,4,tri,1,1,1,1,1,1,1,1,1,1,1,1,1,1,1,1
8068,3,dri,0,0,0,0,0,0,0,0,0,0,0,0,0,0,0,0
8069,4,tri,1,1,1,1,1,1,1,1,1,1,1,1,1,1,1,1
8070,3,sih,1,1,1,1,1,1,1,1,1,1,1,1,1,1,1,1
8071,2,uan,1,1,1,1,1,1,1,1,1,1,1,1,1,1,1,1
8072,2,rel,0,0,0,0,0,0,0,0,0,0,0,0,0,0,0,0
8073,2,hra,1,1,1,1,1,1,1,1,1,1,1,1,1,1,1,1
8074,3,sir,1,1,1,1,1,1,1,1,1,1,1,1,1,1,1,1
8075,3,ani,1,1,1,1,1,1,1,1,1,1,1,1,1,1,1,1
8076,3,eli,0,0,0,0,0,0,0,0,0,0,0,0,0,0,0,0
8077,2,lan,0,1,1,1,1,1,1,1,1,1,1,1,1,1,1,1
8078,3,ing,0,0,0,0,0,0,0,0,0,0,0,0,0,0,0,0
8079,3,nie,1,1,1,1,1,1,1,1,1,1,1,1,1,1,1,1
8080,3,ngo,0,0,0,0,0,0,0,0,0,0,0,0,0,0,0,0
8081,2,ara,1,1,1,1,1,1,1,1,1,1,1,1,1,1,1,1
8082,3,aan,1,1,1,1,1,1,1,1,1,1,1,1,1,1,1,1
8083,5,han,0,0,0,0,0,0,0,0,0,0,0,0,0,0,0,0
8084,3,ion,0,0,0,0,0,0,0,0,0,0,0,0,0,0,0,0
8085,3,rka,1,1,1,1,1,1,1,1,1,1,1,1,1,1,1,1
8086,3,yla,1,1,1,1,1,1,1,1,1,0,1,1,1,1,1,1
8087,2,kki,0,0,0,0,0,0,0,0,0,0,0,0,0,0,0,0
8088,3,isa,1,1,1,1,1,1,1,1,1,1,1,1,1,1,1,1
8089,3,wan,0,0,0,0,0,0,0,0,0,0,0,0,0,0,0,0
8090,4,iha,0,1,1,1,1,1,1,1,1,1,1,1,1,1,1,1
8091,2,sah,1,1,1,1,1,1,1,1,1,1,1,1,1,1,1,1
8092,2,lah,0,0,0,0,0,0,0,0,0,0,0,0,0,0,0,1
8093,3,yah,0,0,0,0,0,0,0,0,0,0,0,0,0,0,0,0
8094,3,tia,1,0,1,0,0,1,0,0,1,0,0,1,0,0,1,0
8095,2,nka,1,1,1,0,1,1,1,1,1,1,1,1,1,1,1,1
8096,3,iwi,1,1,1,1,1,1,1,1,1,1,1,1,1,1,1,1
8097,3,hra,1,1,1,1,1,1,1,1,1,1,1,1,1,1,1,1
8098,2,hra,1,1,1,1,1,1,1,1,1,1,1,1,1,1,1,1
8099,2,lia,1,1,1,1,1,1,1,1,1,1,1,1,1,1,1,1
8100,3,ela,1,1,1,1,1,1,1,1,1,1,1,1,1,1,1,1
8101,3,eni,1,1,1,1,1,1,1,1,1,1,1,1,1,1,1,1
8102,2,ura,1,1,1,0,1,1,1,1,1,1,1,1,1,1,1,1
8103,2,yah,1,1,1,1,1,1,1,1,1,1,1,1,1,1,1,1
8104,3,lah,1,1,1,1,1,1,1,1,1,1,1,1,1,1,1,1
8105,2,aya,1,1,1,1,1,1,1,1,1,1,1,1,1,1,1,1
8106,2,nti,1,1,1,1,1,1,1,1,1,1,1,1,1,1,1,1
8107,3,ira,1,1,1,1,1,1,1,1,1,1,1,1,1,1,1,1
8108,3,zmi,0,0,0,0,0,0,0,0,0,0,0,0,0,0,0,0
8109,3,ria,1,1,1,1,1,1,1,1,1,1,1,1,1,1,1,1
8110,3,tih,0,1,0,1,1,0,1,1,0,1,1,0,1,1,0,1
8111,3,zia,1,1,1,1,1,1,1,1,1,1,1,1,1,1,1,1
8112,3,uri,0,0,0,0,0,0,0,0,0,0,0,0,0,0,0,0
8113,3,pta,0,0,0,0,0,0,0,0,0,0,0,0,0,0,0,0
8114,3,tia,0,0,0,1,0,0,1,0,0,1,0,0,1,0,0,1
8115,3,ron,0,0,0,0,0,0,0,0,0,0,0,0,0,0,0,0
8116,3,ira,1,1,1,1,1,1,1,1,1,1,1,1,1,1,1,1
8117,2,ayr,1,1,1,1,1,1,1,1,1,1,1,1,1,1,1,1
8118,2,min,1,1,1,1,1,1,1,1,1,1,1,1,1,1,1,1
8119,3,dra,1,1,1,1,1,1,1,1,1,1,1,1,1,1,1,1
8120,3,ung,1,0,0,1,0,0,1,0,0,1,0,0,1,0,0,1
8121,3,ziz,1,1,1,1,1,1,1,1,1,1,1,1,1,1,1,1
8122,3,kur,1,1,0,1,1,0,1,1,0,1,1,0,1,1,0,1
8123,3,pah,1,1,1,1,1,1,1,1,1,1,1,1,1,1,1,1
8124,3,tri,1,1,1,1,1,1,1,1,1,1,1,1,1,1,1,1
8125,3,sha,1,1,1,1,1,1,1,1,1,1,1,1,1,1,1,1
8126,3,lia,1,1,1,1,1,1,1,1,1,1,1,1,1,1,1,1
8127,2,sna,1,1,1,1,1,1,1,1,1,1,1,1,1,1,1,1
8128,3,raj,0,0,0,0,0,0,0,0,0,0,0,0,0,0,0,0
8129,3,rah,1,1,1,1,1,1,1,1,1,1,1,1,1,1,1,1
8130,3,zka,1,1,1,1,1,1,1,1,1,1,1,1,1,1,1,1
8131,2,lla,1,1,1,1,1,1,1,1,1,1,1,1,1,1,1,1
8132,3,nti,1,1,1,1,1,1,1,1,1,1,1,1,1,1,1,1
8133,2,'ah,1,1,1,1,1,1,1,1,1,1,1,1,1,1,1,1
8134,2,ine,1,1,1,1,1,1,1,1,1,1,1,1,1,1,1,1
8135,2,hra,1,1,1,1,1,1,1,1,1,1,1,1,1,1,1,1
8136,2,sun,1,1,1,1,1,1,1,1,1,1,1,1,1,1,1,1
8137,3,ani,1,1,1,1,1,1,1,1,1,1,1,1,1,1,1,1
8138,2,umi,1,1,1,1,1,1,1,1,1,1,1,1,1,1,1,1
8139,3,kia,1,1,1,1,1,1,1,1,1,1,1,1,1,1,1,1
8140,3,ari,1,1,1,1,1,1,1,1,1,1,1,1,1,1,1,1
8141,4,tri,1,1,1,1,1,1,1,1,1,1,1,1,1,1,1,1
8142,3,ani,1,1,1,1,1,1,1,1,1,1,1,1,1,1,1,1
8143,2,ita,1,1,1,1,1,1,1,1,1,1,1,1,1,1,1,1
8144,3,tri,1,1,1,1,1,1,1,1,1,1,1,1,1,1,1,1
8145,3,esa,0,0,0,0,0,0,0,0,0,0,0,0,0,0,0,0
8146,2,ska,1,1,1,1,1,1,1,1,1,1,1,1,1,1,1,1
8147,3,hra,1,1,1,1,1,1,1,1,1,1,1,1,1,1,1,1
8148,4,ara,1,1,1,1,1,1,1,1,1,1,1,1,1,1,1,1
8149,4,mir,1,1,1,1,1,1,1,1,1,1,1,1,1,1,1,1
8150,3,wan,1,1,1,0,1,1,0,1,1,0,1,1,0,1,1,0
8151,3,yas,1,1,1,1,1,1,1,1,1,1,1,1,1,1,1,1
8152,2,nti,1,1,1,1,1,1,1,1,1,1,1,1,1,1,1,1
8153,3,ari,1,1,1,1,1,1,1,1,1,1,1,1,1,1,1,1
8154,2,isa,1,1,1,1,1,1,1,1,1,1,1,1,1,1,1,1
8155,3,hra,1,1,1,1,1,1,1,1,1,1,1,1,1,1,1,1
8156,3,ini,1,1,1,1,1,1,1,1,1,1,1,1,1,1,1,1
8157,3,ina,1,1,1,1,1,1,1,1,1,1,1,1,1,1,1,1
8158,2,sti,1,1,1,1,1,1,1,1,1,1,1,1,1,1,1,1
8159,2,ila,1,1,1,1,1,1,1,1,1,1,1,1,1,1,1,1
8160,3,nti,1,1,1,1,1,1,1,1,1,1,1,1,1,1,1,1
8161,3,ani,1,1,1,1,1,1,1,1,1,1,1,1,1,1,1,1
8162,3,rsa,1,1,1,1,1,1,1,1,1,1,1,1,1,1,1,1
8163,2,nia,1,1,1,1,1,1,1,1,1,1,1,1,1,1,1,1
8164,3,lla,1,1,1,1,1,1,1,1,1,1,1,1,1,1,1,1
8165,3,ari,1,1,1,1,1,1,1,1,1,1,1,1,1,1,1,1
8166,3,sar,0,0,0,0,0,0,0,0,0,0,0,0,0,0,0,0
8167,3,thf,0,0,0,0,0,0,0,0,0,0,0,0,0,0,0,0
8168,4,nto,0,0,0,0,0,0,0,0,0,0,0,0,0,0,0,0
8169,3,sha,1,1,1,1,1,1,1,1,1,1,1,1,1,1,1,1
8170,2,ira,1,1,1,1,1,1,1,1,1,1,1,1,1,1,1,1
8171,2,yan,0,0,0,0,0,0,0,0,0,0,0,0,0,0,0,0
8172,3,yat,1,1,1,1,1,1,1,1,1,1,1,1,1,1,1,1
8173,2,ang,1,1,1,1,1,1,1,1,1,1,1,1,1,1,1,1
8174,3,wan,1,1,1,0,1,1,0,1,1,0,1,1,0,1,1,0
8175,3,ita,1,1,1,1,1,1,1,1,1,1,1,1,1,1,1,1
8176,3,ani,1,1,1,1,1,1,1,1,1,1,1,1,1,1,1,1
8177,2,sna,0,0,0,1,0,0,1,0,0,1,0,0,1,0,0,1
8178,3,afa,1,1,1,1,1,1,1,1,1,1,1,1,1,1,1,1
8179,3,iah,1,1,1,1,1,1,1,1,1,1,1,1,1,1,1,1
8180,3,hma,1,1,1,1,1,1,1,1,1,1,1,1,1,1,1,1
8181,3,any,1,1,1,1,1,1,1,1,1,1,1,1,1,1,1,1
8182,2,sya,1,1,1,1,1,1,1,1,1,1,1,1,1,1,1,1
8183,3,ati,1,1,1,1,1,1,1,1,1,1,1,1,1,1,1,1
8184,3,dah,1,1,1,1,1,1,1,1,1,1,1,1,1,1,1,1
8185,3,iwi,1,1,1,1,1,1,1,1,1,1,1,1,1,1,1,1
8186,3,fai,1,1,1,1,1,1,1,1,1,1,1,1,1,1,1,1
8187,3,ari,1,1,1,1,1,1,1,1,1,1,1,1,1,1,1,1
8188,3,hra,1,1,1,1,1,1,1,1,1,1,1,1,1,1,1,1
8189,3,ana,1,1,1,1,1,1,1,1,1,1,1,1,1,1,1,1
8190,3,nti,1,1,1,1,1,1,1,1,1,1,1,1,1,1,1,1
8191,3,tri,1,1,1,1,1,1,1,1,1,1,1,1,1,1,1,1
8192,3,tri,1,1,1,1,1,1,1,1,1,1,1,1,1,1,1,1
8193,3,tri,1,1,1,1,1,1,1,1,1,1,1,1,1,1,1,1
8194,3,lia,1,1,1,1,1,1,1,1,1,1,1,1,1,1,1,1
8195,2,ana,1,1,1,1,1,1,1,1,1,1,1,1,1,1,1,1
8196,3,ung,0,0,0,0,0,0,0,0,0,0,0,0,0,0,0,0
8197,3,ani,0,0,0,1,0,0,1,0,0,1,0,0,1,0,0,1
8198,3,ros,1,1,1,1,1,1,1,1,1,1,1,1,1,1,1,1
8199,2,mes,1,1,1,1,1,1,1,1,1,1,1,1,1,1,1,1
8200,3,tra,0,0,0,0,0,0,0,0,0,0,0,0,0,0,0,0
8201,3,gga,0,0,0,0,0,0,0,0,0,0,0,0,0,0,0,0
8202,3,tri,1,1,1,1,1,1,1,1,1,1,1,1,1,1,1,1
8203,4,ayu,1,1,1,1,1,1,1,1,1,1,1,1,1,1,1,1
8204,2,ani,1,1,1,1,1,1,1,1,1,1,1,1,1,1,1,1
8205,3,rus,1,1,1,1,1,1,1,1,1,1,1,1,1,1,1,1
8206,3,zah,1,1,1,1,1,1,1,1,1,1,1,1,1,1,1,1
8207,3,lia,1,1,1,1,1,1,1,1,1,1,1,1,1,1,1,1
8208,2,ani,1,1,1,1,1,1,1,1,1,1,1,1,1,1,1,1
8209,3,rea,0,0,0,0,0,0,0,0,0,0,0,0,0,0,0,0
8210,3,e s,1,1,1,1,1,1,1,1,1,1,1,1,1,1,1,1
8211,3,sib,0,0,0,0,0,0,0,0,0,0,0,0,0,0,0,0
8212,3,yah,1,1,1,1,1,1,1,1,1,1,1,1,1,1,1,1
8213,3,nim,1,1,1,1,1,1,1,1,1,1,1,1,1,1,1,1
8214,4,run,1,1,1,0,1,1,0,1,1,0,1,1,0,1,1,0
8215,3,ini,1,1,1,1,1,1,1,1,1,1,1,1,1,1,1,1
8216,2,kam,0,0,0,0,0,0,0,0,0,0,0,0,0,0,0,0
8217,4,han,0,0,0,0,0,0,0,0,0,0,0,0,0,0,0,0
8218,3,izi,0,0,0,0,0,0,0,0,0,0,0,0,0,0,0,0
8219,1,yla,1,1,1,1,1,1,1,1,1,1,1,1,1,1,1,1
8220,3,ani,1,1,1,1,1,1,1,1,1,1,1,1,1,1,1,1
8221,3,sti,1,1,1,1,1,1,1,1,1,1,1,1,1,1,1,1
8222,3,mad,1,1,1,0,1,1,0,1,1,0,1,1,0,1,1,0
8223,3,tri,1,1,1,1,1,1,1,1,1,1,1,1,1,1,1,1
8224,3,afi,1,1,1,1,1,1,1,1,1,1,1,1,1,1,1,1
8225,3,ila,1,1,1,1,1,1,1,1,1,1,1,1,1,1,1,1
8226,3,tri,1,1,1,1,1,1,1,1,1,1,1,1,1,1,1,1
8227,2,isa,1,1,1,1,1,1,1,1,1,1,1,1,1,1,1,1
8228,4,aja,1,1,1,1,1,1,1,1,1,1,1,1,1,1,1,1
8229,3,lah,1,1,1,1,1,1,1,1,1,1,1,1,1,1,1,1
8230,3,tri,1,1,1,1,1,1,1,1,1,1,1,1,1,1,1,1
8231,2,lia,1,1,1,1,1,1,1,1,1,1,1,1,1,1,1,1
8232,3,ywa,1,1,1,1,1,1,1,1,1,1,1,1,1,1,1,1
8233,3,rau,1,1,1,1,1,1,1,1,1,1,1,1,1,1,1,1
8234,2,lya,1,1,1,1,1,1,1,1,1,1,1,1,1,1,1,1
8235,4,dra,1,1,1,1,1,1,1,1,1,1,1,1,1,1,1,1
8236,2,sha,1,1,1,1,1,1,1,1,1,1,1,1,1,1,1,1
8237,2,isa,1,1,1,1,1,1,1,1,1,1,1,1,1,1,1,1
8238,3,hra,1,1,1,1,1,1,1,1,1,1,1,1,1,1,1,1
8239,3,lia,1,1,1,1,1,1,1,1,1,1,1,1,1,1,1,1
8240,3,loa,1,1,1,1,1,1,1,1,1,1,1,1,1,1,1,1
8241,2,via,1,1,1,1,1,1,1,1,1,1,1,1,1,1,1,1
8242,3,yah,1,1,1,1,1,1,1,1,1,1,1,1,1,1,1,1
8243,3,zra,1,1,1,1,1,1,1,1,1,1,1,1,1,1,1,1
8244,3,ian,1,1,1,0,1,1,0,1,1,0,1,1,0,1,1,0
8245,3,rah,1,1,1,1,1,1,1,1,1,1,1,1,1,1,1,1
8246,3,tri,1,1,1,1,1,1,1,1,1,1,1,1,1,1,1,1
8247,4,oko,1,1,1,1,1,1,1,1,1,1,1,1,1,1,1,1
8248,2,ine,1,1,1,1,1,1,1,1,1,1,1,1,1,1,1,1
8249,2,aya,1,1,1,1,1,1,1,1,1,1,1,1,1,1,1,1
8250,3,nti,1,1,1,1,1,1,1,1,1,1,1,1,1,1,1,1
8251,3,lya,1,1,1,1,1,1,1,1,1,1,1,1,1,1,1,1
8252,4,uad,1,1,1,1,1,1,1,1,1,1,1,1,1,1,1,1
8253,3,nti,1,1,1,1,1,1,1,1,1,1,1,1,1,1,1,1
8254,3,sti,1,1,1,1,1,1,1,1,1,1,1,1,1,1,1,1
8255,4,ind,1,1,1,1,1,1,1,1,1,1,1,1,1,1,1,1
8256,3,lby,1,1,1,1,1,1,1,1,1,1,1,1,1,1,1,1
8257,2,ita,1,1,1,1,1,1,1,1,1,1,1,1,1,1,1,1
8258,3,ila,1,1,1,1,1,1,1,1,1,1,1,1,1,1,1,1
8259,3,suf,1,1,1,1,1,1,1,1,1,1,1,1,1,1,1,1
8260,2,tza,1,1,1,1,1,1,1,1,1,1,1,1,1,1,1,1
8261,2,ini,1,1,1,1,1,1,1,1,1,1,1,1,1,1,1,1
8262,3,riz,1,1,1,1,1,1,1,1,1,1,1,1,1,1,1,1
8263,2,ila,1,1,1,1,1,1,1,1,1,1,1,1,1,1,1,1
8264,5,put,1,1,1,1,1,1,1,1,1,1,1,1,1,1,1,1
8265,3,hra,1,1,1,1,1,1,1,1,1,1,1,1,1,1,1,1
8266,4,eza,1,1,1,1,1,1,1,1,1,1,1,1,1,1,1,1
8267,3,yat,1,1,1,1,1,1,1,1,1,1,1,1,1,1,1,1
8268,3,nia,1,1,1,1,1,1,1,1,1,1,1,1,1,1,1,1
8269,4,sta,1,1,1,1,1,1,1,1,1,1,1,1,1,1,1,1
8270,3,una,1,1,1,1,1,1,1,1,1,1,1,1,1,1,1,1
8271,3,ani,1,1,1,1,1,1,1,1,1,1,1,1,1,1,1,1
8272,3,ika,1,1,1,1,1,1,1,1,1,1,1,1,1,1,1,1
8273,3,sta,1,1,1,1,1,1,1,1,1,1,1,1,1,1,1,1
8274,3,tin,1,1,1,1,1,1,1,1,1,1,1,1,1,1,1,1
8275,3,ojo,1,1,1,0,1,1,1,1,1,1,1,1,1,1,1,0
8276,3,zwa,1,1,1,1,1,1,1,1,1,1,1,1,1,1,1,1
8277,3,nti,1,1,1,1,1,1,1,1,1,1,1,1,1,1,1,1
8278,2,kha,1,1,1,1,1,1,1,1,1,1,1,1,1,1,1,1
8279,3,ana,1,1,1,1,1,1,1,1,1,1,1,1,1,1,1,1
8280,3,roh,1,1,1,1,1,1,1,1,1,1,1,1,1,1,1,1
8281,2,sta,1,1,1,1,1,1,1,1,1,1,1,1,1,1,1,1
8282,3,ira,1,1,1,1,1,1,1,1,1,1,1,1,1,1,1,1
8283,3,tri,1,1,1,1,1,1,1,1,1,1,1,1,1,1,1,1
8284,4,tri,1,1,1,1,1,1,1,1,1,1,1,1,1,1,1,1
8285,4,gus,1,1,1,0,1,1,0,1,1,0,1,1,0,1,1,0
8286,4,wan,1,1,1,1,1,1,1,1,1,1,1,1,1,1,1,1
8287,2,rah,1,1,1,1,1,1,1,1,1,1,1,1,1,1,1,1
8288,2,zah,1,1,1,1,1,1,1,1,1,1,1,1,1,1,1,1
8289,2,ina,1,1,1,1,1,1,1,1,1,1,1,1,1,1,1,1
8290,2,ine,1,1,1,1,1,1,1,1,1,1,1,1,1,1,1,1
8291,3,tri,1,1,1,1,1,1,1,1,1,1,1,1,1,1,1,1
8292,3,nka,1,1,1,1,1,1,1,1,1,1,1,1,1,1,1,1
8293,2,lyn,1,1,1,0,1,1,1,1,1,0,1,1,0,1,1,0
8294,3,ita,1,1,1,1,1,1,1,1,1,1,1,1,1,1,1,1
8295,3,una,1,1,1,1,1,1,1,1,1,1,1,1,1,1,1,1
8296,3,ola,1,1,1,1,1,1,1,1,1,1,1,1,1,1,1,1
8297,2,ara,1,1,1,1,1,1,1,1,1,1,1,1,1,1,1,1
8298,2,ruq,0,0,0,0,0,0,0,0,0,0,0,0,0,0,0,0
8299,2,iya,1,1,1,1,1,1,1,1,1,1,1,1,1,1,1,1
8300,2,iya,1,1,1,1,1,1,0,1,1,0,1,1,1,1,1,1
8301,3,tri,1,1,1,1,1,1,1,1,1,1,1,1,1,1,1,1
8302,3,dar,1,1,1,1,1,1,1,1,1,1,1,1,1,1,1,1
8303,3,iya,0,0,0,0,0,0,0,0,0,0,0,0,0,0,0,0
8304,4,ndo,0,0,0,0,0,0,0,0,0,0,0,0,0,0,0,0
8305,3,oro,0,0,0,0,0,0,0,0,0,0,0,0,0,0,0,0
8306,3,ama,0,0,0,0,0,0,0,0,0,0,0,0,0,0,0,0
8307,3,san,1,0,0,0,0,0,0,0,0,0,0,0,0,0,0,0
8308,2,yla,1,1,1,1,1,1,1,1,1,1,1,1,1,1,1,1
8309,3,hra,1,1,1,1,1,1,1,1,1,1,1,1,1,1,1,1
8310,3,ani,1,0,1,1,0,1,1,0,1,1,0,1,1,0,1,1
8311,4,ikh,0,1,1,0,1,1,0,1,1,0,1,1,1,1,1,1
8312,3,ana,1,1,1,1,1,1,1,1,1,1,1,1,1,1,1,1
8313,3,dra,1,1,1,0,1,1,0,1,1,0,1,1,0,1,1,0
8314,3,lim,1,1,1,1,1,1,1,1,1,1,1,1,1,1,1,1
8315,3,isa,1,1,1,1,1,1,1,1,1,1,1,1,1,1,1,1
8316,3,lla,0,1,1,1,1,1,1,1,1,1,1,1,1,1,1,1
8317,4,iah,1,1,1,1,1,1,1,1,1,1,1,1,1,1,1,1
8318,3,dya,1,1,1,1,1,1,1,1,1,1,1,1,1,1,1,1
8319,2,nia,1,1,1,1,1,1,1,1,1,1,1,1,1,1,1,1
8320,4,tri,1,1,1,1,1,1,1,1,1,1,1,1,1,1,1,1
8321,3,wan,1,1,1,1,1,1,1,1,1,1,1,1,1,1,1,1
8322,3,udi,1,1,0,0,1,0,0,1,0,0,1,0,0,1,0,0
8323,3,ari,1,1,1,1,1,1,1,1,1,1,1,1,1,1,1,1
8324,3,lah,1,1,1,1,1,1,1,1,1,1,1,1,1,1,1,1
8325,3,nti,1,1,1,1,1,1,1,1,1,1,1,1,1,1,1,1
8326,4,ani,1,1,1,1,1,1,1,1,1,1,1,1,1,1,1,1
8327,3,ini,1,1,1,1,1,1,1,1,1,1,1,1,1,1,1,1
8328,3,khi,1,1,1,1,1,1,1,1,1,1,1,1,1,1,1,1
8329,3,iba,1,1,1,1,1,1,1,1,1,1,1,1,1,1,1,1
8330,3,nia,1,1,1,1,1,1,1,1,1,1,1,1,1,1,1,1
8331,3,ira,1,1,1,1,1,1,1,1,1,1,1,1,1,1,1,1
8332,2,lva,1,1,1,1,1,1,1,1,1,1,1,1,1,1,1,1
8333,3,hra,1,1,1,1,1,1,1,1,1,1,1,1,1,1,1,1
8334,3,fia,1,1,1,1,1,1,1,1,1,1,1,1,1,1,1,1
8335,3,hra,1,1,1,1,1,1,1,1,1,1,1,1,1,1,1,1
8336,3,ayu,1,1,1,1,1,1,1,1,1,1,1,1,1,1,1,1
8337,3,ora,1,1,1,1,1,1,1,1,1,1,1,1,1,1,1,1
8338,2,ani,1,1,1,1,1,1,1,1,1,1,1,1,1,1,1,1
8339,3,ida,1,1,1,1,1,1,1,1,1,1,1,1,1,1,1,1
8340,2,ila,1,1,1,1,1,1,1,1,1,1,1,1,1,1,1,1
8341,3,aty,1,1,1,1,1,1,1,1,1,1,1,1,1,1,1,1
8342,3,pul,1,1,1,0,1,1,0,1,1,0,1,1,0,1,1,0
8343,3,tri,1,1,1,1,1,1,1,1,1,1,1,1,1,1,1,1
8344,3,ifa,1,1,1,1,1,1,0,1,1,0,1,1,1,1,1,1
8345,3,ani,1,1,1,1,1,1,1,1,1,1,1,1,1,1,1,1
8346,2,ssa,1,1,1,1,1,1,1,1,1,1,1,1,1,1,1,1
8347,3,tri,1,1,1,1,1,1,1,1,1,1,1,1,1,1,1,1
8348,3,aus,1,1,1,1,1,1,1,1,1,1,1,1,1,1,1,1
8349,2,lia,1,1,1,1,1,1,1,1,1,1,1,1,1,1,1,1
8350,2,isa,1,1,1,1,1,1,1,1,1,1,1,1,1,1,1,1
8351,3,tri,1,1,1,1,1,1,1,1,1,1,1,1,1,1,1,1
8352,4,ini,1,1,1,1,1,1,1,1,1,1,1,1,1,1,1,1
8353,2,isa,1,1,1,1,1,1,1,1,1,1,1,1,1,1,1,1
8354,2,osa,1,1,1,1,1,1,1,1,1,1,1,1,1,1,1,1
8355,3,ani,1,1,1,1,1,1,1,1,1,1,1,1,1,1,1,1
8356,3,dia,1,1,1,1,1,1,1,1,1,1,1,1,1,1,1,1
8357,3,ezi,1,1,1,1,1,1,1,1,1,1,1,1,1,1,1,1
8358,3,hra,1,1,1,1,1,1,1,1,1,1,1,1,1,1,1,1
8359,3,ila,1,1,1,1,1,1,1,1,1,1,1,1,1,1,1,1
8360,3,kim,1,1,0,0,1,0,0,1,0,0,1,0,0,1,0,0
8361,3,ani,1,1,1,1,1,1,1,1,1,1,1,1,1,1,1,1
8362,3,wan,1,1,1,1,1,1,1,1,1,1,1,1,1,1,1,1
8363,3,ani,1,1,1,1,1,1,1,1,1,1,1,1,1,1,1,1
8364,3,ari,1,1,1,1,1,1,1,1,1,1,1,1,1,1,1,1
8365,3,hra,1,1,1,1,1,1,1,1,1,1,1,1,1,1,1,1
8366,3,ari,1,1,1,1,1,1,1,1,1,1,1,1,1,1,1,1
8367,3,isa,1,1,1,1,1,1,1,1,1,1,1,1,1,1,1,1
8368,3,tri,1,1,1,1,1,1,1,1,1,1,1,1,1,1,1,1
8369,3,cia,1,1,1,1,1,1,1,1,1,1,1,1,1,1,1,1
8370,3,han,0,0,0,0,0,0,0,0,0,0,0,0,0,0,0,0
8371,3,ini,1,1,1,1,1,1,1,1,1,1,1,1,1,1,1,1
8372,3,lia,1,1,1,1,1,1,1,1,1,1,1,1,1,1,1,1
8373,2,hra,1,1,1,1,1,1,1,1,1,1,1,1,1,1,1,1
8374,3,ina,1,1,1,1,1,1,1,1,1,1,1,1,1,1,1,1
8375,4,nto,1,1,1,1,1,1,0,1,1,1,1,1,1,1,1,1
8376,3,ila,1,1,1,1,1,1,1,1,1,1,1,1,1,1,1,1
8377,1,lly,1,0,1,0,0,1,0,0,1,0,0,1,0,0,1,0
8378,3,eri,1,1,1,1,1,1,1,1,1,1,1,1,1,1,1,1
8379,3,han,0,0,0,0,0,0,0,0,0,0,0,0,0,0,0,0
8380,4,dak,0,0,0,0,0,0,0,0,0,0,0,0,0,0,0,0
8381,3,oho,0,0,0,0,0,0,0,0,0,0,0,0,0,0,0,0
8382,2,sih,0,0,0,0,0,0,0,0,0,0,0,0,0,0,0,0
8383,3,zqi,1,0,0,0,0,0,0,0,0,0,0,0,0,0,0,0
8384,3,ibu,0,0,0,0,0,0,0,0,0,0,0,0,0,0,0,0
8385,3,dry,0,0,0,0,0,0,0,0,0,0,0,0,0,0,0,0
8386,3,esa,0,0,0,0,0,0,0,0,0,0,0,0,0,0,0,0
8387,3,ldi,0,0,0,0,0,0,0,0,0,0,0,0,0,0,0,0
8388,3,ein,0,0,0,0,0,0,0,0,0,0,0,0,0,0,0,0
8389,4,ati,1,1,1,1,1,1,1,1,1,1,1,1,1,1,1,1
8390,3,ono,1,0,0,0,0,0,0,0,0,0,0,0,0,0,0,0
8391,3,ati,0,0,0,0,0,0,0,0,0,0,0,0,0,0,0,0
8392,3,gun,1,1,0,0,1,0,0,1,0,0,1,0,0,1,0,0
8393,3,ani,1,1,1,1,1,1,1,1,1,1,1,1,1,1,1,1
8394,3,lia,1,1,1,1,1,1,1,1,1,1,1,1,1,1,1,1
8395,3,yat,1,1,1,1,1,1,1,1,1,1,1,1,1,1,1,1
8396,2,han,0,0,0,0,0,0,0,0,0,0,0,0,0,0,0,0
8397,2,wen,0,0,0,0,0,0,0,0,0,0,0,0,0,0,0,0
8398,3,son,0,0,0,0,0,0,0,0,0,0,0,0,0,0,0,0
8399,2,ari,1,1,1,1,1,1,1,1,1,1,1,1,1,1,1,1
8400,3,gar,1,1,1,1,1,1,1,1,1,1,1,1,1,1,1,1
8401,3,adi,0,0,0,0,0,0,0,0,0,0,0,0,0,0,0,0
8402,2,ban,0,0,0,0,0,0,0,0,0,0,0,0,0,0,0,0
8403,1,lia,1,1,1,1,1,1,1,1,1,1,1,1,1,1,1,1
8404,3,uda,0,0,0,0,0,0,0,0,0,0,0,0,0,0,0,0
8405,2,nda,0,0,0,1,0,0,1,0,0,1,0,0,1,0,0,1
8406,4,agu,0,0,0,0,0,0,0,0,0,0,0,0,0,0,0,0
8407,3,fur,0,0,0,0,0,0,0,0,0,0,0,0,0,0,0,0
8408,2,ica,1,1,1,1,1,1,1,1,1,1,1,1,1,1,1,1
8409,2,ita,1,1,1,1,1,1,1,1,1,1,1,1,1,1,1,1
8410,3,far,1,0,1,1,0,1,1,0,1,1,0,1,1,0,1,1
8411,3,ana,1,1,1,1,1,1,1,1,1,1,1,1,1,1,1,1
8412,2,ani,0,0,0,0,0,0,0,0,0,0,0,0,0,0,0,0
8413,3,ida,1,1,1,1,1,1,1,1,1,1,1,1,1,1,1,1
8414,4,ana,1,1,1,1,1,1,1,1,1,1,1,1,1,1,1,1
8415,3,ora,1,1,1,1,1,1,1,1,1,1,1,1,1,1,1,1
8416,3,sha,1,1,1,1,1,1,1,1,1,1,1,1,1,1,1,1
8417,3,tri,1,1,1,1,1,1,1,1,1,1,1,1,1,1,1,1
8418,4,ati,1,1,1,1,1,1,1,1,1,1,1,1,1,1,1,1
8419,3,ril,1,1,1,1,1,1,1,1,1,1,1,1,1,1,1,1
8420,3,tna,1,1,1,1,1,1,1,1,1,1,1,1,1,1,1,1
8421,4,wan,1,1,1,0,1,1,0,1,1,0,1,1,0,1,1,0
8422,3,ira,1,1,1,1,1,1,1,1,1,1,1,1,1,1,1,1
8423,3,hra,1,1,1,1,1,1,1,1,1,1,1,1,1,1,1,1
8424,4,hin,1,1,1,1,1,1,1,1,1,1,1,1,1,1,1,1
8425,3,pea,1,1,1,1,1,1,1,1,1,1,1,1,1,1,1,1
8426,3,eni,1,1,1,1,1,1,1,1,1,1,1,1,1,1,1,1
8427,1,yah,0,0,0,0,0,0,0,0,0,0,0,0,0,0,0,0
8428,2,gga,0,0,0,0,0,0,0,0,0,0,0,0,0,0,0,1
8429,3,iel,0,0,0,0,0,0,0,0,0,0,0,0,0,0,0,0
8430,4,aya,1,1,1,1,1,1,1,1,1,1,1,1,1,1,1,1
8431,3,tak,0,0,0,0,0,0,0,0,0,0,0,0,0,0,0,0
8432,3,ana,0,0,0,0,0,0,0,0,0,0,0,0,0,0,0,0
8433,3,wan,0,0,0,0,0,0,0,0,0,0,0,0,0,0,0,0
8434,3,dra,0,0,0,0,0,0,0,0,0,0,0,0,0,0,0,0
8435,3,tra,0,0,0,0,0,0,0,0,0,0,0,0,0,0,0,0
8436,3,ama,0,0,0,0,0,0,0,0,0,0,0,0,0,0,0,0
8437,3,bil,0,0,0,0,0,0,0,0,0,0,0,0,0,0,0,0
8438,3,lah,0,0,0,0,0,0,0,0,0,0,0,0,0,0,0,0
8439,3,ali,0,0,0,0,0,0,0,0,0,0,0,0,0,0,0,0
8440,3,ani,0,0,0,1,0,0,1,0,0,0,0,0,1,0,0,1
8441,4,tar,0,0,0,0,0,0,0,0,0,0,0,0,0,0,0,0
8442,4,ayu,0,0,0,0,0,0,0,0,0,0,0,0,0,0,0,0
8443,3,adi,0,0,0,0,0,0,0,0,0,0,0,0,0,0,0,0
8444,3,uzi,0,0,0,0,0,0,0,0,0,0,0,0,0,0,0,0
8445,2,iel,0,0,0,0,0,0,0,0,0,0,0,0,0,0,0,0
8446,3,omo,0,0,0,0,0,0,0,0,0,0,0,0,0,0,0,0
8447,2,lah,0,0,0,0,0,0,0,0,0,0,0,0,0,0,0,0
8448,3,ing,0,0,0,0,0,0,0,0,0,0,0,0,0,0,0,0
8449,3,tha,0,0,0,0,0,0,0,0,0,0,0,0,0,0,0,0
8450,3,rau,0,0,0,1,0,0,1,0,0,1,0,0,1,0,0,1
8451,2,iri,0,0,0,0,0,0,0,0,0,0,0,0,0,0,0,0
8452,2,wan,0,0,0,0,0,0,0,0,0,0,0,0,0,0,0,0
8453,4,. s,0,0,0,0,0,0,0,0,0,0,0,0,0,0,0,0
8454,3,yah,0,0,0,0,0,0,0,0,0,0,0,0,0,0,0,0
8455,4,ian,0,0,0,0,0,0,0,0,0,0,0,0,0,0,0,0
8456,3,wan,0,0,0,0,0,0,0,0,0,0,0,0,0,0,0,0
8457,3,han,0,0,0,0,0,0,0,0,0,0,0,0,0,0,0,0
8458,3,zan,0,0,0,0,0,0,0,0,0,0,0,0,0,0,0,0
8459,3,umo,0,0,0,0,0,0,0,0,0,0,0,0,0,0,0,0
8460,2,nto,0,0,0,0,0,0,0,0,0,0,0,0,0,0,0,0
8461,4,ury,0,0,0,0,0,0,0,0,0,0,0,0,0,0,0,0
8462,3,oni,0,0,0,0,0,0,0,0,0,0,0,0,0,0,0,0
8463,3,tra,0,0,0,0,0,0,0,0,0,0,0,0,0,0,0,0
8464,2,ana,0,0,0,0,0,0,0,0,0,0,0,0,0,0,0,0
8465,3,rva,1,1,1,1,1,1,1,1,1,1,1,1,1,1,1,1
8466,3,tri,1,1,1,1,1,1,1,1,1,1,1,1,1,1,1,1
8467,3,isa,1,1,1,1,1,1,1,1,1,1,1,1,1,1,1,1
8468,4,rna,1,1,1,1,1,1,1,1,1,1,1,1,1,1,1,1
8469,3,tri,1,1,1,1,1,1,1,1,1,1,1,1,1,1,1,1
8470,3,ula,1,1,1,1,1,1,1,1,1,1,1,1,1,1,1,1
8471,2,adi,1,0,0,0,0,0,0,0,0,0,0,0,0,0,0,0
8472,3,fwa,1,1,1,1,1,1,1,1,1,1,1,1,1,1,1,1
8473,3,try,1,1,1,1,1,1,1,1,1,1,1,1,1,1,1,1
8474,2,ina,1,1,1,1,1,1,1,1,1,1,1,1,1,1,1,1
8475,3,ani,1,1,1,1,1,1,1,1,1,1,1,1,1,1,1,1
8476,4,isa,1,1,1,1,1,1,1,1,1,1,1,1,1,1,1,1
8477,3,nto,0,0,0,0,0,0,0,0,0,0,0,0,0,0,0,0
8478,2,ila,1,1,1,1,1,1,1,1,1,1,1,1,1,1,1,1
8479,3,ita,1,1,1,1,1,1,1,1,1,1,1,1,1,1,1,1
8480,2,lia,1,1,1,1,1,1,1,1,1,1,1,1,1,1,1,1
8481,3,ira,1,1,1,1,1,1,1,1,1,1,1,1,1,1,1,1
8482,3,fah,1,1,1,1,1,1,1,1,1,1,1,1,1,1,1,1
8483,4,uri,1,1,1,1,1,1,1,1,1,1,1,1,1,1,1,1
8484,2,isa,1,1,1,1,1,1,1,1,1,1,1,1,1,1,1,1
8485,3,lia,1,1,1,1,1,1,1,1,1,1,1,1,1,1,1,1
8486,3,iza,1,1,1,0,1,1,0,1,1,0,1,1,0,1,1,1
8487,3,ila,1,1,1,1,1,1,1,1,1,1,1,1,1,1,1,1
8488,3,ani,1,1,1,1,1,1,1,1,1,1,1,1,1,1,1,1
8489,4,adi,1,1,1,1,1,1,1,1,1,1,1,1,1,1,1,1
8490,3,ira,1,1,1,1,1,1,1,1,1,0,1,1,1,1,1,1
8491,4,tri,1,1,1,1,1,1,1,1,1,1,1,1,1,1,1,1
8492,3,tri,1,1,1,1,1,1,1,1,1,1,1,1,1,1,1,1
8493,3,nda,1,1,1,1,1,1,1,1,1,1,1,1,1,1,1,1
8494,2,aty,1,1,1,0,1,1,1,1,1,0,1,1,1,1,1,1
8495,3,hra,1,1,1,1,1,1,1,1,1,1,1,1,1,1,1,1
8496,3,ira,1,1,1,1,1,1,1,1,1,1,1,1,1,1,1,1
8497,3,yya,1,1,1,1,1,1,1,1,1,1,1,1,1,1,1,1
8498,3,dly,1,1,1,1,1,1,1,1,1,1,1,1,1,1,1,1
8499,3,ila,1,1,1,1,1,1,1,1,1,1,1,1,1,1,1,1
8500,3,ayu,1,1,1,1,1,1,1,1,1,1,1,1,1,1,1,1
8501,3,tri,1,1,1,1,1,1,1,1,1,1,1,1,1,1,1,1
8502,3,dia,1,1,1,1,1,1,1,1,1,1,1,1,1,1,1,1
8503,4,dan,1,1,1,1,1,1,1,1,1,1,1,1,1,1,1,1
8504,3,yas,1,1,1,1,1,1,1,1,1,1,1,1,1,1,1,1
8505,3,esi,1,1,1,1,1,1,1,1,1,1,1,1,1,1,1,1
8506,4,bah,1,1,1,1,1,1,1,1,1,1,1,1,1,1,1,1
8507,3,ika,1,1,1,1,1,1,1,1,1,1,1,1,1,1,1,1
8508,2,ina,1,1,1,1,1,1,1,1,1,1,1,1,1,1,1,1
8509,3,ana,1,1,1,0,1,1,0,1,1,0,1,1,0,1,1,0
8510,3,fah,1,1,1,1,1,1,1,1,1,1,1,1,1,1,1,1
8511,3,tra,0,0,0,0,0,0,0,0,0,0,0,0,0,0,0,0
8512,4,tri,1,1,1,1,1,1,1,1,1,1,1,1,1,1,1,1
8513,3,lia,1,1,1,1,1,1,1,1,1,1,1,1,1,1,1,1
8514,3,ati,1,1,1,1,1,1,1,1,1,1,1,1,1,1,1,1
8515,2,any,1,1,1,0,1,1,0,1,1,0,1,1,0,1,1,0
8516,3,yah,1,1,1,1,1,1,1,1,1,1,1,1,1,1,1,1
8517,2,ega,1,0,1,0,0,1,0,0,1,0,0,1,0,0,1,0
8518,3,ani,1,1,1,1,1,1,1,1,1,1,1,1,1,1,1,1
8519,3,qif,0,0,0,0,0,0,0,0,0,0,0,0,0,0,0,0
8520,4,nka,1,1,1,1,1,1,1,1,1,1,1,1,1,1,1,1
8521,4,ell,1,1,1,1,1,1,1,1,1,1,1,1,1,1,1,1
8522,3,ova,1,1,1,1,1,1,1,1,1,1,1,1,1,1,1,1
8523,3,ina,1,1,1,1,1,1,1,1,1,1,1,1,1,1,1,1
8524,3,dus,1,1,1,0,1,1,0,1,1,1,1,1,1,1,1,1
8525,3,nik,1,1,1,1,1,1,1,1,1,1,1,1,1,1,1,1
8526,3,ran,1,1,1,0,1,1,0,1,1,0,1,1,1,1,1,0
8527,4,nta,1,1,1,1,1,1,1,1,1,1,1,1,1,1,1,1
8528,2,ena,1,1,1,1,1,1,1,1,1,1,1,1,1,1,1,1
8529,3,ara,1,1,1,1,1,1,1,1,1,1,1,1,1,1,1,1
8530,2,aya,1,1,1,1,1,1,1,1,1,1,1,1,1,1,1,1
8531,3,era,1,1,1,0,1,1,0,1,1,0,1,1,0,1,1,0
8532,3,sty,1,1,1,1,1,1,1,1,1,1,1,1,1,1,1,1
8533,2,mar,0,0,0,0,0,0,0,0,0,0,0,0,0,0,0,0
8534,2,nan,1,0,0,0,0,0,0,0,0,0,0,0,0,0,0,0
8535,3,yir,1,1,1,0,1,1,0,1,1,0,1,1,0,1,1,0
8536,3,oso,1,1,1,1,1,1,1,1,1,1,1,1,1,1,1,1
8537,4,hra,1,1,1,1,1,1,1,1,1,1,1,1,1,1,1,1
8538,3,ifa,1,1,1,1,1,1,1,1,1,0,1,1,0,1,1,1
8539,3,zky,0,0,0,0,0,0,0,0,0,0,0,0,0,0,0,0
8540,3,gja,0,0,0,0,0,0,0,0,0,0,0,0,0,0,0,0
8541,2,war,0,0,0,0,0,0,0,0,0,0,0,0,0,0,0,0
8542,3,tri,1,1,1,1,1,1,1,1,1,1,1,1,1,1,1,1
8543,3,oho,1,1,1,0,1,1,0,1,1,0,1,1,0,1,1,0
8544,3,ahi,0,0,0,0,0,0,0,0,0,0,0,0,0,0,0,0
8545,3,ani,0,0,0,0,0,0,0,0,0,0,0,0,0,0,0,0
8546,2,hra,1,1,1,1,1,1,1,1,1,1,1,1,1,1,1,1
8547,2,ama,0,0,0,0,0,0,0,0,0,0,0,0,0,0,0,0
8548,2,man,0,0,0,0,0,0,0,0,0,0,0,0,0,0,0,0
8549,3,ine,1,1,1,1,1,1,1,1,1,1,1,1,1,1,1,1
8550,2,ani,1,1,1,1,1,1,1,1,1,1,1,1,1,1,1,1
8551,3,ina,1,1,1,1,1,1,1,1,1,1,1,1,1,1,1,1
8552,5, ar,1,1,1,1,1,1,1,1,1,1,1,1,1,1,1,1
8553,3,iha,1,1,1,1,1,1,1,1,1,1,1,1,1,1,1,1
8554,3,ana,1,1,1,1,1,1,1,1,1,1,1,1,1,1,1,1
8555,2,tha,1,1,1,1,1,1,1,1,1,1,1,1,1,1,1,1
8556,3,lah,0,1,1,0,1,1,0,1,1,0,1,1,0,1,1,0
8557,2,ila,1,1,1,1,1,1,1,1,1,1,1,1,1,1,1,1
8558,3,dah,1,1,1,1,1,1,1,1,1,1,1,1,1,1,1,1
8559,3,sto,0,0,0,0,0,0,0,0,0,0,0,0,0,0,0,0
8560,2,aus,0,0,0,0,0,0,0,0,0,0,0,0,0,0,0,0
8561,2,mam,0,0,0,0,0,0,0,0,0,0,0,0,0,0,0,0
8562,2,nis,0,0,0,1,0,0,1,0,0,1,0,0,1,0,0,1
8563,4,ani,1,1,1,1,1,1,1,1,1,1,1,1,1,1,1,1
8564,1,isa,1,1,1,1,1,1,1,1,1,1,1,1,1,1,1,1
8565,3,uzi,1,1,1,1,1,1,1,1,1,1,1,1,1,1,1,1
8566,4,isn,1,1,1,1,1,1,1,1,1,1,1,1,1,1,1,1
8567,2,ani,1,1,1,1,1,1,1,1,1,1,1,1,1,1,1,1
8568,2,rwa,1,1,1,1,1,1,1,1,1,1,1,1,1,1,1,1
8569,4,ban,0,0,0,0,0,0,0,0,0,0,0,0,0,0,0,0
8570,3,ira,1,1,1,1,1,1,1,1,1,1,1,1,1,1,1,1
8571,2,nia,1,1,1,1,1,1,1,1,1,1,1,1,1,1,1,1
8572,3,ami,1,1,1,1,1,1,1,1,1,1,1,1,1,1,1,1
8573,3,mir,0,0,0,0,0,0,0,0,0,0,0,0,0,0,0,0
8574,3,mud,1,1,1,1,1,1,1,1,1,1,1,1,1,1,1,1
8575,4,tra,0,0,0,0,0,0,0,0,0,0,0,0,0,0,0,0
8576,3,yid,0,0,0,0,0,0,0,0,0,0,0,0,0,0,0,0
8577,3,sya,0,0,1,1,0,1,1,0,1,1,0,1,1,0,1,1
8578,3,dif,0,0,1,1,0,1,1,0,1,1,0,1,1,0,1,1
8579,3,dya,1,1,1,1,1,1,1,1,1,1,1,1,1,1,1,1
8580,5,sir,0,0,1,1,0,1,1,0,1,0,0,1,1,0,1,0
8581,4,bin,1,1,1,1,1,1,1,1,1,1,1,1,1,1,1,1
8582,2,ita,1,1,1,1,1,1,1,1,1,1,1,1,1,1,1,1
8583,3,sya,1,1,1,1,1,1,1,1,1,1,1,1,1,1,1,1
8584,3,ina,1,1,1,1,1,1,1,1,1,1,1,1,1,1,1,1
8585,3,nda,1,1,1,1,1,1,1,1,1,1,1,1,1,1,1,1
8586,3,ani,1,1,1,1,1,1,1,1,1,1,1,1,1,1,1,1
8587,4,rea,1,1,1,1,1,1,1,1,1,1,1,1,1,1,1,1
8588,4,tri,1,1,1,1,1,1,1,1,1,1,1,1,1,1,1,1
8589,3,lah,1,1,1,1,1,1,1,1,1,1,1,1,1,1,1,1
8590,3,aya,1,1,1,1,1,1,1,1,1,1,1,1,1,1,1,1
8591,4,par,1,1,1,1,1,1,1,1,1,1,1,1,1,1,1,1
8592,2,lah,1,1,1,0,1,1,1,1,1,0,1,1,0,1,1,1
8593,3,aya,1,1,1,1,1,1,1,1,1,1,1,1,1,1,1,1
8594,3,fah,1,1,1,1,1,1,1,1,1,1,1,1,1,1,1,1
8595,2,ini,1,1,1,1,1,1,1,1,1,1,1,1,1,1,1,1
8596,2,ija,1,1,1,1,1,1,1,1,1,1,1,1,1,1,1,1
8597,2,ani,1,1,1,1,1,1,1,1,1,1,1,1,1,1,1,1
8598,3,sih,1,0,0,1,0,0,1,0,0,1,0,0,1,0,0,1
8599,4,zah,1,1,1,1,1,1,1,1,1,1,1,1,1,1,1,1
8600,2,ani,1,1,1,1,1,1,1,1,1,1,1,1,1,1,1,1
8601,3,ani,1,1,1,1,1,1,1,1,1,1,1,1,1,1,1,1
8602,2,ain,1,1,1,0,1,1,0,1,1,0,1,1,0,1,1,0
8603,3,nto,1,1,0,0,1,0,0,1,0,0,1,0,0,1,0,0
8604,4,nia,1,1,1,1,1,1,1,1,1,1,1,1,1,1,1,1
8605,3,aya,1,1,1,1,1,1,1,1,1,1,1,1,1,1,1,1
8606,3,lia,1,1,1,1,1,1,1,1,1,1,1,1,1,1,1,1
8607,3,lam,1,1,0,0,1,0,0,1,0,0,1,0,0,1,0,0
8608,3,lah,1,1,1,1,1,1,1,1,1,1,1,1,1,1,1,1
8609,3,him,1,1,0,0,1,0,0,1,0,0,1,0,0,1,0,1
8610,3,rah,1,1,1,1,1,1,1,1,1,1,1,1,1,1,1,1
8611,4,ady,1,1,1,1,1,1,1,1,1,1,1,1,1,1,1,1
8612,3,nur,1,1,1,1,1,1,1,1,1,1,1,1,1,1,1,1
8613,3,yah,1,1,1,1,1,1,1,1,1,1,1,1,1,1,1,1
8614,3,ida,1,1,1,1,1,1,1,1,1,1,1,1,1,1,1,1
8615,3,wan,1,1,1,0,1,1,0,1,1,0,1,1,0,1,1,0
8616,4,ani,1,1,1,1,1,1,1,1,1,1,1,1,1,1,1,1
8617,4,ana,1,1,1,1,1,1,1,1,1,1,1,1,1,1,1,1
8618,3,ani,1,1,1,1,1,1,1,1,1,1,1,1,1,1,1,1
8619,3,alu,1,1,1,1,1,1,1,1,1,1,1,1,1,1,1,1
8620,4,iba,1,1,1,1,1,1,1,1,1,1,1,1,1,1,1,1
8621,4,lik,1,0,1,0,0,1,0,0,1,0,0,1,0,0,1,0
8622,3,tri,1,1,1,1,1,1,1,1,1,1,1,1,1,1,1,1
8623,3,ing,0,1,1,1,1,1,1,1,1,1,1,1,1,1,1,1
8624,4,ari,1,1,1,1,1,1,1,1,1,1,1,1,1,1,1,1
8625,3,rio,0,0,0,0,0,0,0,0,0,0,0,0,0,0,0,0
8626,4,oro,1,1,1,1,1,1,1,1,1,1,1,1,1,1,1,1
8627,2,ani,1,1,1,1,1,1,1,1,1,1,1,1,1,1,1,1
8628,3,sel,1,1,1,1,1,1,1,1,1,1,1,1,1,1,1,1
8629,2,lia,1,1,1,1,1,1,1,1,1,1,1,1,1,1,1,1
8630,3,tia,1,1,1,1,1,1,1,1,1,1,1,1,1,1,1,1
8631,3,fia,1,1,1,1,1,1,1,1,1,1,1,1,1,1,1,1
8632,3,ita,1,1,1,1,1,1,1,1,1,1,1,1,1,1,1,1
8633,3,ani,1,1,1,1,1,1,1,1,1,1,1,1,1,1,1,1
8634,3,tri,1,1,1,1,1,1,1,1,1,1,1,1,1,1,1,1
8635,3,mad,0,0,0,0,0,0,0,0,0,0,0,0,0,0,0,0
8636,4,hir,1,1,1,1,1,1,1,1,1,1,1,1,1,1,1,1
8637,3,aha,1,1,1,0,1,1,0,1,1,0,1,1,0,1,1,0
8638,2,isa,1,1,1,1,1,1,1,1,1,1,1,1,1,1,1,1
8639,3,ata,1,1,1,1,1,1,1,1,1,1,1,1,1,1,1,1
8640,5,ing,1,1,1,1,1,1,1,1,1,1,1,1,1,1,1,1
8641,4,oho,1,1,1,0,1,1,0,1,1,0,1,1,0,1,1,0
8642,3,ani,1,1,1,1,1,1,1,1,1,1,1,1,1,1,1,1
8643,2,ani,1,1,1,1,1,1,1,1,1,1,1,1,1,1,1,1
8644,4,lah,1,1,1,1,1,1,1,1,1,1,1,1,1,1,1,1
8645,3,sta,1,1,1,1,1,1,1,1,1,1,1,1,1,1,1,1
8646,4,lim,1,1,0,0,1,0,0,1,0,0,1,0,0,1,0,1
8647,3,idi,1,1,1,0,1,1,0,1,1,0,1,1,0,1,1,1
8648,2,fia,1,1,1,1,1,1,1,1,1,1,1,1,1,1,1,1
8649,4,tri,1,1,1,1,1,1,1,1,1,1,1,1,1,1,1,1
8650,3,haq,1,1,1,0,1,1,0,1,1,0,1,1,0,1,1,1
8651,2,ian,0,0,0,0,0,0,0,0,0,0,0,0,0,0,0,0
8652,2,fah,1,1,1,1,1,1,1,1,1,1,1,1,1,1,1,1
8653,2,ati,1,1,1,1,1,1,1,1,1,1,1,1,1,1,1,1
8654,3,udi,1,1,1,1,1,1,1,1,1,1,1,1,1,1,1,1
8655,3,asa,0,0,0,0,0,0,0,0,0,0,0,0,0,0,0,0
8656,2,mam,0,0,0,0,0,0,0,0,0,0,0,0,0,0,0,0
8657,3,ila,1,1,1,1,1,1,1,1,1,1,1,1,1,1,1,1
8658,2,tri,1,1,1,1,1,1,1,1,1,1,1,1,1,1,1,1
8659,2,nah,1,1,1,1,1,1,1,1,1,1,1,1,1,1,1,1
8660,3,aza,0,0,0,0,0,0,0,0,0,0,0,0,0,0,0,0
8661,3,tra,0,0,0,0,0,0,0,0,0,0,0,0,0,0,0,0
8662,2,nam,0,0,0,0,0,0,0,0,0,0,0,0,0,0,0,0
8663,2,isa,1,1,1,1,1,1,1,1,1,1,1,1,1,1,1,1
8664,2,yar,0,0,0,0,0,0,0,0,0,0,0,0,0,0,0,0
8665,3,lah,0,0,0,0,0,0,0,0,0,0,0,0,0,0,0,0
8666,2,nin,0,0,0,0,0,0,0,0,0,0,0,0,0,0,0,0
8667,4,owo,0,0,0,0,0,0,0,0,0,0,0,0,0,0,0,0
8668,3,zah,1,1,1,1,1,1,1,1,1,1,1,1,1,1,1,1
8669,2,ani,1,1,1,1,1,1,1,1,1,1,1,1,1,1,1,1
8670,2,rah,1,1,1,1,1,1,1,1,1,1,1,1,1,1,1,1
8671,2,lah,1,1,1,1,1,1,1,1,1,1,1,1,1,1,1,1
8672,3,iwi,1,1,1,1,1,1,1,1,1,1,1,1,1,1,1,1
8673,2,ila,1,1,1,1,1,1,1,1,1,1,1,1,1,1,1,1
8674,1,lil,0,0,0,0,0,0,0,0,0,0,0,0,0,0,0,0
8675,3,har,1,1,1,1,1,1,1,1,1,1,1,1,1,1,1,1
8676,2,ati,1,1,1,1,1,1,1,1,1,1,1,1,1,1,1,1
8677,3,fah,1,1,1,1,1,1,1,1,1,1,1,1,1,1,1,1
8678,2,tah,1,1,1,1,1,1,1,1,1,1,1,1,1,1,1,1
8679,2,ova,1,1,1,0,1,1,1,1,1,0,1,1,1,1,1,1
8680,2,isa,1,1,1,1,1,1,1,1,1,1,1,1,1,1,1,1
8681,3,aus,0,0,0,0,0,0,0,0,0,0,0,0,0,0,0,0
8682,2,din,0,0,0,0,0,0,0,0,0,0,0,0,0,0,0,0
8683,4,oro,0,0,0,0,0,0,0,0,0,0,0,0,0,0,0,0
8684,3,suf,0,0,0,0,0,0,0,0,0,0,0,0,0,0,0,0
8685,2,fah,1,1,1,1,1,1,1,1,1,1,1,1,1,1,1,1
8686,4,lla,1,1,1,1,1,1,1,1,1,1,1,1,1,1,1,1
8687,5,hel,0,0,0,1,0,0,0,0,0,1,0,0,1,0,0,1
8688,2,dya,0,0,0,0,0,0,0,0,0,0,0,0,0,0,0,0
8689,3,afa,1,1,1,1,1,1,1,1,1,1,1,1,1,1,1,1
8690,3,aya,1,0,1,1,0,1,1,0,1,1,0,1,1,0,1,1
8691,3,ana,1,1,1,1,1,1,1,1,1,1,1,1,1,1,1,1
8692,3,lia,1,1,1,1,1,1,1,1,1,1,1,1,1,1,1,1
8693,5,ien,0,0,0,0,0,0,0,0,0,0,0,0,0,0,0,0
8694,3,ama,0,0,0,0,0,0,0,0,0,0,0,0,0,0,0,0
8695,3,ari,1,1,1,1,1,1,1,1,1,1,1,1,1,1,1,1
8696,2,owo,0,0,0,0,0,0,0,0,0,0,0,0,0,0,0,0
8697,3,fun,1,1,1,0,1,1,0,1,1,0,1,1,1,1,1,0
8698,3,ata,0,0,0,0,0,0,0,0,0,0,0,0,0,0,0,0
8699,2,ani,1,1,1,1,1,1,1,1,1,1,1,1,1,1,1,1
8700,2,ngi,1,0,0,0,0,0,0,0,0,0,0,0,0,0,0,0
8701,3,hla,1,1,1,1,1,1,1,1,1,1,1,1,1,1,1,1
8702,4,man,0,0,0,0,0,0,0,0,0,0,0,0,0,0,0,0
8703,3,iny,1,1,1,1,1,1,1,1,1,1,1,1,1,1,1,1
8704,3,ova,0,0,0,0,0,0,1,0,0,0,0,0,0,0,0,0
8705,3,ari,1,1,1,1,1,1,1,1,1,1,1,1,1,1,1,1
8706,2,ami,1,1,1,1,1,1,1,1,1,1,1,1,1,1,1,1
8707,3,ras,1,1,1,1,1,1,1,1,1,1,1,1,1,1,1,1
8708,3,tri,1,1,1,1,1,1,1,1,1,1,1,1,1,1,1,1
8709,3,hra,1,1,1,1,1,1,1,1,1,1,1,1,1,1,1,1
8710,3,ana,1,0,0,1,0,0,1,0,0,1,0,0,1,0,0,1
8711,2,nda,1,1,1,1,1,1,1,1,1,1,1,1,1,1,1,1
8712,2,lla,1,1,1,1,1,1,1,1,1,1,1,1,1,1,1,1
8713,3,nto,1,1,1,0,1,1,0,1,1,0,1,1,0,1,1,0
8714,3,ira,1,1,1,1,1,1,1,1,1,1,1,1,1,1,1,1
8715,3,dya,1,1,1,1,1,1,1,1,1,1,1,1,1,1,1,1
8716,3,ani,1,1,1,1,1,1,1,1,1,1,1,1,1,1,1,1
8717,4,han,1,1,1,0,1,1,0,1,1,0,1,1,0,1,1,0
8718,3,ina,1,1,1,1,1,1,1,1,1,1,1,1,1,1,1,1
8719,3,wan,1,1,1,1,1,1,1,1,1,1,1,1,1,1,1,1
8720,2,ari,1,1,1,1,1,1,1,1,1,1,1,1,1,1,1,1
8721,3,ali,1,1,1,1,1,1,1,1,1,1,1,1,1,1,1,1
8722,2,yah,1,1,1,1,1,1,1,1,1,1,1,1,1,1,1,1
8723,3,ina,1,1,1,1,1,1,1,1,1,1,1,1,1,1,1,1
8724,2,tri,1,1,1,1,1,1,1,1,1,1,1,1,1,1,1,1
8725,3,tya,1,1,1,1,1,1,1,1,1,1,1,1,1,1,1,1
8726,2,tri,1,1,1,1,1,1,1,1,1,1,1,1,1,1,1,1
8727,3,ati,1,1,1,1,1,1,1,1,1,1,1,1,1,1,1,1
8728,3,yat,1,1,1,1,1,1,1,1,1,1,1,1,1,1,1,1
8729,4,tio,1,1,1,1,1,1,1,1,1,1,1,1,1,1,1,1
8730,3,ati,1,1,1,1,1,1,1,1,1,1,1,1,1,1,1,1
8731,3,tri,1,1,1,1,1,1,1,1,1,1,1,1,1,1,1,1
8732,1,ral,0,0,0,0,0,0,0,0,0,0,0,0,0,0,0,0
8733,4,ewi,1,1,1,1,1,1,1,1,1,1,1,1,1,1,1,1
8734,4,ung,0,0,0,0,0,0,0,0,0,0,0,0,0,0,0,0
8735,3,lah,0,0,0,0,0,0,0,0,0,0,0,0,0,0,0,0
8736,3,ara,1,0,1,1,0,1,1,0,1,1,0,1,1,0,1,1
8737,1,hna,0,0,0,1,0,0,1,0,0,0,0,0,0,0,0,1
8738,2,nto,0,0,0,0,0,0,0,0,0,0,0,0,0,0,0,0
8739,3,nto,0,0,0,0,0,0,0,0,0,0,0,0,0,0,0,0
8740,3,tra,0,0,0,0,0,0,0,0,0,0,0,0,0,0,0,0
8741,2,kar,0,0,0,0,0,0,0,0,0,0,0,0,0,0,0,0
8742,3,ora,1,1,1,0,1,1,0,1,1,0,1,1,0,1,1,0
8743,3,ami,0,0,0,0,0,0,0,0,0,0,0,0,0,0,0,0
8744,3,udi,0,0,0,0,0,0,0,0,0,0,0,0,0,0,0,0
8745,3,yah,0,0,0,0,0,0,0,0,0,0,0,0,0,0,0,0
8746,3,ana,0,0,0,1,0,0,1,0,0,1,0,0,1,0,0,1
8747,3,iko,0,0,0,0,0,0,0,0,0,0,0,0,0,0,0,0
8748,3,tte,1,1,1,1,1,1,1,1,1,1,1,1,1,1,1,1
8749,2,ati,1,1,1,1,1,1,1,1,1,1,1,1,1,1,1,1
8750,4,ota,0,0,0,0,0,0,0,0,0,0,0,0,0,0,0,0
8751,3,ius,0,0,0,0,0,0,0,0,0,0,0,0,0,0,0,0
8752,2,loh,0,0,0,0,0,0,0,0,0,0,0,0,0,0,0,0
8753,3,yas,1,1,1,1,1,1,1,1,1,1,1,1,1,1,1,1
8754,2,ida,1,1,1,0,1,1,1,1,1,0,1,1,1,1,1,1
8755,3,lia,1,1,1,1,1,1,1,1,1,0,1,1,0,1,1,1
8756,3,ama,0,0,0,0,0,0,0,0,0,0,0,0,0,0,0,0
8757,3,wan,0,0,0,0,0,0,0,0,0,0,0,0,0,0,0,0
8758,3,ama,1,1,1,0,1,1,0,1,1,0,1,1,0,1,1,0
8759,3,ewi,1,1,1,1,1,1,1,1,1,1,1,1,1,1,1,1
8760,3,ini,1,1,1,1,1,1,1,1,1,1,1,1,1,1,1,1
8761,3,owo,0,0,0,0,0,0,0,0,0,0,0,0,0,0,0,0
8762,4,suf,1,1,1,1,1,1,1,1,1,1,1,1,1,1,1,1
8763,4,tra,0,0,0,0,0,0,0,0,0,0,0,0,0,0,0,0
8764,1,iri,0,0,0,0,0,0,0,0,0,0,0,0,0,0,0,0
8765,3,ari,1,1,1,1,1,1,1,1,1,1,1,1,1,1,1,1
8766,3,nto,0,0,0,0,0,0,0,0,0,0,0,0,0,0,0,0
8767,4,hma,1,1,1,1,1,1,1,1,1,1,1,1,1,1,1,1
8768,3,nti,1,1,1,1,1,1,1,1,1,1,1,1,1,1,1,1
8769,3,eni,1,1,1,1,1,1,1,1,1,1,1,1,1,1,1,1
8770,4,ani,0,0,0,1,0,0,0,0,0,0,0,0,1,0,0,0
8771,4,waz,0,0,0,0,0,0,0,0,0,0,0,0,0,0,0,0
8772,2,cia,1,1,1,1,1,1,1,1,1,1,1,1,1,1,1,1
8773,3,qqi,1,0,0,0,0,0,0,0,0,0,0,0,0,0,0,0
8774,3,ila,1,1,1,1,1,1,1,1,1,1,1,1,1,1,1,1
8775,3,ari,1,1,1,1,1,1,1,1,1,1,1,1,1,1,1,1
8776,2,ifa,1,1,1,1,1,1,1,1,1,1,1,1,1,1,1,1
8777,3,ura,1,1,1,0,1,1,1,1,1,1,1,1,1,1,1,0
8778,3,ana,1,1,1,1,1,1,1,1,1,1,1,1,1,1,1,1
8779,3,hma,1,1,1,1,1,1,1,1,1,1,1,1,1,1,1,1
8780,3,nah,1,1,1,1,1,1,1,1,1,1,1,1,1,1,1,1
8781,3,ari,1,1,1,1,1,1,1,1,1,1,1,1,1,1,1,1
8782,3,ine,1,1,1,1,1,1,1,1,1,1,1,1,1,1,1,1
8783,2,ila,1,1,1,1,1,1,1,1,1,1,1,1,1,1,1,1
8784,2,tri,1,1,1,1,1,1,1,1,1,1,1,1,1,1,1,1
8785,3,hra,1,1,1,1,1,1,1,1,1,1,1,1,1,1,1,1
8786,3,nti,1,1,1,1,1,1,1,1,1,1,1,1,1,1,1,1
8787,2,isa,1,1,1,1,1,1,1,1,1,1,1,1,1,1,1,1
8788,2,dah,1,1,1,1,1,1,1,1,1,1,1,1,1,1,1,1
8789,2,iah,1,1,1,1,1,1,1,1,1,1,1,1,1,1,1,1
8790,2,yah,1,1,1,1,1,1,1,1,1,1,1,1,1,1,1,1
8791,4,dra,1,1,1,1,1,1,1,1,1,1,1,1,1,1,1,1
8792,3,sky,1,1,1,1,1,1,1,1,1,1,1,1,1,1,1,1
8793,3,nah,1,1,1,1,1,1,1,1,1,1,1,1,1,1,1,1
8794,2,ila,1,1,1,1,1,1,1,1,1,1,1,1,1,1,1,1
8795,3,ani,1,1,1,1,1,1,1,1,1,1,1,1,1,1,1,1
8796,3,hma,1,1,1,1,1,1,1,1,1,1,1,1,1,1,1,1
8797,3,ief,1,1,1,1,1,1,1,1,1,1,1,1,1,1,1,1
8798,3,ian,1,1,1,0,1,1,0,1,1,0,1,1,0,1,1,0
8799,3,ewa,0,0,0,0,0,0,0,0,0,0,0,0,0,0,0,0
8800,2,ira,1,1,1,1,1,1,1,1,1,0,1,1,1,1,1,0
8801,3,bun,0,0,0,0,0,0,0,0,0,0,0,0,0,0,0,0
8802,3,lif,0,0,0,0,0,0,0,0,0,0,0,0,0,0,0,0
8803,3,ito,0,0,0,0,0,0,0,0,0,0,0,0,0,0,0,0
8804,2,any,1,1,1,1,1,1,1,1,1,1,1,1,1,1,1,1
8805,3,aus,0,0,0,0,0,0,0,0,0,0,0,0,0,0,0,0
8806,4,rti,1,1,1,1,1,1,1,1,1,1,1,1,1,1,1,1
8807,4,ana,1,1,1,1,1,1,1,1,1,1,1,1,1,1,1,1
8808,3,ata,0,0,0,0,0,0,0,0,0,0,0,0,0,0,0,0
8809,3,ati,1,1,1,1,1,1,1,1,1,1,1,1,1,1,1,1
8810,4,sir,1,1,1,0,1,1,1,1,1,0,1,1,0,1,1,1
8811,3,wan,1,1,1,1,1,1,1,1,1,0,1,1,1,1,1,1
8812,3,fif,0,0,0,0,0,0,0,0,0,0,0,0,0,0,0,0
8813,2,ion,1,1,1,1,1,1,1,1,1,1,1,1,1,1,1,1
8814,2,yas,1,1,1,1,1,1,1,1,1,1,1,1,1,1,1,1
8815,3,ina,1,1,1,1,1,1,1,1,1,1,1,1,1,1,1,1
8816,3,ika,1,1,1,1,1,1,1,1,1,1,1,1,1,1,1,1
8817,3,kin,1,1,1,1,1,1,1,1,1,1,1,1,1,1,1,1
8818,3,tri,1,1,1,1,1,1,1,1,1,1,1,1,1,1,1,1
8819,2,ana,1,1,1,1,1,1,1,1,1,1,1,1,1,1,1,1
8820,3,kia,1,1,1,1,1,1,1,1,1,1,1,1,1,1,1,1
8821,2,hra,1,1,1,1,1,1,1,1,1,1,1,1,1,1,1,1
8822,3,yla,1,1,1,1,1,1,1,1,1,1,1,1,1,1,1,1
8823,3,oro,1,1,1,1,1,1,1,1,1,1,1,1,1,1,1,1
8824,3,faa,1,1,1,1,1,1,1,1,1,1,1,1,1,1,1,1
8825,3,ani,1,1,1,1,1,1,1,1,1,1,1,1,1,1,1,1
8826,3,sha,1,1,1,1,1,1,1,1,1,1,1,1,1,1,1,1
8827,5, s.,1,1,1,1,1,1,1,1,1,1,1,1,1,1,1,1
8828,3,man,1,1,1,0,1,1,0,1,1,0,1,1,0,1,1,0
8829,3,lim,1,0,0,0,0,0,0,0,0,0,0,0,0,0,0,0
8830,3,yah,0,0,0,0,0,0,0,0,0,0,0,0,0,0,0,0
8831,4,yid,0,0,0,0,0,0,0,0,0,0,0,0,0,0,0,0
8832,3,lia,1,1,1,1,1,1,1,1,1,1,1,1,1,1,1,1
8833,3,osi,0,0,0,0,0,0,0,0,0,0,0,0,0,0,0,0
8834,3,ata,1,1,1,0,1,1,0,1,1,0,1,1,0,1,1,0
8835,2,isa,1,1,1,1,1,1,1,1,1,1,1,1,1,1,1,1
8836,3,hon,1,1,1,1,1,1,1,1,1,1,1,1,1,1,1,1
8837,4,bun,1,1,1,1,1,1,1,1,1,1,1,1,1,1,1,1
8838,4,ewi,1,1,1,1,1,1,1,1,1,1,1,1,1,1,1,1
8839,4,wan,1,1,1,1,1,1,1,1,1,1,1,1,1,1,1,1
8840,2,osa,1,1,1,1,1,1,1,1,1,1,1,1,1,1,1,1
8841,2,eli,1,1,1,1,1,1,1,1,1,1,1,1,1,1,1,1
8842,4,lah,1,1,1,1,1,1,1,1,1,1,1,1,1,1,1,1
8843,3,sta,1,1,1,1,1,1,1,1,1,1,1,1,1,1,1,1
8844,2,ine,1,1,1,1,1,1,1,1,1,1,1,1,1,1,1,1
8845,3,ter,1,1,1,1,1,1,1,1,1,1,1,1,1,1,1,1
8846,3,owo,0,0,0,0,0,0,0,0,0,0,0,0,0,0,0,0
8847,3,via,1,1,1,1,1,1,1,1,1,1,1,1,1,1,1,1
8848,2,ikk,1,1,1,1,1,1,1,1,1,1,1,1,1,1,1,1
8849,4,iwi,1,1,1,1,1,1,1,1,1,1,1,1,1,1,1,1
8850,3,adi,0,0,0,0,0,0,0,0,0,0,0,0,0,0,0,0
8851,3,fus,1,1,1,0,1,1,0,1,1,0,1,1,0,1,1,0
8852,2,ono,0,0,0,0,0,0,0,0,0,0,0,0,0,0,0,0
8853,3,dra,0,0,0,0,0,0,0,0,0,0,0,0,0,0,0,0
8854,3,dra,0,0,0,0,0,0,0,0,0,0,0,0,0,0,0,0
8855,3,ina,1,1,1,1,1,1,1,1,1,1,1,1,1,1,1,1
8856,3,ara,1,1,1,1,1,1,1,1,1,1,1,1,1,1,1,1
8857,4,udi,1,1,1,1,1,1,1,1,1,1,1,1,1,1,1,1
8858,3,ira,1,1,1,1,1,1,1,1,1,1,1,1,1,1,1,1
8859,3,iah,1,1,1,1,1,1,1,1,1,1,1,1,1,1,1,1
8860,3,mus,0,0,0,0,0,0,0,0,0,0,0,0,0,0,0,0
8861,3,ari,1,1,1,1,1,1,1,1,1,1,1,1,1,1,1,1
8862,3,gan,1,1,1,1,1,1,1,1,1,1,1,1,1,1,1,1
8863,3,ibu,0,0,0,0,0,0,0,0,0,0,0,0,0,0,0,0
8864,2,tio,0,0,0,0,0,0,0,0,0,0,0,0,0,0,0,0
8865,4,ung,0,0,0,0,0,0,0,0,0,0,0,0,0,0,0,0
8866,3,mus,0,0,0,0,0,0,0,0,0,0,0,0,0,0,0,0
8867,3,lon,0,0,0,0,0,0,0,0,0,0,0,0,0,0,0,0
8868,2,rbo,0,0,0,0,0,0,0,0,0,0,0,0,0,0,0,0
8869,3,tri,1,1,1,1,1,1,1,1,1,1,1,1,1,1,1,1
8870,4,ang,1,1,1,1,1,1,1,1,1,1,1,1,1,1,1,1
8871,2,nti,1,1,1,1,1,1,1,1,1,1,1,1,1,1,1,1
8872,3,ria,0,0,0,0,0,0,0,0,0,0,0,0,0,0,0,0
8873,2,ian,0,0,0,0,0,0,0,0,0,0,0,0,0,0,0,0
8874,3,aya,0,0,0,0,0,0,0,0,0,0,0,0,0,0,0,0
8875,4,tra,0,0,0,0,0,0,0,0,0,0,0,0,0,0,0,0
8876,3,tri,1,1,1,1,1,1,1,1,1,1,1,1,1,1,1,1
8877,4,sin,1,1,1,1,1,1,1,1,1,1,1,1,1,1,1,1
8878,2,dah,1,1,1,1,1,1,1,1,1,1,1,1,1,1,1,1
8879,2,ani,1,1,1,1,1,1,1,1,1,1,1,1,1,1,1,1
8880,3,yah,0,0,0,0,0,0,0,0,0,0,0,0,0,0,0,0
8881,2,ani,1,1,1,1,1,1,1,1,1,1,1,1,1,1,1,1
8882,3,nam,1,0,0,0,0,0,0,0,0,0,0,0,0,0,0,0
8883,3,omo,1,1,1,0,1,1,0,1,1,0,1,1,0,1,1,0
8884,3,ang,1,1,1,1,1,1,1,1,1,1,1,1,1,1,1,1
8885,2,ana,0,1,1,0,1,1,1,1,1,1,1,1,1,1,1,0
8886,2,nda,1,1,1,1,1,1,1,1,1,1,1,1,1,1,1,1
8887,2,ayu,1,1,1,1,1,1,1,1,1,1,1,1,1,1,1,1
8888,2,ani,1,1,1,1,1,1,1,1,1,1,1,1,1,1,1,1
8889,3,ono,1,1,1,1,1,1,1,1,1,1,1,1,1,1,1,1
8890,4,tri,1,1,1,1,1,1,1,1,1,1,1,1,1,1,1,1
8891,3,oni,1,1,1,1,1,1,1,1,1,1,1,1,1,1,1,1
8892,3,zah,1,1,1,1,1,1,1,1,1,1,1,1,1,1,1,1
8893,2,ura,1,1,1,1,1,1,1,1,1,1,1,1,1,1,1,1
8894,4,iwi,1,1,1,1,1,1,1,1,1,1,1,1,1,1,1,1
8895,3,ani,0,0,0,0,0,0,1,0,0,0,0,0,0,0,0,0
8896,2,yah,0,0,0,0,0,0,0,0,0,0,0,0,0,0,0,0
8897,2,ani,1,1,1,1,1,1,1,1,1,1,1,1,1,1,1,1
8898,4,hyt,1,0,0,0,0,0,0,0,0,0,0,0,0,0,0,0
8899,2,ara,1,1,1,1,1,1,1,1,1,1,1,1,1,1,1,1
8900,2,lia,1,1,1,1,1,1,1,1,1,1,1,1,1,1,1,1
8901,2,roh,1,1,1,1,1,1,1,1,1,1,1,1,1,1,1,1
8902,2,ani,1,1,1,1,1,1,1,1,1,1,1,1,1,1,1,1
8903,2,aya,1,1,1,1,1,1,1,1,1,1,1,1,1,1,1,1
8904,2,nti,1,1,1,1,1,1,1,1,1,1,1,1,1,1,1,1
8905,3,aba,1,1,1,1,1,1,1,1,1,1,1,1,1,1,1,1
8906,3,aru,0,0,0,1,0,0,1,0,0,1,0,0,1,0,0,1
8907,3,kah,1,1,1,1,1,1,1,1,1,1,1,1,1,1,1,1
8908,3,dra,0,0,0,0,0,0,0,0,0,0,0,0,0,0,0,0
8909,3,han,0,0,0,0,0,0,0,0,0,0,0,0,0,0,0,0
8910,3,nis,1,1,1,1,1,1,1,1,1,1,1,1,1,1,1,1
8911,2,yas,1,1,1,1,1,1,1,1,1,1,1,1,1,1,1,1
8912,3,yah,1,1,1,1,1,1,1,1,1,1,1,1,1,1,1,1
8913,2,yas,1,1,1,1,1,1,1,1,1,1,1,1,1,1,1,1
8914,2,ana,1,1,1,1,1,1,1,1,1,1,1,1,1,1,1,1
8915,3,lia,1,1,1,1,1,1,1,1,1,1,1,1,1,1,1,1
8916,3,'at,1,1,1,1,1,1,1,1,1,1,1,1,1,1,1,1
8917,3,ani,0,1,1,1,1,1,1,1,1,1,1,1,1,1,1,1
8918,2,era,1,1,1,1,1,1,1,1,1,1,1,1,1,1,1,1
8919,2,ika,0,1,1,1,1,1,1,1,1,1,1,1,1,1,1,1
8920,2,ari,0,1,1,1,1,1,1,1,1,1,1,1,1,1,1,1
8921,3,ari,1,1,1,1,1,1,1,1,1,1,1,1,1,1,1,1
8922,3,hra,1,1,1,1,1,1,1,1,1,1,1,1,1,1,1,1
8923,3,idz,0,0,0,1,0,0,1,0,0,1,0,0,1,0,0,1
8924,3,diq,0,0,0,1,0,0,1,0,0,1,0,0,1,0,0,1
8925,3,ara,0,0,0,1,0,0,1,0,0,1,0,0,1,0,0,0
8926,2,ira,1,1,1,1,1,1,1,1,1,1,1,1,1,1,1,1
8927,3,ana,1,1,1,1,1,1,1,1,1,1,1,1,1,1,1,1
8928,2,lla,1,1,1,1,1,1,1,1,1,1,1,1,1,1,1,1
8929,4,ana,0,0,0,0,0,0,0,0,0,0,0,0,0,0,0,0
8930,2,ita,1,1,1,1,1,1,1,1,1,1,1,1,1,1,1,1
8931,2,ita,1,1,1,1,1,1,1,1,1,1,1,1,1,1,1,1
8932,3,sha,1,1,1,1,1,1,1,1,1,1,1,1,1,1,1,1
8933,3,rsi,1,1,1,1,1,1,1,1,1,1,1,1,1,1,1,1
8934,2,nda,1,1,1,1,1,1,1,1,1,1,1,1,1,1,1,1
8935,3,tri,1,1,1,1,1,1,1,1,1,1,1,1,1,1,1,1
8936,2,iah,1,1,1,1,1,1,1,1,1,1,1,1,1,1,1,1
8937,2,ana,1,1,1,1,1,1,1,1,1,1,1,1,1,1,1,1
8938,3,zaa,1,1,1,1,1,1,1,1,1,1,1,1,1,1,1,1
8939,3,iza,1,1,1,1,1,1,1,1,1,1,1,1,1,1,1,1
8940,2,ila,1,1,1,1,1,1,1,1,1,1,1,1,1,1,1,1
8941,2,ati,1,1,1,1,1,1,1,1,1,1,1,1,1,1,1,1
8942,3,dja,1,1,1,1,1,1,1,1,1,1,1,1,1,1,1,1
8943,4,ung,1,1,1,1,1,1,1,1,1,1,1,1,1,1,1,1
8944,3,hra,1,1,1,1,1,1,1,1,1,1,1,1,1,1,1,1
8945,4,uba,1,1,1,1,1,1,1,1,1,1,1,1,1,1,1,1
8946,3,iah,1,1,1,1,1,1,1,1,1,1,1,1,1,1,1,1
8947,2,ita,1,1,1,1,1,1,1,1,1,1,1,1,1,1,1,1
8948,2,ani,1,1,1,1,1,1,1,1,1,1,1,1,1,1,1,1
8949,3,dul,1,1,1,1,1,1,1,1,1,1,1,1,1,1,1,1
8950,3,zqi,0,0,0,0,0,0,0,0,0,0,0,0,0,0,0,0
8951,3,wan,1,1,1,0,1,1,0,1,1,0,1,1,0,1,1,0
8952,3,kia,1,1,1,1,1,1,1,1,1,1,1,1,1,1,1,1
8953,3,lon,0,0,0,0,0,0,0,0,0,0,0,0,0,0,0,0
8954,3,aya,1,1,1,1,1,1,1,1,1,1,1,1,1,1,1,1
8955,3,fat,1,1,1,1,1,1,1,1,1,1,1,1,1,1,1,1
8956,2,lia,1,1,1,1,1,1,1,1,1,1,1,1,1,1,1,1
8957,3,tma,1,1,1,1,1,1,1,1,1,1,1,1,1,1,1,1
8958,3,nie,1,1,1,1,1,1,1,1,1,1,1,1,1,1,1,1
8959,1,ita,1,1,1,1,1,1,1,1,1,1,1,1,1,1,1,1
8960,3,ssa,0,0,0,0,0,0,0,0,0,0,0,0,0,0,0,0
8961,3,ezy,0,0,0,0,0,0,0,0,0,0,0,0,0,0,0,0
8962,4,ani,0,0,0,0,0,0,0,0,0,0,0,0,0,0,0,0
8963,3,dus,0,0,0,0,0,0,0,0,0,0,0,0,0,0,0,0
8964,4,umb,1,1,1,0,1,1,0,1,1,1,1,1,1,1,1,0
8965,2,ika,1,1,1,1,1,1,1,1,1,1,1,1,1,1,1,1
8966,3,nov,1,0,0,0,0,0,0,0,0,0,0,0,0,0,0,0
8967,3,lia,1,1,1,1,1,1,1,1,1,1,1,1,1,1,1,1
8968,3,ira,1,1,1,1,1,1,1,1,1,1,1,1,1,1,1,1
8969,4,any,1,1,1,1,1,1,1,1,1,1,1,1,1,1,1,1
8970,2,yam,1,1,1,1,1,1,1,1,1,1,1,1,1,1,1,1
8971,2,lwa,1,0,1,1,0,1,1,0,1,1,0,1,1,0,1,1
8972,4,osu,0,0,0,0,0,0,0,0,0,0,0,0,0,0,0,0
8973,3,yat,0,0,0,0,0,0,0,0,0,0,0,0,0,0,0,0
8974,3,rso,1,1,1,1,1,1,1,1,1,1,1,1,1,1,1,1
8975,3,aya,1,1,1,1,1,1,0,1,1,0,1,1,0,1,1,0
8976,4,wal,0,0,0,0,0,0,0,0,0,0,0,0,0,0,0,0
8977,3,tra,0,0,0,0,0,0,0,0,0,0,0,0,0,0,0,0
8978,3,ila,1,1,1,1,1,1,1,1,1,1,1,1,1,1,1,1
8979,2,ndo,0,0,0,0,0,0,0,0,0,0,0,0,0,0,0,0
8980,2,jah,1,1,1,1,1,1,1,1,1,1,1,1,1,1,1,1
8981,3,rga,0,0,0,1,0,0,1,0,0,1,0,0,1,0,0,1
8982,3,wan,0,0,0,0,0,0,0,0,0,0,0,0,0,0,0,0
8983,3,far,0,0,0,0,0,0,0,0,0,0,0,0,0,0,0,0
8984,2,yis,0,0,0,0,0,0,0,0,0,0,0,0,0,0,0,0
8985,3,ara,1,1,1,1,1,1,1,1,1,1,1,1,1,1,1,1
8986,3,aha,1,1,1,0,1,1,0,1,1,0,1,1,0,1,1,0
8987,3,ary,1,1,1,1,1,1,1,1,1,1,1,1,1,1,1,1
8988,4,aan,1,1,1,0,1,1,0,1,1,0,1,1,0,1,1,0
8989,2,nia,1,1,1,1,1,1,1,1,1,1,1,1,1,1,1,1
8990,3,nia,1,1,1,1,1,1,1,1,1,1,1,1,1,1,1,1
8991,2,nti,1,1,1,1,1,1,1,1,1,1,1,1,1,1,1,1
8992,3,adi,1,1,0,0,1,0,0,1,0,0,1,0,0,1,0,0
8993,2,lla,1,1,1,1,1,1,1,1,1,1,1,1,1,1,1,1
8994,3,ani,1,1,1,1,1,1,1,1,1,1,1,1,1,1,1,1
8995,3,aya,1,1,1,1,1,1,1,1,1,1,1,1,1,1,1,1
8996,2,iya,1,1,1,1,1,1,1,1,1,1,1,1,1,1,1,1
8997,2,ina,1,1,1,1,1,1,1,1,1,1,1,1,1,1,1,1
8998,3,lah,1,1,1,1,1,1,1,1,1,1,1,1,1,1,1,1
8999,4,ani,1,1,1,1,1,1,1,1,1,1,1,1,1,1,1,1
9000,3,iwa,1,1,1,1,1,1,1,1,1,1,1,1,1,1,1,1
9001,3,ani,1,1,1,1,1,1,1,1,1,1,1,1,1,1,1,1
9002,2,ron,1,1,1,0,1,1,0,1,1,0,1,1,0,1,1,0
9003,3,nto,1,1,1,0,1,1,0,1,1,0,1,1,0,1,1,0
9004,3,ono,0,0,0,0,0,0,0,0,0,0,0,0,0,0,0,0
9005,3,ana,1,1,1,1,1,1,1,1,1,1,1,1,1,1,1,1
9006,3,mko,1,1,1,1,1,1,1,1,1,1,1,1,1,1,1,1
9007,3,rum,1,1,1,1,1,1,1,1,1,1,1,1,1,1,1,1
9008,3,nah,1,1,1,1,1,1,1,1,1,1,1,1,1,1,1,1
9009,3,lah,0,0,0,0,0,0,0,0,0,0,0,0,0,0,0,0
9010,4,uda,0,0,0,0,0,0,0,0,0,0,0,0,0,0,0,0
9011,2,hri,0,0,0,0,0,0,0,0,0,0,0,0,0,0,0,0
9012,2,isa,1,1,1,1,1,1,1,1,1,1,1,1,1,1,1,1
9013,2,yah,0,0,0,0,0,0,0,0,0,0,0,0,0,0,0,0
9014,2,kim,0,0,0,0,0,0,0,0,0,0,0,0,0,0,0,0
9015,3,tri,1,1,1,1,1,1,1,1,1,1,1,1,1,1,1,1
9016,2,lah,1,1,1,1,1,1,1,1,1,1,1,1,1,1,1,1
9017,3,eni,1,1,1,1,1,1,1,1,1,1,1,1,1,1,1,1
9018,2,dia,1,1,1,1,1,1,1,1,1,1,1,1,1,1,1,1
9019,2,ati,1,1,1,1,1,1,1,1,1,1,1,1,1,1,1,1
9020,4,mah,1,1,1,1,1,1,1,1,1,1,1,1,1,1,1,1
9021,2,ita,1,1,1,1,1,1,1,1,1,1,1,1,1,1,1,1
9022,3,buy,1,1,1,1,1,1,1,1,1,1,1,1,1,1,1,1
9023,2,lah,0,0,0,0,0,0,0,0,0,0,0,0,0,0,0,0
9024,3,ezi,0,0,0,0,0,0,0,0,0,0,0,0,0,0,0,0
9025,3,yan,0,0,0,0,0,0,0,0,0,0,0,0,0,0,0,0
9026,3,qar,0,0,0,0,0,0,0,0,0,0,0,0,0,0,0,0
9027,2,nto,0,0,0,0,0,0,0,0,0,0,0,0,0,0,0,0
9028,3,hdi,1,0,0,0,0,0,0,0,0,0,0,0,0,0,0,0
9029,2,hil,1,0,0,0,0,0,0,0,0,0,0,0,0,0,0,0
9030,3,lah,0,0,0,0,0,0,0,0,0,0,0,0,0,0,0,0
9031,3,ono,0,0,0,0,0,0,0,0,0,0,0,0,0,0,0,0
9032,2,han,0,0,0,0,0,0,0,0,0,0,0,0,0,0,0,0
9033,3,ota,0,0,0,0,0,0,0,0,0,0,0,0,0,0,0,0
9034,2,yah,0,0,0,0,0,0,0,0,0,0,0,0,0,0,0,0
9035,3,jid,0,0,0,0,0,0,0,0,0,0,0,0,0,0,0,0
9036,2,rum,1,1,1,1,1,1,1,1,1,1,1,1,1,1,1,1
9037,3,tri,1,1,1,1,1,1,1,1,1,1,1,1,1,1,1,1
9038,2,ati,1,1,1,1,1,1,1,1,1,1,1,1,1,1,1,1
9039,3,sta,0,0,0,1,0,0,0,0,0,0,0,0,0,0,0,1
9040,2,dad,0,0,0,0,0,0,0,0,0,0,0,0,0,0,0,0
9041,3,lia,1,1,1,1,1,1,1,1,1,1,1,1,1,1,1,1
9042,3,fir,1,1,1,1,1,1,1,1,1,1,1,1,1,1,1,1
9043,3,uan,1,1,1,1,1,1,1,1,1,1,1,1,1,1,1,1
9044,3,mah,1,1,1,1,1,1,1,1,1,1,1,1,1,1,1,1
9045,2,man,1,1,1,0,1,1,0,1,1,0,1,1,0,1,1,0
9046,1,aha,0,0,0,0,0,0,0,0,0,0,0,0,0,0,0,0
9047,2,din,1,1,0,0,1,0,0,1,0,0,1,0,0,1,0,0
9048,2,ari,1,1,1,1,1,1,1,1,1,1,1,1,1,1,1,1
9049,4,dra,1,1,1,1,1,1,1,1,1,1,1,1,1,1,1,1
9050,3,lon,0,0,0,0,0,0,0,0,0,0,0,0,0,0,0,0
9051,3,tri,1,1,1,1,1,1,1,1,1,1,1,1,1,1,1,1
9052,2,zky,0,0,0,0,0,0,0,0,0,0,0,0,0,0,0,0
9053,3,tim,0,0,0,0,0,0,0,0,0,0,0,0,0,0,0,0
9054,3,ang,1,1,0,0,1,0,0,1,0,0,1,0,0,1,0,0
9055,2,ati,1,1,1,1,1,1,1,1,1,1,1,1,1,1,1,1
9056,1,ila,1,1,1,1,1,1,1,1,1,1,1,1,1,1,1,1
9057,3,tri,1,1,1,1,1,1,1,1,1,1,1,1,1,1,1,1
9058,4,'an,0,0,0,0,0,0,0,0,0,0,0,0,0,0,0,0
9059,3,tra,0,0,0,0,0,0,0,0,0,0,0,0,0,0,0,0
9060,3,una,0,0,0,0,0,0,0,0,0,0,0,0,0,0,0,0
9061,3,dho,0,0,0,0,0,0,0,0,0,0,0,0,0,0,0,0
9062,4,han,0,0,0,0,0,0,0,0,0,0,0,0,0,0,0,0
9063,4,tra,0,0,0,0,0,0,0,0,0,0,0,0,0,0,0,0
9064,4,adi,0,0,0,0,0,0,0,0,0,0,0,0,0,0,0,0
9065,3,aja,0,0,0,0,0,0,0,0,0,0,0,0,0,0,0,0
9066,4,zah,0,0,0,0,0,0,0,0,0,0,0,0,0,0,0,0
9067,4,sha,0,1,0,0,1,0,0,1,0,0,1,0,0,1,0,0
9068,4,tra,0,0,0,0,0,0,0,0,0,0,0,0,0,0,0,0
9069,3,ani,0,0,0,1,0,0,1,0,0,1,0,0,1,0,0,1
9070,3,ufa,0,0,0,0,0,0,0,0,0,0,0,0,0,0,0,0
9071,3,tra,0,0,0,0,0,0,0,0,0,0,0,0,0,0,0,0
9072,4,idz,0,0,0,0,0,0,0,0,0,0,0,0,0,0,0,0
9073,3,aiz,0,0,0,0,0,0,0,0,0,0,0,0,0,0,0,0
9074,3,kki,0,0,0,0,0,0,0,0,0,0,0,0,0,0,0,0
9075,3,bby,0,0,0,0,0,0,0,0,0,0,0,0,0,0,0,0
9076,3,nda,0,1,0,0,1,0,0,1,0,0,1,0,0,1,0,0
9077,3,ian,0,0,0,0,0,0,0,0,0,0,0,0,0,0,0,0
9078,3,dra,0,0,0,0,0,0,0,0,0,0,0,0,0,0,0,0
9079,3,zmi,0,0,0,0,0,0,0,0,0,0,0,0,0,0,0,0
9080,4,owo,0,0,0,0,0,0,0,0,0,0,0,0,0,0,0,0
9081,3,ose,0,0,0,0,0,0,0,0,0,0,0,0,0,0,0,0
9082,3,yah,0,0,0,0,0,0,0,0,0,0,0,0,0,0,0,0
9083,3,ath,0,0,0,0,0,0,0,0,0,0,0,0,0,0,0,0
9084,5,ssa,0,0,0,0,0,0,0,0,0,0,0,0,0,0,0,0
9085,4,h m,0,0,0,0,0,0,0,0,0,0,0,0,0,0,0,0
9086,5,ubi,0,0,0,0,0,0,0,0,0,0,0,0,0,0,0,0
9087,4,wal,0,0,0,0,0,0,0,0,0,0,0,0,0,0,0,0
9088,4,aya,0,0,0,0,0,0,0,0,0,0,0,0,0,0,0,0
9089,3,him,0,0,0,0,0,0,0,0,0,0,0,0,0,0,0,0
9090,4,tya,0,0,0,0,0,0,0,0,0,0,0,0,0,0,0,0
9091,4,ani,0,0,0,1,0,0,1,0,0,1,0,0,1,0,0,1
9092,4,ian,0,0,0,0,0,0,0,0,0,0,0,0,0,0,0,0
9093,2,din,0,0,0,0,0,0,0,0,0,0,0,0,0,0,0,0
9094,4,ami,0,0,0,0,0,0,0,0,0,0,0,0,0,0,0,0
9095,4,fif,0,0,0,0,0,0,0,0,0,0,0,0,0,0,0,0
9096,4,ari,0,0,0,0,0,0,0,0,0,0,0,0,0,0,0,0
9097,4,lah,0,0,0,0,0,0,0,0,0,0,0,0,0,0,0,0
9098,3,yah,0,0,0,0,0,0,0,0,0,0,0,0,0,0,0,0
9099,4,ala,0,0,0,1,0,0,1,0,0,1,0,0,1,0,0,1
9100,3,sta,0,0,0,0,0,0,0,0,0,0,0,0,0,0,0,0
9101,4,bar,0,0,0,0,0,0,0,0,0,0,0,0,0,0,0,0
9102,3,kry,0,0,0,0,0,0,0,0,0,0,0,0,0,0,0,0
9103,4,abi,0,0,0,0,0,0,0,0,0,0,0,0,0,0,0,0
9104,4,ibu,0,0,0,0,0,0,0,0,0,0,0,0,0,0,0,0
9105,3,man,0,0,0,0,0,0,0,0,0,0,0,0,0,0,0,0
9106,3,nda,0,0,0,1,0,0,1,0,0,1,0,0,1,0,0,1
9107,3,din,0,0,0,0,0,0,0,0,0,0,0,0,0,0,0,0
9108,4,oro,0,0,0,0,0,0,0,0,0,0,0,0,0,0,0,0
9109,4,ani,0,0,0,1,0,0,1,0,0,1,0,0,1,0,0,1
9110,3,yah,0,0,0,0,0,0,0,0,0,0,0,0,0,0,0,0
9111,3,tya,0,0,0,0,0,0,0,0,0,0,0,0,0,0,0,0
9112,4,afi,0,0,0,0,0,0,0,0,0,0,0,0,0,0,0,0
9113,3,han,0,0,0,0,0,0,0,0,0,0,0,0,0,0,0,0
9114,4,ana,0,0,0,0,0,0,0,0,0,0,0,0,0,0,0,0
9115,4,lio,0,0,0,0,0,0,0,0,0,0,0,0,0,0,0,0
9116,4,ali,0,0,0,0,0,0,0,0,0,0,0,0,0,0,0,0
9117,4,fai,0,0,0,0,0,0,0,0,0,0,0,0,0,0,0,0
9118,4,lah,0,0,0,0,0,0,0,0,0,0,0,0,0,0,0,0
9119,2,loh,0,0,0,0,0,0,0,0,0,0,0,0,0,0,0,0
9120,4,lah,0,0,0,0,0,0,0,0,0,0,0,0,0,0,0,0
9121,3,lah,0,0,0,0,0,0,0,0,0,0,0,0,0,0,0,0
9122,3,yat,0,0,0,0,0,0,0,0,0,0,0,0,0,0,0,0
9123,3,uri,0,0,0,0,0,0,0,0,0,0,0,0,0,0,0,0
9124,3,him,0,0,0,0,0,0,0,0,0,0,0,0,0,0,0,0
9125,3,har,0,0,0,0,0,0,0,0,0,0,0,0,0,0,0,0
9126,4,bar,0,0,0,0,0,0,0,0,0,0,0,0,0,0,0,0
9127,4,yat,0,0,0,1,0,0,1,0,0,1,0,0,1,0,0,1
9128,3,yah,0,0,0,0,0,0,0,0,0,0,0,0,0,0,0,0
9129,3,yah,0,0,0,0,0,0,0,0,0,0,0,0,0,0,0,0
9130,3,rdi,0,0,0,0,0,0,0,0,0,0,0,0,0,0,0,0
9131,3,sha,0,0,0,0,0,0,0,0,0,0,0,0,0,0,0,1
9132,4,aus,0,0,0,0,0,0,0,0,0,0,0,0,0,0,0,0
9133,3,aya,0,0,0,0,0,0,0,0,0,0,0,0,0,0,0,0
9134,5,sta,0,0,0,0,0,0,0,0,0,0,0,0,0,0,0,0
9135,3,ari,0,0,0,0,0,0,0,0,0,0,0,0,0,0,0,0
9136,4,han,0,0,0,0,0,0,0,0,0,0,0,0,0,0,0,0
9137,3,yah,0,0,0,0,0,0,0,0,0,0,0,0,0,0,0,0
9138,3,nto,0,0,0,0,0,0,0,0,0,0,0,0,0,0,0,0
9139,4,ama,0,0,0,0,0,0,0,0,0,0,0,0,0,0,0,0
9140,4,adi,0,0,0,0,0,0,0,0,0,0,0,0,0,0,0,0
9141,4,kri,0,0,0,0,0,0,0,0,0,0,0,0,0,0,0,0
9142,4,uta,0,0,0,0,0,0,0,0,0,0,0,0,0,0,0,0
9143,3,tri,1,1,1,1,1,1,1,1,1,1,1,1,1,1,1,1
9144,3,tri,1,1,1,1,1,1,1,1,1,1,1,1,1,1,1,1
9145,4,una,0,0,0,0,0,0,0,0,0,0,0,0,0,0,0,0
9146,2,hri,1,1,1,1,1,1,1,1,1,1,1,1,1,1,1,1
9147,3,awa,0,0,0,0,0,0,0,0,0,0,0,0,0,0,0,0
9148,3,ani,1,1,1,1,1,1,1,1,1,1,1,1,1,1,1,1
9149,1,ela,1,1,1,1,1,1,1,1,1,1,1,1,1,1,1,1
9150,3,nti,1,1,1,1,1,1,1,1,1,1,1,1,1,1,1,1
9151,3,eni,1,1,1,1,1,1,1,1,1,1,1,1,1,1,1,1
9152,2,lah,1,1,1,1,1,1,1,1,1,1,1,1,1,1,1,1
9153,2,idz,0,0,0,0,0,0,0,0,0,0,0,0,0,0,0,0
9154,5,uta,1,1,1,1,1,1,1,1,1,1,1,1,1,1,1,1
9155,3,tri,1,1,1,1,1,1,1,1,1,1,1,1,1,1,1,1
9156,3,yid,1,1,1,1,1,1,1,1,1,1,1,1,1,1,1,1
9157,3,ina,1,1,1,1,1,1,1,1,1,1,1,1,1,1,1,1
9158,3,tma,0,0,0,0,0,0,0,0,0,0,0,0,0,0,0,0
9159,2,isa,1,1,1,1,1,1,1,1,1,1,1,1,1,1,1,1
9160,4,ruz,1,1,1,1,1,1,1,1,1,1,1,1,1,1,1,1
9161,2,nda,1,1,1,1,1,1,1,1,1,1,1,1,1,1,1,1
9162,3,tin,1,1,1,1,1,1,1,1,1,1,1,1,1,1,1,1
9163,3,lya,1,1,1,1,1,1,1,1,1,1,1,1,1,1,1,1
9164,3,aha,0,0,0,0,0,0,0,0,0,0,0,0,0,0,0,0
9165,3,oyo,0,0,0,0,0,0,0,0,0,0,0,0,0,0,0,0
9166,3,ara,0,0,0,0,0,0,0,0,0,0,0,0,0,0,0,0
9167,3,ziz,0,0,0,0,0,0,0,0,0,0,0,0,0,0,0,0
9168,3,aka,0,0,0,0,0,0,0,0,0,0,0,0,0,0,0,0
9169,4,tra,0,0,0,0,0,0,0,0,0,0,0,0,0,0,0,0
9170,3,ika,1,1,1,1,1,1,1,1,1,1,1,1,1,1,1,1
9171,2,isa,1,1,1,1,1,1,1,1,1,1,1,1,1,1,1,1
9172,3,mah,1,1,1,1,1,1,1,1,1,1,1,1,1,1,1,1
9173,3,ani,1,1,1,1,1,1,1,1,1,1,1,1,1,1,1,1
9174,3,tya,0,0,0,0,0,0,0,0,0,0,0,0,0,0,0,0
9175,3,ono,0,0,0,0,0,0,0,0,0,0,0,0,0,0,0,0
9176,3,wan,0,0,0,0,0,0,0,0,0,0,0,0,0,0,0,0
9177,3,eri,0,0,0,0,0,0,0,0,0,0,0,0,0,0,0,0
9178,2,ika,0,0,0,0,0,0,0,0,0,0,0,0,0,0,0,0
9179,4,ewo,0,0,0,0,0,0,0,0,0,0,0,0,0,0,0,0
9180,2,ana,0,0,0,0,0,0,0,0,0,0,0,0,0,0,0,0
9181,3,ika,0,0,0,0,0,0,0,0,0,0,0,0,0,0,0,0
9182,3,aya,0,0,0,0,0,0,0,0,0,0,0,0,0,0,0,0
9183,3,ani,1,1,1,1,1,1,1,1,1,1,1,1,1,1,1,1
9184,3,qif,0,0,0,0,0,0,0,0,0,0,0,0,0,0,0,0
9185,3,oto,0,0,0,0,0,0,0,0,0,0,0,0,0,0,0,0
9186,3,ama,0,0,0,0,0,0,0,0,0,0,0,0,0,0,0,0
9187,3,oyo,0,0,0,0,0,0,0,0,0,0,0,0,0,0,0,0
9188,4,dra,0,0,0,0,0,0,0,0,0,0,0,0,0,0,0,0
9189,3,rat,0,0,0,1,0,0,1,0,0,1,0,0,1,0,0,1
9190,3,kno,1,1,0,0,1,0,0,1,0,0,1,0,0,1,0,0
9191,3,ata,0,0,1,1,0,1,1,0,1,1,0,1,1,0,1,1
9192,3,ndi,1,1,1,1,1,1,1,1,1,1,1,1,1,1,1,1
9193,3,ama,0,0,0,0,0,0,0,0,0,0,0,0,0,0,0,0
9194,3,ini,1,1,1,1,1,1,1,1,1,1,1,1,1,1,1,1
9195,2,nti,1,1,1,1,1,1,1,1,1,1,1,1,1,1,1,1
9196,2,kha,1,1,1,0,1,1,0,1,1,0,1,1,0,1,1,0
9197,3,ira,1,1,1,1,1,1,1,1,1,1,1,1,1,1,1,1
9198,3,tri,1,1,1,1,1,1,1,1,1,1,1,1,1,1,1,1
9199,3,thi,1,1,1,1,1,1,1,1,1,1,1,1,1,1,1,1
9200,2,ria,1,1,1,1,1,1,1,1,1,1,1,1,1,1,1,1
9201,2,ati,1,1,1,1,1,1,1,1,1,1,1,1,1,1,1,1
9202,3,aza,1,1,1,1,1,1,1,1,1,1,1,1,1,1,1,1
9203,2,ira,1,1,1,1,1,1,1,1,1,1,1,1,1,1,1,1
9204,3,owo,1,1,1,0,1,1,0,1,1,0,1,1,0,1,1,0
9205,3,nie,1,1,1,1,1,1,1,1,1,1,1,1,1,1,1,1
9206,3,tri,1,1,1,1,1,1,1,1,1,1,1,1,1,1,1,1
9207,3,ira,1,1,1,1,1,1,1,1,1,1,1,1,1,1,1,1
9208,3,haq,0,0,0,0,0,0,0,0,0,0,0,0,0,0,0,0
9209,2,ibu,1,0,0,1,0,0,1,0,0,1,0,0,0,0,0,0
9210,2,ani,1,1,1,1,1,1,1,1,1,1,1,1,1,1,1,1
9211,3,ing,0,0,0,0,0,0,0,0,0,0,0,0,0,0,0,0
9212,2,ela,1,1,1,1,1,1,1,1,1,1,1,1,1,1,1,1
9213,3,adi,0,0,0,0,0,0,0,0,0,0,0,0,0,0,0,0
9214,4,bis,1,1,1,1,1,1,1,1,1,1,1,1,1,1,1,1
9215,4,tri,1,1,1,1,1,1,1,1,1,1,1,1,1,1,1,1
9216,3,lya,1,1,1,1,1,1,1,1,1,1,1,1,1,1,1,1
9217,1,leh,0,0,0,0,0,0,0,0,0,0,0,0,0,0,0,0
9218,3,sha,0,0,0,0,0,0,0,0,0,0,0,0,1,0,0,1
9219,1,vin,0,0,0,0,0,0,0,0,0,0,0,0,0,0,0,0
9220,3,tra,0,0,0,0,0,0,0,0,0,0,0,0,0,0,0,0
9221,3,dri,0,0,0,0,0,0,0,0,0,0,0,0,0,0,0,0
9222,3,yah,0,0,0,0,0,0,0,0,0,0,0,0,0,0,0,0
9223,3,wan,0,0,0,0,0,0,0,0,0,0,0,0,0,0,0,0
9224,3,ian,1,1,1,1,1,1,1,1,1,1,1,1,1,1,1,1
9225,3,lan,0,0,0,0,0,0,0,0,0,0,0,0,0,0,0,0
9226,3,hra,1,1,1,1,1,1,1,1,1,1,1,1,1,1,1,1
9227,3,iza,1,1,1,1,1,1,1,1,1,1,1,1,1,1,1,1
9228,3,tra,0,0,0,0,0,0,0,0,0,0,0,0,0,0,0,0
9229,3,ila,1,1,1,1,1,1,1,1,1,1,1,1,1,1,1,1
9230,3,aha,0,0,0,0,0,0,0,0,0,0,0,0,0,0,0,0
9231,3,tra,0,0,0,0,0,0,0,0,0,0,0,0,0,0,0,0
9232,3,ahi,0,0,0,0,0,0,0,0,0,0,0,0,0,0,0,0
9233,2,fah,1,1,1,1,1,1,1,1,1,1,1,1,1,1,1,1
9234,3,ana,1,1,1,1,1,1,1,1,1,1,1,1,1,1,1,1
9235,1,nty,1,1,1,0,1,1,0,1,1,0,1,1,0,1,1,1
9236,2,eha,1,1,1,0,1,1,0,1,1,0,1,1,0,1,1,0
9237,3,ana,1,1,1,1,1,1,0,1,1,0,1,1,0,1,1,0
9238,4,o s,0,0,0,0,0,0,0,0,0,0,0,0,0,0,0,0
9239,4,tom,0,0,0,0,0,0,0,0,0,0,0,0,0,0,0,0
9240,3,ait,0,0,0,0,0,0,0,0,0,0,0,0,0,0,0,0
9241,2,oro,0,0,0,0,0,0,0,0,0,0,0,0,0,0,0,0
9242,3,aga,0,0,0,0,0,0,0,0,0,0,0,0,0,0,0,0
9243,3,ael,0,0,0,0,0,0,0,0,0,0,0,0,0,0,0,0
9244,2,oro,0,0,0,0,0,0,0,0,0,0,0,0,0,0,0,0
9245,2,lim,0,0,0,0,0,0,0,0,0,0,0,0,0,0,0,0
9246,2,sir,1,1,1,1,1,1,1,1,1,1,1,1,1,1,1,1
9247,3,byl,0,0,0,0,0,0,0,0,0,0,0,0,0,0,0,0
9248,3,wae,0,0,0,0,0,0,0,0,0,0,0,0,0,0,0,0
9249,3,zky,0,0,0,0,0,0,0,0,0,0,0,0,0,0,0,0
9250,2,hat,0,0,0,0,0,0,0,0,0,0,0,0,0,0,0,0
9251,4,pta,0,0,0,0,0,0,0,0,0,0,0,0,0,0,0,0
9252,2,nga,0,0,0,0,0,0,0,0,0,0,0,0,0,0,0,0
9253,4,tra,0,0,0,0,0,0,0,0,0,0,0,0,0,0,0,0
9254,3,ton,0,0,0,0,0,0,0,0,0,0,0,0,0,0,0,0
9255,3,mah,1,1,1,1,1,1,1,1,1,1,1,1,1,1,1,1
9256,3,ssa,0,0,0,0,0,0,0,0,0,0,0,0,0,0,0,0
9257,4,gan,0,0,0,0,0,0,0,0,0,0,0,0,0,0,0,0
9258,2,aan,0,0,0,0,0,0,0,0,0,0,0,0,0,0,0,0
9259,3,dho,0,0,0,0,0,0,0,0,0,0,0,0,0,0,0,0
9260,3,kan,0,0,0,0,0,0,0,0,0,0,0,0,0,0,0,0
9261,4,omo,0,0,0,0,0,0,0,0,0,0,0,0,0,0,0,0
9262,3,min,1,1,1,1,1,1,1,1,1,1,1,1,1,1,1,1
9263,4,ana,0,0,0,0,0,0,0,0,0,0,0,0,0,0,0,0
9264,1,sih,1,1,1,1,1,1,1,1,1,1,1,1,1,1,1,1
9265,3,ita,1,1,1,1,1,1,1,1,1,1,1,1,1,1,1,1
9266,4,tra,0,0,0,0,0,0,0,0,0,0,0,0,0,0,0,0
9267,4,tra,0,0,0,0,0,0,0,0,0,0,0,0,0,0,0,0
9268,3,uri,0,0,0,1,0,0,0,0,0,1,0,0,1,0,0,1
9269,3,wan,0,0,0,0,0,0,0,0,0,0,0,0,0,0,0,0
9270,3,ama,0,1,1,0,1,1,0,1,1,0,1,1,0,1,1,0
9271,2,lia,1,1,1,1,1,1,1,1,1,1,1,1,1,1,1,1
9272,4,lon,1,1,1,1,1,1,1,1,1,1,1,1,1,1,1,1
9273,3,ena,1,1,1,1,1,1,1,1,1,1,1,1,1,1,1,1
9274,3,ana,1,1,1,1,1,1,1,1,1,1,1,1,1,1,1,1
9275,3,hit,1,1,1,1,1,1,1,1,1,1,1,1,1,1,1,1
9276,4,ele,1,1,1,1,1,1,1,1,1,1,1,1,1,1,1,1
9277,3,gen,1,1,1,1,1,1,1,1,1,1,1,1,1,1,1,1
9278,2,ana,1,1,1,1,1,1,1,1,1,1,1,1,1,1,1,1
9279,3,tty,1,1,1,1,1,1,1,1,1,1,1,1,1,1,1,1
9280,5,isa,1,1,1,1,1,1,1,1,1,1,1,1,1,1,1,1
9281,4,era,1,1,1,1,1,1,1,1,1,1,1,1,1,1,1,1
9282,3,ana,1,1,1,1,1,1,1,1,1,1,1,1,1,1,1,1
9283,3,uim,1,1,1,1,1,1,1,1,1,1,1,1,1,1,1,1
9284,4,yom,1,1,1,1,1,1,1,1,1,1,1,1,1,1,1,1
9285,4,pan,1,1,1,1,1,1,1,1,1,1,1,1,1,1,1,1
9286,5,rac,1,1,1,1,1,1,1,1,1,1,1,1,1,1,1,1
9287,3,uat,1,1,1,1,1,1,1,1,1,1,1,1,1,1,1,1
9288,4,dja,1,1,1,1,1,1,1,1,1,1,1,1,1,1,1,1
9289,3,ulo,1,1,1,1,1,1,1,1,1,1,1,1,1,1,1,1
9290,3,doy,0,0,0,0,0,0,0,0,0,0,0,0,0,0,0,0
9291,3,ria,1,1,1,1,1,1,1,1,1,1,1,1,1,1,1,1
9292,3,yah,1,1,1,1,1,1,1,1,1,1,1,1,1,1,1,1
9293,2,awi,1,0,0,0,0,0,0,0,0,0,0,0,1,0,0,1
9294,2,ina,1,1,1,1,1,1,1,1,1,1,1,1,1,1,1,1
9295,2,raz,1,1,1,1,1,1,1,1,1,1,1,1,1,1,1,1
9296,2,nti,1,1,1,1,1,1,1,1,1,1,1,1,1,1,1,1
9297,3,ung,1,1,1,1,1,1,1,1,1,1,1,1,1,1,1,1
9298,3,ion,0,0,0,0,0,0,0,0,0,0,0,0,0,0,0,0
9299,4,uel,0,0,0,0,0,0,0,0,0,0,0,0,0,0,0,0
9300,4,ibu,0,0,0,0,0,0,0,0,0,0,0,0,0,0,0,0
9301,3,nto,0,0,0,0,0,0,0,0,0,0,0,0,0,0,0,0
9302,2,aga,0,0,0,0,0,0,0,0,0,0,0,0,0,0,0,0
9303,3,ian,0,0,0,0,0,0,0,0,0,0,0,0,0,0,0,0
9304,3,tri,1,1,1,1,1,1,1,1,1,1,1,1,1,1,1,1
9305,3,ani,1,1,1,1,1,1,1,1,1,1,1,1,1,1,1,1
9306,2,hra,1,1,1,1,1,1,1,1,1,1,1,1,1,1,1,1
9307,2,ita,1,1,1,1,1,1,1,1,1,1,1,1,1,1,1,1
9308,3,yah,1,1,1,1,1,1,1,1,1,1,1,1,1,1,1,1
9309,3,yah,1,1,1,1,1,1,1,1,1,1,1,1,1,1,1,1
9310,2,eni,1,1,1,1,1,1,1,1,1,1,1,1,1,1,1,1
9311,2,lia,1,1,1,1,1,1,1,1,1,1,1,1,1,1,1,1
9312,2,sha,1,1,1,1,1,1,1,1,1,1,1,1,1,1,1,1
9313,3,ika,1,1,1,1,1,1,1,1,1,1,1,1,1,1,1,1
9314,3,ini,1,1,1,1,1,1,1,1,1,1,1,1,1,1,1,1
9315,4,ara,1,1,1,1,1,1,1,1,1,1,1,1,1,1,1,1
9316,3,ani,1,1,1,1,1,1,1,1,1,1,1,1,1,1,1,1
9317,4,ani,0,0,0,1,0,0,1,0,0,1,0,0,1,0,0,1
9318,3,khu,1,1,1,1,1,1,1,1,1,0,1,1,1,1,1,0
9319,3,tri,1,1,1,1,1,1,1,1,1,1,1,1,1,1,1,1
9320,2,ati,1,1,1,1,1,1,1,1,1,1,1,1,1,1,1,1
9321,3,nti,1,1,1,1,1,1,1,1,1,1,1,1,1,1,1,1
9322,3,ari,1,1,1,1,1,1,1,1,1,1,1,1,1,1,1,1
9323,4,ada,0,0,0,0,0,0,0,0,0,0,0,0,0,0,0,0
9324,3,ing,0,0,0,0,0,0,0,0,0,0,0,0,0,0,0,0
9325,3,tus,0,0,0,0,0,0,0,0,0,0,0,0,0,0,0,0
9326,2,ama,0,0,0,0,0,0,0,0,0,0,0,0,0,0,0,0
9327,3,ind,1,1,1,1,1,1,1,1,1,1,1,1,1,1,1,1
9328,4,osi,1,1,1,1,1,1,1,1,1,1,1,1,1,1,1,1
9329,2,ino,0,0,0,0,0,0,0,0,0,0,0,0,0,0,0,0
9330,1,ela,1,1,1,1,1,1,1,1,1,1,1,1,1,1,1,1
9331,3,epu,0,0,0,0,0,0,0,0,0,0,0,0,0,0,0,0
9332,2,sya,1,1,1,1,1,1,1,1,1,1,1,1,1,1,1,1
9333,3,ani,1,1,1,1,1,1,1,1,1,1,1,1,1,1,1,1
9334,3,lah,1,1,1,1,1,1,1,1,1,1,1,1,1,1,1,1
9335,2,lia,1,1,1,1,1,1,1,1,1,1,1,1,1,1,1,1
9336,3,rko,1,0,1,1,0,1,1,0,1,1,0,1,1,0,1,1
9337,3,nda,1,1,1,1,1,1,1,1,1,1,1,1,1,1,1,1
9338,3,tie,1,1,1,1,1,1,1,1,1,1,1,1,1,1,1,1
9339,3,nti,1,1,1,1,1,1,1,1,1,1,1,1,1,1,1,1
9340,3,ani,1,1,1,1,1,1,1,1,1,1,1,1,1,1,1,1
9341,3,fia,1,1,1,1,1,1,1,1,1,1,1,1,1,1,1,1
9342,2,isa,1,1,1,1,1,1,1,1,1,1,1,1,1,1,1,1
9343,3,ion,1,1,1,0,1,1,0,1,1,0,1,1,0,1,1,0
9344,3,ani,1,1,1,1,1,1,1,1,1,1,1,1,1,1,1,1
9345,3,sha,1,1,1,1,1,1,1,1,1,1,1,1,1,1,1,1
9346,3,lla,1,1,1,1,1,1,1,1,1,1,1,1,1,1,1,1
9347,2,yna,1,1,1,1,1,1,1,1,1,1,1,1,1,1,1,1
9348,4,eto,1,1,1,1,1,1,1,1,1,1,1,1,1,1,1,1
9349,3,ira,1,1,1,1,1,1,1,1,1,1,1,1,1,1,1,1
9350,3,alu,0,0,0,0,0,0,0,0,0,0,0,0,0,0,0,0
9351,4,lia,1,1,1,1,1,1,1,1,1,1,1,1,1,1,1,1
9352,3,evi,1,1,1,1,1,1,1,1,1,0,1,1,1,1,1,1
9353,2,sti,1,1,1,1,1,1,1,1,1,1,1,1,1,1,1,1
9354,3,sia,1,1,1,1,1,1,1,1,1,1,1,1,1,1,1,1
9355,4,zal,0,0,0,0,0,0,0,0,0,0,0,0,0,0,0,0
9356,1,sya,1,1,1,0,1,1,0,1,1,0,1,1,0,1,1,0
9357,3,tri,1,1,1,1,1,1,1,1,1,1,1,1,1,1,1,1
9358,2,lya,1,1,1,0,1,1,0,1,1,0,1,1,0,1,1,0
9359,4,ing,1,1,1,0,1,1,0,1,1,0,1,1,0,1,1,0
9360,2,lia,1,1,1,1,1,1,1,1,1,1,1,1,1,1,1,1
9361,3,ofa,1,1,1,1,1,1,1,1,1,1,1,1,1,1,1,1
9362,3,ani,1,1,1,1,1,1,1,1,1,1,1,1,1,1,1,1
9363,4,nit,1,1,1,1,1,1,0,1,1,0,1,1,0,1,1,1
9364,3,uma,1,1,1,0,1,1,0,1,1,0,1,1,0,1,1,0
9365,3,ina,1,1,1,1,1,1,1,1,1,1,1,1,1,1,1,1
9366,2,ita,1,1,1,1,1,1,1,1,1,1,1,1,1,1,1,1
9367,3,ora,1,1,1,1,1,1,1,1,1,1,1,1,1,1,1,1
9368,3,lla,1,1,1,1,1,1,1,1,1,1,1,1,1,1,1,1
9369,3,fni,1,1,1,1,1,1,1,1,1,1,1,1,1,1,1,1
9370,2,ina,1,1,1,1,1,1,1,1,1,1,1,1,1,1,1,1
9371,2,zah,1,1,1,1,1,1,1,1,1,1,1,1,1,1,1,1
9372,3,ari,1,1,1,1,1,1,1,1,1,1,1,1,1,1,1,1
9373,3,dji,1,1,1,1,1,1,1,1,1,1,1,1,1,1,1,1
9374,2,lah,1,0,0,0,0,0,0,0,0,0,0,0,0,0,0,0
9375,1,ani,1,1,1,1,1,1,1,1,1,1,1,1,1,1,1,1
9376,4,oga,1,1,1,1,1,1,1,1,1,1,1,1,1,1,1,1
9377,3,a r,1,1,1,0,1,1,0,1,1,0,1,1,0,1,1,0
9378,2,uel,0,0,0,0,0,0,0,0,0,0,0,0,0,0,0,0
9379,3,stu,0,0,0,0,0,0,0,0,0,0,0,0,0,0,0,0
9380,3,ali,0,0,0,0,0,0,0,0,0,0,0,0,0,0,0,0
9381,3,ies,0,0,0,0,0,0,0,0,0,0,0,0,0,0,0,0
9382,4,ing,0,0,0,0,0,0,0,0,0,0,0,0,0,0,0,0
9383,3,ndo,0,0,0,0,0,0,0,0,0,0,0,0,0,0,0,0
9384,3,llo,0,0,0,0,0,0,0,0,0,0,0,0,0,0,0,0
9385,3,lon,0,0,0,0,0,0,0,0,0,0,0,0,0,0,0,0
9386,4,aub,1,1,1,1,1,1,1,1,1,1,1,1,1,1,1,1
9387,3,odo,1,1,0,0,1,0,0,1,0,0,1,0,0,1,0,0
9388,2,hra,1,1,1,0,1,1,0,1,1,0,1,1,0,1,1,0
9389,4,yah,0,0,0,0,0,0,0,0,0,0,0,0,0,0,0,0
9390,4,ani,1,1,1,1,1,1,1,1,1,1,1,1,1,1,1,1
9391,4,ara,0,0,0,0,0,0,0,0,0,0,0,0,0,0,0,0
9392,4,yat,0,0,0,0,0,0,0,0,0,0,0,0,0,0,0,0
9393,3,bar,0,0,0,0,0,0,0,0,0,0,0,0,0,0,0,0
9394,3,ari,1,1,1,1,1,1,1,1,1,1,1,1,1,1,1,1
9395,2,dar,0,0,0,0,0,0,0,0,0,0,0,0,0,0,0,0
9396,5,aga,0,0,0,0,0,0,0,0,0,0,0,0,0,0,0,0
9397,2,nan,0,0,0,0,0,0,0,0,0,0,0,0,0,0,0,0
9398,3,ndo,0,0,0,0,0,0,0,0,0,0,0,0,0,0,0,0
9399,3,ndu,0,0,0,0,0,0,0,0,0,0,0,0,0,0,0,0
9400,3,riu,0,0,0,0,0,0,0,0,0,0,0,0,0,0,0,0
9401,3,ano,0,0,0,0,0,0,0,0,0,0,0,0,0,0,0,0
9402,3,ban,0,0,0,0,0,0,0,0,0,0,0,0,0,0,0,0
9403,3,yah,1,1,0,0,1,0,0,1,0,0,1,0,0,1,0,0
9404,3,nda,1,1,1,0,1,1,1,1,1,0,1,1,0,1,1,0
9405,2,ani,1,1,1,1,1,1,1,1,1,1,1,1,1,1,1,1
9406,3,tri,1,1,1,1,1,1,1,1,1,1,1,1,1,1,1,1
9407,3,ziz,0,0,0,0,0,0,0,0,0,0,0,0,0,0,0,0
9408,3,wan,0,0,0,0,0,0,0,0,0,0,0,0,0,0,0,0
9409,2,ali,0,0,0,0,0,0,0,0,0,0,0,0,0,0,0,0
9410,3,aji,0,0,0,0,0,0,0,0,0,0,0,0,0,0,0,0
9411,2,adi,0,0,0,0,0,0,0,0,0,0,0,0,0,0,0,0
9412,2,sya,0,0,0,0,0,0,0,0,0,0,0,0,0,0,0,0
9413,3,udi,0,0,0,0,0,0,0,0,0,0,0,0,0,0,0,0
9414,4,dya,0,0,0,0,0,0,0,0,0,0,0,0,0,0,0,0
9415,3,asy,0,0,0,0,0,0,0,0,0,0,0,0,0,0,0,0
9416,3,mar,0,0,0,0,0,0,0,0,0,0,0,0,0,0,0,0
9417,3,ami,0,0,0,0,0,0,0,0,0,0,0,0,0,0,0,0
9418,3,iza,0,0,0,0,0,0,0,0,0,0,0,0,0,0,0,0
9419,3,han,0,0,0,0,0,0,0,0,0,0,0,0,0,0,0,0
9420,3,sid,0,0,0,0,0,0,0,0,0,0,0,0,0,0,0,0
9421,3,hud,0,0,0,0,0,0,0,0,0,0,0,0,0,0,0,0
9422,3,dra,0,0,0,0,0,0,0,0,0,0,0,0,0,0,0,0
9423,3,ppe,0,0,0,0,0,0,0,0,0,0,0,0,0,0,0,0
9424,2,zki,0,0,0,0,0,0,0,0,0,0,0,0,0,0,0,0
9425,3,aha,0,0,0,0,0,0,0,0,0,0,0,0,0,0,0,0
9426,3,ael,0,0,0,0,0,0,0,0,0,0,0,0,0,0,0,0
9427,2,diq,0,0,0,0,0,0,0,0,0,0,0,0,0,0,0,0
9428,3,tia,0,0,0,0,0,0,0,0,0,0,0,0,0,0,0,0
9429,3,mba,1,1,1,1,1,1,1,1,1,1,1,1,1,1,1,1
9430,3,ani,1,1,1,1,1,1,1,1,1,1,1,1,1,1,1,1
9431,3,ral,0,0,0,0,0,0,0,0,0,0,0,0,0,0,0,0
9432,2,nty,1,1,1,1,1,1,1,1,1,1,1,1,1,1,1,1
9433,3,ani,1,1,1,1,1,1,1,1,1,1,1,1,1,1,1,1
9434,4,man,0,0,0,0,0,0,0,0,0,0,0,0,0,0,0,0
9435,3,yah,0,0,0,0,0,0,0,0,0,0,0,0,0,0,0,0
9436,3,lia,1,1,1,1,1,1,1,1,1,1,1,1,1,1,1,1
9437,2,ani,1,1,1,1,1,1,1,1,1,1,1,1,1,1,1,1
9438,3,isa,1,1,1,1,1,1,1,1,1,1,1,1,1,1,1,1
9439,2,ila,1,1,1,1,1,1,1,1,1,1,1,1,1,1,1,1
9440,2,mah,1,1,1,1,1,1,1,1,1,1,1,1,1,1,1,1
9441,1,iah,1,1,1,1,1,1,1,1,1,1,1,1,1,1,1,1
9442,2,lia,1,1,1,1,1,1,1,1,1,1,1,1,1,1,1,1
9443,3,tri,1,1,1,1,1,1,1,1,1,1,1,1,1,1,1,1
9444,3,sti,0,1,1,1,1,1,1,1,1,1,1,1,1,1,1,1
9445,3,lia,1,1,1,1,1,1,1,1,1,1,1,1,1,1,1,1
9446,3,ina,1,1,1,1,1,1,1,1,1,1,1,1,1,1,1,1
9447,3,rto,1,1,1,1,1,1,1,1,1,1,1,1,1,1,1,1
9448,2,fal,0,0,0,0,0,0,0,0,0,0,0,0,0,0,0,0
9449,3,tri,1,1,1,1,1,1,1,1,1,1,1,1,1,1,1,1
9450,3,hra,1,1,1,1,1,1,1,1,1,1,1,1,1,1,1,1
9451,3,ani,1,1,1,1,1,1,1,1,1,1,1,1,1,1,1,1
9452,3,tha,1,1,1,1,1,1,1,1,1,1,1,1,1,1,1,1
9453,3,sih,1,1,1,1,1,1,1,1,1,1,1,1,1,1,1,1
9454,3,tri,1,1,1,1,1,1,1,1,1,1,1,1,1,1,1,1
9455,4,ian,1,1,1,1,1,1,0,1,1,1,1,1,1,1,1,1
9456,2,lia,1,1,1,1,1,1,1,1,1,1,1,1,1,1,1,1
9457,3,qis,1,1,1,1,1,1,1,1,1,1,1,1,1,1,1,1
9458,3,ira,1,1,1,1,1,1,1,1,1,1,1,1,1,1,1,1
9459,4,pea,1,1,1,1,1,1,1,1,1,1,1,1,1,1,1,1
9460,3,oso,0,0,0,0,0,0,0,0,0,0,0,0,0,0,0,0
9461,3,hio,0,0,0,0,0,0,0,0,0,0,0,0,0,0,0,0
9462,3,hae,1,1,1,1,1,1,1,1,1,1,1,1,1,1,1,1
9463,4,aka,0,0,0,0,0,0,0,0,0,0,0,0,0,0,0,0
9464,3,guk,0,0,0,0,0,0,0,0,0,0,0,0,0,0,0,0
9465,3,adi,0,0,0,0,0,0,0,0,0,0,0,0,0,0,0,0
9466,3,ang,0,0,0,0,0,0,0,0,0,0,0,0,0,0,0,0
9467,3,man,0,0,0,0,0,0,0,0,0,0,0,0,0,0,0,0
9468,3,ida,1,1,1,1,1,1,1,1,1,1,1,1,1,1,1,1
9469,3,ari,1,1,1,1,1,1,1,1,1,1,1,1,1,1,1,1
9470,2,nti,1,1,1,1,1,1,1,1,1,1,1,1,1,1,1,1
9471,2,lia,1,1,1,1,1,1,1,1,1,1,1,1,1,1,1,1
9472,2,ati,1,1,1,1,1,1,1,1,1,1,1,1,1,1,1,1
9473,3,ain,1,1,1,1,1,1,1,1,1,1,1,1,1,1,1,1
9474,2,ani,1,1,1,1,1,1,1,1,1,1,1,1,1,1,1,1
9475,2,ita,1,1,1,1,1,1,1,1,1,1,1,1,1,1,1,1
9476,3,ung,1,1,1,1,1,1,1,1,1,1,1,1,1,1,1,1
9477,2,ira,0,0,0,0,0,0,0,0,0,0,0,0,0,0,0,0
9478,3,nia,1,1,1,1,1,1,1,1,1,1,1,1,1,1,1,1
9479,3,tri,1,1,1,1,1,1,1,1,1,1,1,1,1,1,1,1
9480,2,hra,1,1,1,1,1,1,1,1,1,1,1,1,1,1,1,1
9481,3,thi,1,1,1,1,1,1,1,1,1,1,1,1,1,1,1,1
9482,4,awa,1,1,1,1,1,1,1,1,1,1,1,1,1,1,1,1
9483,3,win,1,1,1,1,1,1,1,1,1,1,1,1,1,1,1,1
9484,3,ira,1,1,1,1,1,1,1,1,1,1,1,1,1,1,1,1
9485,3,man,1,1,1,0,1,1,0,1,1,0,1,1,0,1,1,0
9486,3,din,1,1,1,0,1,1,0,1,1,0,1,1,0,1,1,0
9487,3,iba,1,1,1,0,1,1,1,1,1,0,1,1,0,1,1,1
9488,3,sna,1,1,1,1,1,1,1,1,1,1,1,1,1,1,1,1
9489,3,hti,1,1,1,1,1,1,1,1,1,1,1,1,1,1,1,1
9490,3,isa,1,1,1,1,1,1,1,1,1,1,1,1,1,1,1,1
9491,1,ien,1,1,1,0,1,1,0,1,1,0,1,1,0,1,1,0
9492,3,ira,1,1,1,1,1,1,1,1,1,1,1,1,1,1,1,1
9493,3,nta,1,1,1,1,1,1,1,1,1,1,1,1,1,1,1,1
9494,3,kim,1,1,1,1,1,1,1,1,1,1,1,1,1,1,1,1
9495,2,iwi,1,1,1,1,1,1,1,1,1,1,1,1,1,1,1,1
9496,3,ila,1,1,1,1,1,1,1,1,1,1,1,1,1,1,1,1
9497,3,ayu,1,1,1,1,1,1,1,1,1,1,1,1,1,1,1,1
9498,3,amy,0,1,1,0,1,1,0,1,1,0,1,1,0,1,1,0
9499,3,ras,0,1,1,0,1,1,0,1,1,0,1,1,0,1,1,0
9500,4,asa,0,0,0,0,0,0,0,0,0,0,0,0,0,0,0,0
9501,3,ief,1,0,1,1,0,1,1,0,1,1,0,1,1,0,1,1
9502,3,ura,1,1,1,1,1,1,1,1,1,1,1,1,1,1,1,1
9503,3,azi,1,1,1,1,1,1,1,1,1,1,1,1,1,1,1,1
9504,3,ana,1,1,1,1,1,1,1,1,1,1,1,1,1,1,1,1
9505,4,ian,0,0,0,0,0,0,0,0,0,0,0,0,0,0,0,0
9506,2,uri,1,1,1,1,1,1,1,1,1,1,1,1,1,1,1,1
9507,3,ani,1,1,1,1,1,1,1,1,1,1,1,1,1,1,1,1
9508,3,aho,1,1,1,1,1,1,1,1,1,1,1,1,1,1,1,1
9509,2,sti,1,1,1,1,1,1,1,1,1,1,1,1,1,1,1,1
9510,2,ana,1,1,1,1,1,1,1,1,1,1,1,1,1,1,1,1
9511,4,wan,1,1,1,1,1,1,1,1,1,1,1,1,1,1,1,1
9512,3,una,0,0,0,0,0,0,0,0,0,0,0,0,0,0,0,0
9513,3,lah,1,1,1,1,1,1,1,1,1,1,1,1,1,1,1,1
9514,4,ini,1,1,1,1,1,1,1,1,1,1,1,1,1,1,1,1
9515,3,rni,1,1,1,1,1,1,1,1,1,1,1,1,1,1,1,1
9516,2,ani,1,1,1,1,1,1,1,1,1,1,1,1,1,1,1,1
9517,3,nah,1,1,1,1,1,1,1,1,1,1,1,1,1,1,1,1
9518,2,aco,0,0,0,0,0,0,0,0,0,0,0,0,0,0,0,0
9519,2,ana,0,0,0,0,0,0,0,0,0,0,0,0,0,0,0,0
9520,5,n s,1,1,1,1,1,1,1,1,1,1,1,1,1,1,1,1
9521,3,yah,1,1,1,1,1,1,1,1,1,1,1,1,1,1,1,1
9522,3,una,0,1,1,1,1,1,1,1,1,1,1,1,1,1,1,1
9523,3,adi,1,1,1,1,1,1,1,1,1,1,1,1,1,1,1,1
9524,3,tri,1,1,1,1,1,1,1,1,1,1,1,1,1,1,1,1
9525,3,ini,1,1,1,1,1,1,1,1,1,1,1,1,1,1,1,1
9526,3,hra,1,1,1,1,1,1,1,1,1,1,1,1,1,1,1,1
9527,3,ari,1,1,1,1,1,1,1,1,1,1,1,1,1,1,1,1
9528,3,hra,1,1,1,1,1,1,1,1,1,1,1,1,1,1,1,1
9529,3,sti,1,1,1,1,1,1,1,1,1,1,1,1,1,1,1,1
9530,3,tri,1,1,1,1,1,1,1,1,1,1,1,1,1,1,1,1
9531,2,hra,1,1,1,1,1,1,1,1,1,1,1,1,1,1,1,1
9532,2,fah,1,1,1,1,1,1,1,1,1,1,1,1,1,1,1,1
9533,3,ami,1,1,1,1,1,1,1,1,1,1,1,1,1,1,1,1
9534,3,ana,1,1,1,1,1,1,1,1,1,1,1,1,1,1,1,1
9535,3,ian,1,1,1,1,1,1,1,1,1,1,1,1,1,1,1,1
9536,2,isy,1,1,1,1,1,1,1,1,1,1,1,1,1,1,1,1
9537,3,zky,1,1,1,1,1,1,1,1,1,1,1,1,1,1,1,1
9538,2,ani,1,1,1,1,1,1,1,1,1,1,1,1,1,1,1,1
9539,2,iya,1,1,1,1,1,1,1,1,1,1,1,1,1,1,1,1
9540,3,ika,1,1,1,1,1,1,1,1,1,1,1,1,1,1,1,1
9541,3,ita,1,1,1,1,1,1,1,1,1,1,1,1,1,1,1,1
9542,2,eli,1,1,1,1,1,1,1,1,1,1,1,1,1,1,1,1
9543,3,dya,0,1,1,0,1,1,0,1,1,0,1,1,0,1,1,0
9544,2,ani,1,1,1,1,1,1,1,1,1,1,1,1,1,1,1,1
9545,3,ari,1,1,1,1,1,1,1,1,1,1,1,1,1,1,1,1
9546,2,ani,1,1,1,1,1,1,1,1,1,1,1,1,1,1,1,1
9547,2,uby,1,1,0,0,1,0,0,1,0,0,1,0,0,1,0,0
9548,2,tra,0,0,0,0,0,0,0,0,0,0,0,0,0,0,0,0
9549,3,aha,0,0,0,0,0,0,0,0,0,0,0,0,0,0,0,0
9550,2,sih,1,1,1,1,1,1,1,1,1,1,1,1,1,1,1,1
9551,3,ati,1,1,1,1,1,1,1,1,1,1,1,1,1,1,1,1
9552,2,tri,1,1,1,1,1,1,1,1,1,1,1,1,1,1,1,1
9553,3,ari,1,1,1,1,1,1,1,1,1,1,1,1,1,1,1,1
9554,3,ari,1,1,1,1,1,1,1,1,1,1,1,1,1,1,1,1
9555,2,ani,1,1,1,1,1,1,1,1,1,1,1,1,1,1,1,1
9556,3,ayu,1,1,1,1,1,1,1,1,1,1,1,1,1,1,1,1
9557,3,ris,1,1,1,1,1,1,1,1,1,1,1,1,1,1,1,1
9558,3,wan,1,1,1,1,1,1,1,1,1,1,1,1,1,1,1,1
9559,2,nda,1,1,1,1,1,1,1,1,1,1,1,1,1,1,1,1
9560,3,ati,1,1,1,1,1,1,1,1,1,1,1,1,1,1,1,1
9561,2,nda,1,1,1,1,1,1,1,1,1,1,1,1,1,1,1,1
9562,3,nda,1,1,1,1,1,1,1,1,1,1,1,1,1,1,1,1
9563,2,hta,1,1,1,1,1,1,1,1,1,1,1,1,1,1,1,1
9564,3,tri,1,1,1,1,1,1,1,1,1,1,1,1,1,1,1,1
9565,1,ani,1,1,1,1,1,1,1,1,1,1,1,1,1,1,1,1
9566,2,tri,1,1,1,1,1,1,1,1,1,1,1,1,1,1,1,1
9567,3,aka,1,1,1,1,1,1,1,1,1,1,1,1,1,1,1,1
9568,2,ela,1,1,1,1,1,1,1,1,1,1,1,1,1,1,1,1
9569,3,nto,1,1,1,1,1,1,1,1,1,1,1,1,1,1,1,1
9570,3,ani,1,1,1,1,1,1,1,1,1,1,1,1,1,1,1,1
9571,3,ani,1,1,1,1,1,1,1,1,1,1,1,1,1,1,1,1
9572,3,sir,1,1,1,1,1,1,1,1,1,1,1,1,1,1,1,1
9573,2,ani,1,1,1,1,1,1,1,1,1,1,1,1,1,1,1,1
9574,2,lan,1,1,1,1,1,1,1,1,1,1,1,1,1,1,1,1
9575,4,nia,1,1,1,1,1,1,1,1,1,1,1,1,1,1,1,1
9576,3,lia,1,1,1,1,1,1,1,1,1,1,1,1,1,1,1,1
9577,3,ini,1,1,1,1,1,1,1,1,1,1,1,1,1,1,1,1
9578,3,oni,1,1,1,1,1,1,1,1,1,1,1,1,1,1,1,1
9579,5,ina,1,1,1,1,1,1,1,1,1,1,1,1,1,1,1,1
9580,3,edi,0,0,0,0,0,0,0,0,0,0,0,0,0,0,0,0
9581,2,lia,1,1,1,1,1,1,1,1,1,1,1,1,1,1,1,1
9582,3,tri,1,1,1,1,1,1,1,1,1,1,1,1,1,1,1,1
9583,2,iha,1,1,1,1,1,1,1,1,1,1,1,1,1,1,1,1
9584,3,uti,1,1,1,1,1,1,1,1,1,1,1,1,1,1,1,1
9585,2,lla,1,1,1,1,1,1,1,1,1,1,1,1,1,1,1,1
9586,2,ita,1,1,1,1,1,1,1,1,1,1,1,1,1,1,1,1
9587,3,tri,1,1,1,1,1,1,1,1,1,1,1,1,1,1,1,1
9588,2,tri,1,1,1,1,1,1,1,1,1,1,1,1,1,1,1,1
9589,3,ian,0,0,1,1,0,1,0,0,1,1,0,1,1,0,1,1
9590,3,tri,1,1,1,1,1,1,1,1,1,1,1,1,1,1,1,1
9591,3,ifa,1,1,1,1,1,1,1,1,1,1,1,1,1,1,1,1
9592,3,ana,1,1,1,1,1,1,1,1,1,1,1,1,1,1,1,1
9593,3,tri,1,1,1,1,1,1,1,1,1,1,1,1,1,1,1,1
9594,3,ang,1,1,1,1,1,1,1,1,1,1,1,1,1,1,1,1
9595,2,lah,1,1,1,1,1,1,1,1,1,0,1,1,1,1,1,1
9596,3,ama,1,1,1,0,1,1,0,1,1,0,1,1,0,1,1,0
9597,4,ari,1,1,1,1,1,1,1,1,1,1,1,1,1,1,1,1
9598,3,wan,1,1,1,1,1,1,1,1,1,1,1,1,1,1,1,1
9599,3,ini,1,1,1,1,1,1,1,1,1,1,1,1,1,1,1,1
9600,2,ita,1,1,1,1,1,1,1,1,1,1,1,1,1,1,1,1
9601,3,nah,1,1,1,1,1,1,1,1,1,1,1,1,1,1,1,1
9602,4,hri,1,1,1,0,1,1,0,1,1,0,1,1,0,1,1,0
9603,3,ani,1,1,1,1,1,1,1,1,1,1,1,1,1,1,1,1
9604,4,iwi,1,1,1,1,1,1,1,1,1,1,1,1,1,1,1,1
9605,4,ika,1,1,1,1,1,1,1,1,1,1,1,1,1,1,1,1
9606,2,nti,1,1,1,1,1,1,1,1,1,1,1,1,1,1,1,1
9607,2,ati,1,1,1,1,1,1,1,1,1,1,1,1,1,1,1,1
9608,3,ani,1,1,1,1,1,1,1,1,1,1,1,1,1,1,1,1
9609,2,lah,1,1,1,1,1,1,0,1,1,0,1,1,0,1,1,0
9610,3,adi,1,1,1,1,1,1,1,1,1,1,1,1,1,1,1,1
9611,4,ing,1,1,1,1,1,1,1,1,1,1,1,1,1,1,1,1
9612,4,adi,1,1,1,1,1,1,1,1,1,1,1,1,1,1,1,1
9613,1,isa,1,1,1,1,1,1,1,1,1,1,1,1,1,1,1,1
9614,2,dah,1,1,1,1,1,1,1,1,1,1,1,1,1,1,1,1
9615,3,rba,1,1,1,1,1,1,1,1,1,1,1,1,1,1,1,1
9616,3,hia,1,1,1,1,1,1,1,1,1,1,1,1,1,1,1,1
9617,3,tra,0,0,0,0,0,0,0,0,0,0,0,0,0,0,0,0
9618,6,erz,0,0,0,0,0,0,0,0,0,0,0,0,0,0,0,0
9619,3,lah,1,1,1,1,1,1,1,1,1,1,1,1,1,1,1,1
9620,4,upa,0,0,0,0,0,0,0,0,0,0,0,0,0,0,0,0
9621,3,aya,0,0,0,0,0,0,0,0,0,0,0,0,0,0,0,0
9622,3,ono,0,0,0,0,0,0,0,0,0,0,0,0,0,0,0,0
9623,3,era,0,0,0,0,0,0,0,0,0,0,0,0,0,0,0,0
9624,5,tar,0,0,0,0,0,0,0,0,0,0,0,0,0,0,0,0
9625,3,eek,0,0,0,0,0,0,0,0,0,0,0,0,0,0,0,0
9626,3,nto,0,0,0,0,0,0,0,0,0,0,0,0,0,0,0,0
9627,3,aan,0,0,0,0,0,0,0,0,0,0,0,0,0,0,0,0
9628,2,lim,0,0,0,0,0,0,0,0,0,0,0,0,0,0,0,0
9629,3,run,0,0,0,0,0,0,0,0,0,0,0,0,0,0,0,0
9630,3,lau,0,0,0,0,0,0,0,0,0,0,0,0,0,0,0,0
9631,4,ite,0,0,0,0,0,0,0,0,0,0,0,0,0,0,0,0
9632,2,iam,0,0,0,0,0,0,0,0,0,0,0,0,0,0,0,0
9633,4,alu,0,0,0,0,0,0,0,0,0,0,0,0,0,0,0,0
9634,4,agi,1,1,1,1,1,1,1,1,1,1,1,1,1,1,1,1
9635,3,ama,1,1,1,1,1,1,1,1,1,1,1,1,1,1,1,1
9636,3,wan,1,1,1,1,1,1,1,1,1,1,1,1,1,1,1,1
9637,3,nna,1,1,1,1,1,1,1,1,1,0,1,1,1,1,1,1
9638,3,nio,1,1,1,0,1,1,0,1,1,0,1,1,0,1,1,0
9639,3,ani,1,1,1,1,1,1,1,1,1,1,1,1,1,1,1,1
9640,4,nda,1,1,1,1,1,1,1,1,1,1,1,1,1,1,1,1
9641,2,nta,0,0,0,0,0,0,0,0,0,0,0,0,0,0,0,0
9642,2,hoy,0,0,0,0,0,0,0,0,0,0,0,0,0,0,0,0
9643,3,hin,0,0,0,0,0,0,0,0,0,0,0,0,0,0,0,0
9644,3,tar,0,0,0,0,0,0,0,0,0,0,0,0,0,0,0,0
9645,3,esa,0,0,0,0,0,0,0,0,0,0,0,0,0,0,0,0
9646,3,era,1,1,1,1,1,1,1,1,1,1,1,1,1,1,1,1
9647,3,lia,1,1,1,1,1,1,1,1,1,1,1,1,1,1,1,1
9648,3,ari,0,0,0,0,0,0,0,0,0,0,0,0,0,0,0,0
9649,3,ama,0,0,0,0,0,0,0,0,0,0,0,0,0,0,0,0
9650,2,nah,1,1,1,1,1,1,1,1,1,1,1,1,1,1,1,1
9651,2,lum,0,0,0,0,0,0,0,0,0,0,0,0,0,0,0,0
9652,2,nah,1,1,1,1,1,1,1,1,1,1,1,1,1,1,1,1
9653,2,zaq,0,0,0,0,0,0,0,0,0,0,0,0,0,0,0,0
9654,3,tri,1,1,1,1,1,1,1,1,1,1,1,1,1,1,1,1
9655,3,alu,0,0,0,0,0,0,0,0,0,0,0,0,0,0,0,0
9656,3,ian,0,0,0,0,0,0,0,0,0,0,0,0,0,0,0,0
9657,4,fin,0,0,0,0,0,0,0,0,0,0,0,0,0,0,0,0
9658,4,ana,1,1,1,1,1,1,1,1,1,1,1,1,1,1,1,1
9659,3,yah,1,1,1,1,1,1,1,1,1,1,1,1,1,1,1,1
9660,3,ata,0,0,0,0,0,0,0,0,0,0,0,0,0,0,0,0
9661,3,lah,0,0,0,0,0,0,0,0,0,0,0,0,0,0,0,0
9662,3,ana,0,0,0,0,0,0,0,0,0,0,0,0,0,0,0,0
9663,3,sar,0,0,0,0,0,0,0,0,0,0,0,0,0,0,0,0
9664,2,lia,1,1,1,1,1,1,1,1,1,1,1,1,1,1,1,1
9665,2,yah,1,1,1,0,1,1,1,1,1,0,1,1,1,1,1,1
9666,2,tsu,0,0,0,0,0,0,0,0,0,0,0,0,0,0,0,0
9667,3,ong,1,0,0,0,0,0,0,0,0,0,0,0,0,0,0,0
9668,3,ami,0,0,0,0,0,0,0,0,0,0,0,0,0,0,0,0
9669,3,pan,1,0,0,0,0,0,0,0,0,0,0,0,0,0,0,0
9670,4,zah,1,1,1,1,1,1,1,1,1,1,1,1,1,1,1,1
9671,3,oir,0,0,0,0,0,0,0,0,0,0,0,0,0,0,0,0
9672,2,ani,1,1,1,1,1,1,1,1,1,1,1,1,1,1,1,1
9673,3,ang,1,1,1,1,1,1,1,1,1,1,1,1,1,1,1,1
9674,2,ani,1,1,1,1,1,1,1,1,1,1,1,1,1,1,1,1
9675,4,ngg,1,1,1,1,1,1,1,1,1,1,1,1,1,1,1,1
9676,2,ina,1,1,1,1,1,1,1,1,1,1,1,1,1,1,1,1
9677,3,bat,1,1,1,1,1,1,1,1,1,1,1,1,1,1,1,1
9678,3,aga,1,1,1,1,1,1,1,1,1,1,1,1,1,1,1,1
9679,2,sah,0,0,0,0,0,0,0,0,0,0,0,0,0,0,0,0
9680,2,ati,1,1,1,1,1,1,1,1,1,1,1,1,1,1,1,1
9681,2,iar,1,1,1,1,1,1,1,1,1,1,1,1,1,1,1,1
9682,2,yah,0,0,0,0,0,0,0,0,0,0,0,0,0,0,0,0
9683,4,hyu,0,0,0,1,0,0,1,0,0,1,0,0,1,0,0,1
9684,3,ali,0,0,0,0,0,0,0,0,0,0,0,0,0,0,0,0
9685,3,yah,0,0,0,0,0,0,1,0,0,0,0,0,0,0,0,1
9686,3,tha,0,0,0,0,0,0,0,0,0,0,0,0,0,0,0,0
9687,3,aid,0,0,0,0,0,0,0,0,0,0,0,0,0,0,0,0
9688,3,oro,0,0,0,0,0,0,0,0,0,0,0,0,0,0,0,0
9689,3,aha,0,0,0,0,0,0,0,0,0,0,0,0,0,0,0,0
9690,2,aya,0,1,1,0,1,1,0,1,1,0,1,1,0,1,1,0
9691,4,ran,1,1,1,1,1,1,1,1,1,1,1,1,1,1,1,1
9692,3,wan,1,1,1,0,1,1,0,1,1,0,1,1,0,1,1,0
9693,4,man,1,1,1,1,1,1,1,1,1,1,1,1,1,1,1,1
9694,3,ata,0,0,0,0,0,0,0,0,0,0,0,0,0,0,0,0
9695,3,dah,1,1,1,1,1,1,1,1,1,1,1,1,1,1,1,1
9696,4,tri,1,1,1,1,1,1,1,1,1,1,1,1,1,1,1,1
9697,3,lia,1,1,1,1,1,1,1,1,1,1,1,1,1,1,1,1
9698,2,ina,1,1,1,1,1,1,1,1,1,1,1,1,1,1,1,1
9699,3,yah,0,0,0,0,0,0,0,0,0,0,0,0,0,0,0,0
9700,3,yan,0,0,0,0,0,0,0,0,0,0,0,0,0,0,0,0
9701,2,yah,0,0,0,0,0,0,0,0,0,0,0,0,0,0,0,0
9702,3,adi,0,0,0,0,0,0,0,0,0,0,0,0,0,0,0,0
9703,4,lah,0,0,0,0,0,0,0,0,0,0,0,0,0,0,0,0
9704,4,war,0,0,0,0,0,0,0,0,0,0,0,0,0,0,0,0
9705,3,ami,0,0,0,0,0,0,0,0,0,0,0,0,0,0,0,0
9706,4,dan,0,0,0,0,0,0,0,0,0,0,0,0,0,0,0,0
9707,3,adi,0,0,0,0,0,0,0,0,0,0,0,0,0,0,0,0
9708,3,him,0,0,0,0,0,0,0,0,0,0,0,0,0,0,0,0
9709,3,nto,0,0,0,0,0,0,0,0,0,0,0,0,0,0,0,0
9710,3,ata,0,0,0,0,0,0,0,0,0,0,0,0,0,0,0,0
9711,3,ziz,0,0,0,0,0,0,0,0,0,0,0,0,0,0,0,0
9712,3,ana,0,0,0,0,0,0,0,0,0,0,0,0,0,0,0,0
9713,3,yan,0,0,0,0,0,0,0,0,0,0,0,0,0,0,0,0
9714,3,gel,0,0,0,0,0,0,0,0,0,0,0,0,0,0,0,0
9715,3,him,0,0,0,0,0,0,0,0,0,0,0,0,0,0,0,0
9716,2,tya,0,0,0,0,0,0,0,0,0,0,0,0,0,0,0,0
9717,3,ata,0,0,0,0,0,0,0,0,0,0,0,0,0,0,0,0
9718,2,yah,0,0,0,0,0,0,0,0,0,0,0,0,0,0,0,0
9719,3,ari,0,0,0,0,0,0,0,0,0,0,0,0,0,0,0,0
9720,3,sah,0,0,0,0,0,0,0,0,0,0,0,0,0,0,0,0
9721,3,tyo,0,0,0,0,0,0,0,0,0,0,0,0,0,0,0,0
9722,3,fat,0,0,0,0,0,0,0,0,0,0,0,0,0,0,0,0
9723,4,tyo,0,0,0,0,0,0,0,0,0,0,0,0,0,0,0,0
9724,4,sis,0,0,0,0,0,0,0,0,0,0,0,0,0,0,0,0
9725,3,yah,0,0,0,0,0,0,0,0,0,0,0,0,0,0,0,0
9726,4,riq,0,0,0,0,0,0,0,0,0,0,0,0,0,0,0,0
9727,3,riz,0,0,0,0,0,0,0,0,0,0,0,0,0,0,0,0
9728,3,tra,0,0,0,0,0,0,0,0,0,0,0,0,0,0,0,0
9729,4,haq,0,0,0,0,0,0,0,0,0,0,0,0,0,0,0,0
9730,3,rio,0,0,0,0,0,0,0,0,0,0,0,0,0,0,0,0
9731,4,ras,0,0,0,0,0,0,0,0,0,0,0,0,0,0,0,0
9732,4,ban,0,0,0,0,0,0,0,0,0,0,0,0,0,0,0,0
9733,3,nur,0,0,0,0,0,0,0,0,0,0,0,0,0,0,0,0
9734,4,oso,0,0,0,0,0,0,0,0,0,0,0,0,0,0,0,0
9735,3,yah,0,0,0,0,0,0,0,0,0,0,0,0,0,0,0,0
9736,3,nna,0,0,0,0,0,0,0,0,0,0,0,0,0,0,0,0
9737,3,ram,0,0,0,0,0,0,0,0,0,0,0,0,0,0,0,0
9738,4,tra,0,0,0,0,0,0,0,0,0,0,0,0,0,0,0,0
9739,3,dan,0,0,0,0,0,0,0,0,0,0,0,0,0,0,0,0
9740,3,imo,0,0,0,0,0,0,0,0,0,0,0,0,0,0,0,0
9741,3,ziz,0,0,0,0,0,0,0,0,0,0,0,0,0,0,0,0
9742,4,s l,0,0,0,0,0,0,0,0,0,0,0,0,0,0,0,0
9743,3,bar,0,0,0,0,0,0,0,0,0,0,0,0,0,0,0,0
9744,3,yid,0,0,0,0,0,0,0,0,0,0,0,0,0,0,0,0
9745,3,aus,0,0,0,0,0,0,0,0,0,0,0,0,0,0,0,0
9746,4,lih,0,0,0,0,0,0,0,0,0,0,0,0,0,0,0,0
9747,3,ana,0,0,0,0,0,0,0,0,0,0,0,0,0,0,0,0
9748,3,han,0,0,0,0,0,0,0,0,0,0,0,0,0,0,0,0
9749,2,iyu,0,0,0,0,0,0,0,0,0,0,0,0,0,0,0,0
9750,4,tya,0,0,0,0,0,0,0,0,0,0,0,0,0,0,0,0
9751,3,yah,0,0,0,0,0,0,0,0,0,0,0,0,0,0,0,0
9752,5,nto,0,0,0,0,0,0,0,0,0,0,0,0,0,0,0,0
9753,3,diq,0,0,0,0,0,0,0,0,0,0,0,0,0,0,0,0
9754,3,yev,0,0,0,0,0,0,0,0,0,0,0,0,0,0,0,0
9755,3,yah,0,0,0,0,0,0,0,0,0,0,0,0,0,0,0,0
9756,3,uda,0,0,0,0,0,0,0,0,0,0,0,0,0,0,0,0
9757,4,hyo,0,0,0,0,0,0,0,0,0,0,0,0,0,0,0,0
9758,3,kri,0,0,0,0,0,0,0,0,0,0,0,0,0,0,0,0
9759,3,man,0,0,0,0,0,0,0,0,0,0,0,0,0,0,0,0
9760,5,i y,0,0,0,0,0,0,0,0,0,0,0,0,0,0,0,0
9761,3,ega,0,0,0,0,0,0,0,0,0,0,0,0,0,0,0,0
9762,4,ara,0,0,0,0,0,0,0,0,0,0,0,0,0,0,0,0
9763,4,tro,0,0,0,0,0,0,0,0,0,0,0,0,0,0,0,0
9764,1,man,0,0,0,0,0,0,0,0,0,0,0,0,0,0,0,0
9765,3,yah,0,0,0,0,0,0,0,0,0,0,0,0,0,0,0,0
9766,3,nto,0,0,0,0,0,0,0,0,0,0,0,0,0,0,0,0
9767,2,yah,0,0,0,0,0,0,0,0,0,0,0,0,0,0,0,0
9768,2,rel,0,0,0,0,0,0,0,0,0,0,0,0,0,0,0,0
9769,3,fqi,0,0,0,0,0,0,0,0,0,0,0,0,0,0,0,0
9770,3,asa,0,0,0,0,0,0,0,0,0,0,0,0,0,0,0,0
9771,3,ian,0,0,0,0,0,0,0,0,0,0,0,0,0,0,0,0
9772,2,aky,0,0,0,0,0,0,0,0,0,0,0,0,0,0,0,0
9773,3,nia,0,0,0,0,0,0,0,0,0,0,0,0,0,0,0,0
9774,2,ruz,0,0,0,0,0,0,0,0,0,0,0,0,0,0,0,0
9775,3,yah,0,0,0,0,0,0,0,0,0,0,0,0,0,0,0,0
9776,3,aki,0,0,0,0,0,0,0,0,0,0,0,0,0,0,0,0
9777,3,ana,0,0,0,0,0,0,0,0,0,0,0,0,0,0,0,0
9778,2,riz,0,0,0,0,0,0,0,0,0,0,0,0,0,0,0,0
9779,3,yat,0,0,0,0,0,0,0,0,0,0,0,0,0,0,0,0
9780,3,yan,0,0,0,0,0,0,0,0,0,0,0,0,0,0,0,0
9781,3,ana,0,0,0,0,0,0,0,0,0,0,0,0,0,0,0,0
9782,3,ani,0,0,0,0,0,0,0,0,0,0,0,0,0,0,0,0
9783,3,wan,0,0,0,0,0,0,0,0,0,0,0,0,0,0,0,0
9784,3,lah,0,0,0,0,0,0,0,0,0,0,0,0,0,0,0,0
9785,3,ani,0,0,0,0,0,0,0,0,0,0,0,0,0,0,0,0
9786,3,res,0,0,0,0,0,0,0,0,0,0,0,0,0,0,0,0
9787,2,haq,0,0,0,0,0,0,0,0,0,0,0,0,0,0,0,0
9788,3,uza,0,0,0,0,0,0,0,0,0,0,0,0,0,0,0,0
9789,3,evi,0,0,0,0,0,0,0,0,0,0,0,0,0,0,0,0
9790,3,yah,0,0,0,0,0,0,0,0,0,0,0,0,0,0,0,0
9791,3,ito,0,0,0,0,0,0,0,0,0,0,0,0,0,0,0,0
9792,4,tra,0,0,0,0,0,0,0,0,0,0,0,0,0,0,0,0
9793,3,ian,0,0,0,0,0,0,0,0,0,0,0,0,0,0,0,0
9794,3,dat,0,0,0,0,0,0,0,0,0,0,0,0,0,0,0,0
9795,3,ama,0,0,0,0,0,0,0,0,0,0,0,0,0,0,0,0
9796,3,ara,0,0,0,0,0,0,0,0,0,0,0,0,0,0,0,0
9797,3,qin,0,0,0,0,0,0,0,0,0,0,0,0,0,0,0,0
9798,3,ama,0,0,0,0,0,0,0,0,0,0,0,0,0,0,0,0
9799,2,ian,0,0,0,0,0,0,0,0,0,0,0,0,0,0,0,0
9800,4,hap,0,0,0,0,0,0,0,0,0,0,0,0,0,0,0,0
9801,4,han,0,0,0,0,0,0,0,0,0,0,0,0,0,0,0,0
9802,3,yah,0,0,0,0,0,0,0,0,0,0,0,0,0,0,0,0
9803,3,ama,0,0,0,0,0,0,0,0,0,0,0,0,0,0,0,0
9804,4,nto,0,0,0,0,0,0,0,0,0,0,0,0,0,0,0,0
9805,3,ono,0,0,0,0,0,0,0,0,0,0,0,0,0,0,0,0
9806,3,fqi,0,0,0,0,0,0,0,0,0,0,0,0,0,0,0,0
9807,4,nia,0,0,0,0,0,0,0,0,0,0,0,0,0,0,0,0
9808,3,eka,0,0,0,0,0,0,0,0,0,0,0,0,0,0,0,0
9809,4,haq,0,0,0,0,0,0,0,0,0,0,0,0,0,0,0,0
9810,3,nsa,0,0,0,0,0,0,0,0,0,0,0,0,0,0,0,0
9811,4,din,0,0,0,0,0,0,0,0,0,0,0,0,0,0,0,0
9812,3,tra,0,0,0,0,0,0,0,0,0,0,0,0,0,0,0,0
9813,3,nto,0,0,0,0,0,0,0,0,0,0,0,0,0,0,0,0
9814,5,h s,0,0,0,0,0,0,0,0,0,0,0,0,0,0,0,0
9815,4,yfi,0,0,0,0,0,0,0,0,0,0,0,0,0,0,0,0
9816,2,zal,0,0,0,0,0,0,0,0,0,0,0,0,0,0,0,0
9817,3,jat,0,0,0,0,0,0,0,0,0,0,0,0,0,0,0,0
9818,3,nan,0,0,0,0,0,0,0,0,0,0,0,0,0,0,0,0
9819,3,kan,0,0,0,0,0,0,0,0,0,0,0,0,0,0,0,0
9820,3,lam,0,0,0,0,0,0,0,0,0,0,0,0,0,0,0,0
9821,3,tab,0,0,0,0,0,0,0,0,0,0,0,0,0,0,0,0
9822,3,yah,0,0,0,0,0,0,0,0,0,0,0,0,0,0,0,0
9823,4,ham,0,0,0,0,0,0,0,0,0,0,0,0,0,0,0,0
9824,4,lik,0,0,0,0,0,0,0,0,0,0,0,0,0,0,0,0
9825,3,wan,0,0,0,0,0,0,0,0,0,0,0,0,0,0,0,0
9826,3,dan,0,0,0,0,0,0,0,0,0,0,0,0,0,0,0,0
9827,3,nto,0,0,0,0,0,0,0,0,0,0,0,0,0,0,0,0
9828,5, pa,0,0,0,0,0,0,0,0,0,0,0,0,0,0,0,0
9829,3,tra,0,0,0,0,0,0,0,0,0,0,0,0,0,0,0,0
9830,3,yat,0,0,0,0,0,0,0,0,0,0,0,0,0,0,0,0
9831,3,aus,0,0,0,0,0,0,0,0,0,0,0,0,0,0,0,0
9832,3,ief,0,0,0,0,0,0,0,0,0,0,0,0,0,0,0,0
9833,4,mar,0,0,0,0,0,0,0,0,0,0,0,0,0,0,0,0
9834,4,lik,0,0,0,0,0,0,0,0,0,0,0,0,0,0,0,0
9835,2,yad,0,0,0,0,0,0,0,0,0,0,0,0,0,0,0,0
9836,3,yan,0,0,0,0,0,0,0,0,0,0,0,0,0,0,0,0
9837,3,eef,0,0,0,0,0,0,0,0,0,0,0,0,0,0,0,0
9838,3,nyu,0,0,0,0,0,0,0,0,0,0,0,0,0,0,0,0
9839,3,jwa,0,0,0,0,0,0,0,0,0,0,0,0,0,0,0,0
9840,2,ana,0,0,0,0,0,0,0,0,0,0,0,0,0,0,0,0
9841,3,ffa,0,0,0,0,0,0,0,0,0,0,0,0,0,0,0,0
9842,3,sta,0,0,0,0,0,0,0,0,0,0,0,0,0,0,0,0
9843,2,ffi,0,0,0,0,0,0,0,0,0,0,0,0,0,0,0,0
9844,3,san,0,0,0,0,0,0,0,0,0,0,0,0,0,0,0,0
9845,3,ani,0,0,0,0,0,0,0,0,0,0,0,0,0,0,0,0
9846,4,dif,0,0,0,0,0,0,0,0,0,0,0,0,0,0,0,0
9847,3,zal,0,0,0,0,0,0,0,0,0,0,0,0,0,0,0,0
9848,3,zal,0,0,0,0,0,0,0,0,0,0,0,0,0,0,0,0
9849,4,tra,0,0,0,0,0,0,0,0,0,0,0,0,0,0,0,0
9850,4,tra,0,0,0,0,0,0,0,0,0,0,0,0,0,0,0,0
9851,3,ari,0,0,0,0,0,0,0,0,0,0,0,0,0,0,0,0
9852,3,tya,0,0,0,0,0,0,0,0,0,0,0,0,0,0,0,0
9853,2,dho,0,0,0,0,0,0,0,0,0,0,0,0,0,0,0,0
9854,3,bar,0,0,0,0,0,0,0,0,0,0,0,0,0,0,0,0
9855,3,sah,0,0,0,0,0,0,0,0,0,0,0,0,0,0,0,0
9856,2,dhi,0,0,0,0,0,0,0,0,0,0,0,0,0,0,0,0
9857,3,dra,0,0,0,0,0,0,0,0,0,0,0,0,0,0,0,0
9858,3,yah,0,0,0,0,0,0,0,0,0,0,0,0,0,0,0,0
9859,2,yid,0,0,0,0,0,0,0,0,0,0,0,0,0,0,0,0
9860,4,ami,0,0,0,0,0,0,0,0,0,0,0,0,0,0,0,0
9861,3,dar,0,0,0,0,0,0,0,0,0,0,0,0,0,0,0,0
9862,5,l r,0,0,0,0,0,0,0,0,0,0,0,0,0,0,0,0
9863,2,ard,0,0,0,0,0,0,0,0,0,0,0,0,0,0,0,0
9864,3,nad,0,0,0,0,0,0,0,0,0,0,0,0,0,0,0,0
9865,3,han,0,0,0,0,0,0,0,0,0,0,0,0,0,0,0,0
9866,2,dan,0,0,0,0,0,0,0,0,0,0,0,0,0,0,0,0
9867,4,oso,0,0,0,0,0,0,0,0,0,0,0,0,0,0,0,0
9868,3,rza,0,0,0,0,0,0,0,0,0,0,0,0,0,0,0,0
9869,4,nah,0,1,1,0,1,1,0,1,1,0,1,1,0,1,1,0
9870,4,kim,0,0,0,0,0,0,0,0,0,0,0,0,0,0,0,0
9871,4,ser,0,0,0,0,0,0,0,0,0,0,0,0,0,0,0,0
9872,3,sya,0,0,0,0,0,0,0,0,0,0,0,0,0,0,0,0
9873,2,ran,1,0,0,0,0,0,0,0,0,0,0,0,0,0,0,0
9874,2,dik,0,0,0,0,0,0,0,0,0,0,0,0,0,0,0,0
9875,2,ari,1,1,1,1,1,1,1,1,1,1,1,1,1,1,1,1
9876,3,adi,1,1,1,1,1,1,1,1,1,1,1,1,1,1,1,1
9877,4,oke,1,1,1,1,1,1,1,1,1,1,1,1,1,1,1,1
9878,3,ani,1,1,1,1,1,1,1,1,1,1,1,1,1,1,1,1
9879,3,lia,1,1,1,1,1,1,1,1,1,1,1,1,1,1,1,1
9880,3,nga,1,1,1,1,1,1,1,1,1,1,1,1,1,1,1,1
9881,2,edi,1,1,1,0,1,1,0,1,1,0,1,1,0,1,1,1
9882,3,ang,1,1,1,1,1,1,1,1,1,1,1,1,1,1,1,1
9883,3,eta,0,0,0,0,0,0,0,0,0,0,0,0,0,0,0,0
9884,2,lio,0,0,0,0,0,0,0,0,0,0,0,0,0,0,0,0
9885,3,ova,0,0,0,0,0,0,0,0,0,0,0,0,0,0,0,0
9886,3,jie,0,0,0,0,0,0,0,0,0,0,0,0,0,0,0,0
9887,4,ang,0,0,0,0,0,0,0,0,0,0,0,0,0,0,0,0
9888,3,ama,0,0,0,0,0,0,0,0,0,0,0,0,0,0,0,0
9889,2,ana,0,0,0,0,0,0,0,0,0,0,0,0,0,0,0,0
9890,3,yat,0,0,0,0,0,0,0,0,0,0,0,0,0,0,0,0
9891,3,res,0,0,0,0,0,0,0,0,0,0,0,0,0,0,0,0
9892,3,tra,0,0,0,0,0,0,0,0,0,0,0,0,0,0,0,0
9893,4,iro,0,0,0,0,0,0,0,0,0,0,0,0,0,0,0,0
9894,3,yat,0,0,0,0,0,0,0,0,0,0,0,0,0,0,0,0
9895,4,nda,0,0,0,0,0,0,0,0,0,0,0,0,0,0,0,0
9896,2,mad,0,0,0,0,0,0,0,0,0,0,0,0,0,0,0,0
9897,3,ung,0,0,0,0,0,0,0,0,0,0,0,0,0,0,0,0
9898,3,ary,1,1,1,1,1,1,1,1,1,1,1,1,1,1,1,1
9899,1,wen,0,0,0,0,0,0,0,0,0,0,0,0,0,0,0,0
9900,3,iwi,1,1,1,1,1,1,1,1,1,1,1,1,1,1,1,1
9901,3,fah,1,1,1,1,1,1,1,1,1,1,1,1,1,1,1,1
9902,3,ina,1,1,1,1,1,1,1,1,1,1,1,1,1,1,1,1
9903,3,dah,1,1,1,1,1,1,1,1,1,1,1,1,1,1,1,1
9904,2,aji,0,0,0,0,0,0,0,0,0,0,0,0,0,0,0,0
9905,3,rjo,0,0,0,0,0,0,0,0,0,0,0,0,0,0,0,0
9906,3,tri,1,1,1,1,1,1,1,1,1,1,1,1,1,1,1,1
9907,2,sia,1,1,1,1,1,1,1,1,1,1,1,1,1,1,1,1
9908,3,yla,1,1,1,1,1,1,1,1,1,1,1,1,1,1,1,1
9909,2,aas,1,1,1,1,1,1,0,1,1,1,1,1,1,1,1,1
9910,3,ana,0,0,0,1,0,0,1,0,0,1,0,0,1,0,0,1
9911,2,lah,0,0,0,0,0,0,0,0,0,0,0,0,0,0,0,0
9912,3,aki,0,0,0,0,0,0,0,0,0,0,0,0,0,0,0,0
9913,3,man,0,0,0,0,0,0,0,0,0,0,0,0,0,0,0,0
9914,4,bis,0,0,0,0,0,0,0,0,0,0,0,0,0,0,0,0
9915,3,yah,0,0,0,0,0,0,0,0,0,0,0,0,0,0,0,0
9916,4,ari,0,0,0,0,0,0,0,0,0,0,0,0,0,0,0,0
9917,3,fiz,0,0,0,0,0,0,0,0,0,0,0,0,0,0,0,0
9918,2,fan,0,0,0,0,0,0,0,0,0,0,0,0,0,0,0,0
9919,3,ufa,0,0,0,0,0,0,0,0,0,0,0,0,0,0,0,0
9920,2,jri,0,0,0,0,0,0,0,0,0,0,0,0,0,0,0,0
9921,4,ian,0,0,0,0,0,0,0,0,0,0,0,0,0,0,0,0
9922,3,loh,0,0,0,0,0,0,0,0,0,0,0,0,0,0,0,0
9923,3,yah,1,1,1,1,1,1,1,1,1,1,1,1,1,1,1,1
9924,2,fah,1,1,1,1,1,1,1,1,1,1,1,1,1,1,1,1
9925,2,zah,1,1,1,1,1,1,1,1,1,1,1,1,1,1,1,1
9926,3,rah,0,0,0,0,0,0,0,0,0,0,0,0,0,0,0,0
9927,3,lah,0,0,0,0,0,0,0,0,0,0,0,0,0,0,0,0
9928,3,iry,0,0,0,1,0,0,1,0,0,1,0,0,1,0,0,1
9929,3,yid,0,0,0,0,0,0,0,0,0,0,0,0,0,0,0,0
9930,5,ila,0,0,0,0,0,0,0,0,0,0,0,0,0,0,0,0
9931,4,uhu,0,0,0,0,0,0,0,0,0,0,0,0,0,0,0,0
9932,4,aji,0,0,0,0,0,0,0,0,0,0,0,0,0,0,0,0
9933,4,jab,0,0,0,0,0,0,0,0,0,0,0,0,0,0,0,0
9934,4,min,0,0,0,0,0,0,0,0,0,0,0,0,0,0,0,0
9935,3,wan,0,0,0,0,0,0,0,0,0,0,0,0,0,0,0,0
9936,3,lah,0,0,0,0,0,0,0,0,0,0,0,0,0,0,0,0
9937,3,ezi,0,0,0,0,0,0,0,0,0,0,0,0,0,0,0,0
9938,3,lis,0,0,1,1,0,1,1,0,1,1,0,1,1,0,1,1
9939,4,ani,0,0,0,0,0,0,0,0,0,0,0,0,0,0,0,0
9940,3,nta,0,0,0,0,0,0,0,0,0,0,0,0,0,0,0,0
9941,3,ski,0,0,0,0,0,0,0,0,0,0,0,0,0,0,0,0
9942,4,wan,0,0,0,0,0,0,0,0,0,0,0,0,0,0,0,0
9943,3,. h,0,0,0,0,0,0,0,0,0,0,0,0,0,0,0,0
9944,3,loh,0,0,0,0,0,0,0,0,0,0,0,0,0,0,0,0
9945,3,zan,0,0,0,0,0,0,0,0,0,0,0,0,0,0,0,0
9946,5,hak,0,0,0,0,0,0,0,0,0,0,0,0,0,0,0,0
9947,4,tra,0,0,0,0,0,0,0,0,0,0,0,0,0,0,0,0
9948,4,rok,0,0,0,0,0,0,0,0,0,0,0,0,0,0,0,0
9949,4,ian,0,0,0,0,0,0,0,0,0,0,0,0,0,0,0,0
9950,3,tno,0,0,0,0,0,0,0,0,0,0,0,0,0,0,0,0
9951,3,ona,0,0,0,0,0,0,0,0,0,0,0,0,0,0,0,0
9952,3,yah,0,0,0,0,0,0,0,0,0,0,0,0,0,0,0,0
9953,3,wan,0,0,0,0,0,0,0,0,0,0,0,0,0,0,0,0
9954,3,lik,0,0,0,0,0,0,0,0,0,0,0,0,0,0,0,0
9955,3,nto,0,0,0,0,0,0,0,0,0,0,0,0,0,0,0,0
9956,3,rdy,0,0,0,0,0,0,0,0,0,0,0,0,0,0,0,0
9957,4,lia,0,0,0,0,0,0,0,0,0,0,0,0,0,0,0,0
9958,4,tin,0,0,0,0,0,0,0,0,0,0,0,0,0,0,0,0
9959,4,wan,0,0,0,0,0,0,0,0,0,0,0,0,0,0,0,0
9960,4,aya,0,0,0,0,0,0,0,0,0,0,0,0,0,0,0,0
9961,5,unn,0,0,0,0,0,0,0,0,0,0,0,0,0,0,0,0
9962,3,hir,0,0,0,0,0,0,0,0,0,0,0,0,0,0,0,0
9963,2,sah,0,0,0,0,0,0,0,0,0,0,0,0,0,0,0,0
9964,3,adi,0,0,0,0,0,0,0,0,0,0,0,0,0,0,0,0
9965,3,tra,0,0,0,0,0,0,0,0,0,0,0,0,0,0,0,0
9966,3,eza,0,0,0,0,0,0,0,0,0,0,0,0,0,0,0,0
9967,3,nia,0,0,0,0,0,0,0,0,0,0,0,0,0,0,0,0
9968,4,ukm,0,0,0,0,0,0,0,0,0,0,0,0,0,0,0,0
9969,4,ana,0,0,0,0,0,0,0,0,0,0,0,0,0,0,0,0
9970,3,abi,0,0,0,0,0,0,0,0,0,0,0,0,0,0,0,0
9971,3,ion,0,0,0,0,0,0,0,0,0,0,0,0,0,0,0,0
9972,3,han,0,0,0,0,0,0,0,0,0,0,0,0,0,0,0,0
9973,3, sr,0,0,0,0,0,0,0,0,0,0,0,0,0,0,0,0
9974,3,val,0,0,0,0,0,0,0,0,0,0,0,0,0,0,0,0
9975,3,man,0,0,0,0,0,0,0,0,0,0,0,0,0,0,0,0
9976,3,ani,0,0,0,0,0,0,0,0,0,0,0,0,0,0,0,0
9977,2,yah,0,0,0,0,0,0,0,0,0,0,0,0,0,0,0,0
9978,2,nto,0,0,0,0,0,0,0,0,0,0,0,0,0,0,0,0
9979,3,man,0,0,0,0,0,0,0,0,0,0,0,0,0,0,0,0
9980,3,anu,0,0,0,0,0,0,0,0,0,0,0,0,0,0,0,0
9981,3,rom,0,0,0,0,0,0,0,0,0,0,0,0,0,0,0,0
9982,3,nto,0,0,0,0,0,0,0,0,0,0,0,0,0,0,0,0
9983,3,nan,0,0,0,0,0,0,0,0,0,0,0,0,0,0,0,0
9984,3,lia,0,0,0,0,0,0,0,0,0,0,0,0,0,0,0,0
9985,3,fqi,0,0,0,0,0,0,0,0,0,0,0,0,0,0,0,0
9986,2,yip,0,0,0,0,0,0,0,0,0,0,0,0,0,0,0,0
9987,3,ara,0,0,0,0,0,0,0,0,0,0,0,0,0,0,0,0
9988,3,dad,0,0,0,0,0,0,0,0,0,0,0,0,0,0,0,0
9989,2,ril,0,0,0,0,0,0,0,0,0,0,0,0,0,0,0,0
9990,3,oni,0,0,0,0,0,0,0,0,0,0,0,0,0,0,0,0
9991,4,tra,0,0,0,0,0,0,0,0,0,0,0,0,0,0,0,0
9992,3,afi,0,0,0,0,0,0,0,0,0,0,0,0,0,0,0,0
9993,3,tya,0,0,0,0,0,0,0,0,0,0,0,0,0,0,0,0
9994,2,lly,0,0,0,0,0,0,0,0,0,0,0,0,0,0,0,0
9995,4,ian,0,0,0,0,0,0,0,0,0,0,0,0,0,0,0,0
9996,3,ari,0,0,0,0,0,0,0,0,0,0,0,0,0,0,0,0
9997,3,ani,0,0,0,0,0,0,0,0,0,0,0,0,0,0,0,0
9998,3,iya,0,0,0,0,0,0,0,0,0,0,0,0,0,0,0,0
9999,3,ori,0,0,0,0,0,0,0,0,0,0,0,0,0,0,0,0
10000,3,tra,0,0,0,0,0,0,0,0,0,0,0,0,0,0,0,0
10001,3,rio,0,0,0,0,0,0,0,0,0,0,0,0,0,0,0,0
10002,4,ana,0,0,0,0,0,0,0,0,0,0,0,0,0,0,0,0
10003,3,tra,0,0,0,0,0,0,0,0,0,0,0,0,0,0,0,0
10004,3,tro,0,0,0,0,0,0,0,0,0,0,0,0,0,0,0,0
10005,3,udi,0,0,0,0,0,0,0,0,0,0,0,0,0,0,0,0
10006,3,oro,0,0,0,0,0,0,0,0,0,0,0,0,0,0,0,0
10007,3,lah,0,0,0,0,0,0,0,0,0,0,0,0,0,0,0,0
10008,3,dis,0,0,0,0,0,0,0,0,0,0,0,0,0,0,0,0
10009,3,aus,0,0,0,0,0,0,0,0,0,0,0,0,0,0,0,0
10010,4,ian,0,0,0,0,0,0,0,0,0,0,0,0,0,0,0,0
10011,4, la,0,0,0,0,0,0,0,0,0,0,0,0,0,0,0,0
10012,4,nna,0,0,0,0,0,0,0,0,0,0,0,0,0,0,0,0
10013,2,hri,0,0,0,0,0,0,0,0,0,0,0,0,0,0,0,0
10014,3,san,0,0,0,0,0,0,0,0,0,0,0,0,0,0,0,0
10015,2,lah,0,0,0,0,0,0,0,0,0,0,0,0,0,0,0,0
10016,3,efi,0,0,0,0,0,0,0,0,0,0,0,0,0,0,0,0
10017,3,das,0,0,0,0,0,0,0,0,0,0,0,0,0,0,0,0
10018,4,dho,0,0,0,0,0,0,0,0,0,0,0,0,0,0,0,0
10019,3,ran,0,0,0,0,0,0,0,0,0,0,0,0,0,0,0,0
10020,3,ika,0,0,0,0,0,0,0,0,0,0,0,0,0,0,0,0
10021,4,tyo,0,0,0,0,0,0,0,0,0,0,0,0,0,0,0,0
10022,3,oni,0,0,0,0,0,0,0,0,0,0,0,0,0,0,0,0
10023,3,ian,0,0,0,0,0,0,0,0,0,0,0,0,0,0,0,0
10024,3,hir,0,0,0,0,0,0,0,0,0,0,0,0,0,0,0,0
10025,4,ogi,0,0,0,0,0,0,0,0,0,0,0,0,0,0,0,0
10026,3,asa,0,0,0,0,0,0,0,0,0,0,0,0,0,0,0,0
10027,3,ari,0,0,0,0,0,0,0,0,0,0,0,0,0,0,0,0
10028,3,ian,0,0,0,0,0,0,0,0,0,0,0,0,0,0,0,0
10029,3,lah,0,0,0,0,0,0,0,0,0,0,0,0,0,0,0,0
10030,3,zky,0,0,0,0,0,0,0,0,0,0,0,0,0,0,0,0
10031,4,sen,0,0,0,0,0,0,0,0,0,0,0,0,0,0,0,0
10032,3,zky,0,0,0,0,0,0,0,0,0,0,0,0,0,0,0,0
10033,3,oer,0,0,0,0,0,0,0,0,0,0,0,0,0,0,0,0
10034,3,ibi,0,0,0,0,0,0,0,0,0,0,0,0,0,0,0,0
10035,3,may,0,0,0,0,0,0,0,0,0,0,0,0,0,0,0,0
10036,2,rel,0,0,0,0,0,0,0,0,0,0,0,0,0,0,0,0
10037,4,idi,0,0,0,0,0,0,0,0,0,0,0,0,0,0,0,0
10038,3,wan,0,0,0,0,0,0,0,0,0,0,0,0,0,0,0,0
10039,3,zal,0,0,0,0,0,0,0,0,0,0,0,0,0,0,0,0
10040,3,mka,0,0,0,0,0,0,0,0,0,0,0,0,0,0,0,0
10041,3,yid,0,0,0,0,0,0,0,0,0,0,0,0,0,0,0,0
10042,3,aqy,0,0,0,0,0,0,0,0,0,0,0,0,0,0,0,0
10043,3,riq,0,0,0,0,0,0,0,0,0,0,0,0,0,0,0,0
10044,2,han,0,0,0,0,0,0,0,0,0,0,0,0,0,0,0,0
10045,3,izy,0,0,0,0,0,0,0,0,0,0,0,0,0,0,0,0
10046,2,hir,0,0,0,0,0,0,0,0,0,0,0,0,0,0,0,0
10047,4,ana,0,0,0,0,0,0,0,0,0,0,0,0,0,0,0,0
10048,3,jad,0,0,0,0,0,0,0,0,0,0,0,0,0,0,0,0
10049,2,man,0,0,0,0,0,0,0,0,0,0,0,0,0,0,0,0
10050,3,hat,0,0,0,0,0,0,0,0,0,0,0,0,0,0,0,0
10051,3,sin,0,0,0,0,0,0,0,0,0,0,0,0,0,0,0,0
10052,5,tra,0,0,0,0,0,0,0,0,0,0,0,0,0,0,0,0
10053,3,bib,0,0,0,0,0,0,0,0,0,0,0,0,0,0,0,0
10054,4,khi,0,0,0,0,0,0,0,0,0,0,0,0,0,0,0,0
10055,3,hon,0,0,0,0,0,0,0,0,0,0,0,0,0,0,0,0
10056,3,aqi,0,0,0,0,0,0,0,0,0,0,0,0,0,0,0,0
10057,3,lah,0,0,0,0,0,0,0,0,0,0,0,0,0,0,0,0
10058,3,zan,0,0,0,0,0,0,0,0,0,0,0,0,0,0,0,0
10059,3,bie,0,0,0,0,0,0,0,0,0,0,0,0,0,0,0,0
10060,3,han,0,0,0,0,0,0,0,0,0,0,0,0,0,0,0,0
10061,2,qri,0,0,0,0,0,0,0,0,0,0,0,0,0,0,0,0
10062,3,gja,0,0,0,0,0,0,0,0,0,0,0,0,0,0,0,0
10063,3,ali,0,0,0,0,0,0,0,0,0,0,0,0,0,0,0,0
10064,3,ang,0,0,0,0,0,0,0,0,0,0,0,0,0,0,0,0
10065,3,ani,0,0,0,0,0,0,0,0,0,0,0,0,0,0,0,0
10066,3,jat,0,0,0,0,0,0,0,0,0,0,0,0,0,0,0,0
10067,3,ani,0,0,0,0,0,0,0,0,0,0,0,0,0,0,0,0
10068,4,ama,0,0,0,0,0,0,0,0,0,0,0,0,0,0,0,0
10069,3,dra,0,0,0,0,0,0,0,0,0,0,0,0,0,0,0,0
10070,3,ana,0,0,0,0,0,0,0,0,0,0,0,0,0,0,0,0
10071,3,bil,0,0,0,0,0,0,0,0,0,0,0,0,0,0,0,0
10072,3,uma,0,0,0,0,0,0,0,0,0,0,0,0,0,0,0,0
10073,4,kso,0,0,0,0,0,0,0,0,0,0,0,0,0,0,0,0
10074,3,iqi,0,0,0,0,0,0,0,0,0,0,0,0,0,0,0,0
10075,4,bar,0,0,0,0,0,0,0,0,0,0,0,0,0,0,0,0
10076,3,lah,0,0,0,0,0,0,0,0,0,0,0,0,0,0,0,0
10077,3,fic,0,0,0,0,0,0,0,0,0,0,0,0,0,0,0,0
10078,3,fli,0,0,0,0,0,0,0,0,0,0,0,0,0,0,0,0
10079,3,ina,0,0,0,0,0,0,0,0,0,0,0,0,0,0,0,0
10080,3,kir,0,0,0,0,0,0,0,0,0,0,0,0,0,0,0,0
10081,4,wan,0,0,0,0,0,0,0,0,0,0,0,0,0,0,0,0
10082,4,ana,0,0,0,0,0,0,0,0,0,0,0,0,0,0,0,0
10083,4,diq,0,0,0,0,0,0,0,0,0,0,0,0,0,0,0,0
10084,3,kki,0,0,0,0,0,0,0,0,0,0,0,0,0,0,0,0
10085,4,ama,0,0,0,0,0,0,0,0,0,0,0,0,0,0,0,0
10086,2,din,0,0,0,0,0,0,0,0,0,0,0,0,0,0,0,0
10087,3,dir,0,0,0,0,0,0,0,0,0,0,0,0,0,0,0,0
10088,3,lah,0,0,0,0,0,0,0,0,0,0,0,0,0,0,0,0
10089,3,war,0,0,0,0,0,0,0,0,0,0,0,0,0,0,0,0
10090,3,zri,0,0,0,0,0,0,0,0,0,0,0,0,0,0,0,0
10091,4,tra,0,0,0,0,0,0,0,0,0,0,0,0,0,0,0,0
10092,3,idz,0,0,0,0,0,0,0,0,0,0,0,0,0,0,0,0
10093,3,ari,0,0,0,0,0,0,0,0,0,0,0,0,0,0,0,0
10094,3,ina,0,0,0,0,0,0,0,0,0,0,0,0,0,0,0,0
10095,3,man,0,0,0,0,0,0,0,0,0,0,0,0,0,0,0,0
10096,3,san,0,0,0,0,0,0,0,0,0,0,0,0,0,0,0,0
10097,2,dan,0,0,0,0,0,0,0,0,0,0,0,0,0,0,0,0
10098,2,zaq,0,0,0,0,0,0,0,0,0,0,0,0,0,0,0,0
10099,4,uma,0,0,0,0,0,0,0,0,0,0,0,0,0,0,0,0
10100,2,bil,0,0,0,0,0,0,0,0,0,0,0,0,0,0,0,0
10101,3,riy,0,0,0,0,0,0,0,0,0,0,0,0,0,0,0,0
10102,3,zan,0,0,0,0,0,0,0,0,0,0,0,0,0,0,0,0
10103,3,ama,0,0,0,0,0,0,0,0,0,0,0,0,0,0,0,0
10104,5, ka,0,0,0,0,0,0,0,0,0,0,0,0,0,0,0,0
10105,3,eni,0,0,0,0,0,0,0,0,0,0,0,0,0,0,0,0
10106,4,aan,0,0,0,0,0,0,0,0,0,0,0,0,0,0,0,0
10107,3,sir,0,0,0,0,0,0,0,0,0,0,0,0,0,0,0,0
10108,3,han,0,0,0,0,0,0,0,0,0,0,0,0,0,0,0,0
10109,3,owo,0,0,0,0,0,0,0,0,0,0,0,0,0,0,0,0
10110,2,las,0,0,0,0,0,0,0,0,0,0,0,0,0,0,0,0
10111,4,eru,0,0,0,0,0,0,0,0,0,0,0,0,0,0,0,0
10112,3,tih,0,0,0,0,0,0,0,0,0,0,0,0,0,0,0,0
10113,3,zky,0,0,0,0,0,0,0,0,0,0,0,0,0,0,0,0
10114,3,aus,0,0,0,0,0,0,0,0,0,0,0,0,0,0,0,0
10115,3,oso,0,0,0,0,0,0,0,0,0,0,0,0,0,0,0,0
10116,3,han,0,0,0,0,0,0,0,0,0,0,0,0,0,0,0,0
10117,3,ono,0,0,0,0,0,0,0,0,0,0,0,0,0,0,0,0
10118,4,ran,0,0,0,0,0,0,0,0,0,0,0,0,0,0,0,0
10119,4,sta,0,0,0,0,0,0,0,0,0,0,0,0,0,0,0,0
10120,3,yir,0,0,0,0,0,0,0,0,0,0,0,0,0,0,0,0
10121,3,tya,0,0,0,0,0,0,0,0,0,0,0,0,0,0,0,0
10122,4,ani,0,0,0,0,0,0,0,0,0,0,0,0,0,0,0,0
10123,3,oji,0,0,0,0,0,0,0,0,0,0,0,0,0,0,0,0
10124,4,oho,0,0,0,0,0,0,0,0,0,0,0,0,0,0,0,0
10125,4,sir,0,0,0,0,0,0,0,0,0,0,0,0,0,0,0,0
10126,3,uli,0,0,0,0,0,0,0,0,0,0,0,0,0,0,0,0
10127,3,adi,0,0,0,0,0,0,0,0,0,0,0,0,0,0,0,0
10128,3,wan,0,0,0,0,0,0,0,0,0,0,0,0,0,0,0,0
10129,3,lah,0,0,0,0,0,0,0,0,0,0,0,0,0,0,0,0
10130,4,ika,0,0,0,0,0,0,0,0,0,0,0,0,0,0,0,0
10131,3,ari,0,0,0,0,0,0,0,0,0,0,0,0,0,0,0,0
10132,3,ana,0,0,0,0,0,0,0,0,0,0,0,0,0,0,0,0
10133,3,dan,0,0,0,0,0,0,0,0,0,0,0,0,0,0,0,0
10134,2,aan,0,0,0,0,0,0,0,0,0,0,0,0,0,0,0,0
10135,3,yah,0,0,0,0,0,0,0,0,0,0,0,0,0,0,0,0
10136,3,uzi,0,0,0,0,0,0,0,0,0,0,0,0,0,0,0,0
10137,3,dan,0,0,0,0,0,0,0,0,0,0,0,0,0,0,0,0
10138,3,tra,0,0,0,0,0,0,0,0,0,0,0,0,0,0,0,0
10139,2,ani,0,0,0,0,0,0,0,0,0,0,0,0,0,0,0,0
10140,2,ika,0,0,0,0,0,0,0,0,0,0,0,0,0,0,0,0
10141,3,oso,0,0,0,0,0,0,0,0,0,0,0,0,0,0,0,0
10142,2,ply,0,0,0,0,0,0,0,0,0,0,0,0,0,0,0,0
10143,4,kim,0,0,0,0,0,0,0,0,0,0,0,0,0,0,0,0
10144,3,tra,0,0,0,0,0,0,0,0,0,0,0,0,0,0,0,0
10145,3,uzi,0,0,0,0,0,0,0,0,0,0,0,0,0,0,0,0
10146,3,jat,0,0,0,0,0,0,0,0,0,0,0,0,0,0,0,0
10147,4,tra,0,0,0,0,0,0,0,0,0,0,0,0,0,0,0,0
10148,3,ani,0,0,0,0,0,0,0,0,0,0,0,0,0,0,0,0
10149,3,api,0,0,0,0,0,0,0,0,0,0,0,0,0,0,0,0
10150,3,stu,0,0,0,0,0,0,0,0,0,0,0,0,0,0,0,0
10151,3,nto,0,0,0,0,0,0,0,0,0,0,0,0,0,0,0,0
10152,3,ari,0,0,0,0,0,0,0,0,0,0,0,0,0,0,0,0
10153,4,yon,0,0,0,0,0,0,0,0,0,0,0,0,0,0,0,0
10154,4,man,0,0,0,0,0,0,0,0,0,0,0,0,0,0,0,0
10155,3,hwa,0,0,0,0,0,0,0,0,0,0,0,0,0,0,0,0
10156,4,kti,0,0,0,0,0,0,0,0,0,0,0,0,0,0,0,0
10157,4,tra,0,0,0,0,0,0,0,0,0,0,0,0,0,0,0,0
10158,3,tra,0,0,0,0,0,0,0,0,0,0,0,0,0,0,0,0
10159,2,ldi,0,0,0,0,0,0,0,0,0,0,0,0,0,0,0,0
10160,3,man,0,0,0,0,0,0,0,0,0,0,0,0,0,0,0,0
10161,4,hri,0,0,0,0,0,0,0,0,0,0,0,0,0,0,0,0
10162,2,ldi,0,0,0,0,0,0,0,0,0,0,0,0,0,0,0,0
10163,3,ndi,0,0,0,0,0,0,0,0,0,0,0,0,0,0,0,0
10164,3,uzi,0,0,0,0,0,0,0,0,0,0,0,0,0,0,0,0
10165,3,aki,0,0,0,0,0,0,0,0,0,0,0,0,0,0,0,0
10166,4,tra,0,0,0,0,0,0,0,0,0,0,0,0,0,0,0,0
10167,3,sdi,0,0,0,0,0,0,0,0,0,0,0,0,0,0,0,0
10168,3,yah,0,0,0,0,0,0,0,0,0,0,0,0,0,0,0,0
10169,3,ani,0,0,0,0,0,0,0,0,0,0,0,0,0,0,0,0
10170,2,dad,0,0,0,0,0,0,0,0,0,0,0,0,0,0,0,0
10171,2,aep,0,0,0,0,0,0,0,0,0,0,0,0,0,0,0,0
10172,3,nto,0,0,0,0,0,0,0,0,0,0,0,0,0,0,0,0
10173,3,oso,0,0,0,0,0,0,0,0,0,0,0,0,0,0,0,0
10174,3,adi,0,0,0,0,0,0,0,0,0,0,0,0,0,0,0,0
10175,4,oji,0,0,0,0,0,0,0,0,0,0,0,0,0,0,0,0
10176,3,efi,0,0,0,0,0,0,0,0,0,0,0,0,0,0,0,0
10177,3,man,0,0,0,0,0,0,0,0,0,0,0,0,0,0,0,0
10178,3,lah,0,0,0,0,0,0,0,0,0,0,0,0,0,0,0,0
10179,3,rok,0,0,0,0,0,0,0,0,0,0,0,0,0,0,0,0
10180,3,har,0,0,0,0,0,0,0,0,0,0,0,0,0,0,0,0
10181,4,wan,0,0,0,0,0,0,0,0,0,0,0,0,0,0,0,0
10182,2,gas,0,0,0,0,0,0,0,0,0,0,0,0,0,0,0,0
10183,4,ana,0,0,0,0,0,0,0,0,0,0,0,0,0,0,0,0
10184,4,str,0,0,0,0,0,0,0,0,0,0,0,0,0,0,0,0
10185,3,tyo,0,0,0,0,0,0,0,0,0,0,0,0,0,0,0,0
10186,3,ama,0,0,0,0,0,0,0,0,0,0,0,0,0,0,0,0
10187,4,ezy,0,0,0,0,0,0,0,0,0,0,0,0,0,0,0,0
10188,3,din,0,0,0,0,0,0,0,0,0,0,0,0,0,0,0,0
10189,3,ath,0,0,0,0,0,0,0,0,0,0,0,0,0,0,0,0
10190,3,ara,0,0,0,0,0,0,0,0,0,0,0,0,0,0,0,0
10191,3,pip,0,0,0,0,0,0,0,0,0,0,0,0,0,0,0,0
10192,3,wan,0,0,0,0,0,0,0,0,0,0,0,0,0,0,0,0
10193,3,wan,0,0,0,0,0,0,0,0,0,0,0,0,0,0,0,0
10194,3,iki,0,0,0,0,0,0,0,0,0,0,0,0,0,0,0,0
10195,3,lah,0,0,0,0,0,0,0,0,0,0,0,0,0,0,0,0
10196,2,uri,0,0,0,0,0,0,0,0,0,0,0,0,0,0,0,0
10197,3,oli,0,0,0,0,0,0,0,0,0,0,0,0,0,0,0,0
10198,4,rok,0,0,0,0,0,0,0,0,0,0,0,0,0,0,0,0
10199,3,ami,0,0,0,0,0,0,0,0,0,0,0,0,0,0,0,0
10200,3,ani,0,0,0,0,0,0,0,0,0,0,0,0,0,0,0,0
10201,2,alu,0,0,0,0,0,0,0,0,0,0,0,0,0,0,0,0
10202,3,afa,0,0,0,0,0,0,0,0,0,0,0,0,0,0,0,0
10203,2,ral,0,0,0,0,0,0,0,0,0,0,0,0,0,0,0,0
10204,3,lah,0,0,0,0,0,0,0,0,0,0,0,0,0,0,0,0
10205,3,ano,0,0,0,0,0,0,0,0,0,0,0,0,0,0,0,0
10206,4,kim,0,0,0,0,0,0,0,0,0,0,0,0,0,0,0,0
10207,4,ann,0,0,0,0,0,0,0,0,0,0,0,0,0,0,0,0
10208,3,lil,0,0,0,0,0,0,0,0,0,0,0,0,0,0,0,0
10209,3,ane,0,0,0,0,0,0,0,0,0,0,0,0,0,0,0,0
10210,3,aud,0,0,0,0,0,0,0,0,0,0,0,0,0,0,0,0
10211,3,lik,0,0,0,0,0,0,0,0,0,0,0,0,0,0,0,0
10212,4,dai,0,0,0,0,0,0,0,0,0,0,0,0,0,0,0,0
10213,4,yaf,0,0,0,0,0,0,0,0,0,0,0,0,0,0,0,0
10214,3,aky,0,0,0,0,0,0,0,0,0,0,0,0,0,0,0,0
10215,3,han,0,0,0,0,0,0,0,0,0,0,0,0,0,0,0,0
10216,3,ani,0,0,0,0,0,0,0,0,0,0,0,0,0,0,0,0
10217,2,bid,0,0,0,0,0,0,0,0,0,0,0,0,0,0,0,0
10218,3,azi,0,0,0,0,0,0,0,0,0,0,0,0,0,0,0,0
10219,3,san,0,0,0,0,0,0,0,0,0,0,0,0,0,0,0,0
10220,3,nni,0,0,0,0,0,0,0,0,0,0,0,0,0,0,0,0
10221,4,kim,0,0,0,0,0,0,0,0,0,0,0,0,0,0,0,0
10222,3,aki,0,0,0,0,0,0,0,0,0,0,0,0,0,0,0,0
10223,2,ori,0,0,0,0,0,0,0,0,0,0,0,0,0,0,0,0
10224,3,yaz,0,0,0,0,0,0,0,0,0,0,0,0,0,0,0,0
10225,3,aus,0,0,0,0,0,0,0,0,0,0,0,0,0,0,0,0
10226,3,lah,0,0,0,0,0,0,0,0,0,0,0,0,0,0,0,0
10227,3,dar,0,0,0,0,0,0,0,0,0,0,0,0,0,0,0,0
10228,3,tra,0,0,0,0,0,0,0,0,0,0,0,0,0,0,0,0
10229,3,waf,0,0,0,0,0,0,0,0,0,0,0,0,0,0,0,0
10230,3,han,0,0,0,0,0,0,0,0,0,0,0,0,0,0,0,0
10231,4,fin,0,0,0,0,0,0,0,0,0,0,0,0,0,0,0,0
10232,3,zan,0,0,0,0,0,0,0,0,0,0,0,0,0,0,0,0
10233,3,ria,0,0,0,0,0,0,0,0,0,0,0,0,0,0,0,0
10234,3,man,0,0,0,0,0,0,0,0,0,0,0,0,0,0,0,0
10235,3,ara,0,0,0,0,0,0,0,0,0,0,0,0,0,0,0,0
10236,3,rti,0,0,0,0,0,0,0,0,0,0,0,0,0,0,0,0
10237,4,awa,0,0,0,0,0,0,0,0,0,0,0,0,0,0,0,0
10238,3,wan,0,0,0,0,0,0,0,0,0,0,0,0,0,0,0,0
10239,3,zky,0,0,0,0,0,0,0,0,0,0,0,0,0,0,0,0
10240,4,idi,0,0,0,0,0,0,0,0,0,0,0,0,0,0,0,0
10241,4,aya,0,0,0,0,0,0,0,0,0,0,0,0,0,0,0,0
10242,3,ono,0,0,0,0,0,0,0,0,0,0,0,0,0,0,0,0
10243,3,ana,0,0,0,0,0,0,0,0,0,0,0,0,0,0,0,0
10244,3,afy,0,0,0,0,0,0,0,0,0,0,0,0,0,0,0,0
10245,3,ika,0,0,0,0,0,0,0,0,0,0,0,0,0,0,0,0
10246,4,izi,0,0,0,0,0,0,0,0,0,0,0,0,0,0,0,0
10247,3,han,0,0,0,0,0,0,0,0,0,0,0,0,0,0,0,0
10248,4,rel,0,0,0,0,0,0,0,0,0,0,0,0,0,0,0,0
10249,3,ari,0,0,0,0,0,0,0,0,0,0,0,0,0,0,0,0
10250,3,aya,0,0,0,0,0,0,0,0,0,0,0,0,0,0,0,0
10251,3,kri,0,0,0,0,0,0,0,0,0,0,0,0,0,0,0,0
10252,4,qqi,0,0,0,0,0,0,0,0,0,0,0,0,0,0,0,0
10253,4,urn,0,0,0,0,0,0,0,0,0,0,0,0,0,0,0,0
10254,5,ami,0,0,0,0,0,0,0,0,0,0,0,0,0,0,0,0
10255,3,din,0,0,0,0,0,0,0,0,0,0,0,0,0,0,0,0
10256,3,han,0,0,0,0,0,0,0,0,0,0,0,0,0,0,0,0
10257,3,hri,0,0,0,0,0,0,0,0,0,0,0,0,0,0,0,0
10258,3,ham,0,0,0,0,0,0,0,0,0,0,0,0,0,0,0,0
10259,3,tar,0,0,0,0,0,0,0,0,0,0,0,0,0,0,0,0
10260,3,han,0,0,0,0,0,0,0,0,0,0,0,0,0,0,0,0
10261,3,lah,0,0,0,0,0,0,0,0,0,0,0,0,0,0,0,0
10262,3,ana,0,0,0,0,0,0,0,0,0,0,0,0,0,0,0,0
10263,3,han,0,0,0,0,0,0,0,0,0,0,0,0,0,0,0,0
10264,3,wan,0,0,0,0,0,0,0,0,0,0,0,0,0,0,0,0
10265,3,izi,0,0,0,0,0,0,0,0,0,0,0,0,0,0,0,0
10266,3,ori,0,0,0,0,0,0,0,0,0,0,0,0,0,0,0,0
10267,4,lum,0,0,0,0,0,0,0,0,0,0,0,0,0,0,0,0
10268,3,iza,0,0,0,0,0,0,0,0,0,0,0,0,0,0,0,0
10269,3,stu,0,0,0,0,0,0,0,0,0,0,0,0,0,0,0,0
10270,3,wan,0,0,0,0,0,0,0,0,0,0,0,0,0,0,0,0
10271,3,kri,0,0,0,0,0,0,0,0,0,0,0,0,0,0,0,0
10272,2,hza,0,0,0,0,0,0,0,0,0,0,0,0,0,0,0,0
10273,3,ldi,0,0,0,0,0,0,0,0,0,0,0,0,0,0,0,0
10274,3,jib,0,0,0,0,0,0,0,0,0,0,0,0,0,0,0,0
10275,3,dza,0,0,0,0,0,0,0,0,0,0,0,0,0,0,0,0
10276,3,sdi,0,0,0,0,0,0,0,0,0,0,0,0,0,0,0,0
10277,4,rah,0,0,0,0,0,0,0,0,0,0,0,0,0,0,0,0
10278,3,fiq,0,0,0,0,0,0,0,0,0,0,0,0,0,0,0,0
10279,3,sam,0,0,0,0,0,0,0,0,0,0,0,0,0,0,0,0
10280,3,loh,0,0,0,0,0,0,0,0,0,0,0,0,0,0,0,0
10281,4,zqi,0,0,0,0,0,0,0,0,0,0,0,0,0,0,0,0
10282,4,gko,0,0,0,0,0,0,0,0,0,0,0,0,0,0,0,0
10283,3,lah,0,0,0,0,0,0,0,0,0,0,0,0,0,0,0,0
10284,3,lah,0,0,0,0,0,0,0,0,0,0,0,0,0,0,0,0
10285,3,iqi,0,0,0,0,0,0,0,0,0,0,0,0,0,0,0,0
10286,3,rin,0,0,0,0,0,0,0,0,0,0,0,0,0,0,0,0
10287,4,ulo,0,0,0,0,0,0,0,0,0,0,0,0,0,0,0,0
10288,3,tra,0,0,0,0,0,0,0,0,0,0,0,0,0,0,0,0
10289,3,qib,0,0,0,0,0,0,0,0,0,0,0,0,0,0,0,0
10290,3,man,0,0,0,0,0,0,0,0,0,0,0,0,0,0,0,0
10291,3,ffa,0,0,0,0,0,0,0,0,0,0,0,0,0,0,0,0
10292,5,eyd,0,0,0,0,0,0,0,0,0,0,0,0,0,0,0,0
10293,3,rel,0,0,0,0,0,0,0,0,0,0,0,0,0,0,0,0
10294,4,ier,0,0,0,0,0,0,0,0,0,0,0,0,0,0,0,0
10295,4,sha,0,0,0,0,0,0,0,0,0,0,0,0,0,0,0,0
10296,4,han,0,0,0,0,0,0,0,0,0,0,0,0,0,0,0,0
10297,3,kri,0,0,0,0,0,0,0,0,0,0,0,0,0,0,0,0
10298,3,azi,0,0,0,0,0,0,0,0,0,0,0,0,0,0,0,0
10299,3,ary,0,0,0,0,0,0,0,0,0,0,0,0,0,0,0,0
10300,3,dar,0,0,0,0,0,0,0,0,0,0,0,0,0,0,0,0
10301,4,qqu,0,0,0,0,0,0,0,0,0,0,0,0,0,0,0,0
10302,3,imi,0,0,0,0,0,0,0,0,0,0,0,0,0,0,0,0
10303,4,uzi,0,0,0,0,0,0,0,0,0,0,0,0,0,0,0,0
10304,3,hwi,0,0,0,0,0,0,0,0,0,0,0,0,0,0,0,0
10305,3,aus,0,0,0,0,0,0,0,0,0,0,0,0,0,0,0,0
10306,4,zqy,0,0,0,0,0,0,0,0,0,0,0,0,0,0,0,0
10307,4,omi,0,0,0,0,0,0,0,0,0,0,0,0,0,0,0,0
10308,3,nif,0,0,0,0,0,0,0,0,0,0,0,0,0,0,0,0
10309,3,ief,0,0,0,0,0,0,0,0,0,0,0,0,0,0,0,0
10310,3,eza,0,0,0,0,0,0,0,0,0,0,0,0,0,0,0,0
10311,3,han,0,0,0,0,0,0,0,0,0,0,0,0,0,0,0,0
10312,4,ana,0,0,0,0,0,0,0,0,0,0,0,0,0,0,0,0
10313,3,dho,0,0,0,0,0,0,0,0,0,0,0,0,0,0,0,0
10314,3,ski,0,0,0,0,0,0,0,0,0,0,0,0,0,0,0,0
10315,3,zki,0,0,0,0,0,0,0,0,0,0,0,0,0,0,0,0
10316,4,sen,0,0,0,0,0,0,0,0,0,0,0,0,0,0,0,0
10317,3,dan,0,0,0,0,0,0,0,0,0,0,0,0,0,0,0,0
10318,3,rok,0,0,0,0,0,0,0,0,0,0,0,0,0,0,0,0
10319,3,yah,0,0,0,0,0,0,0,0,0,0,0,0,0,0,0,0
10320,2,rel,0,0,0,0,0,0,0,0,0,0,0,0,0,0,0,0
10321,3,nza,0,0,0,0,0,0,0,0,0,0,0,0,0,0,0,0
10322,3,yah,0,0,0,0,0,0,0,0,0,0,0,0,0,0,0,0
10323,3,evi,0,0,0,0,0,0,0,0,0,0,0,0,0,0,0,0
10324,3,ima,0,0,0,0,0,0,0,0,0,0,0,0,0,0,0,0
10325,3,air,0,0,0,0,0,0,0,0,0,0,0,0,0,0,0,0
10326,2,edo,0,0,0,0,0,0,0,0,0,0,0,0,0,0,0,0
10327,4,nna,0,0,0,0,0,0,0,0,0,0,0,0,0,0,0,0
10328,4,far,0,0,0,0,0,0,0,0,0,0,0,0,0,0,0,0
10329,4,oho,0,0,0,0,0,0,0,0,0,0,0,0,0,0,0,0
10330,3,ama,0,0,0,0,0,0,0,0,0,0,0,0,0,0,0,0
10331,4,kir,0,0,0,0,0,0,0,0,0,0,0,0,0,0,0,0
10332,3,kri,0,0,0,0,0,0,0,0,0,0,0,0,0,0,0,0
10333,4,hfi,0,0,0,0,0,0,0,0,0,0,0,0,0,0,0,0
10334,3,ndy,0,0,0,0,0,0,0,0,0,0,0,0,0,0,0,0
10335,3,han,0,0,0,0,0,0,0,0,0,0,0,0,0,0,0,0
10336,4,har,0,0,0,0,0,0,0,0,0,0,0,0,0,0,0,0
10337,3,fiz,0,0,0,0,0,0,0,0,0,0,0,0,0,0,0,0
10338,3,kim,0,0,0,0,0,0,0,0,0,0,0,0,0,0,0,0
10339,4,imi,0,0,0,0,0,0,0,0,0,0,0,0,0,0,0,0
10340,4,ama,0,0,0,0,0,0,0,0,0,0,0,0,0,0,0,0
10341,3,nto,0,0,0,0,0,0,0,0,0,0,0,0,0,0,0,0
10342,3,han,0,0,0,0,0,0,0,0,0,0,0,0,0,0,0,0
10343,3,han,0,0,0,0,0,0,0,0,0,0,0,0,0,0,0,0
10344,3,yah,0,0,0,0,0,0,0,0,0,0,0,0,0,0,0,0
10345,4,ena,0,0,0,0,0,0,0,0,0,0,0,0,0,0,0,0
10346,3,ffa,0,0,0,0,0,0,0,0,0,0,0,0,0,0,0,0
10347,3,rso,0,0,0,0,0,0,0,0,0,0,0,0,0,0,0,0
10348,3,ani,0,0,0,0,0,0,0,0,0,0,0,0,0,0,0,0
10349,3,riz,0,0,0,0,0,0,0,0,0,0,0,0,0,0,0,0
10350,3,aha,0,0,0,0,0,0,0,0,0,0,0,0,0,0,0,0
10351,4,tra,0,0,0,0,0,0,0,0,0,0,0,0,0,0,0,0
10352,4,bow,0,0,0,0,0,0,0,0,0,0,0,0,0,0,0,0
10353,4,zmi,0,0,0,0,0,0,0,0,0,0,0,0,0,0,0,0
10354,4,ama,0,0,0,0,0,0,0,0,0,0,0,0,0,0,0,0
10355,4,tra,0,0,0,0,0,0,0,0,0,0,0,0,0,0,0,0
10356,3,iya,0,0,0,0,0,0,0,0,0,0,0,0,0,0,0,0
10357,3,han,0,0,0,0,0,0,0,0,0,0,0,0,0,0,0,0
10358,4,ani,0,0,0,0,0,0,0,0,0,0,0,0,0,0,0,0
10359,4,lim,0,0,0,0,0,0,0,0,0,0,0,0,0,0,0,0
10360,4,zid,0,0,0,0,0,0,0,0,0,0,0,0,0,0,0,0
10361,4,n b,0,0,0,0,0,0,0,0,0,0,0,0,0,0,0,0
10362,3,mil,0,0,0,0,0,0,0,0,0,0,0,0,0,0,0,0
10363,4,gaf,0,0,0,0,0,0,0,0,0,0,0,0,0,0,0,0
10364,2,ara,0,0,0,0,0,0,0,0,0,0,0,0,0,0,0,0
10365,3,lah,0,0,0,0,0,0,0,0,0,0,0,0,0,0,0,0
10366,3,yah,0,0,0,0,0,0,0,0,0,0,0,0,0,0,0,0
10367,4,bud,0,0,0,0,0,0,0,0,0,0,0,0,0,0,0,0
10368,3,ara,0,0,0,0,0,0,0,0,0,0,0,0,0,0,0,0
10369,3,zki,0,0,0,0,0,0,0,0,0,0,0,0,0,0,0,0
10370,3,san,0,0,0,0,0,0,0,0,0,0,0,0,0,0,0,0
10371,3,ian,0,0,0,0,0,0,0,0,0,0,0,0,0,0,0,0
10372,3,zky,0,0,0,0,0,0,0,0,0,0,0,0,0,0,0,0
10373,4,ram,0,0,0,0,0,0,0,0,0,0,0,0,0,0,0,0
10374,4,lah,0,0,0,0,0,0,0,0,0,0,0,0,0,0,0,0
10375,3,rif,0,0,0,0,0,0,0,0,0,0,0,0,0,0,0,0
10376,3,hfi,0,0,0,0,0,0,0,0,0,0,0,0,0,0,0,0
10377,3,ono,0,0,0,0,0,0,0,0,0,0,0,0,0,0,0,0
10378,3,tra,0,0,0,0,0,0,0,0,0,0,0,0,0,0,0,0
10379,3,tro,0,0,0,0,0,0,0,0,0,0,0,0,0,0,0,0
10380,2,war,0,0,0,0,0,0,0,0,0,0,0,0,0,0,0,0
10381,3,izi,0,0,0,0,0,0,0,0,0,0,0,0,0,0,0,0
10382,2,sah,0,0,0,0,0,0,0,0,0,0,0,0,0,0,0,0
10383,3,ezi,0,0,0,0,0,0,0,0,0,0,0,0,0,0,0,0
10384,3,ian,0,0,0,0,0,0,0,0,0,0,0,0,0,0,0,0
10385,3,nsa,0,0,0,0,0,0,0,0,0,0,0,0,0,0,0,0
10386,3,ezi,0,0,0,0,0,0,0,0,0,0,0,0,0,0,0,0
10387,4,sha,0,0,0,0,0,0,0,0,0,0,0,0,0,0,0,0
10388,2,fan,0,0,0,0,0,0,0,0,0,0,0,0,0,0,0,0
10389,3,man,0,0,0,0,0,0,0,0,0,0,0,0,0,0,0,0
10390,2,dea,0,0,0,0,0,0,0,0,0,0,0,0,0,0,0,0
10391,4,har,0,0,0,0,0,0,0,0,0,0,0,0,0,0,0,0
10392,3,yah,0,0,0,0,0,0,0,0,0,0,0,0,0,0,0,0
10393,4,ndi,0,0,0,0,0,0,0,0,0,0,0,0,0,0,0,0
10394,3,tra,0,0,0,0,0,0,0,0,0,0,0,0,0,0,0,0
10395,3,han,0,0,0,0,0,0,0,0,0,0,0,0,0,0,0,0
10396,3,yah,0,0,0,0,0,0,0,0,0,0,0,0,0,0,0,0
10397,3,wan,0,0,0,0,0,0,0,0,0,0,0,0,0,0,0,0
10398,3,ion,0,0,0,0,0,0,0,0,0,0,0,0,0,0,0,0
10399,3,nto,0,0,0,0,0,0,0,0,0,0,0,0,0,0,0,0
10400,3,man,0,0,0,0,0,0,0,0,0,0,0,0,0,0,0,0
10401,4,omo,0,0,0,0,0,0,0,0,0,0,0,0,0,0,0,0
10402,3,lah,0,0,0,0,0,0,0,0,0,0,0,0,0,0,0,0
10403,3,wan,0,0,0,0,0,0,0,0,0,0,0,0,0,0,0,0
10404,3,dhy,0,0,0,0,0,0,0,0,0,0,0,0,0,0,0,0
10405,3,ari,0,0,0,0,0,0,0,0,0,0,0,0,0,0,0,0
10406,3,nto,0,0,0,0,0,0,0,0,0,0,0,0,0,0,0,0
10407,3,zky,0,0,0,0,0,0,0,0,0,0,0,0,0,0,0,0
10408,3,tra,0,0,0,0,0,0,0,0,0,0,0,0,0,0,0,0
10409,3,nur,0,0,0,0,0,0,0,0,0,0,0,0,0,0,0,0
10410,3,fhf,0,0,0,0,0,0,0,0,0,0,0,0,0,0,0,0
10411,4,ari,0,0,0,0,0,0,0,0,0,0,0,0,0,0,0,0
10412,3,dan,0,0,0,0,0,0,0,0,0,0,0,0,0,0,0,0
10413,4,any,0,0,0,0,0,0,0,0,0,0,0,0,0,0,0,0
10414,4,loh,0,0,0,0,0,0,0,0,0,0,0,0,0,0,0,0
10415,3,rim,0,0,0,0,0,0,0,0,0,0,0,0,0,0,0,0
10416,3,rto,0,0,0,0,0,0,0,0,0,0,0,0,0,0,0,0
10417,4,yam,0,0,0,0,0,0,0,0,0,0,0,0,0,0,0,0
10418,3,yah,0,0,0,0,0,0,0,0,0,0,0,0,0,0,0,0
10419,3,oer,0,0,0,0,0,0,0,0,0,0,0,0,0,0,0,0
10420,4,and,0,0,0,0,0,0,0,0,0,0,0,0,0,0,0,0
10421,3,gya,0,0,0,0,0,0,0,0,0,0,0,0,0,0,0,0
10422,4,ffa,0,0,0,0,0,0,0,0,0,0,0,0,0,0,0,0
10423,3,ani,0,0,0,0,0,0,0,0,0,0,0,0,0,0,0,0
10424,3,uta,0,0,0,0,0,0,0,0,0,0,0,0,0,0,0,0
10425,4,adi,0,0,0,0,0,0,0,0,0,0,0,0,0,0,0,0
10426,3,ief,0,0,0,0,0,0,0,0,0,0,0,0,0,0,0,0
10427,4,wan,0,0,0,0,0,0,0,0,0,0,0,0,0,0,0,0
10428,4,ani,0,0,0,0,0,0,0,0,0,0,0,0,0,0,0,0
10429,2,ira,0,0,0,0,0,0,0,0,0,0,0,0,0,0,0,0
10430,3,owo,0,0,0,0,0,0,0,0,0,0,0,0,0,0,0,0
10431,4,oro,0,0,0,0,0,0,0,0,0,0,0,0,0,0,0,0
10432,3,jri,0,0,0,0,0,0,0,0,0,0,0,0,0,0,0,0
10433,2,faq,0,0,0,0,0,0,0,0,0,0,0,0,0,0,0,0
10434,4,wan,0,0,0,0,0,0,0,0,0,0,0,0,0,0,0,0
10435,3,nur,0,0,0,0,0,0,0,0,0,0,0,0,0,0,0,0
10436,3,iar,0,0,0,0,0,0,0,0,0,0,0,0,0,0,0,0
10437,4,mel,0,0,0,0,0,0,0,0,0,0,0,0,0,0,0,0
10438,3,ffa,0,0,0,0,0,0,0,0,0,0,0,0,0,0,0,0
10439,3,dqi,0,0,0,0,0,0,0,0,0,0,0,0,0,0,0,0
10440,3,ian,0,0,0,0,0,0,0,0,0,0,0,0,0,0,0,0
10441,3,ght,0,0,0,0,0,0,0,0,0,0,0,0,0,0,0,0
10442,3,isa,0,0,0,0,0,0,0,0,0,0,0,0,0,0,0,0
10443,3,aki,0,0,0,0,0,0,0,0,0,0,0,0,0,0,0,0
10444,3,dli,0,0,0,0,0,0,0,0,0,0,0,0,0,0,0,0
10445,3,lah,0,0,0,0,0,0,0,0,0,0,0,0,0,0,0,0
10446,3,yat,0,0,0,0,0,0,0,0,0,0,0,0,0,0,0,0
10447,3,lah,0,0,0,0,0,0,0,0,0,0,0,0,0,0,0,0
10448,3,ras,0,0,0,0,0,0,0,0,0,0,0,0,0,0,0,0
10449,3,asa,0,0,0,0,0,0,0,0,0,0,0,0,0,0,0,0
10450,3,has,0,0,0,0,0,0,0,0,0,0,0,0,0,0,0,0
10451,3,izi,0,0,0,0,0,0,0,0,0,0,0,0,0,0,0,0
10452,3,iqi,0,0,0,0,0,0,0,0,0,0,0,0,0,0,0,0
10453,3,iel,0,0,0,0,0,0,0,0,0,0,0,0,0,0,0,0
10454,4,uno,0,0,0,0,0,0,0,0,0,0,0,0,0,0,0,0
10455,4,ito,0,0,0,0,0,0,0,0,0,0,0,0,0,0,0,0
10456,3,ati,0,0,0,0,0,0,0,0,0,0,0,0,0,0,0,0
10457,3,san,0,0,0,0,0,0,0,0,0,0,0,0,0,0,0,0
10458,4,tra,0,0,0,0,0,0,0,0,0,0,0,0,0,0,0,0
10459,2,ena,0,0,0,0,0,0,0,0,0,0,0,0,0,0,0,0
10460,3,ian,0,0,0,0,0,0,0,0,0,0,0,0,0,0,0,0
10461,3,ian,0,0,0,0,0,0,0,0,0,0,0,0,0,0,0,0
10462,4,tra,0,0,0,0,0,0,0,0,0,0,0,0,0,0,0,0
10463,3,ron,0,0,0,0,0,0,0,0,0,0,0,0,0,0,0,0
10464,3,ziz,0,0,0,0,0,0,0,0,0,0,0,0,0,0,0,0
10465,4,yah,0,0,0,0,0,0,0,0,0,0,0,0,0,0,0,0
10466,3,aus,0,0,0,0,0,0,0,0,0,0,0,0,0,0,0,0
10467,3,aar,0,0,0,0,0,0,0,0,0,0,0,0,0,0,0,0
10468,3,afi,0,0,0,0,0,0,0,0,0,0,0,0,0,0,0,0
10469,4,man,0,0,0,0,0,0,0,0,0,0,0,0,0,0,0,0
10470,3,man,0,0,0,0,0,0,0,0,0,0,0,0,0,0,0,0
10471,4,har,0,0,0,0,0,0,0,0,0,0,0,0,0,0,0,0
10472,4,han,0,0,0,0,0,0,0,0,0,0,0,0,0,0,0,0
10473,4,lah,0,0,0,0,0,0,0,0,0,0,0,0,0,0,0,0
10474,3,ndy,0,0,0,0,0,0,0,0,0,0,0,0,0,0,0,0
10475,3,lan,0,0,0,0,0,0,0,0,0,0,0,0,0,0,0,0
10476,3,ola,0,0,0,0,0,0,0,0,0,0,0,0,0,0,0,0
10477,4,sya,0,0,0,0,0,0,0,0,0,0,0,0,0,0,0,0
10478,3,jri,0,0,0,0,0,0,0,0,0,0,0,0,0,0,0,0
10479,3,atd,0,0,0,0,0,0,0,0,0,0,0,0,0,0,0,0
10480,3,yan,0,0,0,0,0,0,0,0,0,0,0,0,0,0,0,0
10481,3,diq,0,0,0,0,0,0,0,0,0,0,0,0,0,0,0,0
10482,4,ani,0,0,0,0,0,0,0,0,0,0,0,0,0,0,0,0
10483,4,san,0,0,0,0,0,0,0,0,0,0,0,0,0,0,0,0
10484,3,qin,0,0,0,0,0,0,0,0,0,0,0,0,0,0,0,0
10485,3,rdi,0,0,0,0,0,0,0,0,0,0,0,0,0,0,0,0
10486,3,afi,0,0,0,0,0,0,0,0,0,0,0,0,0,0,0,0
10487,3,ksa,0,0,0,0,0,0,0,0,0,0,0,0,0,0,0,0
10488,3,han,0,0,0,0,0,0,0,0,0,0,0,0,0,0,0,0
10489,3,api,0,0,0,0,0,0,0,0,0,0,0,0,0,0,0,0
10490,3,bar,0,0,0,0,0,0,0,0,0,0,0,0,0,0,0,0
10491,3,rto,0,0,0,0,0,0,0,0,0,0,0,0,0,0,0,0
10492,2,iga,0,0,0,0,0,0,0,0,0,0,0,0,0,0,0,0
10493,3,aro,0,0,0,0,0,0,0,0,0,0,0,0,0,0,0,0
10494,2,nin,0,0,0,0,0,0,0,0,0,0,0,0,0,0,0,0
10495,3,zqi,0,0,0,0,0,0,0,0,0,0,0,0,0,0,0,0
10496,3,ono,0,0,0,0,0,0,0,0,0,0,0,0,0,0,0,0
10497,4,nny,0,0,0,0,0,0,0,0,0,0,0,0,0,0,0,0
10498,4,ana,0,0,0,0,0,0,0,0,0,0,0,0,0,0,0,0
10499,4,bad,0,0,0,0,0,0,0,0,0,0,0,0,0,0,0,0
10500,3,aji,0,0,0,0,0,0,0,0,0,0,0,0,0,0,0,0
10501,4,uri,0,0,0,0,0,0,0,0,0,0,0,0,0,0,0,0
10502,3,tyo,0,0,0,0,0,0,0,0,0,0,0,0,0,0,0,0
10503,4,ori,0,0,0,0,0,0,0,0,0,0,0,0,0,0,0,0
10504,3,him,0,0,0,0,0,0,0,0,0,0,0,0,0,0,0,0
10505,3,yah,0,0,0,0,0,0,0,0,0,0,0,0,0,0,0,0
10506,4,nsy,0,0,0,0,0,0,0,0,0,0,0,0,0,0,0,0
10507,3,tyo,0,0,0,0,0,0,0,0,0,0,0,0,0,0,0,0
10508,4,iff,0,0,0,0,0,0,0,0,0,0,0,0,0,0,0,0
10509,3,yah,0,0,0,0,0,0,0,0,0,0,0,0,0,0,0,0
10510,4,sya,0,0,0,0,0,0,0,0,0,0,0,0,0,0,0,0
10511,3,oho,0,0,0,0,0,0,0,0,0,0,0,0,0,0,0,0
10512,3,ama,0,0,0,0,0,0,0,0,0,0,0,0,0,0,0,0
10513,3,han,0,0,0,0,0,0,0,0,0,0,0,0,0,0,0,0
10514,3,tra,0,0,0,0,0,0,0,0,0,0,0,0,0,0,0,0
10515,3,ami,0,0,0,0,0,0,0,0,0,0,0,0,0,0,0,0
10516,3,dam,0,0,0,0,0,0,0,0,0,0,0,0,0,0,0,0
10517,4,rni,0,0,0,0,0,0,0,0,0,0,0,0,0,0,0,0
10518,3,han,0,0,0,0,0,0,0,0,0,0,0,0,0,0,0,0
10519,2,din,0,0,0,0,0,0,0,0,0,0,0,0,0,0,0,0
10520,3,ien,0,0,0,0,0,0,0,0,0,0,0,0,0,0,0,0
10521,3,kas,0,0,0,0,0,0,0,0,0,0,0,0,0,0,0,0
10522,3,oro,0,0,0,0,0,0,0,0,0,0,0,0,0,0,0,0
10523,4,ana,0,0,0,0,0,0,0,0,0,0,0,0,0,0,0,0
10524,3,mam,0,0,0,0,0,0,0,0,0,0,0,0,0,0,0,0
10525,3,nza,0,0,0,0,0,0,0,0,0,0,0,0,0,0,0,0
10526,3,tra,0,0,0,0,0,0,0,0,0,0,0,0,0,0,0,0
10527,3,han,0,0,0,0,0,0,0,0,0,0,0,0,0,0,0,0
10528,3,tya,0,0,0,0,0,0,0,0,0,0,0,0,0,0,0,0
10529,3,zqi,0,0,0,0,0,0,0,0,0,0,0,0,0,0,0,0
10530,4,rys,0,0,0,0,0,0,0,0,0,0,0,0,0,0,0,0
10531,3,lah,0,0,0,0,0,0,0,0,0,0,0,0,0,0,0,0
10532,3,izi,0,0,0,0,0,0,0,0,0,0,0,0,0,0,0,0
10533,3,yah,0,0,0,0,0,0,0,0,0,0,0,0,0,0,0,0
10534,4,ora,0,0,0,0,0,0,0,0,0,0,0,0,0,0,0,0
10535,4,hin,0,0,0,0,0,0,0,0,0,0,0,0,0,0,0,0
10536,3,wan,0,0,0,0,0,0,0,0,0,0,0,0,0,0,0,0
10537,4,har,0,0,0,0,0,0,0,0,0,0,0,0,0,0,0,0
10538,3,adi,0,0,0,0,0,0,0,0,0,0,0,0,0,0,0,0
10539,3,ama,0,0,0,0,0,0,0,0,0,0,0,0,0,0,0,0
10540,4,tia,0,0,0,0,0,0,0,0,0,0,0,0,0,0,0,0
10541,4,dra,0,0,0,0,0,0,0,0,0,0,0,0,0,0,0,0
10542,4,ari,0,0,0,0,0,0,0,0,0,0,0,0,0,0,0,0
10543,3,tra,0,0,0,0,0,0,0,0,0,0,0,0,0,0,0,0
10544,4,ika,0,0,0,0,0,0,0,0,0,0,0,0,0,0,0,0
10545,3,wan,0,0,0,0,0,0,0,0,0,0,0,0,0,0,0,0
10546,3,din,0,0,0,0,0,0,0,0,0,0,0,0,0,0,0,0
10547,4,diq,0,0,0,0,0,0,0,0,0,0,0,0,0,0,0,0
10548,3,ino,0,0,0,0,0,0,0,0,0,0,0,0,0,0,0,0
10549,5, ro,0,0,0,0,0,0,0,0,0,0,0,0,0,0,0,0
10550,4,hir,0,0,0,0,0,0,0,0,0,0,0,0,0,0,0,0
10551,3,oro,0,0,0,0,0,0,0,0,0,0,0,0,0,0,0,0
10552,5,s s,0,0,0,0,0,0,0,0,0,0,0,0,0,0,0,0
10553,3,aha,0,0,0,0,0,0,0,0,0,0,0,0,0,0,0,0
10554,3,izi,0,0,0,0,0,0,0,0,0,0,0,0,0,0,0,0
10555,3,tna,0,0,0,0,0,0,0,0,0,0,0,0,0,0,0,0
10556,4,han,0,0,0,0,0,0,0,0,0,0,0,0,0,0,0,0
10557,4,adi,0,0,0,0,0,0,0,0,0,0,0,0,0,0,0,0
10558,4,han,0,0,0,0,0,0,0,0,0,0,0,0,0,0,0,0
10559,4,kti,0,0,0,0,0,0,0,0,0,0,0,0,0,0,0,0
10560,4,a'i,0,0,0,0,0,0,0,0,0,0,0,0,0,0,0,0
10561,2,ell,0,0,0,0,0,0,0,0,0,0,0,0,0,0,0,0
10562,4,rel,0,0,0,0,0,0,0,0,0,0,0,0,0,0,0,0
10563,3,sfa,0,0,0,0,0,0,0,0,0,0,0,0,0,0,0,0
10564,2,aus,0,0,0,0,0,0,0,0,0,0,0,0,0,0,0,0
10565,2,ava,0,0,0,0,0,0,0,0,0,0,0,0,0,0,0,0
10566,3,man,0,0,0,0,0,0,0,0,0,0,0,0,0,0,0,0
10567,3,ang,0,0,0,0,0,0,0,0,0,0,0,0,0,0,0,0
10568,4,yah,0,0,0,0,0,0,0,0,0,0,0,0,0,0,0,0
10569,4,man,0,0,0,0,0,0,0,0,0,0,0,0,0,0,0,0
10570,3,ano,0,0,0,0,0,0,0,0,0,0,0,0,0,0,0,0
10571,3,ama,0,0,0,0,0,0,0,0,0,0,0,0,0,0,0,0
10572,3,yah,0,0,0,0,0,0,0,0,0,0,0,0,0,0,0,0
10573,3,wan,0,0,0,0,0,0,0,0,0,0,0,0,0,0,0,0
10574,3,tra,0,0,0,0,0,0,0,0,0,0,0,0,0,0,0,0
10575,3,kti,0,0,0,0,0,0,0,0,0,0,0,0,0,0,0,0
10576,3,dre,0,0,0,0,0,0,0,0,0,0,0,0,0,0,0,0
10577,3,rta,0,0,0,0,0,0,0,0,0,0,0,0,0,0,0,0
10578,3,ana,0,0,0,0,0,0,0,0,0,0,0,0,0,0,0,0
10579,4,lam,0,0,0,0,0,0,0,0,0,0,0,0,0,0,0,0
10580,3,han,0,0,0,0,0,0,0,0,0,0,0,0,0,0,0,0
10581,3,yah,0,0,0,0,0,0,0,0,0,0,0,0,0,0,0,0
10582,4,bis,0,0,0,0,0,0,0,0,0,0,0,0,0,0,0,0
10583,3,wan,0,0,0,0,0,0,0,0,0,0,0,0,0,0,0,0
10584,3,bib,0,0,0,0,0,0,0,0,0,0,0,0,0,0,0,0
10585,2,fan,0,0,0,0,0,0,0,0,0,0,0,0,0,0,0,0
10586,4,aya,0,0,0,0,0,0,0,0,0,0,0,0,0,0,0,0
10587,2,haq,0,0,0,0,0,0,0,0,0,0,0,0,0,0,0,0
10588,4,tri,0,0,0,0,0,0,0,0,0,0,0,0,0,0,0,0
10589,3,tra,0,0,0,0,0,0,0,0,0,0,0,0,0,0,0,0
10590,2,ara,0,0,0,0,0,0,0,0,0,0,0,0,0,0,0,0
10591,4,wan,0,0,0,0,0,0,0,0,0,0,0,0,0,0,0,0
10592,4,ikn,0,0,0,0,0,0,0,0,0,0,0,0,0,0,0,0
10593,3,han,0,0,0,0,0,0,0,0,0,0,0,0,0,0,0,0
10594,3,lah,0,0,0,0,0,0,0,0,0,0,0,0,0,0,0,0
10595,3,man,0,0,0,0,0,0,0,0,0,0,0,0,0,0,0,0
10596,3,nto,0,0,0,0,0,0,0,0,0,0,0,0,0,0,0,0
10597,3,tra,0,0,0,0,0,0,0,0,0,0,0,0,0,0,0,0
10598,3,udi,0,0,0,0,0,0,0,0,0,0,0,0,0,0,0,0
10599,4,tro,0,0,0,0,0,0,0,0,0,0,0,0,0,0,0,0
10600,3,dra,0,0,0,0,0,0,0,0,0,0,0,0,0,0,0,0
10601,3,izi,0,0,0,0,0,0,0,0,0,0,0,0,0,0,0,0
10602,3,rid,0,0,0,0,0,0,0,0,0,0,0,0,0,0,0,0
10603,3,ojo,0,0,0,0,0,0,0,0,0,0,0,0,0,0,0,0
10604,3,yah,0,0,0,0,0,0,0,0,0,0,0,0,0,0,0,0
10605,4,kti,0,0,0,0,0,0,0,0,0,0,0,0,0,0,0,0
10606,4,azy,0,0,0,0,0,0,0,0,0,0,0,0,0,0,0,0
10607,3,aqi,0,0,0,0,0,0,0,0,0,0,0,0,0,0,0,0
10608,4,nna,0,0,0,0,0,0,0,0,0,0,0,0,0,0,0,0
10609,3,man,0,0,0,0,0,0,0,0,0,0,0,0,0,0,0,0
10610,4,ant,0,0,0,0,0,0,0,0,0,0,0,0,0,0,0,0
10611,3,man,0,0,0,0,0,0,0,0,0,0,0,0,0,0,0,0
10612,4,sar,0,0,0,0,0,0,0,0,0,0,0,0,0,0,0,0
10613,3,nif,0,0,0,0,0,0,0,0,0,0,0,0,0,0,0,0
10614,3,ffa,0,0,0,0,0,0,0,0,0,0,0,0,0,0,0,0
10615,3,ram,0,0,0,0,0,0,0,0,0,0,0,0,0,0,0,0
10616,5,sya,0,0,0,0,0,0,0,0,0,0,0,0,0,0,0,0
10617,3,mam,0,0,0,0,0,0,0,0,0,0,0,0,0,0,0,0
10618,3,ana,0,0,0,0,0,0,0,0,0,0,0,0,0,0,0,0
10619,3,oon,0,0,0,0,0,0,0,0,0,0,0,0,0,0,0,0
10620,3,ani,0,0,0,0,0,0,0,0,0,0,0,0,0,0,0,0
10621,3,izq,0,0,0,0,0,0,0,0,0,0,0,0,0,0,0,0
10622,3,lah,0,0,0,0,0,0,0,0,0,0,0,0,0,0,0,0
10623,3,ham,0,0,0,0,0,0,0,0,0,0,0,0,0,0,0,0
10624,2,kri,0,0,0,0,0,0,0,0,0,0,0,0,0,0,0,0
10625,3,hid,0,0,0,0,0,0,0,0,0,0,0,0,0,0,0,0
10626,3,tyo,0,0,0,0,0,0,0,0,0,0,0,0,0,0,0,0
10627,3,wan,0,0,0,0,0,0,0,0,0,0,0,0,0,0,0,0
10628,4,uri,0,0,0,0,0,0,0,0,0,0,0,0,0,0,0,0
10629,3,adh,0,0,0,0,0,0,0,0,0,0,0,0,0,0,0,0
10630,3,ama,0,0,0,0,0,0,0,0,0,0,0,0,0,0,0,0
10631,3,wan,0,0,0,0,0,0,0,0,0,0,0,0,0,0,0,0
10632,3,sar,0,0,0,0,0,0,0,0,0,0,0,0,0,0,0,0
10633,3,ilo,0,0,0,0,0,0,0,0,0,0,0,0,0,0,0,0
10634,4,zri,0,0,0,0,0,0,0,0,0,0,0,0,0,0,0,0
10635,3,ama,0,0,0,0,0,0,0,0,0,0,0,0,0,0,0,0
10636,3,gga,0,0,0,0,0,0,0,0,0,0,0,0,0,0,0,0
10637,3,ana,0,0,0,0,0,0,0,0,0,0,0,0,0,0,0,0
10638,3,iar,0,0,0,0,0,0,0,0,0,0,0,0,0,0,0,0
10639,3,ari,0,0,0,0,0,0,0,0,0,0,0,0,0,0,0,0
10640,3,oga,0,0,0,0,0,0,0,0,0,0,0,0,0,0,0,0
10641,4,atn,0,0,0,0,0,0,0,0,0,0,0,0,0,0,0,0
10642,3,yan,0,0,0,0,0,0,0,0,0,0,0,0,0,0,0,0
10643,3,hid,0,0,0,0,0,0,0,0,0,0,0,0,0,0,0,0
10644,3,tur,0,0,0,0,0,0,0,0,0,0,0,0,0,0,0,0
10645,3,hal,0,0,0,0,0,0,0,0,0,0,0,0,0,0,0,0
10646,3,ana,0,0,0,0,0,0,0,0,0,0,0,0,0,0,0,0
10647,2,zmi,0,0,0,0,0,0,0,0,0,0,0,0,0,0,0,0
10648,3,rok,0,0,0,0,0,0,0,0,0,0,0,0,0,0,0,0
10649,4,kim,0,0,0,0,0,0,0,0,0,0,0,0,0,0,0,0
10650,3,rar,0,0,0,0,0,0,0,0,0,0,0,0,0,0,0,0
10651,3,aro,0,0,0,0,0,0,0,0,0,0,0,0,0,0,0,0
10652,3,ama,0,0,0,0,0,0,0,0,0,0,0,0,0,0,0,0
10653,3,oko,0,0,0,0,0,0,0,0,0,0,0,0,0,0,0,0
10654,3,man,0,0,0,0,0,0,0,0,0,0,0,0,0,0,0,0
10655,3,ono,0,0,0,0,0,0,0,0,0,0,0,0,0,0,0,0
10656,4,izi,0,0,0,0,0,0,0,0,0,0,0,0,0,0,0,0
10657,3,ito,0,0,0,0,0,0,0,0,0,0,0,0,0,0,0,0
10658,4,dar,0,0,0,0,0,0,0,0,0,0,0,0,0,0,0,0
10659,4,ama,0,0,0,0,0,0,0,0,0,0,0,0,0,0,0,0
10660,4,tro,0,0,0,0,0,0,0,0,0,0,0,0,0,0,0,0
10661,3,zah,0,0,0,0,0,0,0,0,0,0,0,0,0,0,0,0
10662,3,zan,0,0,0,0,0,0,0,0,0,0,0,0,0,0,0,0
10663,4,dha,0,0,0,0,0,0,0,0,0,0,0,0,0,0,0,0
10664,3,kki,0,0,0,0,0,0,0,0,0,0,0,0,0,0,0,0
10665,4,man,0,0,0,0,0,0,0,0,0,0,0,0,0,0,0,0
10666,3,ldy,0,0,0,0,0,0,0,0,0,0,0,0,0,0,0,0
10667,3,ose,0,0,0,0,0,0,0,0,0,0,0,0,0,0,0,0
10668,3,bar,0,0,0,0,0,0,0,0,0,0,0,0,0,0,0,0
10669,3,sha,0,0,0,0,0,0,0,0,0,0,0,0,0,0,0,0
10670,3,ari,0,0,0,0,0,0,0,0,0,0,0,0,0,0,0,0
10671,3,mal,0,0,0,0,0,0,0,0,0,0,0,0,0,0,0,0
10672,3,war,0,0,0,0,0,0,0,0,0,0,0,0,0,0,0,0
10673,2,lil,0,0,0,0,0,0,0,0,0,0,0,0,0,0,0,0
10674,3,ari,0,0,0,0,0,0,0,0,0,0,0,0,0,0,0,0
10675,3,yah,0,0,0,0,0,0,0,0,0,0,0,0,0,0,0,0
10676,3,din,0,0,0,0,0,0,0,0,0,0,0,0,0,0,0,0
10677,3,yah,0,0,0,0,0,0,0,0,0,0,0,0,0,0,0,0
10678,3,kal,0,0,0,0,0,0,0,0,0,0,0,0,0,0,0,0
10679,3,yan,0,0,0,0,0,0,0,0,0,0,0,0,0,0,0,0
10680,3,ldi,0,0,0,0,0,0,0,0,0,0,0,0,0,0,0,0
10681,2,evi,0,0,0,0,0,0,0,0,0,0,0,0,0,0,0,0
10682,4,wan,0,0,0,0,0,0,0,0,0,0,0,0,0,0,0,0
10683,3,ezi,0,0,0,0,0,0,0,0,0,0,0,0,0,0,0,0
10684,3,lah,0,0,0,0,0,0,0,0,0,0,0,0,0,0,0,0
10685,3,wan,0,0,0,0,0,0,0,0,0,0,0,0,0,0,0,0
10686,4,tra,0,0,0,0,0,0,0,0,0,0,0,0,0,0,0,0
10687,3,iqi,0,0,0,0,0,0,0,0,0,0,0,0,0,0,0,0
10688,3,san,0,0,0,0,0,0,0,0,0,0,0,0,0,0,0,0
10689,4,lla,0,0,0,0,0,0,0,0,0,0,0,0,0,0,0,0
10690,3,ani,0,0,0,0,0,0,0,0,0,0,0,0,0,0,0,0
10691,2,iza,0,0,0,0,0,0,0,0,0,0,0,0,0,0,0,0
10692,3,fin,0,0,0,0,0,0,0,0,0,0,0,0,0,0,0,0
10693,3,lia,0,0,0,0,0,0,0,0,0,0,0,0,0,0,0,0
10694,3,wan,0,0,0,0,0,0,0,0,0,0,0,0,0,0,0,0
10695,4,mii,0,0,0,0,0,0,0,0,0,0,0,0,0,0,0,0
10696,3,mal,0,0,0,0,0,0,0,0,0,0,0,0,0,0,0,0
10697,3,wan,0,0,0,0,0,0,0,0,0,0,0,0,0,0,0,0
10698,3,taz,0,0,0,0,0,0,0,0,0,0,0,0,0,0,0,0
10699,2,adi,0,0,0,0,0,0,0,0,0,0,0,0,0,0,0,0
10700,4,oho,0,0,0,0,0,0,0,0,0,0,0,0,0,0,0,0
10701,3,yad,0,0,0,0,0,0,0,0,0,0,0,0,0,0,0,0
10702,4,jri,0,0,0,0,0,0,0,0,0,0,0,0,0,0,0,0
10703,4,kim,0,0,0,0,0,0,0,0,0,0,0,0,0,0,0,0
10704,3,hir,0,0,0,0,0,0,0,0,0,0,0,0,0,0,0,0
10705,3,wan,0,0,0,0,0,0,0,0,0,0,0,0,0,0,0,0
10706,3,ara,0,0,0,0,0,0,0,0,0,0,0,0,0,0,0,0
10707,3,yan,0,0,0,0,0,0,0,0,0,0,0,0,0,0,0,0
10708,3,hal,0,0,0,0,0,0,0,0,0,0,0,0,0,0,0,0
10709,3,rok,0,0,0,0,0,0,0,0,0,0,0,0,0,0,0,0
10710,3,fiq,0,0,0,0,0,0,0,0,0,0,0,0,0,0,0,0
10711,3,lum,0,0,0,0,0,0,0,0,0,0,0,0,0,0,0,0
10712,3,ldi,0,0,0,0,0,0,0,0,0,0,0,0,0,0,0,0
10713,3,ali,0,0,0,0,0,0,0,0,0,0,0,0,0,0,0,0
10714,3,rah,0,0,0,0,0,0,0,0,0,0,0,0,0,0,0,0
10715,3,lah,0,0,0,0,0,0,0,0,0,0,0,0,0,0,0,0
10716,4,yat,0,0,0,0,0,0,0,0,0,0,0,0,0,0,0,0
10717,3,kim,0,0,0,0,0,0,0,0,0,0,0,0,0,0,0,0
10718,4,ari,0,0,0,0,0,0,0,0,0,0,0,0,0,0,0,0
10719,4,haq,0,0,0,0,0,0,0,0,0,0,0,0,0,0,0,0
10720,3,man,0,0,0,0,0,0,0,0,0,0,0,0,0,0,0,0
10721,3,han,0,0,0,0,0,0,0,0,0,0,0,0,0,0,0,0
10722,3,zky,0,0,0,0,0,0,0,0,0,0,0,0,0,0,0,0
10723,4,r n,0,0,0,0,0,0,0,0,0,0,0,0,0,0,0,0
10724,3,yah,0,0,0,0,0,0,0,0,0,0,0,0,0,0,0,0
10725,3,ama,0,0,0,0,0,0,0,0,0,0,0,0,0,0,0,0
10726,4,wan,0,0,0,0,0,0,0,0,0,0,0,0,0,0,0,0
10727,3,ian,0,0,0,0,0,0,0,0,0,0,0,0,0,0,0,0
10728,4,nan,0,0,0,0,0,0,0,0,0,0,0,0,0,0,0,0
10729,3,nan,0,0,0,0,0,0,0,0,0,0,0,0,0,0,0,0
10730,3,waz,0,0,0,0,0,0,0,0,0,0,0,0,0,0,0,0
10731,3,dho,0,0,0,0,0,0,0,0,0,0,0,0,0,0,0,0
10732,4,ani,0,0,0,0,0,0,0,0,0,0,0,0,0,0,0,0
10733,3,ein,0,0,0,0,0,0,0,0,0,0,0,0,0,0,0,0
10734,4,tra,0,0,0,0,0,0,0,0,0,0,0,0,0,0,0,0
10735,6,ari,0,0,0,0,0,0,0,0,0,0,0,0,0,0,0,0
10736,3,tyo,0,0,0,0,0,0,0,0,0,0,0,0,0,0,0,0
10737,3,ezi,0,0,0,0,0,0,0,0,0,0,0,0,0,0,0,0
10738,3,isy,0,0,0,0,0,0,0,0,0,0,0,0,0,0,0,0
10739,3,evi,0,0,0,0,0,0,0,0,0,0,0,0,0,0,0,0
10740,4,ang,0,0,0,0,0,0,0,0,0,0,0,0,0,0,0,0
10741,3,dio,0,0,0,0,0,0,0,0,0,0,0,0,0,0,0,0
10742,3,joe,0,0,0,0,0,0,0,0,0,0,0,0,0,0,0,0
10743,3,han,0,0,0,0,0,0,0,0,0,0,0,0,0,0,0,0
10744,3,wan,0,0,0,0,0,0,0,0,0,0,0,0,0,0,0,0
10745,3,yah,0,0,0,0,0,0,0,0,0,0,0,0,0,0,0,0
10746,3,far,0,0,0,0,0,0,0,0,0,0,0,0,0,0,0,0
10747,4,tra,0,0,0,0,0,0,0,0,0,0,0,0,0,0,0,0
10748,3,iar,0,0,0,0,0,0,0,0,0,0,0,0,0,0,0,0
10749,3,dil,0,0,0,0,0,0,0,0,0,0,0,0,0,0,0,0
10750,4,any,0,0,0,0,0,0,0,0,0,0,0,0,0,0,0,0
10751,3,zki,0,0,0,0,0,0,0,0,0,0,0,0,0,0,0,0
10752,3,yah,0,0,0,0,0,0,0,0,0,0,0,0,0,0,0,0
10753,3,ila,0,0,0,0,0,0,0,0,0,0,0,0,0,0,0,0
10754,3,nto,0,0,0,0,0,0,0,0,0,0,0,0,0,0,0,0
10755,3,ain,0,0,0,0,0,0,0,0,0,0,0,0,0,0,0,0
10756,4,man,0,0,0,0,0,0,0,0,0,0,0,0,0,0,0,0
10757,3,mil,0,0,0,0,0,0,0,0,0,0,0,0,0,0,0,0
10758,3,rok,0,0,0,0,0,0,0,0,0,0,0,0,0,0,0,0
10759,3,aha,0,0,0,0,0,0,0,0,0,0,0,0,0,0,0,0
10760,3,eri,0,0,0,0,0,0,0,0,0,0,0,0,0,0,0,0
10761,4, f.,0,0,0,0,0,0,0,0,0,0,0,0,0,0,0,0
10762,3,pta,0,0,0,0,0,0,0,0,0,0,0,0,0,0,0,0
10763,3,dik,0,0,0,0,0,0,0,0,0,0,0,0,0,0,0,0
10764,4,auf,0,0,0,0,0,0,0,0,0,0,0,0,0,0,0,0
10765,3,raf,0,0,0,0,0,0,0,0,0,0,0,0,0,0,0,0
10766,4,fid,0,0,0,0,0,0,0,0,0,0,0,0,0,0,0,0
10767,3,ham,0,0,0,0,0,0,0,0,0,0,0,0,0,0,0,0
10768,3,ifi,0,0,0,0,0,0,0,0,0,0,0,0,0,0,0,0
10769,3,bar,0,0,0,0,0,0,0,0,0,0,0,0,0,0,0,0
10770,3,ffa,0,0,0,0,0,0,0,0,0,0,0,0,0,0,0,0
10771,3,gas,0,0,0,0,0,0,0,0,0,0,0,0,0,0,0,0
10772,4,oni,0,0,0,0,0,0,0,0,0,0,0,0,0,0,0,0
10773,3,adi,0,0,0,0,0,0,0,0,0,0,0,0,0,0,0,0
10774,4,dar,0,0,0,0,0,0,0,0,0,0,0,0,0,0,0,0
10775,3,izi,0,0,0,0,0,0,0,0,0,0,0,0,0,0,0,0
10776,3,ham,0,0,0,0,0,0,0,0,0,0,0,0,0,0,0,0
10777,3,ldi,0,0,0,0,0,0,0,0,0,0,0,0,0,0,0,0
10778,3,zim,0,0,0,0,0,0,0,0,0,0,0,0,0,0,0,0
10779,3,ara,0,0,0,0,0,0,0,0,0,0,0,0,0,0,0,0
10780,4,man,0,0,0,0,0,0,0,0,0,0,0,0,0,0,0,0
10781,3,zki,0,0,0,0,0,0,0,0,0,0,0,0,0,0,0,0
10782,4,owo,0,0,0,0,0,0,0,0,0,0,0,0,0,0,0,0
10783,3,ara,0,0,0,0,0,0,0,0,0,0,0,0,0,0,0,0
10784,3,iya,0,0,0,0,0,0,0,0,0,0,0,0,0,0,0,0
10785,3,lah,0,0,0,0,0,0,0,0,0,0,0,0,0,0,0,0
10786,3,ran,0,0,0,0,0,0,0,0,0,0,0,0,0,0,0,0
10787,3,ian,0,0,0,0,0,0,0,0,0,0,0,0,0,0,0,0
10788,4,ono,0,0,0,0,0,0,0,0,0,0,0,0,0,0,0,0
10789,4,aya,0,0,0,0,0,0,0,0,0,0,0,0,0,0,0,0
10790,4,aya,0,0,0,0,0,0,0,0,0,0,0,0,0,0,0,0
10791,3,han,0,0,0,0,0,0,0,0,0,0,0,0,0,0,0,0
10792,3,lah,0,0,0,0,0,0,0,0,0,0,0,0,0,0,0,0
10793,4,tra,0,0,0,0,0,0,0,0,0,0,0,0,0,0,0,0
10794,4,tra,0,0,0,0,0,0,0,0,0,0,0,0,0,0,0,0
10795,4,tah,0,0,0,0,0,0,0,0,0,0,0,0,0,0,0,0
10796,4,ary,0,0,0,0,0,0,0,0,0,0,0,0,0,0,0,0
10797,3,iro,0,0,0,0,0,0,0,0,0,0,0,0,0,0,0,0
10798,3,ano,0,0,0,0,0,0,0,0,0,0,0,0,0,0,0,0
10799,3,hia,0,0,0,0,0,0,0,0,0,0,0,0,0,0,0,0
10800,2,sya,0,0,0,0,0,0,0,0,0,0,0,0,0,0,0,0
10801,4,qim,0,0,0,0,0,0,0,0,0,0,0,0,0,0,0,0
10802,4,her,0,0,0,0,0,0,0,0,0,0,0,0,0,0,0,0
10803,3,nga,0,0,0,0,0,0,0,0,0,0,0,0,0,0,0,0
10804,3,yah,0,0,0,0,0,0,0,0,0,0,0,0,0,0,0,0
10805,3,a'i,0,0,0,0,0,0,0,0,0,0,0,0,0,0,0,0
10806,3,han,0,0,0,0,0,0,0,0,0,0,0,0,0,0,0,0
10807,3,fqi,0,0,0,0,0,0,0,0,0,0,0,0,0,0,0,0
10808,3,han,0,0,0,0,0,0,0,0,0,0,0,0,0,0,0,0
10809,3,yah,0,0,0,0,0,0,0,0,0,0,0,0,0,0,0,0
10810,3,azi,0,0,0,0,0,0,0,0,0,0,0,0,0,0,0,0
10811,3,han,0,0,0,0,0,0,0,0,0,0,0,0,0,0,0,0
10812,4,nsa,0,0,0,0,0,0,0,0,0,0,0,0,0,0,0,0
10813,3,zky,0,0,0,0,0,0,0,0,0,0,0,0,0,0,0,0
10814,4,yad,0,0,0,0,0,0,0,0,0,0,0,0,0,0,0,0
10815,3,fal,0,0,0,0,0,0,0,0,0,0,0,0,0,0,0,0
10816,3,tya,0,0,0,0,0,0,0,0,0,0,0,0,0,0,0,0
10817,3,ira,0,0,0,0,0,0,0,0,0,0,0,0,0,0,0,0
10818,3,afi,0,0,0,0,0,0,0,0,0,0,0,0,0,0,0,0
10819,3,ezi,0,0,0,0,0,0,0,0,0,0,0,0,0,0,0,0
10820,3,ady,0,0,0,0,0,0,0,0,0,0,0,0,0,0,0,0
10821,3,hif,0,0,0,0,0,0,0,0,0,0,0,0,0,0,0,0
10822,4,iak,0,0,0,0,0,0,0,0,0,0,0,0,0,0,0,0
10823,3,ndi,0,0,0,0,0,0,0,0,0,0,0,0,0,0,0,0
10824,4,dad,0,0,0,0,0,0,0,0,0,0,0,0,0,0,0,0
10825,3,una,0,0,0,0,0,0,0,0,0,0,0,0,0,0,0,0
10826,3,hmi,0,0,0,0,0,0,0,0,0,0,0,0,0,0,0,0
10827,4,rib,0,0,0,0,0,0,0,0,0,0,0,0,0,0,0,0
10828,3,han,0,0,0,0,0,0,0,0,0,0,0,0,0,0,0,0
10829,3,isi,0,0,0,0,0,0,0,0,0,0,0,0,0,0,0,0
10830,3,ian,0,0,0,0,0,0,0,0,0,0,0,0,0,0,0,0
10831,4,sin,0,0,0,0,0,0,0,0,0,0,0,0,0,0,0,0
10832,3,kib,0,0,0,0,0,0,0,0,0,0,0,0,0,0,0,0
10833,3,ari,0,0,0,0,0,0,0,0,0,0,0,0,0,0,0,0
10834,3,lah,0,0,0,0,0,0,0,0,0,0,0,0,0,0,0,0
10835,3,yah,0,0,0,0,0,0,0,0,0,0,0,0,0,0,0,0
10836,4,son,0,0,0,0,0,0,0,0,0,0,0,0,0,0,0,0
10837,3,oso,0,0,0,0,0,0,0,0,0,0,0,0,0,0,0,0
10838,4,man,0,0,0,0,0,0,0,0,0,0,0,0,0,0,0,0
10839,3,afi,0,0,0,0,0,0,0,0,0,0,0,0,0,0,0,0
10840,3,han,0,0,0,0,0,0,0,0,0,0,0,0,0,0,0,0
10841,3,dho,0,0,0,0,0,0,0,0,0,0,0,0,0,0,0,0
10842,3,ria,0,0,0,0,0,0,0,0,0,0,0,0,0,0,0,0
10843,3,yan,0,0,0,0,0,0,0,0,0,0,0,0,0,0,0,0
10844,3,afi,0,0,0,0,0,0,0,0,0,0,0,0,0,0,0,0
10845,4,hif,0,0,0,0,0,0,0,0,0,0,0,0,0,0,0,0
10846,3,tra,0,0,0,0,0,0,0,0,0,0,0,0,0,0,0,0
10847,3,zis,0,0,0,0,0,0,0,0,0,0,0,0,0,0,0,0
10848,2,ian,0,0,0,0,0,0,0,0,0,0,0,0,0,0,0,0
10849,3,ana,0,0,0,0,0,0,0,0,0,0,0,0,0,0,0,0
10850,4,jay,0,0,0,0,0,0,0,0,0,0,0,0,0,0,0,0
10851,4,uqi,0,0,0,0,0,0,0,0,0,0,0,0,0,0,0,0
10852,3,din,0,0,0,0,0,0,0,0,0,0,0,0,0,0,0,0
10853,3,din,0,0,0,0,0,0,0,0,0,0,0,0,0,0,0,0
10854,3,ffa,0,0,0,0,0,0,0,0,0,0,0,0,0,0,0,0
10855,4,ish,0,0,0,0,0,0,0,0,0,0,0,0,0,0,0,0
10856,3,zqy,0,0,0,0,0,0,0,0,0,0,0,0,0,0,0,0
10857,3,iva,0,0,0,0,0,0,0,0,0,0,0,0,0,0,0,0
10858,3,yah,0,0,0,0,0,0,0,0,0,0,0,0,0,0,0,0
10859,3,ama,0,0,0,0,0,0,0,0,0,0,0,0,0,0,0,0
10860,3,lan,0,0,0,0,0,0,0,0,0,0,0,0,0,0,0,0
10861,4,put,0,0,0,0,0,0,0,0,0,0,0,0,0,0,0,0
10862,3,suf,0,0,0,0,0,0,0,0,0,0,0,0,0,0,0,0
10863,2,yah,0,0,0,0,0,0,0,0,0,0,0,0,0,0,0,0
10864,3,san,0,0,0,0,0,0,0,0,0,0,0,0,0,0,0,0
10865,3,yah,0,0,0,0,0,0,0,0,0,0,0,0,0,0,0,0
10866,4,tra,0,0,0,0,0,0,0,0,0,0,0,0,0,0,0,0
10867,3,ang,0,0,0,0,0,0,0,0,0,0,0,0,0,0,0,0
10868,3,yah,0,0,0,0,0,0,0,0,0,0,0,0,0,0,0,0
10869,3,roh,0,0,0,0,0,0,0,0,0,0,0,0,0,0,0,0
10870,3,lah,0,0,0,0,0,0,0,0,0,0,0,0,0,0,0,0
10871,3,zan,0,0,0,0,0,0,0,0,0,0,0,0,0,0,0,0
10872,3,san,0,0,0,0,0,0,0,0,0,0,0,0,0,0,0,0
10873,3,omi,0,0,0,0,0,0,0,0,0,0,0,0,0,0,0,0
10874,3,kim,0,0,0,0,0,0,0,0,0,0,0,0,0,0,0,0
10875,4,mat,0,0,0,0,0,0,0,0,0,0,0,0,0,0,0,0
10876,3,ani,0,0,0,0,0,0,0,0,0,0,0,0,0,0,0,0
10877,3,uby,0,0,0,0,0,0,0,0,0,0,0,0,0,0,0,0
10878,3,ani,0,0,0,0,0,0,0,0,0,0,0,0,0,0,0,0
10879,3,lah,0,0,0,0,0,0,0,0,0,0,0,0,0,0,0,0
10880,3,yah,0,0,0,0,0,0,0,0,0,0,0,0,0,0,0,0
10881,4,tra,0,0,0,0,0,0,0,0,0,0,0,0,0,0,0,0
10882,3,ari,0,0,0,0,0,0,0,0,0,0,0,0,0,0,0,0
10883,3,ara,0,0,0,0,0,0,0,0,0,0,0,0,0,0,0,0
10884,3,yah,0,0,0,0,0,0,0,0,0,0,0,0,0,0,0,0
10885,3,yat,0,0,0,0,0,0,0,0,0,0,0,0,0,0,0,0
10886,3,zqi,0,0,0,0,0,0,0,0,0,0,0,0,0,0,0,0
10887,3,wan,0,0,0,0,0,0,0,0,0,0,0,0,0,0,0,0
10888,4,wan,0,0,0,0,0,0,0,0,0,0,0,0,0,0,0,0
10889,3,ldo,0,0,0,0,0,0,0,0,0,0,0,0,0,0,0,0
10890,2,zqy,0,0,0,0,0,0,0,0,0,0,0,0,0,0,0,0
10891,3,ana,0,0,0,0,0,0,0,0,0,0,0,0,0,0,0,0
10892,3,ezi,0,0,0,0,0,0,0,0,0,0,0,0,0,0,0,0
10893,3,fie,0,0,0,0,0,0,0,0,0,0,0,0,0,0,0,0
10894,4,mal,0,0,0,0,0,0,0,0,0,0,0,0,0,0,0,0
10895,4,hri,0,0,0,0,0,0,0,0,0,0,0,0,0,0,0,0
10896,4,tra,0,0,0,0,0,0,0,0,0,0,0,0,0,0,0,0
10897,4,ima,0,0,0,0,0,0,0,0,0,0,0,0,0,0,0,0
10898,3,and,0,0,0,0,0,0,0,0,0,0,0,0,0,0,0,0
10899,3,wan,0,0,0,0,0,0,0,0,0,0,0,0,0,0,0,0
10900,3,ito,0,0,0,0,0,0,0,0,0,0,0,0,0,0,0,0
10901,3,qil,0,0,0,0,0,0,0,0,0,0,0,0,0,0,0,0
10902,2,ali,0,0,0,0,0,0,0,0,0,0,0,0,0,0,0,0
10903,3,mat,0,0,0,0,0,0,0,0,0,0,0,0,0,0,0,0
10904,4,ari,0,0,0,0,0,0,0,0,0,0,0,0,0,0,0,0
10905,4,sar,0,0,0,0,0,0,0,0,0,0,0,0,0,0,0,0
10906,4,ain,0,0,0,0,0,0,0,0,0,0,0,0,0,0,0,0
10907,4,ali,0,0,0,0,0,0,0,0,0,0,0,0,0,0,0,0
10908,4,ubi,0,0,0,0,0,0,0,0,0,0,0,0,0,0,0,0
10909,3,iru,0,0,0,0,0,0,0,0,0,0,0,0,0,0,0,0
10910,3,qan,0,0,0,0,0,0,0,0,0,0,0,0,0,0,0,0
10911,3,qhi,0,0,0,0,0,0,0,0,0,0,0,0,0,0,0,0
10912,3,izi,0,0,0,0,0,0,0,0,0,0,0,0,0,0,0,0
10913,3,tya,0,0,0,0,0,0,0,0,0,0,0,0,0,0,0,0
10914,3,ian,0,0,0,0,0,0,0,0,0,0,0,0,0,0,0,0
10915,3,djo,0,0,0,0,0,0,0,0,0,0,0,0,0,0,0,0
10916,3,han,0,0,0,0,0,0,0,0,0,0,0,0,0,0,0,0
10917,3,aus,0,0,0,0,0,0,0,0,0,0,0,0,0,0,0,0
10918,3,yyu,0,0,0,0,0,0,0,0,0,0,0,0,0,0,0,0
10919,3,una,0,0,0,0,0,0,0,0,0,0,0,0,0,0,0,0
10920,3,wan,0,0,0,0,0,0,0,0,0,0,0,0,0,0,0,0
10921,3,nih,0,0,0,0,0,0,0,0,0,0,0,0,0,0,0,0
10922,5,a s,0,0,0,0,0,0,0,0,0,0,0,0,0,0,0,0
10923,4,uni,0,0,0,0,0,0,0,0,0,0,0,0,0,0,0,0
10924,5,oro,0,0,0,0,0,0,0,0,0,0,0,0,0,0,0,0
10925,3,gga,0,0,0,0,0,0,0,0,0,0,0,0,0,0,0,0
10926,3,nda,0,0,0,0,0,0,0,0,0,0,0,0,0,0,0,0
10927,4,tra,0,0,0,0,0,0,0,0,0,0,0,0,0,0,0,0
10928,3,man,0,0,0,0,0,0,0,0,0,0,0,0,0,0,0,0
10929,3,wan,0,0,0,0,0,0,0,0,0,0,0,0,0,0,0,0
10930,3,gib,0,0,0,0,0,0,0,0,0,0,0,0,0,0,0,0
10931,4,tra,0,0,0,0,0,0,0,0,0,0,0,0,0,0,0,0
10932,3,ama,0,0,0,0,0,0,0,0,0,0,0,0,0,0,0,0
10933,4,bed,0,0,0,0,0,0,0,0,0,0,0,0,0,0,0,0
10934,3,i'i,0,0,0,0,0,0,0,0,0,0,0,0,0,0,0,0
10935,3,adi,0,0,0,0,0,0,0,0,0,0,0,0,0,0,0,0
10936,3,lah,0,0,0,0,0,0,0,0,0,0,0,0,0,0,0,0
10937,4,ana,0,0,0,0,0,0,0,0,0,0,0,0,0,0,0,0
10938,4,min,0,0,0,0,0,0,0,0,0,0,0,0,0,0,0,0
10939,4,ari,0,0,0,0,0,0,0,0,0,0,0,0,0,0,0,0
10940,3,zra,0,0,0,0,0,0,0,0,0,0,0,0,0,0,0,0
10941,3,yah,0,0,0,0,0,0,0,0,0,0,0,0,0,0,0,0
10942,3,nto,0,0,0,0,0,0,0,0,0,0,0,0,0,0,0,0
10943,4,tah,0,0,0,0,0,0,0,0,0,0,0,0,0,0,0,0
10944,3,tra,0,0,0,0,0,0,0,0,0,0,0,0,0,0,0,0
10945,2,idz,0,0,0,0,0,0,0,0,0,0,0,0,0,0,0,0
10946,3,lah,0,0,0,0,0,0,0,0,0,0,0,0,0,0,0,0
10947,3,wan,0,0,0,0,0,0,0,0,0,0,0,0,0,0,0,0
10948,3,ajr,0,0,0,0,0,0,0,0,0,0,0,0,0,0,0,0
10949,3,dzi,0,0,0,0,0,0,0,0,0,0,0,0,0,0,0,0
10950,3,wan,0,0,0,0,0,0,0,0,0,0,0,0,0,0,0,0
10951,3,afi,0,0,0,0,0,0,0,0,0,0,0,0,0,0,0,0
10952,3,zal,0,0,0,0,0,0,0,0,0,0,0,0,0,0,0,0
10953,3,bal,0,0,0,0,0,0,0,0,0,0,0,0,0,0,0,0
10954,4,omo,0,0,0,0,0,0,0,0,0,0,0,0,0,0,0,0
10955,4,kim,0,0,0,0,0,0,0,0,0,0,0,0,0,0,0,0
10956,3,ada,0,0,0,0,0,0,0,0,0,0,0,0,0,0,0,0
10957,3,ria,0,0,0,0,0,0,0,0,0,0,0,0,0,0,0,0
10958,2,din,0,0,0,0,0,0,0,0,0,0,0,0,0,0,0,0
10959,3,man,0,0,0,0,0,0,0,0,0,0,0,0,0,0,0,0
10960,3,lan,0,0,0,0,0,0,0,0,0,0,0,0,0,0,0,0
10961,3,ika,0,0,0,0,0,0,0,0,0,0,0,0,0,0,0,0
10962,3,evi,0,0,0,0,0,0,0,0,0,0,0,0,0,0,0,0
10963,3,dho,0,0,0,0,0,0,0,0,0,0,0,0,0,0,0,0
10964,3,ndi,0,0,0,0,0,0,0,0,0,0,0,0,0,0,0,0
10965,3,har,0,0,0,0,0,0,0,0,0,0,0,0,0,0,0,0
10966,4,tra,0,0,0,0,0,0,0,0,0,0,0,0,0,0,0,0
10967,3,ian,0,0,0,0,0,0,0,0,0,0,0,0,0,0,0,0
10968,3,lah,0,0,0,0,0,0,0,0,0,0,0,0,0,0,0,0
10969,4,yat,0,0,0,0,0,0,0,0,0,0,0,0,0,0,0,0
10970,3,elo,0,0,0,0,0,0,0,0,0,0,0,0,0,0,0,0
10971,4,ana,0,0,0,0,0,0,0,0,0,0,0,0,0,0,0,0
10972,3,omo,0,0,0,0,0,0,0,0,0,0,0,0,0,0,0,0
10973,3,han,0,0,0,0,0,0,0,0,0,0,0,0,0,0,0,0
10974,3,kso,0,0,0,0,0,0,0,0,0,0,0,0,0,0,0,0
10975,3,tra,0,0,0,0,0,0,0,0,0,0,0,0,0,0,0,0
10976,3,dan,0,0,0,0,0,0,0,0,0,0,0,0,0,0,0,0
10977,3,han,0,0,0,0,0,0,0,0,0,0,0,0,0,0,0,0
10978,3,rif,0,0,0,0,0,0,0,0,0,0,0,0,0,0,0,0
10979,2,ali,0,0,0,0,0,0,0,0,0,0,0,0,0,0,0,0
10980,3,oni,0,0,0,0,0,0,0,0,0,0,0,0,0,0,0,0
10981,3,lah,0,0,0,0,0,0,0,0,0,0,0,0,0,0,0,0
10982,3,gga,0,0,0,0,0,0,0,0,0,0,0,0,0,0,0,0
10983,4,rif,0,0,0,0,0,0,0,0,0,0,0,0,0,0,0,0
10984,5,san,0,0,0,0,0,0,0,0,0,0,0,0,0,0,0,0
10985,4,man,0,0,0,0,0,0,0,0,0,0,0,0,0,0,0,0
10986,3,ono,0,0,0,0,0,0,0,0,0,0,0,0,0,0,0,0
10987,4,sbu,0,0,0,0,0,0,0,0,0,0,0,0,0,0,0,0
10988,3,yan,0,0,0,0,0,0,0,0,0,0,0,0,0,0,0,0
10989,3,lah,0,0,0,0,0,0,0,0,0,0,0,0,0,0,0,0
10990,3,ham,0,0,0,0,0,0,0,0,0,0,0,0,0,0,0,0
10991,3,sri,0,0,0,0,0,0,0,0,0,0,0,0,0,0,0,0
10992,3,din,0,0,0,0,0,0,0,0,0,0,0,0,0,0,0,0
10993,3,tin,0,0,0,0,0,0,0,0,0,0,0,0,0,0,0,0
10994,3,hid,0,0,0,0,0,0,0,0,0,0,0,0,0,0,0,0
10995,3,m a,0,0,0,0,0,0,0,0,0,0,0,0,0,0,0,0
10996,2,ufi,0,0,0,0,0,0,0,0,0,0,0,0,0,0,0,0
10997,4,maw,0,0,0,0,0,0,0,0,0,0,0,0,0,0,0,0
10998,3,ana,0,0,0,0,0,0,0,0,0,0,0,0,0,0,0,0
10999,2,zel,0,0,0,0,0,0,0,0,0,0,0,0,0,0,0,0
11000,2,ban,0,0,0,0,0,0,0,0,0,0,0,0,0,0,0,0
11001,4,dzi,0,0,0,0,0,0,0,0,0,0,0,0,0,0,0,0
11002,3,eno,0,0,0,0,0,0,0,0,0,0,0,0,0,0,0,0
11003,4,lah,0,0,0,0,0,0,0,0,0,0,0,0,0,0,0,0
11004,3,hir,0,0,0,0,0,0,0,0,0,0,0,0,0,0,0,0
11005,3,ndi,0,0,0,0,0,0,0,0,0,0,0,0,0,0,0,0
11006,3,fan,0,0,0,0,0,0,0,0,0,0,0,0,0,0,0,0
11007,4,izh,0,0,0,0,0,0,0,0,0,0,0,0,0,0,0,0
11008,2,fah,0,0,0,0,0,0,0,0,0,0,0,0,0,0,0,0
11009,3,uki,0,0,0,0,0,0,0,0,0,0,0,0,0,0,0,0
11010,3,ila,0,0,0,0,0,0,0,0,0,0,0,0,0,0,0,0
11011,3,ami,0,0,0,0,0,0,0,0,0,0,0,0,0,0,0,0
11012,3,han,0,0,0,0,0,0,0,0,0,0,0,0,0,0,0,0
11013,3,bil,0,0,0,0,0,0,0,0,0,0,0,0,0,0,0,0
11014,3,imi,0,0,0,0,0,0,0,0,0,0,0,0,0,0,0,0
11015,3,aky,0,0,0,0,0,0,0,0,0,0,0,0,0,0,0,0
11016,3,afi,0,0,0,0,0,0,0,0,0,0,0,0,0,0,0,0
11017,3,yah,0,0,0,0,0,0,0,0,0,0,0,0,0,0,0,0
11018,3,ori,0,0,0,0,0,0,0,0,0,0,0,0,0,0,0,0
11019,2,yah,0,0,0,0,0,0,0,0,0,0,0,0,0,0,0,0
11020,3,jar,0,0,0,0,0,0,0,0,0,0,0,0,0,0,0,0
11021,3,uzi,0,0,0,0,0,0,0,0,0,0,0,0,0,0,0,0
11022,4,zmi,0,0,0,0,0,0,0,0,0,0,0,0,0,0,0,0
11023,3,afi,0,0,0,0,0,0,0,0,0,0,0,0,0,0,0,0
11024,3,wan,0,0,0,0,0,0,0,0,0,0,0,0,0,0,0,0
11025,3,jid,0,0,0,0,0,0,0,0,0,0,0,0,0,0,0,0
11026,3,zan,0,0,0,0,0,0,0,0,0,0,0,0,0,0,0,0
11027,3,kri,0,0,0,0,0,0,0,0,0,0,0,0,0,0,0,0
11028,3,haq,0,0,0,0,0,0,0,0,0,0,0,0,0,0,0,0
11029,3,wan,0,0,0,0,0,0,0,0,0,0,0,0,0,0,0,0
11030,3,bil,0,0,0,0,0,0,0,0,0,0,0,0,0,0,0,0
11031,3,yah,0,0,0,0,0,0,0,0,0,0,0,0,0,0,0,0
11032,3,lah,0,0,0,0,0,0,0,0,0,0,0,0,0,0,0,0
11033,3,ana,0,0,0,0,0,0,0,0,0,0,0,0,0,0,0,0
11034,4,hud,0,0,0,0,0,0,0,0,0,0,0,0,0,0,0,0
11035,3,ino,0,0,0,0,0,0,0,0,0,0,0,0,0,0,0,0
11036,3,tin,0,0,0,0,0,0,0,0,0,0,0,0,0,0,0,0
11037,3,ani,0,0,0,0,0,0,0,0,0,0,0,0,0,0,0,0
11038,3,sha,0,0,0,0,0,0,0,0,0,0,0,0,0,0,0,0
11039,3,lah,0,0,0,0,0,0,0,0,0,0,0,0,0,0,0,0
11040,4,dra,0,0,0,0,0,0,0,0,0,0,0,0,0,0,0,0
11041,4,ruf,0,0,0,0,0,0,0,0,0,0,0,0,0,0,0,0
11042,3,din,0,0,0,0,0,0,0,0,0,0,0,0,0,0,0,0
11043,3,lah,0,0,0,0,0,0,0,0,0,0,0,0,0,0,0,0
11044,3,fii,0,0,0,0,0,0,0,0,0,0,0,0,0,0,0,0
11045,4,yat,0,0,0,0,0,0,0,0,0,0,0,0,0,0,0,0
11046,3,san,0,0,0,0,0,0,0,0,0,0,0,0,0,0,0,0
11047,3,ihi,0,0,0,0,0,0,0,0,0,0,0,0,0,0,0,0
11048,3,tah,0,0,0,0,0,0,0,0,0,0,0,0,0,0,0,0
11049,4,bis,0,0,0,0,0,0,0,0,0,0,0,0,0,0,0,0
11050,3,ono,0,0,0,0,0,0,0,0,0,0,0,0,0,0,0,0
11051,3,ief,0,0,0,0,0,0,0,0,0,0,0,0,0,0,0,0
11052,3,war,0,0,0,0,0,0,0,0,0,0,0,0,0,0,0,0
11053,3,wan,0,0,0,0,0,0,0,0,0,0,0,0,0,0,0,0
11054,4,ndi,0,0,0,0,0,0,0,0,0,0,0,0,0,0,0,0
11055,4,ufa,0,0,0,0,0,0,0,0,0,0,0,0,0,0,0,0
11056,3,jri,0,0,0,0,0,0,0,0,0,0,0,0,0,0,0,0
11057,3,lih,0,0,0,0,0,0,0,0,0,0,0,0,0,0,0,0
11058,3,sar,0,0,0,0,0,0,0,0,0,0,0,0,0,0,0,0
11059,3,ama,0,0,0,0,0,0,0,0,0,0,0,0,0,0,0,0
11060,4,nsy,0,0,0,0,0,0,0,0,0,0,0,0,0,0,0,0
11061,3,afi,0,0,0,0,0,0,0,0,0,0,0,0,0,0,0,0
11062,3,tro,0,0,0,0,0,0,0,0,0,0,0,0,0,0,0,0
11063,3,ony,0,0,0,0,0,0,0,0,0,0,0,0,0,0,0,0
11064,3,mam,0,0,0,0,0,0,0,0,0,0,0,0,0,0,0,0
11065,3,hri,0,0,0,0,0,0,0,0,0,0,0,0,0,0,0,0
11066,3,nza,0,0,0,0,0,0,0,0,0,0,0,0,0,0,0,0
11067,4,ldo,0,0,0,0,0,0,0,0,0,0,0,0,0,0,0,0
11068,2,fan,0,0,0,0,0,0,0,0,0,0,0,0,0,0,0,0
11069,3,uzi,0,0,0,0,0,0,0,0,0,0,0,0,0,0,0,0
11070,3,adi,0,0,0,0,0,0,0,0,0,0,0,0,0,0,0,0
11071,3,min,0,0,0,0,0,0,0,0,0,0,0,0,0,0,0,0
11072,3,han,0,0,0,0,0,0,0,0,0,0,0,0,0,0,0,0
11073,3,zki,0,0,0,0,0,0,0,0,0,0,0,0,0,0,0,0
11074,3,yah,0,0,0,0,0,0,0,0,0,0,0,0,0,0,0,0
11075,2,yah,0,0,0,0,0,0,0,0,0,0,0,0,0,0,0,0
11076,3,wan,0,0,0,0,0,0,0,0,0,0,0,0,0,0,0,0
11077,3,mna,0,0,0,0,0,0,0,0,0,0,0,0,0,0,0,0
11078,3,afi,0,0,0,0,0,0,0,0,0,0,0,0,0,0,0,0
11079,3, a.,0,0,0,0,0,0,0,0,0,0,0,0,0,0,0,0
11080,4,kal,0,0,0,0,0,0,0,0,0,0,0,0,0,0,0,0
11081,3,wan,0,0,0,0,0,0,0,0,0,0,0,0,0,0,0,0
11082,3,ras,0,0,0,0,0,0,0,0,0,0,0,0,0,0,0,0
11083,3,yah,0,0,0,0,0,0,0,0,0,0,0,0,0,0,0,0
11084,3,rim,0,0,0,0,0,0,0,0,0,0,0,0,0,0,0,0
11085,4,ant,0,0,0,0,0,0,0,0,0,0,0,0,0,0,0,0
11086,3,aad,0,0,0,0,0,0,0,0,0,0,0,0,0,0,0,0
11087,3,ria,0,0,0,0,0,0,0,0,0,0,0,0,0,0,0,0
11088,3,ezi,0,0,0,0,0,0,0,0,0,0,0,0,0,0,0,0
11089,3,yid,0,0,0,0,0,0,0,0,0,0,0,0,0,0,0,0
11090,3,man,0,0,0,0,0,0,0,0,0,0,0,0,0,0,0,0
11091,3,aqi,0,0,0,0,0,0,0,0,0,0,0,0,0,0,0,0
11092,4,yah,0,0,0,0,0,0,0,0,0,0,0,0,0,0,0,0
11093,3,lam,0,0,0,0,0,0,0,0,0,0,0,0,0,0,0,0
11094,3,ddy,0,0,0,0,0,0,0,0,0,0,0,0,0,0,0,0
11095,3,sri,0,0,0,0,0,0,0,0,0,0,0,0,0,0,0,0
11096,3,dzi,0,0,0,0,0,0,0,0,0,0,0,0,0,0,0,0
11097,4,ull,0,0,0,0,0,0,0,0,0,0,0,0,0,0,0,0
11098,3,hon,0,0,0,0,0,0,0,0,0,0,0,0,0,0,0,0
11099,4,syi,0,0,0,0,0,0,0,0,0,0,0,0,0,0,0,0
11100,3,yah,0,0,0,0,0,0,0,0,0,0,0,0,0,0,0,0
11101,3,tib,0,0,0,0,0,0,0,0,0,0,0,0,0,0,0,0
11102,3,ldi,0,0,0,0,0,0,0,0,0,0,0,0,0,0,0,0
11103,4,zan,0,0,0,0,0,0,0,0,0,0,0,0,0,0,0,0
11104,5,r h,0,0,0,0,0,0,0,0,0,0,0,0,0,0,0,0
11105,4,ago,0,0,0,0,0,0,0,0,0,0,0,0,0,0,0,0
11106,2,ndi,0,0,0,0,0,0,0,0,0,0,0,0,0,0,0,0
11107,3,yat,0,0,0,0,0,0,0,0,0,0,0,0,0,0,0,0
11108,5,fur,0,0,0,0,0,0,0,0,0,0,0,0,0,0,0,0
11109,4,uzi,0,0,0,0,0,0,0,0,0,0,0,0,0,0,0,0
11110,4,war,0,0,0,0,0,0,0,0,0,0,0,0,0,0,0,0
11111,4,ani,0,0,0,0,0,0,0,0,0,0,0,0,0,0,0,0
11112,3,man,0,0,0,0,0,0,0,0,0,0,0,0,0,0,0,0
11113,3,ano,0,0,0,0,0,0,0,0,0,0,0,0,0,0,0,0
11114,4,ama,0,0,0,0,0,0,0,0,0,0,0,0,0,0,0,0
11115,3,iha,0,0,0,0,0,0,0,0,0,0,0,0,0,0,0,0
11116,3,sya,0,0,0,0,0,0,0,0,0,0,0,0,0,0,0,0
11117,4,tra,0,0,0,0,0,0,0,0,0,0,0,0,0,0,0,0
11118,3,nda,0,0,0,0,0,0,0,0,0,0,0,0,0,0,0,0
11119,4,ani,0,0,0,0,0,0,0,0,0,0,0,0,0,0,0,0
11120,3,aus,0,0,0,0,0,0,0,0,0,0,0,0,0,0,0,0
11121,3,rin,0,0,0,0,0,0,0,0,0,0,0,0,0,0,0,0
11122,4,l i,0,0,0,0,0,0,0,0,0,0,0,0,0,0,0,0
11123,3,har,0,0,0,0,0,0,0,0,0,0,0,0,0,0,0,0
11124,3,wan,0,0,0,0,0,0,0,0,0,0,0,0,0,0,0,0
11125,3,han,0,0,0,0,0,0,0,0,0,0,0,0,0,0,0,0
11126,3,uzy,0,0,0,0,0,0,0,0,0,0,0,0,0,0,0,0
11127,3,man,0,0,0,0,0,0,0,0,0,0,0,0,0,0,0,0
11128,2,ami,0,0,0,0,0,0,0,0,0,0,0,0,0,0,0,0
11129,2,sna,0,0,0,0,0,0,0,0,0,0,0,0,0,0,0,0
11130,3,zar,0,0,0,0,0,0,0,0,0,0,0,0,0,0,0,0
11131,3,faz,0,0,0,0,0,0,0,0,0,0,0,0,0,0,0,0
11132,4,uad,0,0,0,0,0,0,0,0,0,0,0,0,0,0,0,0
11133,4,gra,0,0,0,0,0,0,0,0,0,0,0,0,0,0,0,0
11134,3,kas,0,0,0,0,0,0,0,0,0,0,0,0,0,0,0,0
11135,4,tra,0,0,0,0,0,0,0,0,0,0,0,0,0,0,0,0
11136,4,han,0,0,0,0,0,0,0,0,0,0,0,0,0,0,0,0
11137,2,fhi,0,0,0,0,0,0,0,0,0,0,0,0,0,0,0,0
11138,3,war,0,0,0,0,0,0,0,0,0,0,0,0,0,0,0,0
11139,3,lah,0,0,0,0,0,0,0,0,0,0,0,0,0,0,0,0
11140,3,uzy,0,0,0,0,0,0,0,0,0,0,0,0,0,0,0,0
11141,3,dar,0,0,0,0,0,0,0,0,0,0,0,0,0,0,0,0
11142,3,naf,0,0,0,0,0,0,0,0,0,0,0,0,0,0,0,0
11143,4,han,0,0,0,0,0,0,0,0,0,0,0,0,0,0,0,0
11144,3,ana,0,0,0,0,0,0,0,0,0,0,0,0,0,0,0,0
11145,4,and,0,0,0,0,0,0,0,0,0,0,0,0,0,0,0,0
11146,3,man,0,0,0,0,0,0,0,0,0,0,0,0,0,0,0,0
11147,3,cha,0,0,0,0,0,0,0,0,0,0,0,0,0,0,0,0
11148,3,loh,0,0,0,0,0,0,0,0,0,0,0,0,0,0,0,0
11149,2,qia,0,0,0,0,0,0,0,0,0,0,0,0,0,0,0,0
11150,3,lah,0,0,0,0,0,0,0,0,0,0,0,0,0,0,0,0
11151,3,aji,0,0,0,0,0,0,0,0,0,0,0,0,0,0,0,0
11152,2,lik,0,0,0,0,0,0,0,0,0,0,0,0,0,0,0,0
11153,3,han,0,0,0,0,0,0,0,0,0,0,0,0,0,0,0,0
11154,3,wie,0,0,0,0,0,0,0,0,0,0,0,0,0,0,0,0
11155,3,ani,0,0,0,0,0,0,0,0,0,0,0,0,0,0,0,0
11156,3,bar,0,0,0,0,0,0,0,0,0,0,0,0,0,0,0,0
11157,3,izi,0,0,0,0,0,0,0,0,0,0,0,0,0,0,0,0
11158,3,din,0,0,0,0,0,0,0,0,0,0,0,0,0,0,0,0
11159,3,min,0,0,0,0,0,0,0,0,0,0,0,0,0,0,0,0
11160,3,lik,0,0,0,0,0,0,0,0,0,0,0,0,0,0,0,0
11161,3,yah,0,0,0,0,0,0,0,0,0,0,0,0,0,0,0,0
11162,3,cky,0,0,0,0,0,0,0,0,0,0,0,0,0,0,0,0
11163,2,dry,0,0,0,0,0,0,0,0,0,0,0,0,0,0,0,0
11164,4,sam,0,0,0,0,0,0,0,0,0,0,0,0,0,0,0,0
11165,4,dra,0,0,0,0,0,0,0,0,0,0,0,0,0,0,0,0
11166,3,zqy,0,0,0,0,0,0,0,0,0,0,0,0,0,0,0,0
11167,3,rur,0,0,0,0,0,0,0,0,0,0,0,0,0,0,0,0
11168,4,eti,0,0,0,0,0,0,0,0,0,0,0,0,0,0,0,0
11169,3,kri,0,0,0,0,0,0,0,0,0,0,0,0,0,0,0,0
11170,4,ani,0,0,0,0,0,0,0,0,0,0,0,0,0,0,0,0
11171,3,ani,0,0,0,0,0,0,0,0,0,0,0,0,0,0,0,0
11172,2,lih,0,0,0,0,0,0,0,0,0,0,0,0,0,0,0,0
11173,4,tih,0,0,0,0,0,0,0,0,0,0,0,0,0,0,0,0
11174,3,ruf,0,0,0,0,0,0,0,0,0,0,0,0,0,0,0,0
11175,3,ndi,0,0,0,0,0,0,0,0,0,0,0,0,0,0,0,0
11176,3,zak,0,0,0,0,0,0,0,0,0,0,0,0,0,0,0,0
11177,3,ung,0,0,0,0,0,0,0,0,0,0,0,0,0,0,0,0
11178,3,yid,0,0,0,0,0,0,0,0,0,0,0,0,0,0,0,0
11179,3,mal,0,0,0,0,0,0,0,0,0,0,0,0,0,0,0,0
11180,3,aiq,0,0,0,0,0,0,0,0,0,0,0,0,0,0,0,0
11181,3,ldi,0,0,0,0,0,0,0,0,0,0,0,0,0,0,0,0
11182,3,qiy,0,0,0,0,0,0,0,0,0,0,0,0,0,0,0,0
11183,3,ndi,0,0,0,0,0,0,0,0,0,0,0,0,0,0,0,0
11184,3,yah,0,0,0,0,0,0,0,0,0,0,0,0,0,0,0,0
11185,3,zmi,0,0,0,0,0,0,0,0,0,0,0,0,0,0,0,0
11186,3,sya,0,0,0,0,0,0,0,0,0,0,0,0,0,0,0,0
11187,3,yam,0,0,0,0,0,0,0,0,0,0,0,0,0,0,0,0
11188,3,asa,0,0,0,0,0,0,0,0,0,0,0,0,0,0,0,0
11189,3,lah,0,0,0,0,0,0,0,0,0,0,0,0,0,0,0,0
11190,3,nto,0,0,0,0,0,0,0,0,0,0,0,0,0,0,0,0
11191,3,mam,0,0,0,0,0,0,0,0,0,0,0,0,0,0,0,0
11192,3,aan,0,0,0,0,0,0,0,0,0,0,0,0,0,0,0,0
11193,3,aus,0,0,0,0,0,0,0,0,0,0,0,0,0,0,0,0
11194,3,amy,0,0,0,0,0,0,0,0,0,0,0,0,0,0,0,0
11195,4,rry,0,0,0,0,0,0,0,0,0,0,0,0,0,0,0,0
11196,3,rah,0,0,0,0,0,0,0,0,0,0,0,0,0,0,0,0
11197,3,lah,0,0,0,0,0,0,0,0,0,0,0,0,0,0,0,0
11198,3,yas,0,0,0,0,0,0,0,0,0,0,0,0,0,0,0,0
11199,2,dim,0,0,0,0,0,0,0,0,0,0,0,0,0,0,0,0
11200,2,fi',0,0,0,0,0,0,0,0,0,0,0,0,0,0,0,0
11201,2,gib,0,0,0,0,0,0,0,0,0,0,0,0,0,0,0,0
11202,4, am,0,0,0,0,0,0,0,0,0,0,0,0,0,0,0,0
11203,4,afi,0,0,0,0,0,0,0,0,0,0,0,0,0,0,0,0
11204,4,sah,0,0,0,0,0,0,0,0,0,0,0,0,0,0,0,0
11205,4,utr,0,0,0,0,0,0,0,0,0,0,0,0,0,0,0,0
11206,3,yah,0,0,0,0,0,0,0,0,0,0,0,0,0,0,0,0
11207,3,rya,0,0,0,0,0,0,0,0,0,0,0,0,0,0,0,0
11208,4,fbr,0,0,0,0,0,0,0,0,0,0,0,0,0,0,0,0
11209,3,ara,0,0,0,0,0,0,0,0,0,0,0,0,0,0,0,0
11210,3,tra,0,0,0,0,0,0,0,0,0,0,0,0,0,0,0,0
11211,3,lah,0,0,0,0,0,0,0,0,0,0,0,0,0,0,0,0
11212,3,ane,0,0,0,0,0,0,0,0,0,0,0,0,0,0,0,0
11213,4,nza,0,0,0,0,0,0,0,0,0,0,0,0,0,0,0,0
11214,3,yah,0,0,0,0,0,0,0,0,0,0,0,0,0,0,0,0
11215,3,ory,0,0,0,0,0,0,0,0,0,0,0,0,0,0,0,0
11216,3,rib,0,0,0,0,0,0,0,0,0,0,0,0,0,0,0,0
11217,3,zmi,0,0,0,0,0,0,0,0,0,0,0,0,0,0,0,0
11218,3,nto,0,0,0,0,0,0,0,0,0,0,0,0,0,0,0,0
11219,4,rma,0,0,0,0,0,0,0,0,0,0,0,0,0,0,0,0
11220,4,tra,0,0,0,0,0,0,0,0,0,0,0,0,0,0,0,0
11221,3,lah,0,0,0,0,0,0,0,0,0,0,0,0,0,0,0,0
11222,3,hin,0,0,0,0,0,0,0,0,0,0,0,0,0,0,0,0
11223,4,yan,0,0,0,0,0,0,0,0,0,0,0,0,0,0,0,0
11224,4,dya,0,0,0,0,0,0,0,0,0,0,0,0,0,0,0,0
11225,3,ats,0,0,0,0,0,0,0,0,0,0,0,0,0,0,0,0
11226,3,fid,0,0,0,0,0,0,0,0,0,0,0,0,0,0,0,0
11227,4,ofi,0,0,0,0,0,0,0,0,0,0,0,0,0,0,0,0
11228,3,ana,0,0,0,0,0,0,0,0,0,0,0,0,0,0,0,0
11229,3,dam,0,0,0,0,0,0,0,0,0,0,0,0,0,0,0,0
11230,3,dan,0,0,0,0,0,0,0,0,0,0,0,0,0,0,0,0
11231,3,ndi,0,0,0,0,0,0,0,0,0,0,0,0,0,0,0,0
11232,3,yah,0,0,0,0,0,0,0,0,0,0,0,0,0,0,0,0
11233,3,lmi,0,0,0,0,0,0,0,0,0,0,0,0,0,0,0,0
11234,3,dhi,0,0,0,0,0,0,0,0,0,0,0,0,0,0,0,0
11235,2,awi,0,0,0,0,0,0,0,0,0,0,0,0,0,0,0,0
11236,3,ndi,0,0,0,0,0,0,0,0,0,0,0,0,0,0,0,0
11237,3,lah,0,0,0,0,0,0,0,0,0,0,0,0,0,0,0,0
11238,3,uzi,0,0,0,0,0,0,0,0,0,0,0,0,0,0,0,0
11239,3,ael,0,0,0,0,0,0,0,0,0,0,0,0,0,0,0,0
11240,2,din,0,0,0,0,0,0,0,0,0,0,0,0,0,0,0,0
11241,4,nda,0,0,0,0,0,0,0,0,0,0,0,0,0,0,0,0
11242,3,lfa,0,0,0,0,0,0,0,0,0,0,0,0,0,0,0,0
11243,4,ska,0,0,0,0,0,0,0,0,0,0,0,0,0,0,0,0
11244,4,war,0,0,0,0,0,0,0,0,0,0,0,0,0,0,0,0
11245,3,dan,0,0,0,0,0,0,0,0,0,0,0,0,0,0,0,0
11246,3,gvi,0,0,0,0,0,0,0,0,0,0,0,0,0,0,0,0
11247,3,thi,0,0,0,0,0,0,0,0,0,0,0,0,0,0,0,0
11248,4,dar,0,0,0,0,0,0,0,0,0,0,0,0,0,0,0,0
11249,3,lmi,0,0,0,0,0,0,0,0,0,0,0,0,0,0,0,0
11250,4,tfi,0,0,0,0,0,0,0,0,0,0,0,0,0,0,0,0
11251,3,lah,0,0,0,0,0,0,0,0,0,0,0,0,0,0,0,0
11252,3,suf,0,0,0,0,0,0,0,0,0,0,0,0,0,0,0,0
11253,3,aky,0,0,0,0,0,0,0,0,0,0,0,0,0,0,0,0
11254,4,tra,0,0,0,0,0,0,0,0,0,0,0,0,0,0,0,0
11255,3,rno,0,0,0,0,0,0,0,0,0,0,0,0,0,0,0,0
11256,3,jri,0,0,0,0,0,0,0,0,0,0,0,0,0,0,0,0
11257,4,rud,0,0,0,0,0,0,0,0,0,0,0,0,0,0,0,0
11258,3,leh,0,0,0,0,0,0,0,0,0,0,0,0,0,0,0,0
11259,4,bar,0,0,0,0,0,0,0,0,0,0,0,0,0,0,0,0
11260,3,han,0,0,0,0,0,0,0,0,0,0,0,0,0,0,0,0
11261,3,nto,0,0,0,0,0,0,0,0,0,0,0,0,0,0,0,0
11262,3,ara,0,0,0,0,0,0,0,0,0,0,0,0,0,0,0,0
11263,2,sha,0,0,0,0,0,0,0,0,0,0,0,0,0,0,0,0
11264,4,dry,0,0,0,0,0,0,0,0,0,0,0,0,0,0,0,0
11265,4,qib,0,0,0,0,0,0,0,0,0,0,0,0,0,0,0,0
11266,4,zal,0,0,0,0,0,0,0,0,0,0,0,0,0,0,0,0
11267,4,yid,0,0,0,0,0,0,0,0,0,0,0,0,0,0,0,0
11268,3,din,0,0,0,0,0,0,0,0,0,0,0,0,0,0,0,0
11269,4,haq,0,0,0,0,0,0,0,0,0,0,0,0,0,0,0,0
11270,4,qqi,0,0,0,0,0,0,0,0,0,0,0,0,0,0,0,0
11271,4,fie,0,0,0,0,0,0,0,0,0,0,0,0,0,0,0,0
11272,3,nov,0,0,0,0,0,0,0,0,0,0,0,0,0,0,0,0
11273,3,ada,0,0,0,0,0,0,0,0,0,0,0,0,0,0,0,0
11274,3,ani,0,0,0,0,0,0,0,0,0,0,0,0,0,0,0,0
11275,3,tyo,0,0,0,0,0,0,0,0,0,0,0,0,0,0,0,0
11276,3,ono,0,0,0,0,0,0,0,0,0,0,0,0,0,0,0,0
11277,3,yah,0,0,0,0,0,0,0,0,0,0,0,0,0,0,0,0
11278,2,sti,0,0,0,0,0,0,0,0,0,0,0,0,0,0,0,0
11279,3,rto,0,0,0,0,0,0,0,0,0,0,0,0,0,0,0,0
11280,3,nto,0,0,0,0,0,0,0,0,0,0,0,0,0,0,0,0
11281,4,uma,0,0,0,0,0,0,0,0,0,0,0,0,0,0,0,0
11282,4,gro,0,0,0,0,0,0,0,0,0,0,0,0,0,0,0,0
11283,3,ezi,0,0,0,0,0,0,0,0,0,0,0,0,0,0,0,0
11284,3,ari,0,0,0,0,0,0,0,0,0,0,0,0,0,0,0,0
11285,4,ris,0,0,0,0,0,0,0,0,0,0,0,0,0,0,0,0
11286,3,ani,0,0,0,0,0,0,0,0,0,0,0,0,0,0,0,0
11287,3,din,0,0,0,0,0,0,0,0,0,0,0,0,0,0,0,0
11288,3,lah,0,0,0,0,0,0,0,0,0,0,0,0,0,0,0,0
11289,3,des,0,0,0,0,0,0,0,0,0,0,0,0,0,0,0,0
11290,4,wan,0,0,0,0,0,0,0,0,0,0,0,0,0,0,0,0
11291,3,ama,0,0,0,0,0,0,0,0,0,0,0,0,0,0,0,0
11292,3,ama,0,0,0,0,0,0,0,0,0,0,0,0,0,0,0,0
11293,3,ram,0,0,0,0,0,0,0,0,0,0,0,0,0,0,0,0
11294,3,oro,0,0,0,0,0,0,0,0,0,0,0,0,0,0,0,0
11295,2,tya,0,0,0,0,0,0,0,0,0,0,0,0,0,0,0,0
11296,4,ana,0,0,0,0,0,0,0,0,0,0,0,0,0,0,0,0
11297,3,aha,0,0,0,0,0,0,0,0,0,0,0,0,0,0,0,0
11298,3,man,0,0,0,0,0,0,0,0,0,0,0,0,0,0,0,0
11299,3,yah,0,0,0,0,0,0,0,0,0,0,0,0,0,0,0,0
11300,3,ana,0,0,0,0,0,0,0,0,0,0,0,0,0,0,0,0
11301,2,vic,0,0,0,0,0,0,0,0,0,0,0,0,0,0,0,0
11302,4,owo,0,0,0,0,0,0,0,0,0,0,0,0,0,0,0,0
11303,2,eza,0,0,0,0,0,0,0,0,0,0,0,0,0,0,0,0
11304,2,afa,0,0,0,0,0,0,0,0,0,0,0,0,0,0,0,0
11305,4,zan,0,0,0,0,0,0,0,0,0,0,0,0,0,0,0,0
11306,3,wan,0,0,0,0,0,0,0,0,0,0,0,0,0,0,0,0
11307,3,ari,0,0,0,0,0,0,0,0,0,0,0,0,0,0,0,0
11308,3,ibi,0,0,0,0,0,0,0,0,0,0,0,0,0,0,0,0
11309,3,nto,0,0,0,0,0,0,0,0,0,0,0,0,0,0,0,0
11310,3,san,0,0,0,0,0,0,0,0,0,0,0,0,0,0,0,0
11311,3,ino,0,0,0,0,0,0,0,0,0,0,0,0,0,0,0,0
11312,3,ara,0,0,0,0,0,0,0,0,0,0,0,0,0,0,0,0
11313,3,yad,0,0,0,0,0,0,0,0,0,0,0,0,0,0,0,0
11314,4,rat,0,0,0,0,0,0,0,0,0,0,0,0,0,0,0,0
11315,3,ani,0,0,0,0,0,0,0,0,0,0,0,0,0,0,0,0
11316,2,fan,0,0,0,0,0,0,0,0,0,0,0,0,0,0,0,0
11317,2,ndi,0,0,0,0,0,0,0,0,0,0,0,0,0,0,0,0
11318,3,fio,0,0,0,0,0,0,0,0,0,0,0,0,0,0,0,0
11319,3,ano,0,0,0,0,0,0,0,0,0,0,0,0,0,0,0,0
11320,4,zal,0,0,0,0,0,0,0,0,0,0,0,0,0,0,0,0
11321,4, mi,0,0,0,0,0,0,0,0,0,0,0,0,0,0,0,0
11322,4,ami,0,0,0,0,0,0,0,0,0,0,0,0,0,0,0,0
11323,3,nam,0,0,0,0,0,0,0,0,0,0,0,0,0,0,0,0
11324,3,yid,0,0,0,0,0,0,0,0,0,0,0,0,0,0,0,0
11325,4,tra,0,0,0,0,0,0,0,0,0,0,0,0,0,0,0,0
11326,3,aki,0,0,0,0,0,0,0,0,0,0,0,0,0,0,0,0
11327,3,yah,0,0,0,0,0,0,0,0,0,0,0,0,0,0,0,0
11328,3,ana,0,0,0,0,0,0,0,0,0,0,0,0,0,0,0,0
11329,4,oho,0,0,0,0,0,0,0,0,0,0,0,0,0,0,0,0
11330,3,tya,0,0,0,0,0,0,0,0,0,0,0,0,0,0,0,0
11331,3,man,0,0,0,0,0,0,0,0,0,0,0,0,0,0,0,0
11332,3,han,0,0,0,0,0,0,0,0,0,0,0,0,0,0,0,0
11333,3,ria,0,0,0,0,0,0,0,0,0,0,0,0,0,0,0,0
11334,3,ama,0,0,0,0,0,0,0,0,0,0,0,0,0,0,0,0
11335,3,loh,0,0,0,0,0,0,0,0,0,0,0,0,0,0,0,0
11336,4,dar,0,0,0,0,0,0,0,0,0,0,0,0,0,0,0,0
11337,3,zal,0,0,0,0,0,0,0,0,0,0,0,0,0,0,0,0
11338,3,aji,0,0,0,0,0,0,0,0,0,0,0,0,0,0,0,0
11339,4,isi,0,0,0,0,0,0,0,0,0,0,0,0,0,0,0,0
11340,3,yah,0,0,0,0,0,0,0,0,0,0,0,0,0,0,0,0
11341,3,ara,0,0,0,0,0,0,0,0,0,0,0,0,0,0,0,0
11342,3,ran,0,0,0,0,0,0,0,0,0,0,0,0,0,0,0,0
11343,3,man,0,0,0,0,0,0,0,0,0,0,0,0,0,0,0,0
11344,4,dro,0,0,0,0,0,0,0,0,0,0,0,0,0,0,0,0
11345,4,rus,0,0,0,0,0,0,0,0,0,0,0,0,0,0,0,0
11346,3,iki,0,0,0,0,0,0,0,0,0,0,0,0,0,0,0,0
11347,4,zis,0,0,0,0,0,0,0,0,0,0,0,0,0,0,0,0
11348,3,ogo,0,0,0,0,0,0,0,0,0,0,0,0,0,0,0,0
11349,3,ani,0,0,0,0,0,0,0,0,0,0,0,0,0,0,0,0
11350,3,nie,0,0,0,0,0,0,0,0,0,0,0,0,0,0,0,0
11351,4,tah,0,0,0,0,0,0,0,0,0,0,0,0,0,0,0,0
11352,3,ldi,0,0,0,0,0,0,0,0,0,0,0,0,0,0,0,0
11353,3,rio,0,0,0,0,0,0,0,0,0,0,0,0,0,0,0,0
11354,3,wan,0,0,0,0,0,0,0,0,0,0,0,0,0,0,0,0
11355,3,ung,0,0,0,0,0,0,0,0,0,0,0,0,0,0,0,0
11356,3,yad,0,0,0,0,0,0,0,0,0,0,0,0,0,0,0,0
11357,3,sha,0,0,0,0,0,0,0,0,0,0,0,0,0,0,0,0
11358,3,han,0,0,0,0,0,0,0,0,0,0,0,0,0,0,0,0
11359,3,qri,0,0,0,0,0,0,0,0,0,0,0,0,0,0,0,0
11360,3,wan,0,0,0,0,0,0,0,0,0,0,0,0,0,0,0,0
11361,3,yah,0,0,0,0,0,0,0,0,0,0,0,0,0,0,0,0
11362,3,ana,0,0,0,0,0,0,0,0,0,0,0,0,0,0,0,0
11363,3,aki,0,0,0,0,0,0,0,0,0,0,0,0,0,0,0,0
11364,2,igo,0,0,0,0,0,0,0,0,0,0,0,0,0,0,0,0
11365,3,ibi,0,0,0,0,0,0,0,0,0,0,0,0,0,0,0,0
11366,4,yan,0,0,0,0,0,0,0,0,0,0,0,0,0,0,0,0
11367,3,tya,0,0,0,0,0,0,0,0,0,0,0,0,0,0,0,0
11368,4,ial,0,0,0,0,0,0,0,0,0,0,0,0,0,0,0,0
11369,3,lah,0,0,0,0,0,0,0,0,0,0,0,0,0,0,0,0
11370,3,san,0,0,0,0,0,0,0,0,0,0,0,0,0,0,0,0
11371,3,eja,0,0,0,0,0,0,0,0,0,0,0,0,0,0,0,0
11372,3,loh,0,0,0,0,0,0,0,0,0,0,0,0,0,0,0,0
11373,3,yah,0,0,0,0,0,0,0,0,0,0,0,0,0,0,0,0
11374,3,yah,0,0,0,0,0,0,0,0,0,0,0,0,0,0,0,0
11375,3,wan,0,0,0,0,0,0,0,0,0,0,0,0,0,0,0,0
11376,3,yah,0,0,0,0,0,0,0,0,0,0,0,0,0,0,0,0
11377,3,oho,0,0,0,0,0,0,0,0,0,0,0,0,0,0,0,0
11378,4,iva,0,0,0,0,0,0,0,0,0,0,0,0,0,0,0,0
11379,3,ini,0,0,0,0,0,0,0,0,0,0,0,0,0,0,0,0
11380,4,bis,0,0,0,0,0,0,0,0,0,0,0,0,0,0,0,0
11381,4,ani,0,0,0,0,0,0,0,0,0,0,0,0,0,0,0,0
11382,4,tra,0,0,0,0,0,0,0,0,0,0,0,0,0,0,0,0
11383,3,ban,0,0,0,0,0,0,0,0,0,0,0,0,0,0,0,0
11384,4,wan,0,0,0,0,0,0,0,0,0,0,0,0,0,0,0,0
11385,3,ach,0,0,0,0,0,0,0,0,0,0,0,0,0,0,0,0
11386,3,tra,0,0,0,0,0,0,0,0,0,0,0,0,0,0,0,0
11387,3,ail,0,0,0,0,0,0,0,0,0,0,0,0,0,0,0,0
11388,3,ata,0,0,0,0,0,0,0,0,0,0,0,0,0,0,0,0
11389,3,suf,0,0,0,0,0,0,0,0,0,0,0,0,0,0,0,0
11390,4,ais,0,0,0,0,0,0,0,0,0,0,0,0,0,0,0,0
11391,3,ila,0,0,0,0,0,0,0,0,0,0,0,0,0,0,0,0
11392,4,dan,0,0,0,0,0,0,0,0,0,0,0,0,0,0,0,0
11393,4,ami,0,0,0,0,0,0,0,0,0,0,0,0,0,0,0,0
11394,5,lan,0,0,0,0,0,0,0,0,0,0,0,0,0,0,0,0
11395,4,ory,0,0,0,0,0,0,0,0,0,0,0,0,0,0,0,0
11396,3,bar,0,0,0,0,0,0,0,0,0,0,0,0,0,0,0,0
11397,3,gam,0,0,0,0,0,0,0,0,0,0,0,0,0,0,0,0
11398,4,ani,0,0,0,0,0,0,0,0,0,0,0,0,0,0,0,0
11399,3,ito,0,0,0,0,0,0,0,0,0,0,0,0,0,0,0,0
11400,3,ran,0,0,0,0,0,0,0,0,0,0,0,0,0,0,0,0
11401,3,ara,0,0,0,0,0,0,0,0,0,0,0,0,0,0,0,0
11402,3,lah,0,0,0,0,0,0,0,0,0,0,0,0,0,0,0,0
11403,3,evi,0,0,0,0,0,0,0,0,0,0,0,0,0,0,0,0
11404,5, dh,0,0,0,0,0,0,0,0,0,0,0,0,0,0,0,0
11405,3,hin,0,0,0,0,0,0,0,0,0,0,0,0,0,0,0,0
11406,3,zan,0,0,0,0,0,0,0,0,0,0,0,0,0,0,0,0
11407,3,fiz,0,0,0,0,0,0,0,0,0,0,0,0,0,0,0,0
11408,3,izi,0,0,0,0,0,0,0,0,0,0,0,0,0,0,0,0
11409,4,fiq,0,0,0,0,0,0,0,0,0,0,0,0,0,0,0,0
11410,4,tio,0,0,0,0,0,0,0,0,0,0,0,0,0,0,0,0
11411,3,mil,0,0,0,0,0,0,0,0,0,0,0,0,0,0,0,0
11412,4,tra,0,0,0,0,0,0,0,0,0,0,0,0,0,0,0,0
11413,3,dya,0,0,0,0,0,0,0,0,0,0,0,0,0,0,0,0
11414,4,afa,0,0,0,0,0,0,0,0,0,0,0,0,0,0,0,0
11415,4,tya,0,0,0,0,0,0,0,0,0,0,0,0,0,0,0,0
11416,4,ama,0,0,0,0,0,0,0,0,0,0,0,0,0,0,0,0
11417,3,ayr,0,0,0,0,0,0,0,0,0,0,0,0,0,0,0,0
11418,2,yah,0,0,0,0,0,0,0,0,0,0,0,0,0,0,0,0
11419,4,han,0,0,0,0,0,0,0,0,0,0,0,0,0,0,0,0
11420,3,hni,0,0,0,0,0,0,0,0,0,0,0,0,0,0,0,0
11421,4,wan,0,0,0,0,0,0,0,0,0,0,0,0,0,0,0,0
11422,3,gha,0,0,0,0,0,0,0,0,0,0,0,0,0,0,0,0
11423,3,yah,0,0,0,0,0,0,0,0,0,0,0,0,0,0,0,0
11424,4,ana,0,0,0,0,0,0,0,0,0,0,0,0,0,0,0,0
11425,4,ono,0,0,0,0,0,0,0,0,0,0,0,0,0,0,0,0
11426,4,afi,0,0,0,0,0,0,0,0,0,0,0,0,0,0,0,0
11427,3,lla,0,0,0,0,0,0,0,0,0,0,0,0,0,0,0,0
11428,3,adz,0,0,0,0,0,0,0,0,0,0,0,0,0,0,0,0
11429,4,yat,0,0,0,0,0,0,0,0,0,0,0,0,0,0,0,0
11430,4,zqi,0,0,0,0,0,0,0,0,0,0,0,0,0,0,0,0
11431,3,aya,0,0,0,0,0,0,0,0,0,0,0,0,0,0,0,0
11432,3,ran,0,0,0,0,0,0,0,0,0,0,0,0,0,0,0,0
11433,3,yah,0,0,0,0,0,0,0,0,0,0,0,0,0,0,0,0
11434,3,rak,0,0,0,0,0,0,0,0,0,0,0,0,0,0,0,0
11435,3,han,0,0,0,0,0,0,0,0,0,0,0,0,0,0,0,0
11436,3,nda,0,0,0,0,0,0,0,0,0,0,0,0,0,0,0,0
11437,3,ara,0,0,0,0,0,0,0,0,0,0,0,0,0,0,0,0
11438,3,zmi,0,0,0,0,0,0,0,0,0,0,0,0,0,0,0,0
11439,4,ana,0,0,0,0,0,0,0,0,0,0,0,0,0,0,0,0
11440,3,kir,0,0,0,0,0,0,0,0,0,0,0,0,0,0,0,0
11441,3,zan,0,0,0,0,0,0,0,0,0,0,0,0,0,0,0,0
11442,4,nat,0,0,0,0,0,0,0,0,0,0,0,0,0,0,0,0
11443,4,odo,0,0,0,0,0,0,0,0,0,0,0,0,0,0,0,0
11444,3,tra,0,0,0,0,0,0,0,0,0,0,0,0,0,0,0,0
11445,4,ziz,0,0,0,0,0,0,0,0,0,0,0,0,0,0,0,0
11446,4,tir,0,0,0,0,0,0,0,0,0,0,0,0,0,0,0,0
11447,3,ari,0,0,0,0,0,0,0,0,0,0,0,0,0,0,0,0
11448,4,oer,0,0,0,0,0,0,0,0,0,0,0,0,0,0,0,0
11449,3,zky,0,0,0,0,0,0,0,0,0,0,0,0,0,0,0,0
11450,4,idz,0,0,0,0,0,0,0,0,0,0,0,0,0,0,0,0
11451,3,ach,0,0,0,0,0,0,0,0,0,0,0,0,0,0,0,0
11452,3,tra,0,0,0,0,0,0,0,0,0,0,0,0,0,0,0,0
11453,3,owo,0,0,0,0,0,0,0,0,0,0,0,0,0,0,0,0
11454,4,dra,0,0,0,0,0,0,0,0,0,0,0,0,0,0,0,0
11455,2,sya,0,0,0,0,0,0,0,0,0,0,0,0,0,0,0,0
11456,3,iza,0,0,0,0,0,0,0,0,0,0,0,0,0,0,0,0
11457,4,tra,0,0,0,0,0,0,0,0,0,0,0,0,0,0,0,0
11458,4,ari,0,0,0,0,0,0,0,0,0,0,0,0,0,0,0,0
11459,3,zqi,0,0,0,0,0,0,0,0,0,0,0,0,0,0,0,0
11460,4,oir,0,0,0,0,0,0,0,0,0,0,0,0,0,0,0,0
11461,4,lla,0,0,0,0,0,0,0,0,0,0,0,0,0,0,0,0
11462,3,ara,0,0,0,0,0,0,0,0,0,0,0,0,0,0,0,0
11463,3,lah,0,0,0,0,0,0,0,0,0,0,0,0,0,0,0,0
11464,3,aiz,0,0,0,0,0,0,0,0,0,0,0,0,0,0,0,0
11465,3,ian,0,0,0,0,0,0,0,0,0,0,0,0,0,0,0,0
11466,4,tra,0,0,0,0,0,0,0,0,0,0,0,0,0,0,0,0
11467,4,lah,0,0,0,0,0,0,0,0,0,0,0,0,0,0,0,0
11468,4,udi,0,0,0,0,0,0,0,0,0,0,0,0,0,0,0,0
11469,3,han,0,0,0,0,0,0,0,0,0,0,0,0,0,0,0,0
11470,3,nta,0,0,0,0,0,0,0,0,0,0,0,0,0,0,0,0
11471,3,him,0,0,0,0,0,0,0,0,0,0,0,0,0,0,0,0
11472,3,han,0,0,0,0,0,0,0,0,0,0,0,0,0,0,0,0
11473,3,man,0,0,0,0,0,0,0,0,0,0,0,0,0,0,0,0
11474,5,afa,0,0,0,0,0,0,0,0,0,0,0,0,0,0,0,0
11475,4,ria,0,0,0,0,0,0,0,0,0,0,0,0,0,0,0,0
11476,4,wan,0,0,0,0,0,0,0,0,0,0,0,0,0,0,0,0
11477,3,gga,0,0,0,0,0,0,0,0,0,0,0,0,0,0,0,0
11478,3,ika,0,0,0,0,0,0,0,0,0,0,0,0,0,0,0,0
11479,3,eta,0,0,0,0,0,0,0,0,0,0,0,0,0,0,0,0
11480,4,syi,0,0,0,0,0,0,0,0,0,0,0,0,0,0,0,0
11481,3,lia,0,0,0,0,0,0,0,0,0,0,0,0,0,0,0,0
11482,4,adi,0,0,0,0,0,0,0,0,0,0,0,0,0,0,0,0
11483,3,yah,0,0,0,0,0,0,0,0,0,0,0,0,0,0,0,0
11484,4,tra,0,0,0,0,0,0,0,0,0,0,0,0,0,0,0,0
11485,3,ndi,0,0,0,0,0,0,0,0,0,0,0,0,0,0,0,0
11486,3,lle,0,0,0,0,0,0,0,0,0,0,0,0,0,0,0,0
11487,3,ani,0,0,0,0,0,0,0,0,0,0,0,0,0,0,0,0
11488,4,dip,0,0,0,0,0,0,0,0,0,0,0,0,0,0,0,0
11489,3,ayr,0,0,0,0,0,0,0,0,0,0,0,0,0,0,0,0
11490,3,oho,0,0,0,0,0,0,0,0,0,0,0,0,0,0,0,0
11491,3,era,0,0,0,0,0,0,0,0,0,0,0,0,0,0,0,0
11492,3,han,0,0,0,0,0,0,0,0,0,0,0,0,0,0,0,0
11493,3,dra,0,0,0,0,0,0,0,0,0,0,0,0,0,0,0,0
11494,4,ziq,0,0,0,0,0,0,0,0,0,0,0,0,0,0,0,0
11495,4,ama,0,0,0,0,0,0,0,0,0,0,0,0,0,0,0,0
11496,3,yah,0,0,0,0,0,0,0,0,0,0,0,0,0,0,0,0
11497,3,dal,0,0,0,0,0,0,0,0,0,0,0,0,0,0,0,0
11498,3,dly,0,0,0,0,0,0,0,0,0,0,0,0,0,0,0,0
11499,3,azi,0,0,0,0,0,0,0,0,0,0,0,0,0,0,0,0
11500,3,wan,0,0,0,0,0,0,0,0,0,0,0,0,0,0,0,0
11501,4,ffw,0,0,0,0,0,0,0,0,0,0,0,0,0,0,0,0
11502,4,han,0,0,0,0,0,0,0,0,0,0,0,0,0,0,0,0
11503,3,lah,0,0,0,0,0,0,0,0,0,0,0,0,0,0,0,0
11504,3,ani,0,0,0,0,0,0,0,0,0,0,0,0,0,0,0,0
11505,3,tra,0,0,0,0,0,0,0,0,0,0,0,0,0,0,0,0
11506,3,dan,0,0,0,0,0,0,0,0,0,0,0,0,0,0,0,0
11507,2,fan,0,0,0,0,0,0,0,0,0,0,0,0,0,0,0,0
11508,3,ian,0,0,0,0,0,0,0,0,0,0,0,0,0,0,0,0
11509,2,van,0,0,0,0,0,0,0,0,0,0,0,0,0,0,0,0
11510,3,bar,0,0,0,0,0,0,0,0,0,0,0,0,0,0,0,0
11511,3,tra,0,0,0,0,0,0,0,0,0,0,0,0,0,0,0,0
11512,3,yah,0,0,0,0,0,0,0,0,0,0,0,0,0,0,0,0
11513,3,zky,0,0,0,0,0,0,0,0,0,0,0,0,0,0,0,0
11514,3,oso,0,0,0,0,0,0,0,0,0,0,0,0,0,0,0,0
11515,2,ata,0,0,0,0,0,0,0,0,0,0,0,0,0,0,0,0
11516,3,yah,0,0,0,0,0,0,0,0,0,0,0,0,0,0,0,0
11517,3,rah,0,0,0,0,0,0,0,0,0,0,0,0,0,0,0,0
11518,3,val,0,0,0,0,0,0,0,0,0,0,0,0,0,0,0,0
11519,4,uaj,0,0,0,0,0,0,0,0,0,0,0,0,0,0,0,0
11520,3,aqi,0,0,0,0,0,0,0,0,0,0,0,0,0,0,0,0
11521,3,ani,0,0,0,0,0,0,0,0,0,0,0,0,0,0,0,0
11522,3,san,0,0,0,0,0,0,0,0,0,0,0,0,0,0,0,0
11523,3,ani,0,0,0,0,0,0,0,0,0,0,0,0,0,0,0,0
11524,4,ias,0,0,0,0,0,0,0,0,0,0,0,0,0,0,0,0
11525,3,ezy,0,0,0,0,0,0,0,0,0,0,0,0,0,0,0,0
11526,3,yah,0,0,0,0,0,0,0,0,0,0,0,0,0,0,0,0
11527,3,fie,0,0,0,0,0,0,0,0,0,0,0,0,0,0,0,0
11528,3,lah,0,0,0,0,0,0,0,0,0,0,0,0,0,0,0,0
11529,3,fif,0,0,0,0,0,0,0,0,0,0,0,0,0,0,0,0
11530,3,iyo,0,0,0,0,0,0,0,0,0,0,0,0,0,0,0,0
11531,3,yid,0,0,0,0,0,0,0,0,0,0,0,0,0,0,0,0
11532,3,ruq,0,0,0,0,0,0,0,0,0,0,0,0,0,0,0,0
11533,3,sta,0,0,0,0,0,0,0,0,0,0,0,0,0,0,0,0
11534,3,laq,0,0,0,0,0,0,0,0,0,0,0,0,0,0,0,0
11535,4,han,0,0,0,0,0,0,0,0,0,0,0,0,0,0,0,0
11536,3,yah,0,0,0,0,0,0,0,0,0,0,0,0,0,0,0,0
11537,4,aqi,0,0,0,0,0,0,0,0,0,0,0,0,0,0,0,0
11538,4,uda,0,0,0,0,0,0,0,0,0,0,0,0,0,0,0,0
11539,3,lah,0,0,0,0,0,0,0,0,0,0,0,0,0,0,0,0
11540,3,yah,0,0,0,0,0,0,0,0,0,0,0,0,0,0,0,0
11541,3,uga,0,0,0,0,0,0,0,0,0,0,0,0,0,0,0,0
11542,3,rjo,0,0,0,0,0,0,0,0,0,0,0,0,0,0,0,0
11543,3,tra,0,0,0,0,0,0,0,0,0,0,0,0,0,0,0,0
11544,3,ief,0,0,0,0,0,0,0,0,0,0,0,0,0,0,0,0
11545,4,yan,0,0,0,0,0,0,0,0,0,0,0,0,0,0,0,0
11546,3,har,0,0,0,0,0,0,0,0,0,0,0,0,0,0,0,0
11547,3,aya,0,0,0,0,0,0,0,0,0,0,0,0,0,0,0,0
11548,3,ana,0,0,0,0,0,0,0,0,0,0,0,0,0,0,0,0
11549,4,yah,0,0,0,0,0,0,0,0,0,0,0,0,0,0,0,0
11550,3,kim,0,0,0,0,0,0,0,0,0,0,0,0,0,0,0,0
11551,3,fas,0,0,0,0,0,0,0,0,0,0,0,0,0,0,0,0
11552,3,yah,0,0,0,0,0,0,0,0,0,0,0,0,0,0,0,0
11553,2,fan,0,0,0,0,0,0,0,0,0,0,0,0,0,0,0,0
11554,3,ani,0,0,0,0,0,0,0,0,0,0,0,0,0,0,0,0
11555,3,ael,0,0,0,0,0,0,0,0,0,0,0,0,0,0,0,0
11556,3,tya,0,0,0,0,0,0,0,0,0,0,0,0,0,0,0,0
11557,3,lia,0,0,0,0,0,0,0,0,0,0,0,0,0,0,0,0
11558,3,lah,0,0,0,0,0,0,0,0,0,0,0,0,0,0,0,0
11559,3,wzi,0,0,0,0,0,0,0,0,0,0,0,0,0,0,0,0
11560,3,loh,0,0,0,0,0,0,0,0,0,0,0,0,0,0,0,0
11561,3,din,0,0,0,0,0,0,0,0,0,0,0,0,0,0,0,0
11562,4,man,0,0,0,0,0,0,0,0,0,0,0,0,0,0,0,0
11563,4,nah,0,0,0,0,0,0,0,0,0,0,0,0,0,0,0,0
11564,3,ssy,0,0,0,0,0,0,0,0,0,0,0,0,0,0,0,0
11565,3,fin,0,0,0,0,0,0,0,0,0,0,0,0,0,0,0,0
11566,3,oga,0,0,0,0,0,0,0,0,0,0,0,0,0,0,0,0
11567,3,zan,0,0,0,0,0,0,0,0,0,0,0,0,0,0,0,0
11568,4,nur,0,0,0,0,0,0,0,0,0,0,0,0,0,0,0,0
11569,3,dra,0,0,0,0,0,0,0,0,0,0,0,0,0,0,0,0
11570,4,tra,0,0,0,0,0,0,0,0,0,0,0,0,0,0,0,0
11571,3,lah,0,0,0,0,0,0,0,0,0,0,0,0,0,0,0,0
11572,4,tra,0,0,0,0,0,0,0,0,0,0,0,0,0,0,0,0
11573,4,tya,0,0,0,0,0,0,0,0,0,0,0,0,0,0,0,0
11574,3,ldi,0,0,0,0,0,0,0,0,0,0,0,0,0,0,0,0
11575,3,ani,0,0,0,0,0,0,0,0,0,0,0,0,0,0,0,0
11576,3,afi,0,0,0,0,0,0,0,0,0,0,0,0,0,0,0,0
11577,3,ail,0,0,0,0,0,0,0,0,0,0,0,0,0,0,0,0
11578,3,sha,0,0,0,0,0,0,0,0,0,0,0,0,0,0,0,0
11579,3,aus,0,0,0,0,0,0,0,0,0,0,0,0,0,0,0,0
11580,3,nza,0,0,0,0,0,0,0,0,0,0,0,0,0,0,0,0
11581,3,tra,0,0,0,0,0,0,0,0,0,0,0,0,0,0,0,0
11582,2,wan,0,0,0,0,0,0,0,0,0,0,0,0,0,0,0,0
11583,4,lyo,0,0,0,0,0,0,0,0,0,0,0,0,0,0,0,0
11584,3,hin,0,0,0,0,0,0,0,0,0,0,0,0,0,0,0,0
11585,3,wan,0,0,0,0,0,0,0,0,0,0,0,0,0,0,0,0
11586,4,iva,0,0,0,0,0,0,0,0,0,0,0,0,0,0,0,0
11587,3,efy,0,0,0,0,0,0,0,0,0,0,0,0,0,0,0,0
11588,3,hri,0,0,0,0,0,0,0,0,0,0,0,0,0,0,0,0
11589,3,ara,0,0,0,0,0,0,0,0,0,0,0,0,0,0,0,0
11590,3,hdi,0,0,0,0,0,0,0,0,0,0,0,0,0,0,0,0
11591,3,yah,0,0,0,0,0,0,0,0,0,0,0,0,0,0,0,0
11592,4,zam,0,0,0,0,0,0,0,0,0,0,0,0,0,0,0,0
11593,3,ito,0,0,0,0,0,0,0,0,0,0,0,0,0,0,0,0
11594,3,dqi,0,0,0,0,0,0,0,0,0,0,0,0,0,0,0,0
11595,3,yan,0,0,0,0,0,0,0,0,0,0,0,0,0,0,0,0
11596,3,yaa,0,0,0,0,0,0,0,0,0,0,0,0,0,0,0,0
11597,3,wan,0,0,0,0,0,0,0,0,0,0,0,0,0,0,0,0
11598,3,oni,0,0,0,0,0,0,0,0,0,0,0,0,0,0,0,0
11599,3,jar,0,0,0,0,0,0,0,0,0,0,0,0,0,0,0,0
11600,3,yah,0,0,0,0,0,0,0,0,0,0,0,0,0,0,0,0
11601,3,afi,0,0,0,0,0,0,0,0,0,0,0,0,0,0,0,0
11602,4,tra,0,0,0,0,0,0,0,0,0,0,0,0,0,0,0,0
11603,3,ono,0,0,0,0,0,0,0,0,0,0,0,0,0,0,0,0
11604,3,ani,0,0,0,0,0,0,0,0,0,0,0,0,0,0,0,0
11605,3,aja,0,0,0,0,0,0,0,0,0,0,0,0,0,0,0,0
11606,3,ana,0,0,0,0,0,0,0,0,0,0,0,0,0,0,0,0
11607,4,lle,0,0,0,0,0,0,0,0,0,0,0,0,0,0,0,0
11608,3,ang,0,0,0,0,0,0,0,0,0,0,0,0,0,0,0,0
11609,3,lah,0,0,0,0,0,0,0,0,0,0,0,0,0,0,0,0
11610,3,ahi,0,0,0,0,0,0,0,0,0,0,0,0,0,0,0,0
11611,3,uar,0,0,0,0,0,0,0,0,0,0,0,0,0,0,0,0
11612,3,ail,0,0,0,0,0,0,0,0,0,0,0,0,0,0,0,0
11613,4,gba,0,0,0,0,0,0,0,0,0,0,0,0,0,0,0,0
11614,3,zan,0,0,0,0,0,0,0,0,0,0,0,0,0,0,0,0
11615,3,tya,0,0,0,0,0,0,0,0,0,0,0,0,0,0,0,0
11616,3,gar,0,0,0,0,0,0,0,0,0,0,0,0,0,0,0,0
11617,4,iya,0,0,0,0,0,0,0,0,0,0,0,0,0,0,0,0
11618,3,tra,0,0,0,0,0,0,0,0,0,0,0,0,0,0,0,0
11619,4,sha,0,0,0,0,0,0,0,0,0,0,0,0,0,0,0,0
11620,4,aya,0,0,0,0,0,0,0,0,0,0,0,0,0,0,0,0
11621,4,oso,0,0,0,0,0,0,0,0,0,0,0,0,0,0,0,0
11622,3,man,0,0,0,0,0,0,0,0,0,0,0,0,0,0,0,0
11623,3,zan,0,0,0,0,0,0,0,0,0,0,0,0,0,0,0,0
11624,3,uad,0,0,0,0,0,0,0,0,0,0,0,0,0,0,0,0
11625,3,kim,0,0,0,0,0,0,0,0,0,0,0,0,0,0,0,0
11626,3,yan,0,0,0,0,0,0,0,0,0,0,0,0,0,0,0,0
11627,3,man,0,0,0,0,0,0,0,0,0,0,0,0,0,0,0,0
11628,3,sha,0,0,0,0,0,0,0,0,0,0,0,0,0,0,0,0
11629,5,ind,0,0,0,0,0,0,0,0,0,0,0,0,0,0,0,0
11630,2,ois,0,0,0,0,0,0,0,0,0,0,0,0,0,0,0,0
11631,4,lah,0,0,0,0,0,0,0,0,0,0,0,0,0,0,0,0
11632,4,uda,0,0,0,0,0,0,0,0,0,0,0,0,0,0,0,0
11633,3,ata,0,0,0,0,0,0,0,0,0,0,0,0,0,0,0,0
11634,3,lah,0,0,0,0,0,0,0,0,0,0,0,0,0,0,0,0
11635,3,ana,0,0,0,0,0,0,0,0,0,0,0,0,0,0,0,0
11636,3,wan,0,0,0,0,0,0,0,0,0,0,0,0,0,0,0,0
11637,3,lah,0,0,0,0,0,0,0,0,0,0,0,0,0,0,0,0
11638,3,ana,0,0,0,0,0,0,0,0,0,0,0,0,0,0,0,0
11639,3,ael,0,0,0,0,0,0,0,0,0,0,0,0,0,0,0,0
11640,3,lia,0,0,0,0,0,0,0,0,0,0,0,0,0,0,0,0
11641,3,ama,0,0,0,0,0,0,0,0,0,0,0,0,0,0,0,0
11642,4,dzi,0,0,0,0,0,0,0,0,0,0,0,0,0,0,0,0
11643,3,riq,0,0,0,0,0,0,0,0,0,0,0,0,0,0,0,0
11644,3,fif,0,0,0,0,0,0,0,0,0,0,0,0,0,0,0,0
11645,2,ami,0,0,0,0,0,0,0,0,0,0,0,0,0,0,0,0
11646,3,fis,0,0,0,0,0,0,0,0,0,0,0,0,0,0,0,0
11647,3,nto,0,0,0,0,0,0,0,0,0,0,0,0,0,0,0,0
11648,2,tra,0,0,0,0,0,0,0,0,0,0,0,0,0,0,0,0
11649,2,lis,0,0,0,0,0,0,0,0,0,0,0,0,0,0,0,0
11650,4,aya,0,0,0,0,0,0,0,0,0,0,0,0,0,0,0,0
11651,3,yom,0,0,0,0,0,0,0,0,0,0,0,0,0,0,0,0
11652,3,ein,0,0,0,0,0,0,0,0,0,0,0,0,0,0,0,0
11653,3,ang,0,0,0,0,0,0,0,0,0,0,0,0,0,0,0,0
11654,4,nur,0,0,0,0,0,0,0,0,0,0,0,0,0,0,0,0
11655,3,han,0,0,0,0,0,0,0,0,0,0,0,0,0,0,0,0
11656,3,ary,0,0,0,0,0,0,0,0,0,0,0,0,0,0,0,0
11657,3,nan,0,0,0,0,0,0,0,0,0,0,0,0,0,0,0,0
11658,3,nto,0,0,0,0,0,0,0,0,0,0,0,0,0,0,0,0
11659,4,ami,0,0,0,0,0,0,0,0,0,0,0,0,0,0,0,0
11660,4,zza,0,0,0,0,0,0,0,0,0,0,0,0,0,0,0,0
11661,4,ogi,0,0,0,0,0,0,0,0,0,0,0,0,0,0,0,0
11662,4,ant,0,0,0,0,0,0,0,0,0,0,0,0,0,0,0,0
11663,3,aya,0,0,0,0,0,0,0,0,0,0,0,0,0,0,0,0
11664,2,din,0,0,0,0,0,0,0,0,0,0,0,0,0,0,0,0
11665,2,ufi,0,0,0,0,0,0,0,0,0,0,0,0,0,0,0,0
11666,3,ran,0,0,0,0,0,0,0,0,0,0,0,0,0,0,0,0
11667,4,ilo,0,0,0,0,0,0,0,0,0,0,0,0,0,0,0,0
11668,3,ori,0,0,0,0,0,0,0,0,0,0,0,0,0,0,0,0
11669,3,mri,0,0,0,0,0,0,0,0,0,0,0,0,0,0,0,0
11670,4,aru,0,0,0,0,0,0,0,0,0,0,0,0,0,0,0,0
11671,5,nan,0,0,0,0,0,0,0,0,0,0,0,0,0,0,0,0
11672,4,awa,0,0,0,0,0,0,0,0,0,0,0,0,0,0,0,0
11673,3,zky,0,0,0,0,0,0,0,0,0,0,0,0,0,0,0,0
11674,3,dra,0,0,0,0,0,0,0,0,0,0,0,0,0,0,0,0
11675,4,ndr,0,0,0,0,0,0,0,0,0,0,0,0,0,0,0,0
11676,4,qwa,0,0,0,0,0,0,0,0,0,0,0,0,0,0,0,0
11677,3,sya,0,0,0,0,0,0,0,0,0,0,0,0,0,0,0,0
11678,4,aya,0,0,0,0,0,0,0,0,0,0,0,0,0,0,0,0
11679,3,bar,0,0,0,0,0,0,0,0,0,0,0,0,0,0,0,0
11680,2,hon,0,0,0,0,0,0,0,0,0,0,0,0,0,0,0,0
11681,3,liq,0,0,0,0,0,0,0,0,0,0,0,0,0,0,0,0
11682,5, wa,0,0,0,0,0,0,0,0,0,0,0,0,0,0,0,0
11683,2,ton,0,0,0,0,0,0,0,0,0,0,0,0,0,0,0,0
11684,2,sey,0,0,0,0,0,0,0,0,0,0,0,0,0,0,0,0
11685,2,zar,0,0,0,0,0,0,0,0,0,0,0,0,0,0,0,0
11686,3,jab,0,0,0,0,0,0,0,0,0,0,0,0,0,0,0,0
11687,4,ami,0,0,0,0,0,0,0,0,0,0,0,0,0,0,0,0
11688,4,nna,0,0,0,0,0,0,0,0,0,0,0,0,0,0,0,0
11689,3,nda,0,0,0,0,0,0,0,0,0,0,0,0,0,0,0,0
11690,3,iko,0,0,0,0,0,0,0,0,0,0,0,0,0,0,0,0
11691,2,dan,0,0,0,0,0,0,0,0,0,0,0,0,0,0,0,0
11692,3,sya,0,0,0,0,0,0,0,0,0,0,0,0,0,0,0,0
11693,3,man,0,0,0,0,0,0,0,0,0,0,0,0,0,0,0,0
11694,3,iji,0,0,0,0,0,0,0,0,0,0,0,0,0,0,0,0
11695,4,cor,0,0,0,0,0,0,0,0,0,0,0,0,0,0,0,0
11696,4,mat,0,0,0,0,0,0,0,0,0,0,0,0,0,0,0,0
11697,3,lah,0,0,0,0,0,0,0,0,0,0,0,0,0,0,0,0
11698,3,oho,0,0,0,0,0,0,0,0,0,0,0,0,0,0,0,0
11699,3,ffa,0,0,0,0,0,0,0,0,0,0,0,0,0,0,0,0
11700,3,nto,0,0,0,0,0,0,0,0,0,0,0,0,0,0,0,0
11701,4,lik,0,0,0,0,0,0,0,0,0,0,0,0,0,0,0,0
11702,4,iim,0,0,0,0,0,0,0,0,0,0,0,0,0,0,0,0
11703,3,lah,0,0,0,0,0,0,0,0,0,0,0,0,0,0,0,0
11704,3,dan,0,0,0,0,0,0,0,0,0,0,0,0,0,0,0,0
11705,4,bis,0,0,0,0,0,0,0,0,0,0,0,0,0,0,0,0
11706,4,tya,0,0,0,0,0,0,0,0,0,0,0,0,0,0,0,0
11707,3,man,0,0,0,0,0,0,0,0,0,0,0,0,0,0,0,0
11708,2,ani,0,0,0,0,0,0,0,0,0,0,0,0,0,0,0,0
11709,3,ani,0,0,0,0,0,0,0,0,0,0,0,0,0,0,0,0
11710,3,rah,0,0,0,0,0,0,0,0,0,0,0,0,0,0,0,0
11711,4,san,0,0,0,0,0,0,0,0,0,0,0,0,0,0,0,0
11712,3,wan,0,0,0,0,0,0,0,0,0,0,0,0,0,0,0,0
11713,3,rta,0,0,0,0,0,0,0,0,0,0,0,0,0,0,0,0
11714,3,ila,0,0,0,0,0,0,0,0,0,0,0,0,0,0,0,0
11715,4,ika,0,0,0,0,0,0,0,0,0,0,0,0,0,0,0,0
11716,3,tya,0,0,0,0,0,0,0,0,0,0,0,0,0,0,0,0
11717,3,han,0,0,0,0,0,0,0,0,0,0,0,0,0,0,0,0
11718,3,sri,0,0,0,0,0,0,0,0,0,0,0,0,0,0,0,0
11719,3,tih,0,0,0,0,0,0,0,0,0,0,0,0,0,0,0,0
11720,3,sbi,0,0,0,0,0,0,0,0,0,0,0,0,0,0,0,0
11721,3,wan,0,0,0,0,0,0,0,0,0,0,0,0,0,0,0,0
11722,3,man,0,0,0,0,0,0,0,0,0,0,0,0,0,0,0,0
11723,5,put,0,0,0,0,0,0,0,0,0,0,0,0,0,0,0,0
11724,3,dha,0,0,0,0,0,0,0,0,0,0,0,0,0,0,0,0
11725,4,han,0,0,0,0,0,0,0,0,0,0,0,0,0,0,0,0
11726,4,hir,0,0,0,0,0,0,0,0,0,0,0,0,0,0,0,0
11727,3,gih,0,0,0,0,0,0,0,0,0,0,0,0,0,0,0,0
11728,3,han,0,0,0,0,0,0,0,0,0,0,0,0,0,0,0,0
11729,3,tya,0,0,0,0,0,0,0,0,0,0,0,0,0,0,0,0
11730,4,dar,0,0,0,0,0,0,0,0,0,0,0,0,0,0,0,0
11731,3,man,0,0,0,0,0,0,0,0,0,0,0,0,0,0,0,0
11732,3,rio,0,0,0,0,0,0,0,0,0,0,0,0,0,0,0,0
11733,5,ana,0,0,0,0,0,0,0,0,0,0,0,0,0,0,0,0
11734,4,ety,0,0,0,0,0,0,0,0,0,0,0,0,0,0,0,0
11735,2,wan,0,0,0,0,0,0,0,0,0,0,0,0,0,0,0,0
11736,3,him,0,0,0,0,0,0,0,0,0,0,0,0,0,0,0,0
11737,2,din,0,0,0,0,0,0,0,0,0,0,0,0,0,0,0,0
11738,3,fin,0,0,0,0,0,0,0,0,0,0,0,0,0,0,0,0
11739,3,ori,0,0,0,0,0,0,0,0,0,0,0,0,0,0,0,0
11740,3,kyy,0,0,0,0,0,0,0,0,0,0,0,0,0,0,0,0
11741,3,sni,0,0,0,0,0,0,0,0,0,0,0,0,0,0,0,0
11742,3,fal,0,0,0,0,0,0,0,0,0,0,0,0,0,0,0,0
11743,3,yid,0,0,0,0,0,0,0,0,0,0,0,0,0,0,0,0
11744,4,han,0,0,0,0,0,0,0,0,0,0,0,0,0,0,0,0
11745,3,ezi,0,0,0,0,0,0,0,0,0,0,0,0,0,0,0,0
11746,3,mid,0,0,0,0,0,0,0,0,0,0,0,0,0,0,0,0
11747,3,yat,0,0,0,0,0,0,0,0,0,0,0,0,0,0,0,0
11748,4,nta,0,0,0,0,0,0,0,0,0,0,0,0,0,0,0,0
11749,3,ono,0,0,0,0,0,0,0,0,0,0,0,0,0,0,0,0
11750,3,hdi,0,0,0,0,0,0,0,0,0,0,0,0,0,0,0,0
11751,4,tra,0,0,0,0,0,0,0,0,0,0,0,0,0,0,0,0
11752,2,sar,0,0,0,0,0,0,0,0,0,0,0,0,0,0,0,0
11753,3,dra,0,0,0,0,0,0,0,0,0,0,0,0,0,0,0,0
11754,4,tih,0,0,0,0,0,0,0,0,0,0,0,0,0,0,0,0
11755,4,aus,0,0,0,0,0,0,0,0,0,0,0,0,0,0,0,0
11756,3,aya,0,0,0,0,0,0,0,0,0,0,0,0,0,0,0,0
11757,5,ris,0,0,0,0,0,0,0,0,0,0,0,0,0,0,0,0
11758,3,ani,0,0,0,0,0,0,0,0,0,0,0,0,0,0,0,0
11759,3,ham,0,0,0,0,0,0,0,0,0,0,0,0,0,0,0,0
11760,4,ari,0,0,0,0,0,0,0,0,0,0,0,0,0,0,0,0
11761,5,tra,0,0,0,0,0,0,0,0,0,0,0,0,0,0,0,0
11762,3,ara,0,0,0,0,0,0,0,0,0,0,0,0,0,0,0,0
11763,3,han,0,0,0,0,0,0,0,0,0,0,0,0,0,0,0,0
11764,4,lly,0,0,0,0,0,0,0,0,0,0,0,0,0,0,0,0
11765,3,kan,0,0,0,0,0,0,0,0,0,0,0,0,0,0,0,0
11766,3,mas,0,0,0,0,0,0,0,0,0,0,0,0,0,0,0,0
11767,4,roy,0,0,0,0,0,0,0,0,0,0,0,0,0,0,0,0
11768,3,ham,0,0,0,0,0,0,0,0,0,0,0,0,0,0,0,0
11769,3,ani,0,0,0,0,0,0,0,0,0,0,0,0,0,0,0,0
11770,4,ana,0,0,0,0,0,0,0,0,0,0,0,0,0,0,0,0
11771,3,amy,0,0,0,0,0,0,0,0,0,0,0,0,0,0,0,0
11772,4,war,0,0,0,0,0,0,0,0,0,0,0,0,0,0,0,0
11773,4,epu,0,0,0,0,0,0,0,0,0,0,0,0,0,0,0,0
11774,4,hir,0,0,0,0,0,0,0,0,0,0,0,0,0,0,0,0
11775,3,ail,0,0,0,0,0,0,0,0,0,0,0,0,0,0,0,0
11776,4,fif,0,0,0,0,0,0,0,0,0,0,0,0,0,0,0,0
11777,3,lah,0,0,0,0,0,0,0,0,0,0,0,0,0,0,0,0
11778,3,zal,0,0,0,0,0,0,0,0,0,0,0,0,0,0,0,0
11779,3,suf,0,0,0,0,0,0,0,0,0,0,0,0,0,0,0,0
11780,3,gyo,0,0,0,0,0,0,0,0,0,0,0,0,0,0,0,0
11781,3,ani,0,0,0,0,0,0,0,0,0,0,0,0,0,0,0,0
11782,3,yyu,0,0,0,0,0,0,0,0,0,0,0,0,0,0,0,0
11783,3,ani,0,0,0,0,0,0,0,0,0,0,0,0,0,0,0,0
11784,4,ani,0,0,0,0,0,0,0,0,0,0,0,0,0,0,0,0
11785,3,qin,0,0,0,0,0,0,0,0,0,0,0,0,0,0,0,0
11786,4,adi,0,0,0,0,0,0,0,0,0,0,0,0,0,0,0,0
11787,4,afy,0,0,0,0,0,0,0,0,0,0,0,0,0,0,0,0
11788,3,ari,0,0,0,0,0,0,0,0,0,0,0,0,0,0,0,0
11789,3,lah,0,0,0,0,0,0,0,0,0,0,0,0,0,0,0,0
11790,4,san,0,0,0,0,0,0,0,0,0,0,0,0,0,0,0,0
11791,3,iri,0,0,0,0,0,0,0,0,0,0,0,0,0,0,0,0
11792,4,ari,0,0,0,0,0,0,0,0,0,0,0,0,0,0,0,0
11793,3,aid,0,0,0,0,0,0,0,0,0,0,0,0,0,0,0,0
11794,3,yah,0,0,0,0,0,0,0,0,0,0,0,0,0,0,0,0
11795,3,ane,0,0,0,0,0,0,0,0,0,0,0,0,0,0,0,0
11796,3,kar,0,0,0,0,0,0,0,0,0,0,0,0,0,0,0,0
11797,2,kki,0,0,0,0,0,0,0,0,0,0,0,0,0,0,0,0
11798,3,kri,0,0,0,0,0,0,0,0,0,0,0,0,0,0,0,0
11799,3,lah,0,0,0,0,0,0,0,0,0,0,0,0,0,0,0,0
11800,3,roq,0,0,0,0,0,0,0,0,0,0,0,0,0,0,0,0
11801,4,ahm,0,0,0,0,0,0,0,0,0,0,0,0,0,0,0,0
11802,4,raf,0,0,0,0,0,0,0,0,0,0,0,0,0,0,0,0
11803,3,tyo,0,0,0,0,0,0,0,0,0,0,0,0,0,0,0,0
11804,3,ani,0,0,0,0,0,0,0,0,0,0,0,0,0,0,0,0
11805,4,rif,0,0,0,0,0,0,0,0,0,0,0,0,0,0,0,0
11806,3,hri,0,0,0,0,0,0,0,0,0,0,0,0,0,0,0,0
11807,3,eza,0,0,0,0,0,0,0,0,0,0,0,0,0,0,0,0
11808,3,lah,0,0,0,0,0,0,0,0,0,0,0,0,0,0,0,0
11809,3,yah,0,0,0,0,0,0,0,0,0,0,0,0,0,0,0,0
11810,3,yah,0,0,0,0,0,0,0,0,0,0,0,0,0,0,0,0
11811,3,rok,0,0,0,0,0,0,0,0,0,0,0,0,0,0,0,0
11812,4,lay,0,0,0,0,0,0,0,0,0,0,0,0,0,0,0,0
11813,3,nto,0,0,0,0,0,0,0,0,0,0,0,0,0,0,0,0
11814,4,awi,0,0,0,0,0,0,0,0,0,0,0,0,0,0,0,0
11815,4,ndr,0,0,0,0,0,0,0,0,0,0,0,0,0,0,0,0
11816,3,yan,0,0,0,0,0,0,0,0,0,0,0,0,0,0,0,0
11817,3,riq,0,0,0,0,0,0,0,0,0,0,0,0,0,0,0,0
11818,4,izh,0,0,0,0,0,0,0,0,0,0,0,0,0,0,0,0
11819,3,han,0,0,0,0,0,0,0,0,0,0,0,0,0,0,0,0
11820,3,tra,0,0,0,0,0,0,0,0,0,0,0,0,0,0,0,0
11821,3,nna,0,0,0,0,0,0,0,0,0,0,0,0,0,0,0,0
11822,3,aya,0,0,0,0,0,0,0,0,0,0,0,0,0,0,0,0
11823,3,lah,0,0,0,0,0,0,0,0,0,0,0,0,0,0,0,0
11824,3,ran,0,0,0,0,0,0,0,0,0,0,0,0,0,0,0,0
11825,3,ion,0,0,0,0,0,0,0,0,0,0,0,0,0,0,0,0
11826,3,san,0,0,0,0,0,0,0,0,0,0,0,0,0,0,0,0
11827,3,ian,0,0,0,0,0,0,0,0,0,0,0,0,0,0,0,0
11828,3,man,0,0,0,0,0,0,0,0,0,0,0,0,0,0,0,0
11829,3,rez,0,0,0,0,0,0,0,0,0,0,0,0,0,0,0,0
11830,3,aqi,0,0,0,0,0,0,0,0,0,0,0,0,0,0,0,0
11831,3,loh,0,0,0,0,0,0,0,0,0,0,0,0,0,0,0,0
11832,3,ian,0,0,0,0,0,0,0,0,0,0,0,0,0,0,0,0
11833,4,man,0,0,0,0,0,0,0,0,0,0,0,0,0,0,0,0
11834,4,han,0,0,0,0,0,0,0,0,0,0,0,0,0,0,0,0
11835,4,owo,0,0,0,0,0,0,0,0,0,0,0,0,0,0,0,0
11836,3,dan,0,0,0,0,0,0,0,0,0,0,0,0,0,0,0,0
11837,3,ane,0,0,0,0,0,0,0,0,0,0,0,0,0,0,0,0
11838,3,adi,0,0,0,0,0,0,0,0,0,0,0,0,0,0,0,0
11839,4,ani,0,0,0,0,0,0,0,0,0,0,0,0,0,0,0,0
11840,3,ila,0,0,0,0,0,0,0,0,0,0,0,0,0,0,0,0
11841,3,ari,0,0,0,0,0,0,0,0,0,0,0,0,0,0,0,0
11842,4,lal,0,0,0,0,0,0,0,0,0,0,0,0,0,0,0,0
11843,3,ani,0,0,0,0,0,0,0,0,0,0,0,0,0,0,0,0
11844,2,mdi,0,0,0,0,0,0,0,0,0,0,0,0,0,0,0,0
11845,1,fly,0,0,0,0,0,0,0,0,0,0,0,0,0,0,0,0
11846,1,han,0,0,0,0,0,0,0,0,0,0,0,0,0,0,0,0
11847,3,ian,0,0,0,0,0,0,0,0,0,0,0,0,0,0,0,0
11848,3,sha,0,0,0,0,0,0,0,0,0,0,0,0,0,0,0,0
11849,3,ina,1,1,1,1,1,1,1,1,1,1,1,1,1,1,1,1
11850,4,awi,0,0,0,0,0,0,0,0,0,0,0,0,0,0,0,0
11851,3,din,0,0,0,0,0,0,1,0,0,0,0,0,0,0,0,0
11852,3,suf,0,0,0,0,0,0,0,0,0,0,0,0,0,0,0,0
11853,2,ani,0,0,0,0,0,0,0,0,0,0,0,0,0,0,0,0
11854,2,san,0,0,0,0,0,0,0,0,0,0,0,0,0,0,0,0
11855,1,ima,1,0,0,0,0,0,0,0,0,0,0,0,0,0,0,0
11856,3,lah,0,0,0,0,0,0,1,0,0,1,0,0,1,0,0,1
11857,5,tag,0,0,0,0,0,0,0,0,0,0,0,0,0,0,0,0
11858,3,zia,1,1,1,0,1,1,1,1,1,1,1,1,1,1,1,0
11859,3,riq,0,0,0,0,0,0,0,0,0,0,0,0,0,0,0,0
11860,3,ayu,1,1,1,1,1,1,1,1,1,1,1,1,1,1,1,1
11861,2,him,0,0,0,1,0,0,1,0,0,1,0,0,1,0,0,1
11862,3,nan,0,0,0,0,0,0,0,0,0,0,0,0,0,0,0,0
11863,3,aqi,0,0,0,0,0,0,0,0,0,0,0,0,0,0,0,0
11864,3,tri,0,0,0,0,0,0,0,0,0,0,0,0,0,0,0,0
11865,2,zki,1,0,0,0,0,0,0,0,0,0,0,0,0,0,0,0
11866,3,oho,0,0,0,0,0,0,0,0,0,0,0,0,0,0,0,0
11867,1,yah,1,1,1,1,1,1,1,1,1,1,1,1,1,1,1,1
11868,3,ika,0,0,0,0,0,0,0,0,0,0,0,0,0,0,0,0
11869,3,que,1,1,1,0,1,1,0,1,1,0,1,1,0,1,1,0
11870,2,nah,1,1,1,1,1,1,1,1,1,1,1,1,1,1,1,1
11871,3,nto,0,0,0,0,0,0,0,0,0,0,0,0,0,0,0,0
11872,3,ora,1,1,1,1,1,1,1,1,1,1,1,1,1,1,1,1
11873,3,sih,1,1,1,1,1,1,1,1,1,1,1,1,1,1,1,1
11874,3,ini,1,1,1,1,1,1,1,1,1,1,1,1,1,1,1,1
11875,3,bar,0,0,0,0,0,0,0,0,0,0,0,0,0,0,0,0
11876,3,him,0,0,0,0,0,0,0,0,0,0,0,0,0,0,0,0
11877,2,zan,0,0,0,0,0,0,0,0,0,0,0,0,0,0,0,0
11878,1,diq,0,0,0,0,0,0,0,0,0,0,0,0,0,0,0,0
11879,3,cub,0,0,0,0,0,0,0,0,0,0,0,0,0,0,0,0
11880,3,aqi,0,0,0,0,0,0,0,0,0,0,0,0,0,0,0,0
11881,2,han,0,0,0,0,0,0,0,0,0,0,0,0,0,0,0,0
11882,3,wan,0,0,0,0,0,0,0,0,0,0,0,0,0,0,0,0
11883,1,ika,0,1,1,1,1,1,1,1,1,1,1,1,1,1,1,1
11884,3,asa,0,0,0,0,0,0,0,0,0,0,0,0,0,0,0,0
11885,4,ssy,0,0,0,0,0,0,0,0,0,0,0,0,0,0,0,0
11886,3,man,0,0,0,0,0,0,0,0,0,0,0,0,0,0,0,0
11887,2,ino,0,0,0,0,0,0,0,0,0,0,0,0,0,0,0,0
11888,3,ryo,0,0,0,0,0,0,0,0,0,0,0,0,0,0,0,0
11889,3,ati,1,1,1,1,1,1,1,1,1,1,1,1,1,1,1,1
11890,2,ana,1,1,1,1,1,1,1,1,1,1,1,1,1,1,1,1
11891,3,nty,1,1,1,1,1,1,1,1,1,1,1,1,1,1,1,1
11892,3,ana,1,1,1,1,1,1,1,1,1,1,1,1,1,1,1,1
11893,2,ila,1,1,1,1,1,1,1,1,1,1,1,1,1,1,1,1
11894,3,ani,1,1,1,1,1,1,1,1,1,1,1,1,1,1,1,1
11895,2,fah,1,1,1,1,1,1,1,1,1,1,1,1,1,1,1,1
11896,3,zah,1,1,1,1,1,1,1,1,1,1,1,1,1,1,1,1
11897,2,mah,1,1,1,1,1,1,1,1,1,1,1,1,1,1,1,1
11898,2,fah,1,1,1,1,1,1,1,1,1,1,1,1,1,1,1,1
11899,2,ina,1,1,1,1,1,1,1,1,1,1,1,1,1,1,1,1
11900,2,eni,1,1,1,1,1,1,1,1,1,1,1,1,1,1,1,1
11901,4,tri,1,1,1,1,1,1,1,1,1,1,1,1,1,1,1,1
11902,3,ini,1,1,1,1,1,1,1,1,1,1,1,1,1,1,1,1
11903,3,zah,1,1,1,1,1,1,1,1,1,1,1,1,1,1,1,1
11904,3,hra,1,1,1,1,1,1,1,1,1,1,1,1,1,1,1,1
11905,3,yra,1,1,1,1,1,1,1,1,1,1,1,1,1,1,1,1
11906,2,ini,1,1,1,1,1,1,1,1,1,1,1,1,1,1,1,1
11907,3,sha,1,1,1,1,1,1,1,1,1,1,1,1,1,1,1,1
11908,3,ewi,1,1,1,1,1,1,1,1,1,1,1,1,1,1,1,1
11909,3,gki,1,1,1,1,1,1,1,1,1,1,1,1,1,1,1,1
11910,4,kum,1,1,1,1,1,1,1,1,1,1,1,1,1,1,1,1
11911,3,ila,1,1,1,1,1,1,1,1,1,1,1,1,1,1,1,1
11912,3,izu,1,1,1,1,1,1,1,1,1,1,1,1,1,1,1,1
11913,2,zah,1,1,1,1,1,1,1,1,1,1,1,1,1,1,1,1
11914,3,ila,1,1,1,1,1,1,1,1,1,1,1,1,1,1,1,1
11915,3,ana,1,1,1,1,1,1,1,1,1,1,1,1,1,1,1,1
11916,3,rim,1,1,1,1,1,1,1,1,1,1,1,1,1,1,1,1
11917,3,tri,1,1,1,1,1,1,1,1,1,1,1,1,1,1,1,1
11918,3,ida,1,1,1,1,1,1,1,1,1,1,1,1,1,1,1,1
11919,2,ari,1,1,1,1,1,1,1,1,1,1,1,1,1,1,1,1
11920,3,ila,1,1,1,1,1,1,1,1,1,1,1,1,1,1,1,1
11921,3,yas,1,1,1,1,1,1,1,1,1,1,1,1,1,1,1,1
11922,2,lah,1,1,1,1,1,1,1,1,1,1,1,1,1,1,1,1
11923,3,nah,1,1,1,1,1,1,1,1,1,1,1,1,1,1,1,1
11924,3,yah,1,1,1,1,1,1,1,1,1,1,1,1,1,1,1,1
11925,2,fah,1,1,1,1,1,1,1,1,1,1,1,1,1,1,1,1
11926,2,mah,1,1,1,1,1,1,1,1,1,1,1,1,1,1,1,1
11927,4,may,1,1,1,1,1,1,1,1,1,1,1,1,1,1,1,1
11928,2,ani,1,1,1,1,1,1,1,1,1,1,1,1,1,1,1,1
11929,3,nah,1,1,1,1,1,1,1,1,1,1,1,1,1,1,1,1
11930,2,zah,1,1,1,1,1,1,1,1,1,1,1,1,1,1,1,1
11931,3,lfa,1,1,1,1,1,1,1,1,1,1,1,1,1,1,1,1
11932,3,tri,1,1,1,1,1,1,1,1,1,1,1,1,1,1,1,1
11933,3,iri,1,1,1,1,1,1,1,1,1,1,1,1,1,1,1,1
11934,2,ata,1,1,1,1,1,1,1,1,1,1,1,1,1,1,1,1
11935,3,ani,1,1,1,1,1,1,1,1,1,1,1,1,1,1,1,1
11936,3,tia,1,1,1,1,1,1,1,1,1,1,1,1,1,1,1,1
11937,2,tri,1,1,1,1,1,1,1,1,1,1,1,1,1,1,1,1
11938,3,yah,1,1,1,1,1,1,1,1,1,1,1,1,1,1,1,1
11939,2,ila,1,1,1,1,1,1,1,1,1,1,1,1,1,1,1,1
11940,2,ari,1,1,1,1,1,1,1,1,1,1,1,1,1,1,1,1
11941,3,ani,1,1,1,1,1,1,1,1,1,1,1,1,1,1,1,1
11942,3,ani,1,1,1,1,1,1,1,1,1,1,1,1,1,1,1,1
11943,3,lia,1,1,1,1,1,1,1,1,1,1,1,1,1,1,1,1
11944,2,sya,1,1,1,1,1,1,1,1,1,1,1,1,1,1,1,1
11945,3,hir,1,1,1,1,1,1,1,1,1,1,1,1,1,1,1,1
11946,1,ari,1,1,1,1,1,1,1,1,1,1,1,1,1,1,1,1
11947,3,ari,1,1,1,1,1,1,1,1,1,1,1,1,1,1,1,1
11948,3,nda,1,1,1,1,1,1,1,1,1,1,1,1,1,1,1,1
11949,3,ima,1,0,0,0,0,0,0,0,0,0,0,0,0,0,0,0
11950,3,ilo,0,0,0,0,0,0,0,0,0,0,0,0,0,0,0,0
11951,2,ani,1,1,1,1,1,1,1,1,1,1,1,1,1,1,1,1
11952,3,qah,1,1,1,1,1,1,1,1,1,1,1,1,1,1,1,1
11953,1,sir,1,0,0,0,0,0,0,0,0,0,0,0,0,0,0,0
11954,1,roh,1,1,1,1,1,1,1,1,1,0,1,1,1,1,1,0
11955,3,rio,0,0,0,0,0,0,0,0,0,0,0,0,0,0,0,0
11956,2,iza,0,0,0,0,0,0,0,0,0,0,0,0,0,0,0,0
11957,3,nto,0,0,0,0,0,0,0,0,0,0,0,0,0,0,0,0
11958,2,iah,1,1,1,1,1,1,1,1,1,1,1,1,1,1,1,1
11959,3,tin,1,1,1,1,1,1,1,1,1,1,1,1,1,1,1,1
11960,3,tri,1,1,1,1,1,1,1,1,1,1,1,1,1,1,1,1
11961,3,ang,1,0,0,0,0,0,0,0,0,0,0,0,0,0,0,0
11962,2,dra,1,0,0,0,0,0,0,0,0,0,0,0,0,0,0,0
11963,3,cky,0,0,0,0,0,0,0,0,0,0,0,0,0,0,0,0
11964,3,lla,1,1,1,1,1,1,1,1,1,1,1,1,1,1,1,1
11965,5,ala,1,1,1,0,1,1,0,1,1,0,1,1,0,1,1,0
11966,3,era,1,1,1,1,1,1,1,1,1,1,1,1,1,1,1,1
11967,3,fah,1,1,1,1,1,1,1,1,1,1,1,1,1,1,1,1
11968,3,ani,1,1,1,1,1,1,1,1,1,1,1,1,1,1,1,1
11969,3,qis,1,1,1,1,1,1,1,1,1,1,1,1,1,1,1,1
11970,1,yah,1,1,1,1,1,1,1,1,1,1,1,1,1,1,1,1
11971,3,ana,1,1,1,1,1,1,1,1,1,1,1,1,1,1,1,1
11972,4,aka,0,0,0,0,0,0,0,0,0,0,0,0,0,0,0,0
11973,3,ose,1,1,1,1,1,1,1,1,1,1,1,1,1,1,1,1
11974,2,sya,1,1,1,1,1,1,1,1,1,1,1,1,1,1,1,1
11975,3,awa,1,1,1,1,1,1,1,1,1,1,1,1,1,1,1,1
11976,2,dwa,1,1,1,1,1,1,1,1,1,1,1,1,1,1,1,1
11977,1,iah,1,1,1,1,1,1,1,1,1,1,1,1,1,1,1,1
11978,3,kim,0,0,0,0,0,0,0,0,0,0,0,0,0,0,0,0
11979,2,oza,0,0,0,0,0,0,0,0,0,1,0,0,0,0,0,0
11980,3,ayu,1,1,1,1,1,1,1,1,1,1,1,1,1,1,1,1
11981,2,zis,0,0,0,0,0,0,0,0,0,0,0,0,0,0,0,0
11982,3,hri,0,0,0,0,0,0,0,0,0,0,0,0,0,0,0,0
11983,3,wan,0,0,0,0,0,0,0,0,0,0,0,0,0,0,0,0
11984,3,raa,1,1,1,1,1,1,1,1,1,1,1,1,1,1,1,1
11985,2,ari,1,1,1,1,1,1,1,1,1,1,1,1,1,1,1,1
11986,3,ozy,0,0,0,0,0,0,0,0,0,0,0,0,0,0,0,0
11987,2,rar,0,0,0,0,0,0,0,0,0,0,0,0,0,0,0,0
11988,3,jid,0,0,0,0,0,0,0,0,0,0,0,0,0,0,0,0
11989,3,kha,0,0,1,0,0,1,0,0,1,0,0,1,0,0,1,0
11990,3,dya,1,1,1,1,1,1,1,1,1,1,1,1,1,1,1,1
11991,3,ezy,0,0,0,0,0,0,0,0,0,0,0,0,0,0,0,0
11992,2,lah,0,0,0,1,0,0,1,0,0,1,0,0,1,0,0,0
11993,3,aus,0,0,0,0,0,0,0,0,0,0,0,0,0,0,0,0
11994,4,tan,0,0,0,0,0,0,0,0,0,0,0,0,0,0,0,0
11995,3,ebi,0,0,0,0,0,0,0,0,0,0,0,0,0,0,0,0
11996,5,sya,0,0,0,0,0,0,0,0,0,0,0,0,0,0,0,0
11997,3,hya,0,0,0,1,0,0,1,0,0,1,0,0,1,0,0,1
11998,4,uiz,0,0,0,0,0,0,0,0,0,0,0,0,0,0,0,0
11999,3,mim,0,1,1,1,1,1,1,1,1,1,1,1,1,1,1,1
12000,3,ama,0,0,0,0,0,0,0,0,0,0,0,0,0,0,0,0
12001,2,ian,0,0,0,0,0,0,0,0,0,0,0,0,0,0,0,0
12002,3,nia,0,1,1,1,1,1,1,1,1,1,1,1,1,1,1,1
12003,2,ari,0,0,0,0,0,0,0,0,0,0,0,0,0,0,0,0
12004,3,ana,0,0,0,0,0,0,0,0,0,0,0,0,0,0,0,0
12005,3,wan,0,0,0,0,0,0,0,0,0,0,0,0,0,0,0,0
12006,2,yam,0,0,0,0,0,0,0,0,0,0,0,0,0,0,0,0
12007,3,zmi,0,0,0,0,0,0,0,0,0,0,0,0,0,0,0,0
12008,3,sya,0,0,0,0,0,0,0,0,0,0,0,0,0,0,0,0
12009,3,ssi,0,0,1,1,0,1,1,0,1,1,0,1,1,0,1,0
12010,4,riq,0,0,0,0,0,0,0,0,0,0,0,0,0,0,0,0
12011,3,suf,0,0,0,0,0,0,0,0,0,0,0,0,0,0,0,0
12012,3,lya,0,0,0,0,0,0,0,0,0,0,0,0,0,0,0,0
12013,2,dho,0,0,0,0,0,0,0,0,0,0,0,0,0,0,0,0
12014,2,ffa,0,0,0,0,0,0,0,0,0,0,0,0,0,0,0,0
12015,3,jri,0,0,0,0,0,0,0,0,0,0,0,0,0,0,0,0
12016,2,ara,0,0,1,1,0,1,1,0,1,1,0,1,1,0,1,1
12017,3,din,0,0,0,0,0,0,0,0,0,0,0,0,0,0,0,0
12018,3,oso,0,0,0,0,0,0,0,0,0,0,0,0,0,0,0,0
12019,2,ith,0,0,1,0,0,1,1,0,1,1,0,1,1,0,1,1
12020,3,lah,0,0,0,0,0,0,0,0,0,0,0,0,0,0,0,0
12021,3,yat,0,0,0,0,0,0,0,0,0,0,0,0,0,0,0,0
12022,2,kri,0,0,0,0,0,0,0,0,0,0,0,0,0,0,0,0
12023,2,ein,0,0,0,0,0,0,0,0,0,0,0,0,0,0,0,0
12024,3,tri,1,1,1,1,1,1,1,1,1,1,1,1,1,1,1,1
12025,4,iya,1,1,1,1,1,1,1,1,1,1,1,1,1,1,1,1
12026,3,tri,1,1,1,1,1,1,1,1,1,1,1,1,1,1,1,1
12027,2,gel,1,1,1,1,1,1,1,1,1,1,1,1,1,1,1,1
12028,2,ati,1,1,1,1,1,1,1,1,1,1,1,1,1,1,1,1
12029,3,nto,1,1,1,0,1,1,0,1,1,0,1,1,0,1,1,0
12030,3,mah,1,1,1,1,1,1,1,1,1,1,1,1,1,1,1,1
12031,3,mah,1,1,1,1,1,1,1,1,1,1,1,1,1,1,1,1
12032,2,niz,1,1,1,1,1,1,1,1,1,1,1,1,1,1,1,1
12033,3,isa,1,1,1,1,1,1,1,1,1,1,1,1,1,1,1,1
12034,2,nti,1,1,1,1,1,1,1,1,1,1,1,1,1,1,1,1
12035,2,lia,1,1,1,1,1,1,1,1,1,1,1,1,1,1,1,1
12036,3,yat,1,1,1,1,1,1,1,1,1,1,1,1,1,1,1,1
12037,3,min,1,1,1,1,1,1,1,1,1,1,1,1,1,1,1,1
12038,4,ani,1,1,1,1,1,1,1,1,1,1,1,1,1,1,1,1
12039,3,rah,1,1,1,1,1,1,1,1,1,1,1,1,1,1,1,1
12040,3,aya,1,1,1,1,1,1,1,1,1,1,1,1,1,1,1,1
12041,3,nda,1,1,1,1,1,1,1,1,1,1,1,1,1,1,1,1
12042,3,hra,1,1,1,1,1,1,1,1,1,1,1,1,1,1,1,1
12043,3,ani,1,1,1,1,1,1,1,1,1,1,1,1,1,1,1,1
12044,3,nah,1,1,1,1,1,1,1,1,1,1,1,1,1,1,1,1
12045,3,ana,1,1,1,1,1,1,1,1,1,1,1,1,1,1,1,1
12046,4,ama,1,1,1,1,1,1,1,1,1,1,1,1,1,1,1,1
12047,3,eni,1,1,1,1,1,1,1,1,1,1,1,1,1,1,1,1
12048,4,tri,1,1,1,1,1,1,1,1,1,1,1,1,1,1,1,1
12049,3,nah,1,1,1,1,1,1,1,1,1,1,1,1,1,1,1,1
12050,3,tri,1,1,1,1,1,1,1,1,1,1,1,1,1,1,1,1
12051,3,ini,1,1,1,1,1,1,1,1,1,1,1,1,1,1,1,1
12052,2,nti,1,1,1,1,1,1,1,1,1,1,1,1,1,1,1,1
12053,3,tri,1,1,1,1,1,1,1,1,1,1,1,1,1,1,1,1
12054,2,ani,1,1,1,1,1,1,1,1,1,1,1,1,1,1,1,1
12055,4,iar,1,1,1,1,1,1,1,1,1,1,1,1,1,1,1,1
12056,2,nti,1,1,1,1,1,1,1,1,1,1,1,1,1,1,1,1
12057,3,yir,1,1,1,1,1,1,1,1,1,1,1,1,1,1,1,1
12058,3,hra,1,1,1,1,1,1,1,1,1,1,1,1,1,1,1,1
12059,4,ama,1,1,1,1,1,1,1,1,1,1,1,1,1,1,1,1
12060,3,kia,1,1,1,1,1,1,1,1,1,1,1,1,1,1,1,1
12061,3,ani,1,1,1,1,1,1,1,1,1,1,1,1,1,1,1,1
12062,3,ida,1,1,1,1,1,1,1,1,1,1,1,1,1,1,1,1
12063,3,tri,1,1,1,1,1,1,1,1,1,1,1,1,1,1,1,1
12064,2,nia,1,1,1,1,1,1,1,1,1,1,1,1,1,1,1,1
12065,2,rti,1,1,1,1,1,1,1,1,1,1,1,1,1,1,1,1
12066,3,iar,1,1,1,1,1,1,1,1,1,1,1,1,1,1,1,1
12067,3,ila,1,1,1,1,1,1,1,1,1,1,1,1,1,1,1,1
12068,3,sya,1,1,1,1,1,1,1,1,1,1,1,1,1,1,1,1
12069,3,tma,1,1,1,1,1,1,1,1,1,1,1,1,1,1,1,1
12070,4,dah,1,1,1,1,1,1,1,1,1,1,1,1,1,1,1,1
12071,3,ifa,1,1,1,1,1,1,1,1,1,1,1,1,1,1,1,1
12072,3,ayu,1,1,1,1,1,1,1,1,1,1,1,1,1,1,1,1
12073,2,lia,1,1,1,1,1,1,1,1,1,1,1,1,1,1,1,1
12074,3,eny,1,1,1,1,1,1,1,1,1,1,1,1,1,1,1,1
12075,3,lia,1,1,1,1,1,1,1,1,1,1,1,1,1,1,1,1
12076,3,isa,1,1,1,1,1,1,1,1,1,1,1,1,1,1,1,1
12077,3,isa,1,1,1,1,1,1,1,1,1,1,1,1,1,1,1,1
12078,3,ana,1,1,1,1,1,1,1,1,1,1,1,1,1,1,1,1
12079,3,sna,1,1,1,1,1,1,1,1,1,1,1,1,1,1,1,1
12080,3,eni,1,1,1,1,1,1,1,1,1,1,1,1,1,1,1,1
12081,3,nti,1,1,1,1,1,1,1,1,1,1,1,1,1,1,1,1
12082,3,zah,1,1,1,1,1,1,1,1,1,1,1,1,1,1,1,1
12083,3,zki,1,1,1,1,1,1,1,1,1,1,1,1,1,1,1,1
12084,3,ndi,1,1,1,1,1,1,1,1,1,1,1,1,1,1,1,1
12085,3,tri,1,1,1,1,1,1,1,1,1,1,1,1,1,1,1,1
12086,2,ani,1,1,1,1,1,1,1,1,1,1,1,1,1,1,1,1
12087,3,ara,1,1,1,1,1,1,1,1,1,1,1,1,1,1,1,1
12088,3,ari,1,1,1,1,1,1,1,1,1,1,1,1,1,1,1,1
12089,3,ira,1,1,1,1,1,1,1,1,1,1,1,1,1,1,1,1
12090,3,lia,1,1,1,1,1,1,1,1,1,1,1,1,1,1,1,1
12091,4,hra,1,1,1,1,1,1,1,1,1,1,1,1,1,1,1,1
12092,3,ani,1,1,1,1,1,1,1,1,1,1,1,1,1,1,1,1
12093,3,ari,1,1,1,1,1,1,1,1,1,1,1,1,1,1,1,1
12094,3,afa,1,1,1,1,1,1,1,1,1,1,1,1,1,1,1,1
12095,3,ani,1,1,1,1,1,1,1,1,1,1,1,1,1,1,1,1
12096,3,nah,1,1,1,1,1,1,1,1,1,1,1,1,1,1,1,1
12097,3,tyo,1,1,1,1,1,1,1,1,1,1,1,1,1,1,1,1
12098,3,sno,1,1,1,1,1,1,1,1,1,1,1,1,1,1,1,1
12099,3,nty,1,1,1,1,1,1,1,1,1,1,1,1,1,1,1,1
12100,3,ani,1,1,1,1,1,1,1,1,1,1,1,1,1,1,1,1
12101,2,nun,1,1,1,1,1,1,1,1,1,1,1,1,1,1,1,1
12102,2,ini,1,1,1,1,1,1,1,1,1,1,1,1,1,1,1,1
12103,4,tri,1,1,1,1,1,1,1,1,1,1,1,1,1,1,1,1
12104,3,ani,1,1,1,1,1,1,1,1,1,1,1,1,1,1,1,1
12105,3,ani,1,1,1,1,1,1,1,1,1,1,1,1,1,1,1,1
12106,5,a h,1,1,1,1,1,1,1,1,1,1,1,1,1,1,1,1
12107,2,nah,1,1,1,1,1,1,1,1,1,1,1,1,1,1,1,1
12108,3,wan,1,1,1,1,1,1,1,1,1,1,1,1,1,1,1,1
12109,2,nti,1,1,1,1,1,1,1,1,1,1,1,1,1,1,1,1
12110,3,fah,1,1,1,1,1,1,1,1,1,1,1,1,1,1,1,1
12111,3,mah,1,1,1,1,1,1,1,1,1,1,1,1,1,1,1,1
12112,3,ani,1,1,1,1,1,1,1,1,1,1,1,1,1,1,1,1
12113,2,asa,1,1,1,1,1,1,1,1,1,1,1,1,1,1,1,1
12114,2,ira,1,1,1,1,1,1,1,1,1,1,1,1,1,1,1,1
12115,4,eri,1,1,1,1,1,1,1,1,1,1,1,1,1,1,1,1
12116,3,yla,1,1,1,1,1,1,1,1,1,1,1,1,1,1,1,1
12117,3,rri,1,1,1,1,1,1,1,1,1,1,1,1,1,1,1,1
12118,3,ila,1,1,1,1,1,1,1,1,1,1,1,1,1,1,1,1
12119,2,hra,1,1,1,1,1,1,1,1,1,1,1,1,1,1,1,1
12120,3,lma,1,1,1,1,1,1,1,1,1,1,1,1,1,1,1,1
12121,3,tri,1,1,1,1,1,1,1,1,1,1,1,1,1,1,1,1
12122,3,ani,1,1,1,1,1,1,1,1,1,1,1,1,1,1,1,1
12123,3,ani,1,1,1,1,1,1,1,1,1,1,1,1,1,1,1,1
12124,3,ora,1,1,1,1,1,1,1,1,1,1,1,1,1,1,1,1
12125,4,tri,1,1,1,1,1,1,1,1,1,1,1,1,1,1,1,1
12126,4,h a,1,1,1,1,1,1,1,1,1,1,1,1,1,1,1,1
12127,3,kim,1,1,1,1,1,1,1,1,1,1,1,1,1,1,1,1
12128,2,lia,1,1,1,1,1,1,1,1,1,1,1,1,1,1,1,1
12129,3,uan,1,1,1,1,1,1,1,1,1,1,1,1,1,1,1,1
12130,2,ani,1,1,1,1,1,1,1,1,1,1,1,1,1,1,1,1
12131,3,tza,1,1,1,1,1,1,1,1,1,1,1,1,1,1,1,1
12132,3,odo,1,1,1,1,1,1,1,1,1,1,1,1,1,1,1,1
12133,3,lwa,1,1,1,1,1,1,1,1,1,1,1,1,1,1,1,1
12134,3,ani,1,1,1,1,1,1,1,1,1,1,1,1,1,1,1,1
12135,3,nti,1,1,1,1,1,1,1,1,1,1,1,1,1,1,1,1
12136,3,ani,1,1,1,1,1,1,1,1,1,1,1,1,1,1,1,1
12137,2,ati,1,1,1,1,1,1,1,1,1,1,1,1,1,1,1,1
12138,2,ati,1,1,1,1,1,1,1,1,1,1,1,1,1,1,1,1
12139,2,yya,1,1,1,1,1,1,1,1,1,1,1,1,1,1,1,1
12140,3,ewi,1,1,1,1,1,1,1,1,1,1,1,1,1,1,1,1
12141,3,nti,1,1,1,1,1,1,1,1,1,1,1,1,1,1,1,1
12142,3,tin,1,1,1,1,1,1,1,1,1,1,1,1,1,1,1,1
12143,3,nda,1,1,1,1,1,1,1,1,1,1,1,1,1,1,1,1
12144,3,ita,1,1,1,1,1,1,1,1,1,1,1,1,1,1,1,1
12145,3,tri,1,1,1,1,1,1,1,1,1,1,1,1,1,1,1,1
12146,2,ata,1,1,1,1,1,1,1,1,1,1,1,1,1,1,1,1
12147,2,iwi,1,1,1,1,1,1,1,1,1,1,1,1,1,1,1,1
12148,3,nda,1,1,1,1,1,1,1,1,1,1,1,1,1,1,1,1
12149,3,ara,1,1,1,1,1,1,1,1,1,1,1,1,1,1,1,1
12150,3,tri,1,1,1,1,1,1,1,1,1,1,1,1,1,1,1,1
12151,3,nda,1,1,1,1,1,1,1,1,1,1,1,1,1,1,1,1
12152,2,'ah,1,1,1,1,1,1,1,1,1,1,1,1,1,1,1,1
12153,2,ira,1,1,1,1,1,1,1,1,1,1,1,1,1,1,1,1
12154,3,sya,1,1,1,1,1,1,0,1,1,1,1,1,1,1,1,0
12155,2,sna,1,1,1,1,1,1,1,1,1,1,1,1,1,1,1,1
12156,2,lia,1,1,1,1,1,1,1,1,1,1,1,1,1,1,1,1
12157,2,lia,1,1,1,1,1,1,1,1,1,1,1,1,1,1,1,1
12158,3,thy,1,1,1,1,1,1,1,1,1,1,1,1,1,1,1,1
12159,3,iwi,1,1,1,1,1,1,1,1,1,1,1,1,1,1,1,1
12160,3,iha,1,1,1,1,1,1,1,1,1,1,1,1,1,1,1,1
12161,3,ura,1,1,1,1,1,1,1,1,1,1,1,1,1,1,1,0
12162,3,yna,1,1,1,1,1,1,1,1,1,1,1,1,1,1,1,1
12163,3,tha,1,1,1,1,1,1,1,1,1,1,1,1,1,1,1,1
12164,4,ika,1,1,1,1,1,1,1,1,1,1,1,1,1,1,1,1
12165,3,ani,1,1,1,1,1,1,1,1,1,1,1,1,1,1,1,1
12166,3,bah,1,1,1,1,1,1,1,1,1,1,1,1,1,1,1,1
12167,3,qin,1,1,1,1,1,1,1,1,1,1,1,1,1,1,1,1
12168,3,ani,1,1,1,1,1,1,1,1,1,1,1,1,1,1,1,1
12169,3,iah,1,1,1,1,1,1,1,1,1,1,1,1,1,1,1,1
12170,3,sya,1,1,1,1,1,1,1,1,1,1,1,1,1,1,1,1
12171,2,ari,1,1,1,1,1,1,1,1,1,1,1,1,1,1,1,1
12172,3,adu,0,0,0,0,0,0,0,0,0,0,0,0,0,0,0,0
12173,3,him,0,0,0,0,0,0,0,0,0,0,0,0,0,0,0,0
12174,3,qiy,0,0,0,0,0,0,0,0,0,0,0,0,0,0,0,0
12175,2,mas,0,0,0,0,0,0,0,0,0,0,0,0,0,0,0,0
12176,3,nta,0,0,0,0,0,0,1,0,0,1,0,0,0,0,0,1
12177,3,iya,1,1,1,1,1,1,1,1,1,1,1,1,1,1,1,1
12178,3,ria,0,0,0,0,0,0,0,0,0,0,0,0,0,0,0,0
12179,3,ira,1,1,1,1,1,1,1,1,1,1,1,1,1,1,1,1
12180,3,ana,1,1,1,1,1,1,1,1,1,1,1,1,1,1,1,1
12181,2,dah,1,1,1,1,1,1,1,1,1,1,1,1,1,1,1,1
12182,3,fah,1,1,1,1,1,1,1,1,1,1,1,1,1,1,1,1
12183,4,hna,1,1,1,1,1,1,1,1,1,1,1,1,1,1,1,1
12184,3,sya,1,1,1,1,1,1,1,1,1,1,1,1,1,1,1,1
12185,3,lla,1,1,1,1,1,1,1,1,1,1,1,1,1,1,1,1
12186,3,tri,1,1,1,1,1,1,1,1,1,1,1,1,1,1,1,1
12187,2,ila,1,1,1,1,1,1,1,1,1,1,1,1,1,1,1,1
12188,3,ani,1,1,1,1,1,1,1,1,1,1,1,1,1,1,1,1
12189,3,ila,1,1,1,1,1,1,1,1,1,1,1,1,1,1,1,1
12190,3,yah,1,1,1,1,1,1,1,1,1,1,1,1,1,1,1,1
12191,3,ila,1,1,1,1,1,1,1,1,1,1,1,1,1,1,1,1
12192,3,ita,1,1,1,1,1,1,1,1,1,1,1,1,1,1,1,1
12193,2,ali,1,1,1,1,1,1,1,1,1,1,1,1,1,1,1,1
12194,3,nda,1,1,1,1,1,1,1,1,1,1,1,1,1,1,1,1
12195,3,bah,1,1,1,1,1,1,1,1,1,1,1,1,1,1,1,1
12196,2,lia,1,1,1,1,1,1,1,1,1,1,1,1,1,1,1,1
12197,3,tri,1,1,1,1,1,1,1,1,1,1,1,1,1,1,1,1
12198,3,nda,1,1,1,1,1,1,1,1,1,1,1,1,1,1,1,1
12199,3,ini,1,1,1,1,1,1,1,1,1,1,1,1,1,1,1,1
12200,3,iah,1,1,1,1,1,1,1,1,1,1,1,1,1,1,1,1
12201,3,ila,1,1,1,1,1,1,1,1,1,1,1,1,1,1,1,1
12202,3,tri,1,1,1,1,1,1,1,1,1,1,1,1,1,1,1,1
12203,3,ani,1,1,1,1,1,1,1,1,1,1,1,1,1,1,1,1
12204,3,ari,1,1,1,1,1,1,1,1,1,1,1,1,1,1,1,1
12205,3,ham,1,1,1,1,1,1,1,1,1,1,1,1,1,1,1,1
12206,4,tar,1,1,1,1,1,1,1,1,1,1,1,1,1,1,1,1
12207,2,iah,1,1,1,1,1,1,1,1,1,1,1,1,1,1,1,1
12208,2,isa,1,1,1,1,1,1,1,1,1,1,1,1,1,1,1,1
12209,3,nia,1,1,1,1,1,1,1,1,1,1,1,1,1,1,1,1
12210,2,nia,1,1,1,1,1,1,1,1,1,1,1,1,1,1,1,1
12211,2,lyn,1,1,1,1,1,1,1,1,1,1,1,1,1,1,1,1
12212,3,ian,1,1,1,1,1,1,1,1,1,1,1,1,1,1,1,1
12213,2,ani,1,1,1,1,1,1,1,1,1,1,1,1,1,1,1,1
12214,3,'ah,1,1,1,1,1,1,1,1,1,1,1,1,1,1,1,1
12215,3,nia,1,1,1,1,1,1,1,1,1,1,1,1,1,1,1,1
12216,2,ana,1,1,1,1,1,1,1,1,1,1,1,1,1,1,1,1
12217,2,rah,1,1,1,1,1,1,1,1,1,1,1,1,1,1,1,1
12218,3,hah,1,1,1,1,1,1,1,1,1,1,1,1,1,1,1,1
12219,3,aha,1,1,1,1,1,1,1,1,1,1,1,1,1,1,1,1
12220,3,oro,1,1,1,0,1,1,0,1,1,0,1,1,0,1,1,0
12221,3,nti,1,1,1,1,1,1,1,1,1,1,1,1,1,1,1,1
12222,2,nah,1,1,1,1,1,1,1,1,1,1,1,1,1,1,1,1
12223,3,hni,1,1,1,1,1,1,1,1,1,1,1,1,1,1,1,1
12224,3,lda,1,1,1,1,1,1,1,1,1,1,1,1,1,1,1,1
12225,3,kar,1,1,1,1,1,1,1,1,1,1,1,1,1,1,1,1
12226,3,ila,1,1,1,1,1,1,1,1,1,1,1,1,1,1,1,1
12227,3,ika,1,1,1,1,1,1,1,1,1,1,1,1,1,1,1,1
12228,2,ani,1,1,1,1,1,1,1,1,1,1,1,1,1,1,1,1
12229,3,omy,1,1,1,1,1,1,1,1,1,1,1,1,1,1,1,1
12230,2,ira,1,1,1,1,1,1,1,1,1,1,1,1,1,1,1,1
12231,3,ara,1,1,1,1,1,1,1,1,1,1,1,1,1,1,1,1
12232,3,ami,1,1,1,1,1,1,1,1,1,1,1,1,1,1,1,1
12233,3,isa,1,1,1,1,1,1,1,1,1,1,1,1,1,1,1,1
12234,3,ati,1,1,1,1,1,1,1,1,1,1,1,1,1,1,1,1
12235,3,ani,1,1,1,1,1,1,1,1,1,1,1,1,1,1,1,1
12236,3,ita,1,1,1,1,1,1,1,1,1,1,1,1,1,1,1,1
12237,4,ryn,1,1,1,1,1,1,1,1,1,1,1,1,1,1,1,1
12238,3,yan,1,1,1,0,1,1,0,1,1,0,1,1,0,1,1,0
12239,2,doh,1,1,1,1,1,1,1,1,1,1,1,1,1,1,1,1
12240,3,han,0,0,0,0,0,0,0,0,0,0,0,0,0,0,0,0
12241,2,hra,1,1,1,1,1,1,1,1,1,1,1,1,1,1,1,1
12242,3,ako,1,1,1,1,1,1,1,1,1,1,1,1,1,1,1,1
12243,2,ssa,1,1,1,1,1,1,1,1,1,1,1,1,1,1,1,1
12244,2,nti,1,1,1,1,1,1,1,1,1,1,1,1,1,1,1,1
12245,2,ina,1,1,1,1,1,1,1,1,1,1,1,1,1,1,1,1
12246,2,hra,1,1,1,1,1,1,1,1,1,1,1,1,1,1,1,1
12247,3,yah,1,1,1,1,1,1,1,1,1,1,1,1,1,1,1,1
12248,3,tri,1,1,1,1,1,1,1,1,1,1,1,1,1,1,1,1
12249,3,ari,1,1,1,1,1,1,1,1,1,1,1,1,1,1,1,1
12250,4,ang,1,1,1,1,1,1,1,1,1,1,1,1,1,1,1,1
12251,3,ani,1,1,1,1,1,1,1,1,1,1,1,1,1,1,1,1
12252,3,ari,1,1,1,1,1,1,1,1,1,1,1,1,1,1,1,1
12253,3,ini,1,1,1,1,1,1,1,1,1,1,1,1,1,1,1,1
12254,3, wd,1,1,1,1,1,1,1,1,1,1,1,1,1,1,1,1
12255,3,ion,1,1,1,1,1,1,1,1,1,1,1,1,1,1,1,1
12256,3,sha,1,1,1,1,1,1,1,1,1,1,1,1,1,1,1,1
12257,3,yla,1,1,1,1,1,1,1,1,1,1,1,1,1,1,1,1
12258,3,tra,0,0,0,0,0,0,0,0,0,0,0,0,0,0,0,0
12259,2,aya,1,1,1,1,1,1,1,1,1,1,1,1,1,1,1,1
12260,3,hna,1,1,1,1,1,1,1,1,1,1,1,1,1,1,1,1
12261,3,tri,1,1,1,1,1,1,1,1,1,1,1,1,1,1,1,1
12262,2,ani,1,1,1,1,1,1,1,1,1,1,1,1,1,1,1,1
12263,3,hra,1,1,1,1,1,1,1,1,1,1,1,1,1,1,1,1
12264,3,tri,1,1,1,1,1,1,1,1,1,1,1,1,1,1,1,1
12265,4,aes,1,1,1,1,1,1,1,1,1,1,1,1,1,1,1,1
12266,3,iwi,1,1,1,1,1,1,1,1,1,1,1,1,1,1,1,1
12267,3,ina,1,1,1,1,1,1,1,1,1,1,1,1,1,1,1,1
12268,3,zah,1,1,1,1,1,1,1,1,1,1,1,1,1,1,1,1
12269,3,hra,1,1,1,1,1,1,1,1,1,1,1,1,1,1,1,1
12270,3,man,1,1,1,0,1,1,0,1,1,0,1,1,0,1,1,0
12271,2,isa,1,1,1,1,1,1,1,1,1,1,1,1,1,1,1,1
12272,3,tri,1,1,1,1,1,1,1,1,1,1,1,1,1,1,1,1
12273,2,sah,1,1,1,1,1,1,1,1,1,1,1,1,1,1,1,1
12274,4,ifi,1,1,1,1,1,1,1,1,1,1,1,1,1,1,1,1
12275,3,lia,1,1,1,1,1,1,1,1,1,1,1,1,1,1,1,1
12276,3,qin,1,1,1,1,1,1,1,1,1,1,1,1,1,1,1,1
12277,3,tya,1,1,1,1,1,1,1,1,1,1,1,1,1,1,1,1
12278,3,yla,1,1,1,1,1,1,1,1,1,1,1,1,1,1,1,1
12279,3,utu,1,1,1,1,1,1,1,1,1,1,1,1,1,1,1,1
12280,3,ise,1,1,1,1,1,1,1,1,1,1,1,1,1,1,1,1
12281,2,lia,1,1,1,1,1,1,1,1,1,1,1,1,1,1,1,1
12282,3,ari,1,1,1,1,1,1,1,1,1,1,1,1,1,1,1,1
12283,2,sya,1,1,1,1,1,1,1,1,1,1,1,1,1,1,1,1
12284,3,lfa,1,1,1,1,1,1,1,1,1,1,1,1,1,1,1,1
12285,2,fny,1,1,1,1,1,1,1,1,1,1,1,1,1,1,1,1
12286,3,ssa,1,1,1,1,1,1,1,1,1,1,1,1,1,1,1,1
12287,3,ffa,0,0,0,0,0,0,0,0,0,0,0,0,0,0,0,0
12288,3,ais,1,1,1,0,1,1,1,1,1,1,1,1,1,1,1,1
12289,3,ari,1,1,1,1,1,1,1,1,1,1,1,1,1,1,1,1
12290,3,tri,1,1,1,1,1,1,1,1,1,1,1,1,1,1,1,1
12291,2,ina,1,1,1,1,1,1,1,1,1,1,1,1,1,1,1,1
12292,3,yah,1,1,1,1,1,1,1,1,1,1,1,1,1,1,1,1
12293,3,ati,1,1,1,1,1,1,1,1,1,1,1,1,1,1,1,1
12294,2,tri,1,1,1,1,1,1,1,1,1,1,1,1,1,1,1,1
12295,2,ara,1,1,1,1,1,1,1,1,1,1,1,1,1,1,1,1
12296,3,tri,1,1,1,1,1,1,1,1,1,1,1,1,1,1,1,1
12297,3,ina,1,1,1,1,1,1,1,1,1,1,1,1,1,1,1,1
12298,4,tin,1,1,1,1,1,1,1,1,1,1,1,1,1,1,1,1
12299,3,ari,1,1,1,1,1,1,1,1,1,1,1,1,1,1,1,1
12300,3,hra,1,1,1,1,1,1,1,1,1,1,1,1,1,1,1,1
12301,3,lya,1,1,1,1,1,1,1,1,1,1,1,1,1,1,1,1
12302,3,ila,1,1,1,1,1,1,1,1,1,1,1,1,1,1,1,1
12303,2,ina,1,1,1,1,1,1,1,1,1,1,1,1,1,1,1,1
12304,3,tjo,1,1,1,1,1,1,1,1,1,1,1,1,1,1,1,1
12305,3,hra,1,1,1,1,1,1,1,1,1,1,1,1,1,1,1,1
12306,4,adi,1,1,1,1,1,1,1,1,1,1,1,1,1,1,1,1
12307,3,lya,1,1,1,1,1,1,1,1,1,1,1,1,1,1,1,1
12308,3,uni,1,1,1,1,1,1,1,1,1,1,1,1,1,1,1,1
12309,3,ida,1,1,1,1,1,1,1,1,1,1,1,1,1,1,1,1
12310,3,ifa,1,1,1,1,1,1,1,1,1,1,1,1,1,1,1,1
12311,4,h k,1,1,1,1,1,1,1,1,1,1,1,1,1,1,1,1
12312,3,ila,1,1,1,1,1,1,1,1,1,1,1,1,1,1,1,1
12313,3,fah,1,1,1,1,1,1,1,1,1,1,1,1,1,1,1,1
12314,3,tri,1,1,1,1,1,1,1,1,1,1,1,1,1,1,1,1
12315,3,hra,1,1,1,1,1,1,1,1,1,1,1,1,1,1,1,1
12316,3,yda,1,1,1,1,1,1,1,1,1,1,1,1,1,1,1,1
12317,3,num,1,1,1,1,1,1,1,1,1,1,1,1,1,1,1,1
12318,2,ana,1,1,1,0,1,1,1,1,1,1,1,1,0,1,1,1
12319,2,ani,1,1,1,1,1,1,1,1,1,1,1,1,1,1,1,1
12320,4,hyu,1,1,1,1,1,1,1,1,1,1,1,1,1,1,1,1
12321,3,rly,1,1,1,1,1,1,1,1,1,1,1,1,1,1,1,1
12322,3,lah,1,1,1,1,1,1,1,1,1,1,1,1,1,1,1,1
12323,3,tri,1,1,1,1,1,1,1,1,1,1,1,1,1,1,1,1
12324,3,ari,1,1,1,1,1,1,1,1,1,1,1,1,1,1,1,1
12325,3,lah,1,1,1,1,1,1,1,1,1,1,1,1,1,1,1,1
12326,3,ati,1,1,1,1,1,1,1,1,1,1,1,1,1,1,1,1
12327,4,ssa,1,1,1,1,1,1,1,1,1,1,1,1,1,1,1,1
12328,3,ama,1,1,1,1,1,1,1,1,1,1,1,1,1,1,1,1
12329,2,ira,1,1,1,1,1,1,1,1,1,1,1,1,1,1,1,1
12330,3,nah,1,1,1,1,1,1,1,1,1,1,1,1,1,1,1,1
12331,3,ine,1,1,1,1,1,1,1,1,1,1,1,1,1,1,1,1
12332,3,ana,1,1,1,1,1,1,1,1,1,1,1,1,1,1,1,1
12333,3,ani,1,1,1,1,1,1,1,1,1,1,1,1,1,1,1,1
12334,3,sya,1,1,1,1,1,1,1,1,1,1,1,1,1,1,1,1
12335,3,ian,1,1,1,1,1,1,1,1,1,1,1,1,1,1,1,1
12336,3,ani,1,1,1,1,1,1,1,1,1,1,1,1,1,1,1,1
12337,3,han,1,1,1,1,1,1,1,1,1,1,1,1,1,1,1,1
12338,1,yra,1,1,1,1,1,1,1,1,1,1,1,1,1,1,1,1
12339,3,ani,1,1,1,1,1,1,1,1,1,1,1,1,1,1,1,1
12340,3,ndi,1,1,1,1,1,1,1,1,1,1,1,1,1,1,1,1
12341,2,lia,1,1,1,1,1,1,1,1,1,1,1,1,1,1,1,1
12342,3,tri,1,1,1,1,1,1,1,1,1,1,1,1,1,1,1,1
12343,3,tri,1,1,1,1,1,1,1,1,1,1,1,1,1,1,1,1
12344,3,ita,1,1,1,1,1,1,1,1,1,1,1,1,1,1,1,1
12345,2,lia,1,1,1,1,1,1,1,1,1,1,1,1,1,1,1,1
12346,3,upi,1,1,1,1,1,1,1,1,1,1,1,1,1,1,1,1
12347,3,hma,1,1,1,1,1,1,1,1,1,1,1,1,1,1,1,1
12348,4,wan,1,1,1,0,1,1,1,1,1,0,1,1,0,1,1,0
12349,2,sar,0,0,0,0,0,0,0,0,0,0,0,0,0,0,0,0
12350,2,lma,1,1,1,1,1,1,1,1,1,1,1,1,1,1,1,1
12351,2,lah,0,0,0,0,0,0,0,0,0,0,0,0,0,0,0,0
12352,3,udi,0,1,1,0,1,1,0,1,1,0,1,1,0,1,1,0
12353,3,amy,0,0,0,0,0,0,0,0,0,0,0,0,0,0,0,0
12354,2,ani,1,1,1,1,1,1,1,1,1,1,1,1,1,1,1,1
12355,3,ima,1,1,1,1,1,1,1,1,1,1,1,1,1,1,1,1
12356,3,yat,0,0,0,0,0,0,0,0,0,0,0,0,0,0,0,0
12357,2,lia,1,1,1,1,1,1,1,1,1,1,1,1,1,1,1,1
12358,3,hra,1,1,1,1,1,1,1,1,1,1,1,1,1,1,1,1
12359,3,ami,1,1,1,1,1,1,1,1,1,1,1,1,1,1,1,1
12360,3,qis,1,1,1,1,1,1,1,1,1,1,1,1,1,1,1,1
12361,2,sta,1,1,1,1,1,1,1,1,1,1,1,1,1,1,1,1
12362,3,tri,1,1,1,1,1,1,1,1,1,1,1,1,1,1,1,1
12363,3,khi,1,1,1,1,1,1,1,1,1,1,1,1,1,1,1,1
12364,3,ara,1,1,1,1,1,1,1,1,1,1,1,1,1,1,1,1
12365,3,hra,1,1,1,1,1,1,1,1,1,1,1,1,1,1,1,1
12366,3,ani,1,1,1,1,1,1,1,1,1,1,1,1,1,1,1,1
12367,2,hra,1,1,1,1,1,1,1,1,1,1,1,1,1,1,1,1
12368,3,ain,0,0,0,0,0,0,0,0,0,0,0,0,0,0,0,0
12369,3,ani,1,1,1,1,1,1,1,1,1,1,1,1,1,1,1,1
12370,3,suf,1,1,1,1,1,1,1,1,1,1,1,1,1,1,1,1
12371,3,esa,0,0,0,0,0,0,0,0,0,0,0,0,0,0,0,0
12372,3,sae,1,1,1,1,1,1,1,1,1,1,1,1,1,1,1,1
12373,3,ani,1,1,1,1,1,1,1,1,1,1,1,1,1,1,1,1
12374,2,hah,1,1,1,1,1,1,1,1,1,1,1,1,1,1,1,1
12375,2,ani,1,1,1,1,1,1,1,1,1,1,1,1,1,1,1,1
12376,3,ira,1,1,1,1,1,1,1,1,1,1,1,1,1,1,1,1
12377,3,ima,1,1,1,1,1,1,1,1,1,1,1,1,1,1,1,1
12378,3,yah,0,0,0,0,0,0,0,0,0,0,0,0,0,0,0,0
12379,2,ina,1,1,1,1,1,1,1,1,1,1,1,1,1,1,1,1
12380,3,iza,1,1,1,1,1,1,1,1,1,1,1,1,1,1,1,1
12381,5,ouz,0,0,0,0,0,0,0,0,0,0,0,0,0,0,0,0
12382,3,hra,1,1,1,1,1,1,1,1,1,1,1,1,1,1,1,1
12383,3,ira,1,1,1,1,1,1,1,1,1,1,1,1,1,1,1,1
12384,3,ira,1,1,1,1,1,1,1,1,1,1,1,1,1,1,1,1
12385,3,sna,1,1,1,1,1,1,1,1,1,1,1,1,1,1,1,1
12386,2,aya,1,1,1,1,1,1,1,1,1,1,1,1,1,1,1,1
12387,3,wan,1,1,1,1,1,1,1,1,1,1,1,1,1,1,1,1
12388,3,tri,1,1,1,1,1,1,1,1,1,1,1,1,1,1,1,1
12389,2,ana,0,0,0,0,0,0,0,0,0,0,0,0,0,0,0,0
12390,3,ani,1,1,1,1,1,1,1,1,1,1,1,1,1,1,1,1
12391,3,ria,1,1,1,1,1,1,1,1,1,1,1,1,1,1,1,1
12392,3,ari,1,1,1,1,1,1,1,1,1,1,1,1,1,1,1,1
12393,3,ani,1,1,1,1,1,1,1,1,1,1,1,1,1,1,1,1
12394,2,isa,1,1,1,1,1,1,1,1,1,1,1,1,1,1,1,1
12395,3,ada,1,1,1,1,1,1,1,1,1,1,1,1,1,1,1,1
12396,4,lah,1,1,1,1,1,1,1,1,1,1,1,1,1,1,1,1
12397,2,lia,1,1,1,1,1,1,1,1,1,1,1,1,1,1,1,1
12398,3,ani,1,1,1,1,1,1,1,1,1,1,1,1,1,1,1,1
12399,3,wah,1,1,1,1,1,1,1,1,1,1,1,1,1,1,1,1
12400,2,hra,1,1,1,1,1,1,1,1,1,1,1,1,1,1,1,1
12401,2,hra,1,1,1,1,1,1,1,1,1,1,1,1,1,1,1,1
12402,2,isa,1,1,1,1,1,1,1,1,1,1,1,1,1,1,1,1
12403,3,adi,1,1,1,1,1,1,1,1,1,1,1,1,1,1,1,1
12404,3,ini,1,1,1,1,1,1,1,1,1,1,1,1,1,1,1,1
12405,3,hra,1,1,1,1,1,1,1,1,1,1,1,1,1,1,1,1
12406,4,adi,1,1,1,1,1,1,1,1,1,1,1,1,1,1,1,1
12407,3,rum,1,1,1,1,1,1,1,1,1,1,1,1,1,1,1,1
12408,3,lam,1,1,1,1,1,1,1,1,1,1,1,1,1,1,1,1
12409,3,nda,1,1,1,1,1,1,1,1,1,1,1,1,1,1,1,1
12410,3,iah,1,1,1,1,1,1,1,1,1,1,1,1,1,1,1,1
12411,2,yah,1,1,1,1,1,1,1,1,1,1,1,1,1,1,1,1
12412,3,rya,1,1,1,1,1,1,1,1,1,1,1,1,1,1,1,1
12413,3,hah,1,1,1,1,1,1,1,1,1,1,1,1,1,1,1,1
12414,3,ifa,1,1,1,1,1,1,1,1,1,1,1,1,1,1,1,1
12415,2,wan,1,1,1,0,1,1,0,1,1,0,1,1,0,1,1,0
12416,2,yah,1,1,1,1,1,1,1,1,1,1,1,1,1,1,1,1
12417,2,nti,1,1,1,1,1,1,1,1,1,1,1,1,1,1,1,1
12418,3,fah,1,1,1,1,1,1,1,1,1,1,1,1,1,1,1,1
12419,3,san,1,1,1,1,1,1,1,1,1,1,1,1,1,1,1,1
12420,2,sna,1,1,1,1,1,1,1,1,1,1,1,1,1,1,1,1
12421,3,nto,1,1,0,0,1,0,0,1,0,0,1,0,0,1,0,0
12422,3,sah,1,1,1,1,1,1,1,1,1,1,1,1,1,1,1,1
12423,2,isa,1,1,1,1,1,1,1,1,1,1,1,1,1,1,1,1
12424,3,zmi,1,1,1,1,1,1,1,1,1,1,1,1,1,1,1,1
12425,2,sha,1,1,1,1,1,1,1,1,1,1,1,1,1,1,1,1
12426,4,ani,1,1,1,1,1,1,1,1,1,1,1,1,1,1,1,1
12427,2,ira,1,1,1,1,1,1,1,1,1,1,1,1,1,1,1,1
12428,3,ini,1,1,1,1,1,1,1,1,1,1,1,1,1,1,1,1
12429,2,aza,1,1,1,1,1,1,1,1,1,1,1,1,1,1,1,1
12430,2,fah,1,1,1,1,1,1,1,1,1,1,1,1,1,1,1,1
12431,3,ini,1,1,1,1,1,1,1,1,1,1,1,1,1,1,1,1
12432,3,ria,1,1,1,1,1,1,1,1,1,1,1,1,1,1,1,1
12433,3,tri,1,1,1,1,1,1,1,1,1,1,1,1,1,1,1,1
12434,3,hra,1,1,1,1,1,1,1,1,1,1,1,1,1,1,1,1
12435,3,kia,1,1,1,1,1,1,1,1,1,1,1,1,1,1,1,1
12436,3,udi,1,1,1,0,1,1,1,1,1,1,1,1,0,1,1,1
12437,3,lah,1,1,1,1,1,1,1,1,1,1,1,1,1,1,1,1
12438,3,ewi,1,1,1,1,1,1,1,1,1,1,1,1,1,1,1,1
12439,3,ita,1,1,1,1,1,1,1,1,1,1,1,1,1,1,1,1
12440,3,ani,1,1,1,1,1,1,1,1,1,1,1,1,1,1,1,1
12441,2,ayu,1,1,1,1,1,1,1,1,1,1,1,1,1,1,1,1
12442,3,iah,1,1,1,1,1,1,1,1,1,1,1,1,1,1,1,1
12443,3,ang,1,1,1,1,1,1,1,1,1,1,1,1,1,1,1,1
12444,3,owo,1,1,1,0,1,1,0,1,1,1,1,1,0,1,1,0
12445,3,ani,1,1,1,1,1,1,1,1,1,1,1,1,1,1,1,1
12446,3,rni,1,1,1,1,1,1,1,1,1,1,1,1,1,1,1,1
12447,2,ila,1,1,1,1,1,1,1,1,1,1,1,1,1,1,1,1
12448,3,tri,1,1,1,1,1,1,1,1,1,1,1,1,1,1,1,1
12449,2,sih,1,1,1,1,1,1,1,1,1,1,1,1,1,1,1,1
12450,3,ana,1,1,1,1,1,1,1,1,1,1,1,1,1,1,1,1
12451,2,ran,1,1,1,1,1,1,1,1,1,1,1,1,1,1,1,1
12452,2,hah,1,1,1,1,1,1,1,1,1,1,1,1,1,1,1,1
12453,3,ani,1,1,1,1,1,1,1,1,1,1,1,1,1,1,1,1
12454,3,uqi,1,1,1,1,1,1,1,1,1,1,1,1,1,1,1,1
12455,2,fah,1,1,1,1,1,1,1,1,1,1,1,1,1,1,1,1
12456,3,ana,1,1,1,1,1,1,1,1,1,1,1,1,1,1,1,1
12457,3,rah,1,1,1,1,1,1,1,1,1,1,1,1,1,1,1,1
12458,4,ari,1,1,1,1,1,1,1,1,1,1,1,1,1,1,1,1
12459,2,yah,1,1,1,1,1,1,1,1,1,1,1,1,1,1,1,1
12460,3,adi,1,1,1,0,1,1,0,1,1,0,1,1,0,1,1,0
12461,3,lla,1,1,1,1,1,1,1,1,1,1,1,1,1,1,1,1
12462,3,ana,1,1,1,1,1,1,1,1,1,1,1,1,1,1,1,1
12463,3,ani,1,1,1,1,1,1,1,1,1,1,1,1,1,1,1,1
12464,3,lah,1,1,1,1,1,1,1,1,1,1,1,1,1,1,1,1
12465,3,hra,1,1,1,1,1,1,1,1,1,1,1,1,1,1,1,1
12466,3,rah,1,1,1,1,1,1,1,1,1,1,1,1,1,1,1,1
12467,3,ani,1,1,1,1,1,1,1,1,1,1,1,1,1,1,1,1
12468,2,iah,1,1,1,1,1,1,1,1,1,1,1,1,1,1,1,1
12469,3,nah,1,1,1,1,1,1,1,1,1,1,1,1,1,1,1,1
12470,2,nda,1,1,1,1,1,1,1,1,1,1,1,1,1,1,1,1
12471,2,hra,1,1,1,1,1,1,1,1,1,1,1,1,1,1,1,1
12472,3,ani,1,1,1,1,1,1,1,1,1,1,1,1,1,1,1,1
12473,2,ani,1,1,1,1,1,1,1,1,1,1,1,1,1,1,1,1
12474,2,ura,1,1,1,1,1,1,1,1,1,1,1,1,1,1,1,1
12475,2,lla,1,1,1,1,1,1,1,1,1,1,1,1,1,1,1,1
12476,3,ies,1,1,1,1,1,1,1,1,1,1,1,1,1,1,1,1
12477,2,ati,1,1,1,1,1,1,1,1,1,1,1,1,1,1,1,1
12478,2,ina,1,1,1,1,1,1,1,1,1,1,1,1,1,1,1,1
12479,3,war,1,1,1,1,1,1,1,1,1,1,1,1,1,1,1,1
12480,3,ama,1,1,1,1,1,1,1,1,1,1,1,1,1,1,1,1
12481,2,nda,1,1,1,1,1,1,1,1,1,1,1,1,1,1,1,1
12482,3,ani,1,1,1,1,1,1,1,1,1,1,1,1,1,1,1,1
12483,4,dar,1,1,1,1,1,1,1,1,1,1,1,1,1,1,1,1
12484,3,lah,1,1,1,1,1,1,1,1,1,1,1,1,1,1,1,1
12485,2,tri,1,1,1,1,1,1,1,1,1,1,1,1,1,1,1,1
12486,3,ifa,1,1,1,1,1,1,1,1,1,1,1,1,1,1,1,1
12487,3,hwa,1,1,1,1,1,1,1,1,1,1,1,1,1,1,1,1
12488,3,uka,1,1,1,1,1,1,1,1,1,1,1,1,1,1,1,1
12489,3,ati,1,1,1,1,1,1,1,1,1,1,1,1,1,1,1,1
12490,3,tri,1,1,1,1,1,1,1,1,1,1,1,1,1,1,1,1
12491,3,ila,1,1,1,1,1,1,1,1,1,1,1,1,1,1,1,1
12492,3,iza,1,1,1,1,1,1,1,1,1,1,1,1,1,1,1,1
12493,2,wah,1,1,1,1,1,1,1,1,1,1,1,1,1,1,1,1
12494,3,ani,1,1,1,1,1,1,1,1,1,1,1,1,1,1,1,1
12495,3,ila,1,1,1,1,1,1,1,1,1,1,1,1,1,1,1,1
12496,3,ani,1,1,1,1,1,1,1,1,1,1,1,1,1,1,1,1
12497,3,wan,1,1,1,0,1,1,0,1,1,0,1,1,0,1,1,0
12498,2,zah,1,1,1,1,1,1,1,1,1,1,1,1,1,1,1,1
12499,3,iya,1,1,1,1,1,1,1,1,1,1,1,1,1,1,1,1
12500,3,ari,1,1,1,1,1,1,1,1,1,1,1,1,1,1,1,1
12501,3,lim,1,1,1,1,1,1,1,1,1,1,1,1,1,1,1,1
12502,3,him,1,1,1,1,1,1,1,1,1,1,1,1,1,1,1,1
12503,3,ita,1,1,1,1,1,1,1,1,1,1,1,1,1,1,1,1
12504,2,hia,1,1,1,1,1,1,1,1,1,1,1,1,1,1,1,1
12505,3,ndo,1,1,1,1,1,1,1,1,1,1,1,1,1,1,1,1
12506,3,wan,1,1,1,0,1,1,0,1,1,0,1,1,0,1,1,0
12507,3,nca,1,1,1,1,1,1,1,1,1,1,1,1,1,1,1,1
12508,4,jar,1,1,1,1,1,1,1,1,1,1,1,1,1,1,1,1
12509,3,ani,1,1,1,1,1,1,1,1,1,1,1,1,1,1,1,1
12510,2,ila,1,1,1,1,1,1,1,1,1,1,1,1,1,1,1,1
12511,2,ira,1,1,1,1,1,1,1,1,1,1,1,1,1,1,1,1
12512,4,faq,1,1,1,1,1,1,1,1,1,1,1,1,1,1,1,1
12513,2,any,1,1,1,1,1,1,1,1,1,1,1,1,1,1,1,1
12514,3,odo,1,1,1,1,1,1,1,1,1,1,1,1,1,1,1,1
12515,3,ams,1,1,0,0,1,0,0,1,0,0,1,0,0,1,0,0
12516,3,tar,1,1,1,1,1,1,1,1,1,1,1,1,1,1,1,1
12517,3,wan,1,1,1,0,1,1,0,1,1,0,1,1,0,1,1,0
12518,2,fah,1,1,1,1,1,1,1,1,1,1,1,1,1,1,1,1
12519,3,man,1,1,1,0,1,1,0,1,1,0,1,1,0,1,1,0
12520,4,ndi,1,1,1,1,1,1,1,1,1,1,1,1,1,1,1,1
12521,2,yah,1,1,1,1,1,1,1,1,1,1,1,1,1,1,1,1
12522,2,lah,1,1,1,1,1,1,1,1,1,1,1,1,1,1,1,1
12523,3,ani,1,1,1,1,1,1,1,1,1,1,1,1,1,1,1,1
12524,3,tri,1,1,1,1,1,1,1,1,1,1,1,1,1,1,1,1
12525,4,aan,1,0,0,0,0,0,0,0,0,0,0,0,0,0,0,0
12526,3,win,1,0,0,0,0,0,1,0,0,1,0,0,1,0,0,1
12527,2,mad,0,0,0,0,0,0,0,0,0,0,0,0,0,0,0,0
12528,3,tri,1,1,1,1,1,1,1,1,1,1,1,1,1,1,1,1
12529,3,aka,1,1,1,1,1,1,1,1,1,1,1,1,1,1,1,1
12530,3,ina,1,1,1,1,1,1,1,1,1,1,1,1,1,1,1,1
12531,4,ine,1,1,1,1,1,1,1,1,1,1,1,1,1,1,1,1
12532,3,nky,0,0,0,0,0,0,0,0,0,0,0,0,0,0,0,0
12533,3,aha,1,1,1,0,1,1,0,1,1,0,1,1,0,1,1,0
12534,3,lia,1,1,1,1,1,1,1,1,1,1,1,1,1,1,1,1
12535,4,efa,1,1,1,1,1,1,1,1,1,1,1,1,1,1,1,1
12536,3,ani,1,1,1,1,1,1,1,1,1,1,1,1,1,1,1,1
12537,3,ana,1,1,1,1,1,1,1,1,1,1,1,1,1,1,1,1
12538,3,ika,1,1,1,1,1,1,1,1,1,1,1,1,1,1,1,1
12539,3,isa,1,1,1,1,1,1,1,1,1,1,1,1,1,1,1,1
12540,3,lya,1,1,1,1,1,1,1,1,1,1,1,1,1,1,1,1
12541,3,que,1,1,1,1,1,1,0,1,1,0,1,1,0,1,1,1
12542,3,adi,1,1,1,0,1,1,1,1,1,1,1,1,1,1,1,1
12543,3,fai,1,1,1,1,1,1,1,1,1,1,1,1,1,1,1,1
12544,4,hra,1,1,1,1,1,1,1,1,1,1,1,1,1,1,1,1
12545,3,hra,1,1,1,1,1,1,1,1,1,1,1,1,1,1,1,1
12546,2,iya,1,1,1,1,1,1,1,1,1,1,1,1,1,1,1,1
12547,2,hra,1,1,1,1,1,1,1,1,1,1,1,1,1,1,1,1
12548,2,hra,1,1,1,1,1,1,1,1,1,1,1,1,1,1,1,1
12549,3,ani,1,1,1,1,1,1,1,1,1,1,1,1,1,1,1,1
12550,2,hra,1,1,1,1,1,1,1,1,1,1,1,1,1,1,1,1
12551,3,ana,1,1,1,1,1,1,1,1,1,1,1,1,0,1,1,1
12552,3,ari,1,1,1,1,1,1,1,1,1,1,1,1,1,1,1,1
12553,3,ira,1,1,1,0,1,1,0,1,1,0,1,1,0,1,1,0
12554,3,ari,1,1,1,1,1,1,1,1,1,1,1,1,1,1,1,1
12555,3,ami,1,1,1,1,1,1,1,1,1,1,1,1,1,1,1,1
12556,3,ima,1,1,1,1,1,1,1,1,1,1,1,1,1,1,1,1
12557,2,ira,1,1,1,1,1,1,1,1,1,1,1,1,1,1,1,1
12558,3,lbi,1,1,1,1,1,1,1,1,1,1,1,1,1,1,1,1
12559,3,ida,1,1,1,1,1,1,1,1,1,1,1,1,1,1,1,1
12560,2,ani,1,1,1,1,1,1,1,1,1,1,1,1,1,1,1,1
12561,3,mil,1,1,1,1,1,1,1,1,1,1,1,1,1,1,1,1
12562,2,fah,1,1,1,1,1,1,1,1,1,1,1,1,1,1,1,1
12563,3,iah,1,1,1,1,1,1,1,1,1,1,1,1,1,1,1,1
12564,4,asa,1,1,1,1,1,1,1,1,1,1,1,1,1,1,1,1
12565,2,isa,1,1,1,1,1,1,1,1,1,1,1,1,1,1,1,1
12566,4,nny,1,1,1,1,1,1,1,1,1,1,1,1,1,1,1,1
12567,3,yan,1,1,1,1,1,1,0,1,1,0,1,1,1,1,1,0
12568,3,nah,1,1,1,1,1,1,1,1,1,1,1,1,1,1,1,1
12569,3,ani,1,1,1,1,1,1,1,1,1,1,1,1,1,1,1,1
12570,2,nah,1,1,1,1,1,1,1,1,1,1,1,1,1,1,1,1
12571,3,zti,1,1,1,1,1,1,1,1,1,1,1,1,1,1,1,1
12572,3,lah,1,1,1,1,1,1,1,1,1,1,1,1,1,1,1,1
12573,3,ara,1,1,1,1,1,1,1,1,1,1,1,1,1,1,1,1
12574,3,eni,1,1,1,1,1,1,1,1,1,1,1,1,1,1,1,1
12575,4,nat,1,1,1,1,1,1,1,1,1,1,1,1,1,1,1,1
12576,3,lah,1,1,1,1,1,1,1,1,1,1,1,1,1,1,1,1
12577,3,lia,1,1,1,1,1,1,1,1,1,1,1,1,1,1,1,1
12578,3,nti,1,1,1,1,1,1,1,1,1,1,1,1,1,1,1,1
12579,2,man,1,0,0,0,0,0,0,0,0,0,0,0,0,0,0,0
12580,2,ani,1,1,1,1,1,1,1,1,1,1,1,1,1,1,1,1
12581,3,hmi,1,1,1,1,1,1,1,1,1,1,1,1,1,1,1,1
12582,3,ana,1,1,1,1,1,1,1,1,1,1,1,1,1,1,1,1
12583,3,hra,1,1,1,1,1,1,1,1,1,1,1,1,1,1,1,1
12584,3,zky,1,0,0,0,0,0,0,0,0,0,0,0,0,0,0,0
12585,2,han,1,1,1,0,1,1,0,1,1,0,1,1,0,1,1,0
12586,4,wan,1,1,1,0,1,1,0,1,1,0,1,1,0,1,1,0
12587,2,ana,1,1,1,1,1,1,1,1,1,1,1,1,0,1,1,1
12588,3,tri,1,1,1,1,1,1,1,1,1,1,1,1,1,1,1,1
12589,2,fah,1,1,1,1,1,1,1,1,1,1,1,1,1,1,1,1
12590,3,ina,1,1,1,1,1,1,1,1,1,1,1,1,1,1,1,1
12591,2,ara,1,1,1,1,1,1,1,1,1,1,1,1,1,1,1,1
12592,3,ifa,1,1,1,0,1,1,1,1,1,0,1,1,0,1,1,1
12593,3,tri,1,1,1,1,1,1,1,1,1,1,1,1,1,1,1,1
12594,3,ani,1,1,1,1,1,1,1,1,1,1,1,1,1,1,1,1
12595,2,ira,1,1,1,1,1,1,1,1,1,1,1,1,1,1,1,1
12596,4,oso,1,1,1,1,1,1,1,1,1,1,1,1,1,1,1,1
12597,3,ani,1,1,1,1,1,1,1,1,1,1,1,1,1,1,1,1
12598,2,ali,0,0,0,0,0,0,0,0,0,0,0,0,0,0,0,0
12599,3,dan,0,0,0,0,0,0,0,0,0,0,0,0,0,0,0,0
12600,3,stu,0,0,0,0,0,0,0,0,0,0,0,0,0,0,0,0
12601,3,diq,0,0,0,0,0,0,0,0,0,0,0,0,0,0,0,0
12602,4,tro,0,0,0,0,0,0,0,0,0,0,0,0,0,0,0,0
12603,3,rdi,0,0,0,1,0,0,0,0,0,1,0,0,0,0,0,1
12604,3,tri,1,1,1,1,1,1,1,1,1,1,1,1,1,1,1,1
12605,3,uda,1,1,1,1,1,1,1,1,1,1,1,1,1,1,1,1
12606,3,ani,1,1,1,1,1,1,1,1,1,1,1,1,1,1,1,1
12607,2,tya,0,0,0,0,0,0,0,0,0,0,0,0,0,0,0,0
12608,3,ani,1,1,1,1,1,1,1,1,1,1,1,1,1,1,1,1
12609,3,uno,0,0,0,0,0,0,0,0,0,0,0,0,0,0,0,0
12610,3,ira,1,1,1,1,1,1,1,1,1,1,1,1,1,1,1,1
12611,2,iah,1,1,1,1,1,1,1,1,1,1,1,1,1,1,1,1
12612,4,nal,0,0,0,0,0,0,0,0,0,0,0,0,0,0,0,0
12613,3,nni,1,1,1,1,1,1,1,1,1,1,1,1,1,1,1,1
12614,4,lla,1,1,1,1,1,1,1,1,1,1,1,1,1,1,1,1
12615,2,nti,1,1,1,1,1,1,1,1,1,1,1,1,1,1,1,1
12616,2,iya,0,1,1,1,1,1,1,1,1,1,1,1,1,1,1,1
12617,3,ila,1,1,1,1,1,1,1,1,1,1,1,1,1,1,1,1
12618,2,isa,1,1,1,1,1,1,1,1,1,1,1,1,1,1,1,1
12619,3,mah,1,1,1,1,1,1,1,1,1,1,1,1,1,1,1,1
12620,2,dra,0,0,0,0,0,0,0,0,0,0,0,0,0,0,0,0
12621,3,rsa,1,1,1,1,1,1,1,1,1,1,1,1,1,1,1,1
12622,3,eka,0,1,1,1,1,1,1,1,1,1,1,1,0,1,1,1
12623,2,ani,0,0,0,1,0,0,1,0,0,1,0,0,1,0,0,1
12624,4,tri,1,1,1,1,1,1,1,1,1,1,1,1,1,1,1,1
12625,3,fah,1,1,1,1,1,1,1,1,1,1,1,1,1,1,1,1
12626,3,sya,0,0,0,0,0,0,0,0,0,0,0,0,0,0,0,0
12627,2,r.o,0,0,0,0,0,0,0,0,0,0,0,0,0,0,0,0
12628,3,fin,0,0,0,0,0,0,0,0,0,0,0,0,0,0,0,0
12629,3,ika,0,0,0,0,0,0,0,0,0,0,0,0,0,0,0,0
12630,3,hia,1,1,1,1,1,1,1,1,1,1,1,1,1,1,1,1
12631,3,hra,1,1,1,1,1,1,1,1,1,1,1,1,1,1,1,1
12632,3,tra,0,0,0,0,0,0,0,0,0,0,0,0,0,0,0,0
12633,2,iah,1,1,1,1,1,1,1,1,1,1,1,1,1,1,1,1
12634,3,kim,0,0,0,0,0,0,0,0,0,0,0,0,0,0,0,0
12635,2,wan,0,0,0,0,0,0,0,0,0,0,0,0,0,0,0,0
12636,3,tri,1,1,1,1,1,1,1,1,1,1,1,1,1,1,1,1
12637,3,oho,0,0,0,0,0,0,0,0,0,0,0,0,0,0,0,0
12638,3,ana,0,0,0,0,0,0,0,0,0,0,0,0,0,0,0,0
12639,3,ani,1,1,1,1,1,1,1,1,1,1,1,1,1,1,1,1
12640,3,tak,1,1,1,1,1,1,1,1,1,1,1,1,1,1,1,1
12641,3,ahi,1,1,1,1,1,1,1,1,1,1,1,1,1,1,1,1
12642,3,owo,1,1,1,0,1,1,0,1,1,0,1,1,0,1,1,0
12643,3,ang,1,1,1,1,1,1,1,1,1,1,1,1,1,1,1,1
12644,2,ina,1,1,1,1,1,1,1,1,1,1,1,1,1,1,1,1
12645,2,ian,1,0,0,0,0,0,0,0,0,0,0,0,0,0,0,0
12646,2,lla,1,1,1,1,1,1,1,1,1,1,1,1,1,1,1,1
12647,4,ani,1,1,1,1,1,1,1,1,1,1,1,1,1,1,1,1
12648,3,tha,1,1,1,1,1,1,1,1,1,1,1,1,1,1,1,1
12649,3,him,0,0,0,1,0,0,1,0,0,1,0,0,1,0,0,1
12650,2,ita,1,1,1,1,1,1,1,1,1,1,1,1,1,1,1,1
12651,4,dji,0,0,0,0,0,0,0,0,0,0,0,0,0,0,0,0
12652,3,yfa,0,0,0,0,0,0,0,0,0,0,0,0,0,0,0,0
12653,2,wan,1,1,0,0,1,0,0,1,0,0,1,0,0,1,0,0
12654,3,ndi,1,1,1,1,1,1,1,1,1,1,1,1,1,1,1,1
12655,3,mad,1,1,0,0,1,0,0,1,0,0,1,0,0,1,0,0
12656,2,nty,1,1,1,1,1,1,1,1,1,1,1,1,1,1,1,1
12657,3,tri,1,1,1,1,1,1,1,1,1,1,1,1,1,1,1,1
12658,3,zis,0,0,0,0,0,0,0,0,0,0,0,0,0,0,0,0
12659,2,ida,1,1,1,1,1,1,1,1,1,1,1,1,1,1,1,1
12660,3,lia,1,1,1,1,1,1,1,1,1,1,1,1,1,1,1,1
12661,2,zah,1,1,1,1,1,1,1,1,1,1,1,1,1,1,1,1
12662,3,tri,1,1,1,1,1,1,1,1,1,1,1,1,1,1,1,1
12663,4,yah,1,1,1,1,1,1,1,1,1,1,1,1,1,1,1,1
12664,3,ian,1,1,1,1,1,1,1,1,1,1,1,1,1,1,1,1
12665,3,isa,1,1,1,1,1,1,1,1,1,1,1,1,1,1,1,1
12666,2,mah,1,1,1,1,1,1,1,1,1,1,1,1,1,1,1,1
12667,3,nto,1,1,1,0,1,1,0,1,1,0,1,1,0,1,1,0
12668,3,ata,1,1,1,1,1,1,1,1,1,1,1,1,1,1,1,1
12669,2,din,1,0,1,0,0,1,0,0,1,1,0,1,0,0,1,0
12670,2,sya,1,1,1,1,1,1,1,1,1,1,1,1,1,1,1,1
12671,2,hra,1,1,1,1,1,1,1,1,1,1,1,1,1,1,1,1
12672,2,iya,1,1,1,1,1,1,1,1,1,1,1,1,1,1,1,1
12673,2,ian,0,0,0,0,0,0,0,0,0,0,0,0,0,0,0,0
12674,3,ana,1,1,0,0,1,0,0,1,0,0,1,0,0,1,0,0
12675,3,tri,1,1,1,1,1,1,1,1,1,1,1,1,1,1,1,1
12676,3,iah,1,1,1,1,1,1,1,1,1,1,1,1,1,1,1,1
12677,3,ati,1,1,1,1,1,1,1,1,1,1,1,1,1,1,1,1
12678,3,osa,1,1,1,1,1,1,1,1,1,1,1,1,1,1,1,1
12679,3,ine,1,1,1,1,1,1,1,1,1,1,1,1,1,1,1,1
12680,3,iha,1,1,1,1,1,1,1,1,1,1,1,1,1,1,1,1
12681,3,ani,1,1,1,1,1,1,1,1,1,1,1,1,1,1,1,1
12682,3,iar,1,1,1,1,1,1,1,1,1,1,1,1,1,1,1,1
12683,3,lla,1,1,1,1,1,1,1,1,1,1,1,1,1,1,1,1
12684,3,isa,1,1,1,1,1,1,1,1,1,1,1,1,1,1,1,1
12685,3,ani,1,1,1,1,1,1,1,1,1,1,1,1,1,1,1,1
12686,3,qis,1,1,1,1,1,1,1,1,1,1,1,1,1,1,1,1
12687,2,ila,1,1,1,1,1,1,1,1,1,1,1,1,1,1,1,1
12688,2,kya,1,1,1,1,1,1,1,1,1,1,1,1,1,1,1,1
12689,2,lla,1,1,1,1,1,1,1,1,1,1,1,1,1,1,1,1
12690,2,fia,1,1,1,1,1,1,1,1,1,1,1,1,1,1,1,1
12691,3,tri,1,1,1,1,1,1,1,1,1,1,1,1,1,1,1,1
12692,3,iza,1,1,1,1,1,1,1,1,1,1,1,1,1,1,1,1
12693,3,ila,1,1,1,1,1,1,1,1,1,1,1,1,1,1,1,1
12694,3,zan,1,1,1,1,1,1,1,1,1,1,1,1,1,1,1,1
12695,3,ada,1,1,1,1,1,1,1,1,1,0,1,1,1,1,1,1
12696,3,eri,1,1,1,1,1,1,1,1,1,1,1,1,1,1,1,1
12697,3,ani,1,1,1,1,1,1,1,1,1,1,1,1,1,1,1,1
12698,3,tri,1,1,1,1,1,1,1,1,1,1,1,1,1,1,1,1
12699,3,fah,1,1,1,1,1,1,1,1,1,1,1,1,1,1,1,1
12700,2,hra,1,1,1,1,1,1,1,1,1,1,1,1,1,1,1,1
12701,3,ana,1,1,1,1,1,1,1,1,1,1,1,1,1,1,1,1
12702,3,mna,1,1,1,1,1,1,1,1,1,1,1,1,1,1,1,1
12703,3,ewi,1,1,1,1,1,1,1,1,1,1,1,1,1,1,1,1
12704,4,nah,1,1,1,1,1,1,0,1,1,0,1,1,1,1,1,1
12705,3,ani,1,1,1,1,1,1,1,1,1,1,1,1,1,1,1,1
12706,3,rah,1,1,1,1,1,1,1,1,1,1,1,1,1,1,1,1
12707,2,ana,1,1,1,1,1,1,1,1,1,1,1,1,1,1,1,1
12708,2,lah,1,1,1,1,1,1,1,1,1,1,1,1,1,1,1,1
12709,3,kah,1,1,1,1,1,1,1,1,1,1,1,1,1,1,1,1
12710,3,ani,1,1,1,1,1,1,1,1,1,1,1,1,1,1,1,1
12711,3,fah,1,1,1,1,1,1,1,1,1,1,1,1,1,1,1,1
12712,2,ida,1,1,1,1,1,1,1,1,1,1,1,1,1,1,1,1
12713,3,wan,1,1,1,1,1,1,1,1,1,1,1,1,1,1,1,1
12714,4,nda,1,1,1,0,1,1,0,1,1,0,1,1,0,1,1,1
12715,3,yat,1,1,1,1,1,1,1,1,1,1,1,1,1,1,1,1
12716,3,nti,1,1,1,1,1,1,1,1,1,1,1,1,1,1,1,1
12717,3,ani,1,1,1,1,1,1,1,1,1,1,1,1,1,1,1,1
12718,3,tri,1,1,1,1,1,1,1,1,1,1,1,1,1,1,1,1
12719,3,afa,1,1,1,1,1,1,1,1,1,1,1,1,1,1,1,0
12720,4,rin,1,1,1,1,1,1,1,1,1,1,1,1,1,1,1,1
12721,3,hra,1,1,1,1,1,1,1,1,1,1,1,1,1,1,1,1
12722,3,lah,1,1,1,1,1,1,1,1,1,1,1,1,1,1,1,1
12723,4,nto,1,1,1,1,1,1,1,1,1,1,1,1,1,1,1,1
12724,3,tri,1,1,1,1,1,1,1,1,1,1,1,1,1,1,1,1
12725,3,tri,1,1,1,1,1,1,1,1,1,1,1,1,1,1,1,1
12726,4,hii,1,1,1,1,1,1,1,1,1,1,1,1,1,1,1,1
12727,3,nii,1,1,1,1,1,1,1,1,1,1,1,1,1,1,1,1
12728,3,isy,1,1,1,0,1,1,0,1,1,0,1,1,0,1,1,1
12729,3,tya,0,0,0,0,0,0,0,0,0,0,0,0,0,0,0,0
12730,3,ssa,1,1,1,1,1,1,1,1,1,1,1,1,1,1,1,1
12731,3,ini,1,1,1,1,1,1,1,1,1,1,1,1,1,1,1,1
12732,2,ren,1,1,1,1,1,1,1,1,1,1,1,1,0,1,1,0
12733,5,kte,0,0,0,0,0,0,0,0,0,0,0,0,0,0,0,0
12734,2,eta,1,1,1,1,1,1,1,1,1,1,1,1,1,1,1,1
12735,4,sil,0,0,0,0,0,0,0,0,0,0,0,0,0,0,0,0
12736,4,tan,1,1,1,1,1,1,1,1,1,1,1,1,1,1,1,1
12737,4,tri,1,1,1,1,1,1,1,1,1,1,1,1,1,1,1,1
12738,2,sti,1,1,1,1,1,1,1,1,1,1,1,1,1,1,1,1
12739,3,nta,1,1,1,1,1,1,1,1,1,1,1,1,1,1,1,1
12740,3,ian,1,1,1,1,1,1,1,1,1,1,1,1,1,1,1,1
12741,2,lia,1,1,1,1,1,1,1,1,1,1,1,1,1,1,1,1
12742,3,fia,1,1,1,1,1,1,1,1,1,1,1,1,1,1,1,1
12743,2,rta,1,1,1,1,1,1,1,1,1,1,1,1,1,1,1,1
12744,3,yah,1,1,1,0,1,1,0,1,1,0,1,1,0,1,1,0
12745,4,tri,1,1,1,1,1,1,1,1,1,1,1,1,1,1,1,1
12746,3,ani,1,1,1,1,1,1,1,1,1,1,1,1,1,1,1,1
12747,4,ati,1,1,1,1,1,1,1,1,1,1,1,1,1,1,1,1
12748,3,eny,1,1,1,1,1,1,1,1,1,1,1,1,1,1,1,1
12749,3,hra,1,1,1,1,1,1,1,1,1,1,1,1,1,1,1,1
12750,3,rgi,1,1,1,1,1,1,1,1,1,1,1,1,1,1,1,1
12751,3,nti,1,1,1,1,1,1,1,1,1,1,1,1,1,1,1,1
12752,3,tri,1,1,1,1,1,1,1,1,1,1,1,1,1,1,1,1
12753,3,tri,1,1,1,1,1,1,1,1,1,1,1,1,1,1,1,1
12754,4,lia,1,1,1,1,1,1,1,1,1,1,1,1,1,1,1,1
12755,3,lia,1,1,1,1,1,1,1,1,1,1,1,1,1,1,1,1
12756,3,adi,1,1,1,1,1,1,1,1,1,1,1,1,1,1,1,1
12757,3,ani,1,1,1,1,1,1,1,1,1,1,1,1,1,1,1,1
12758,4,ani,1,1,1,1,1,1,1,1,1,1,1,1,1,1,1,1
12759,2,aja,1,1,1,1,1,1,1,1,1,1,1,1,1,1,1,1
12760,3,ika,1,1,1,1,1,1,1,1,1,1,1,1,1,1,1,1
12761,3,tri,1,1,1,1,1,1,1,1,1,1,1,1,1,1,1,1
12762,3,tri,1,1,1,1,1,1,1,1,1,1,1,1,1,1,1,1
12763,3,ian,0,0,1,0,0,1,1,0,1,1,0,1,0,0,1,0
12764,3,nti,1,1,1,1,1,1,1,1,1,1,1,1,1,1,1,1
12765,3,nto,0,0,0,0,0,0,0,0,0,0,0,0,0,0,0,0
12766,3,zky,0,0,0,0,0,0,0,0,0,0,0,0,0,0,0,0
12767,3,uba,0,0,0,0,0,0,0,0,0,0,0,0,0,0,0,0
12768,3,ori,0,0,0,0,0,0,0,0,0,0,0,0,0,0,0,0
12769,2,tra,0,0,0,0,0,0,0,0,0,0,0,0,0,0,0,0
12770,4,and,0,0,0,0,0,0,0,0,0,0,0,0,0,0,0,0
12771,3,ono,0,0,0,0,0,0,0,0,0,0,0,0,0,0,0,0
12772,3,oro,0,0,0,0,0,0,0,0,0,0,0,0,0,0,0,0
12773,2,uri,0,0,0,0,0,0,0,0,0,1,0,0,0,0,0,1
12774,3,tri,1,1,1,1,1,1,1,1,1,1,1,1,1,1,1,1
12775,4,rba,1,1,1,1,1,1,1,1,1,1,1,1,1,1,1,1
12776,3,ang,1,1,1,1,1,1,1,1,1,1,1,1,1,1,1,1
12777,3,nty,1,1,1,1,1,1,1,1,1,1,1,1,1,1,1,1
12778,3,ang,0,0,0,0,0,0,0,0,0,0,0,0,0,0,0,0
12779,2,ael,0,0,0,0,0,0,0,0,0,0,0,0,0,0,0,0
12780,3,nda,1,0,0,0,0,0,0,0,0,0,0,0,0,0,0,0
12781,3,aru,1,1,1,1,1,1,1,1,1,1,1,1,1,1,1,1
12782,2,lah,0,0,0,0,0,0,0,0,0,0,0,0,0,0,0,0
12783,3,nto,0,0,0,0,0,0,0,0,0,0,0,0,0,0,0,0
12784,2,ani,0,0,0,0,0,0,0,0,0,0,0,0,0,0,0,0
12785,2,yan,0,0,0,0,0,0,0,0,0,0,0,0,0,0,0,0
12786,2,ino,0,0,0,0,0,0,0,0,0,0,0,0,0,0,0,0
12787,2,oro,0,0,0,0,0,0,0,0,0,0,0,0,0,0,0,0
12788,3,afi,0,0,0,0,0,0,0,0,0,0,0,0,0,0,0,0
12789,3,tra,0,0,0,0,0,0,0,0,0,0,0,0,0,0,0,0
12790,2,tzi,0,0,0,0,0,0,0,0,0,0,0,0,0,0,0,0
12791,3,ina,0,0,0,1,0,0,1,0,0,1,0,0,1,0,0,1
12792,3,lmi,0,0,0,0,0,0,0,0,0,0,0,0,0,0,0,0
12793,3,kut,0,0,0,0,0,0,0,0,0,0,0,0,0,0,0,0
12794,3,iqa,0,0,0,0,0,0,0,0,0,0,0,0,0,0,0,0
12795,2,yah,0,0,0,0,0,0,0,0,0,0,0,0,0,0,0,0
12796,3,iqi,0,0,0,0,0,0,0,0,0,0,0,0,0,0,0,0
12797,3,any,0,0,0,0,0,0,0,0,0,0,0,0,0,0,0,0
12798,2,yah,0,0,0,0,0,0,0,0,0,0,0,0,0,0,0,0
12799,2,tya,0,0,0,0,0,0,0,0,0,0,0,0,0,0,0,0
12800,3,diq,0,0,0,0,0,0,0,0,0,0,0,0,0,0,0,0
12801,3,riq,0,0,0,0,0,0,0,0,0,0,0,0,0,0,0,0
12802,3,man,0,0,0,0,0,0,0,0,0,0,0,0,0,0,0,0
12803,5,put,0,0,0,0,0,0,0,0,0,0,0,0,0,0,0,0
12804,3,ono,0,0,0,0,0,0,0,0,0,0,0,0,0,0,0,0
12805,3,ilo,0,0,0,0,0,0,0,0,0,0,0,0,0,0,0,0
12806,3,oso,0,0,0,0,0,0,0,0,0,0,0,0,0,0,0,0
12807,4,owo,0,0,0,0,0,0,0,0,0,0,0,0,0,0,0,0
12808,2,ara,0,0,0,0,0,0,0,0,0,0,0,0,0,0,0,0
12809,3,tha,0,0,0,0,0,0,0,0,0,0,0,0,0,0,0,0
12810,3,ana,0,0,0,0,0,0,0,0,0,0,0,0,0,0,0,0
12811,3,ama,0,0,0,0,0,0,0,0,0,0,0,0,0,0,0,0
12812,3,tra,0,0,0,0,0,0,0,0,0,0,0,0,0,0,0,0
12813,3,lah,0,0,0,0,0,0,0,0,0,0,0,0,0,0,0,0
12814,3,nda,0,0,0,0,0,0,0,0,0,0,0,0,0,0,0,0
12815,3,ari,0,0,0,0,0,0,0,0,0,0,0,0,0,0,0,0
12816,2,lah,0,0,0,0,0,0,0,0,0,0,0,0,0,0,0,0
12817,3,ias,0,0,0,0,0,0,0,0,0,0,0,0,0,0,0,0
12818,3,afy,0,0,0,0,0,0,0,0,0,0,0,0,0,0,0,0
12819,2,ras,0,0,0,0,0,0,0,0,0,0,0,0,0,0,0,0
12820,3,izq,0,0,0,0,0,0,0,0,0,0,0,0,0,0,0,0
12821,3,bar,0,0,0,0,0,0,0,0,0,0,0,0,0,0,0,0
12822,3,lah,0,0,0,0,0,0,0,0,0,0,0,0,0,0,0,0
12823,3,ono,0,0,0,0,0,0,0,0,0,0,0,0,0,0,0,0
12824,4,omo,0,0,0,0,0,0,0,0,0,0,0,0,0,0,0,0
12825,2,fid,0,0,0,0,0,0,0,0,0,0,0,0,0,0,0,0
12826,3,oro,0,0,0,0,0,0,0,0,0,0,0,0,0,0,0,0
12827,2,sah,0,0,0,0,0,0,0,0,0,0,0,0,0,0,0,0
12828,4,dza,0,0,0,0,0,0,0,0,0,0,0,0,0,0,0,0
12829,4,ani,0,0,0,1,0,0,0,0,0,1,0,0,1,0,0,1
12830,2,ish,0,0,0,0,0,0,0,0,0,0,0,0,0,0,0,0
12831,3,aki,0,0,0,0,0,0,0,0,0,0,0,0,0,0,0,0
12832,4,adi,0,0,0,0,0,0,0,0,0,0,0,0,0,0,0,0
12833,2,zib,0,0,0,0,0,0,0,0,0,0,0,0,0,0,0,0
12834,3,qii,0,0,0,0,0,0,0,0,0,0,0,0,0,0,0,0
12835,2,hil,0,0,0,0,0,0,0,0,0,0,0,0,0,0,0,0
12836,3,lah,0,0,0,0,0,0,0,0,0,0,0,0,0,0,0,0
12837,3,ziz,0,0,0,0,0,0,0,0,0,0,0,0,0,0,0,0
12838,2,ira,0,0,0,0,0,0,0,0,0,0,0,0,0,0,0,0
12839,3,una,0,0,0,0,0,0,0,0,0,0,0,0,0,0,0,0
12840,3,yah,0,0,0,0,0,0,0,0,0,0,0,0,0,0,0,0
12841,3,tya,0,0,0,0,0,0,0,0,0,0,0,0,0,0,0,0
12842,3,yya,0,0,0,0,0,0,0,0,0,0,0,0,0,0,0,0
12843,3,oko,0,0,0,0,0,0,0,0,0,0,0,0,0,0,0,0
12844,3,din,0,0,0,0,0,0,0,0,0,0,0,0,0,0,0,0
12845,3,aha,0,0,0,0,0,0,0,0,0,0,0,0,0,0,0,0
12846,2,fif,0,0,0,0,0,0,0,0,0,0,0,0,0,0,0,0
12847,3,ani,0,0,0,0,0,0,0,0,0,0,0,0,0,0,0,0
12848,3,din,0,0,0,0,0,0,0,0,0,0,0,0,0,0,0,0
12849,3,iar,0,0,0,0,0,0,0,0,0,0,0,0,0,0,0,0
12850,4,tro,0,0,0,0,0,0,0,0,0,0,0,0,0,0,0,0
12851,3,han,0,0,0,0,0,0,0,0,0,0,0,0,0,0,0,0
12852,2,zki,0,0,0,0,0,0,0,0,0,0,0,0,0,0,0,0
12853,3,aya,0,0,0,0,0,0,0,0,0,0,0,0,0,0,0,0
12854,2,ono,0,0,0,0,0,0,0,0,0,0,0,0,0,0,0,0
12855,4,oro,0,0,0,0,0,0,0,0,0,0,0,0,0,0,0,0
12856,3,ama,0,0,0,0,0,0,0,0,0,0,0,0,0,0,0,0
12857,2,ira,0,0,0,0,0,0,0,0,0,0,0,0,0,0,0,0
12858,2,ria,0,0,0,0,0,0,0,0,0,0,0,0,0,0,0,0
12859,3,ana,0,0,0,0,0,0,0,0,0,0,0,0,0,0,0,0
12860,3,lmi,0,0,0,0,0,0,0,0,0,0,0,0,0,0,0,0
12861,3,man,0,0,0,0,0,0,0,0,0,0,0,0,0,0,0,0
12862,2,ila,0,0,0,0,0,0,1,0,0,0,0,0,1,0,0,0
12863,2,jri,0,0,0,0,0,0,0,0,0,0,0,0,0,0,0,0
12864,3,gar,1,1,1,1,1,1,1,1,1,1,1,1,1,1,1,1
12865,3,ana,1,1,1,1,1,1,1,1,1,1,1,1,1,1,1,1
12866,1,ura,1,1,1,1,1,1,1,1,1,1,1,1,1,1,1,1
12867,3,sty,1,1,1,1,1,1,1,1,1,1,1,1,1,1,1,1
12868,3,ita,1,1,1,1,1,1,1,1,1,1,1,1,1,1,1,1
12869,3,aya,1,1,1,1,1,1,1,1,1,1,1,1,1,1,1,1
12870,3,bna,1,1,1,1,1,1,1,1,1,1,1,1,1,1,1,1
12871,3,omo,1,1,1,1,1,1,1,1,1,1,1,1,1,1,1,1
12872,3,fin,1,1,1,1,1,1,1,1,1,1,1,1,1,1,1,1
12873,4,ila,1,1,1,1,1,1,1,1,1,1,1,1,1,1,1,1
12874,3,ana,1,1,1,1,1,1,1,1,1,1,1,1,1,1,1,1
12875,4,asi,1,1,1,1,1,1,1,1,1,1,1,1,1,1,1,1
12876,2,lia,1,1,1,1,1,1,1,1,1,1,1,1,1,1,1,1
12877,4,nsa,1,1,1,1,1,1,1,1,1,1,1,1,1,1,1,1
12878,3,fah,1,1,1,1,1,1,1,1,1,1,1,1,1,1,1,1
12879,3,ani,1,1,1,1,1,1,1,1,1,1,1,1,1,1,1,1
12880,3,isa,1,1,1,1,1,1,1,1,1,1,1,1,1,1,1,1
12881,3,hra,1,1,1,1,1,1,1,1,1,1,1,1,1,1,1,1
12882,2,lah,1,1,1,1,1,1,1,1,1,1,1,1,1,1,1,1
12883,2,sya,1,1,1,1,1,1,1,1,1,1,1,1,1,1,1,1
12884,3,iwi,1,1,1,1,1,1,1,1,1,1,1,1,1,1,1,1
12885,3,yya,1,1,1,1,1,1,1,1,1,1,1,1,1,1,1,1
12886,4,zky,1,1,1,1,1,1,1,1,1,1,1,1,1,1,1,1
12887,4,ono,1,1,1,1,1,1,1,1,1,1,1,1,1,1,1,1
12888,4,wan,1,1,1,0,1,1,0,1,1,0,1,1,0,1,1,0
12889,3,ein,1,1,1,1,1,1,1,1,1,1,1,1,1,1,1,1
12890,2,ila,1,1,1,1,1,1,1,1,1,1,1,1,1,1,1,1
12891,3,ani,1,1,1,1,1,1,1,1,1,1,1,1,1,1,1,1
12892,3,lah,1,1,1,1,1,1,1,1,1,1,1,1,1,1,1,1
12893,3,dhi,1,1,1,1,1,1,1,1,1,1,1,1,1,1,1,1
12894,4,iah,1,1,1,1,1,1,1,1,1,1,1,1,1,1,1,1
12895,2,ira,1,1,1,1,1,1,1,1,1,1,1,1,1,1,1,1
12896,3,dli,1,1,1,1,1,1,1,1,1,1,1,1,1,1,1,1
12897,3,ani,1,1,1,1,1,1,1,1,1,1,1,1,1,1,1,1
12898,3,hra,1,1,1,1,1,1,1,1,1,1,1,1,1,1,1,1
12899,3,nty,1,1,1,1,1,1,1,1,1,1,1,1,1,1,1,1
12900,3,aus,1,1,1,0,1,1,1,1,1,0,1,1,0,1,1,0
12901,4,tri,1,1,1,1,1,1,1,1,1,1,1,1,1,1,1,1
12902,2,yal,1,1,1,1,1,1,1,1,1,1,1,1,1,1,1,0
12903,3,ziz,1,1,1,1,1,1,1,1,1,1,1,1,1,1,1,1
12904,4,fah,1,1,1,1,1,1,1,1,1,1,1,1,1,1,1,1
12905,3,ana,1,1,1,0,1,1,1,1,1,1,1,1,1,1,1,1
12906,2,lah,1,1,1,1,1,1,1,1,1,1,1,1,1,1,1,1
12907,2,ani,1,1,1,1,1,1,1,1,1,1,1,1,1,1,1,1
12908,2,ila,1,1,1,1,1,1,1,1,1,1,1,1,1,1,1,1
12909,2,lla,1,1,1,1,1,1,1,1,1,1,1,1,1,1,1,1
12910,3,hia,1,1,1,1,1,1,1,1,1,1,1,1,1,1,1,1
12911,3,nue,1,1,1,0,1,1,1,1,1,0,1,1,0,1,1,0
12912,3,fan,1,1,1,1,1,1,1,1,1,1,1,1,1,1,1,1
12913,3,tno,0,0,0,0,0,0,0,0,0,0,0,0,0,0,0,0
12914,4,kim,0,0,0,0,0,0,0,0,0,0,0,0,0,0,0,0
12915,3,aki,0,0,0,0,0,0,0,0,0,0,0,0,0,0,0,0
12916,3,tri,1,1,1,1,1,1,1,1,1,1,1,1,1,1,1,1
12917,3,sha,0,0,0,0,0,0,0,0,0,0,0,0,0,0,0,0
12918,4,fis,0,0,1,0,0,1,0,0,1,0,0,1,0,0,1,0
12919,3,ina,1,1,1,1,1,1,1,1,1,1,1,1,1,1,1,1
12920,2,ita,1,1,1,1,1,1,1,1,1,1,1,1,1,1,1,1
12921,3,hra,1,1,1,1,1,1,1,1,1,1,1,1,1,1,1,1
12922,3,ani,1,1,1,1,1,1,1,1,1,1,1,1,1,1,1,1
12923,4,yat,1,1,1,1,1,1,1,1,1,1,1,1,1,1,1,1
12924,4,wan,1,1,1,1,1,1,1,1,1,1,1,1,1,1,1,0
12925,3,ega,1,1,1,1,1,1,1,1,1,1,1,1,1,1,1,1
12926,3,epa,1,1,1,0,1,1,0,1,1,1,1,1,0,1,1,0
12927,3,hra,1,1,1,1,1,1,1,1,1,1,1,1,1,1,1,1
12928,3,yan,0,0,0,0,0,0,0,0,0,0,0,0,0,0,0,0
12929,3,man,1,1,1,0,1,1,0,1,1,0,1,1,0,1,1,0
12930,3,oro,1,0,0,0,0,0,0,0,0,0,0,0,0,0,0,0
12931,4,zan,0,0,0,0,0,0,0,0,0,0,0,0,0,0,0,0
12932,2,ita,1,1,1,1,1,1,1,1,1,1,1,1,1,1,1,1
12933,2,ari,1,1,1,1,1,1,1,1,1,1,1,1,1,1,1,1
12934,3,ara,1,1,1,0,1,1,0,1,1,1,1,1,1,1,1,0
12935,5,ird,1,1,1,1,1,1,1,1,1,1,1,1,1,1,1,1
12936,3,zky,0,0,0,0,0,0,0,0,0,0,0,0,0,0,0,0
12937,3,ari,0,0,0,0,0,0,0,0,0,0,0,0,0,0,0,0
12938,2,lib,0,0,0,0,0,0,0,0,0,0,0,0,0,0,0,0
12939,3,tri,1,1,1,1,1,1,1,1,1,1,1,1,1,1,1,1
12940,2,ija,1,1,1,1,1,1,1,1,1,1,1,1,1,1,1,1
12941,2,ana,1,1,1,1,1,1,1,1,1,1,1,1,1,1,1,1
12942,2,ida,1,1,1,1,1,1,1,1,1,1,1,1,1,1,1,1
12943,3,sna,0,0,1,1,0,1,0,0,1,0,0,1,0,0,1,0
12944,3,nto,0,0,0,0,0,0,0,0,0,0,0,0,0,0,0,0
12945,3,ama,1,1,1,1,1,1,1,1,1,1,1,1,1,1,1,1
12946,3,ana,0,0,0,1,0,0,1,0,0,1,0,0,1,0,0,0
12947,4,ata,0,0,0,1,0,0,1,0,0,1,0,0,1,0,0,0
12948,3,ana,0,0,0,0,0,0,0,0,0,0,0,0,0,0,0,0
12949,2,ana,0,0,0,0,0,0,0,0,0,0,0,0,0,0,0,0
12950,3,llo,0,0,0,0,0,0,0,0,0,0,0,0,0,0,0,0
12951,3,ieb,1,1,1,1,1,1,1,1,1,1,1,1,1,1,1,1
12952,2,hra,1,1,1,1,1,1,1,1,1,1,1,1,1,1,1,1
12953,3,via,1,1,1,1,1,1,1,1,1,1,1,1,1,1,1,1
12954,2,ira,1,1,1,1,1,1,1,1,1,1,1,1,1,1,1,1
12955,4,ida,1,1,1,1,1,1,1,1,1,1,1,1,1,1,1,1
12956,3,nah,1,1,1,1,1,1,1,1,1,1,1,1,1,1,1,1
12957,3,tri,1,1,1,1,1,1,1,1,1,1,1,1,1,1,1,1
12958,2,ira,1,1,1,1,1,1,1,1,1,1,1,1,1,1,1,1
12959,2,ani,1,1,1,1,1,1,1,1,1,1,1,1,1,1,1,1
12960,3,mad,1,1,1,0,1,1,0,1,1,0,1,1,0,1,1,0
12961,2,ewi,1,1,1,1,1,1,1,1,1,1,1,1,1,1,1,1
12962,3,iwi,1,1,1,1,1,1,1,1,1,1,1,1,1,1,1,1
12963,4,una,1,1,1,1,1,1,1,1,1,1,1,1,1,1,1,1
12964,3,ani,1,1,1,1,1,1,1,1,1,1,1,1,1,1,1,1
12965,2,hra,1,1,1,1,1,1,1,1,1,1,1,1,1,1,1,1
12966,4,yah,1,1,1,1,1,1,1,1,1,1,1,1,1,1,1,1
12967,3,bas,1,1,1,1,1,1,1,1,1,1,1,1,1,1,1,1
12968,3,lla,1,1,1,1,1,1,1,1,1,1,1,1,1,1,1,1
12969,3,cky,1,1,1,1,1,1,1,1,1,1,1,1,1,1,1,1
12970,2,ara,1,1,1,1,1,1,1,1,1,1,1,1,1,1,1,1
12971,3,ari,1,1,1,1,1,1,1,1,1,1,1,1,1,1,1,1
12972,3,ura,1,1,1,1,1,1,1,1,1,1,1,1,1,1,1,1
12973,3,tin,1,1,1,1,1,1,1,1,1,1,1,1,1,1,1,1
12974,4,tri,1,1,1,1,1,1,1,1,1,1,1,1,1,1,1,1
12975,2,ani,1,1,1,1,1,1,1,1,1,1,1,1,1,1,1,1
12976,3,ani,1,1,1,1,1,1,1,1,1,1,1,1,1,1,1,1
12977,4,hni,1,1,1,1,1,1,1,1,1,1,1,1,1,1,1,1
12978,2,sya,1,1,1,1,1,1,1,1,1,1,1,1,1,1,1,1
12979,3,hra,1,1,1,1,1,1,1,1,1,1,1,1,1,1,1,1
12980,3,ani,1,1,1,1,1,1,1,1,1,1,1,1,1,1,1,1
12981,3,rso,1,1,1,1,1,1,1,1,1,1,1,1,1,1,1,1
12982,3,nto,1,0,0,0,0,0,0,0,0,0,0,0,0,0,0,0
12983,3,nti,1,1,1,1,1,1,1,1,1,1,1,1,1,1,1,1
12984,3,ira,1,1,1,1,1,1,1,1,1,1,1,1,1,1,1,1
12985,3,ani,1,1,1,1,1,1,1,1,1,1,1,1,1,1,1,1
12986,2,zah,1,1,1,1,1,1,1,1,1,1,1,1,1,1,1,1
12987,3,ina,1,1,1,1,1,1,1,1,1,1,1,1,1,1,1,1
12988,3,ama,1,1,1,1,1,1,1,1,1,1,1,1,1,1,1,1
12989,3,nto,1,1,1,0,1,1,0,1,1,0,1,1,0,1,1,0
12990,3,iha,1,1,1,1,1,1,1,1,1,1,1,1,1,1,1,1
12991,3,hra,1,1,1,1,1,1,1,1,1,1,1,1,1,1,1,1
12992,2,fah,1,1,1,1,1,1,1,1,1,1,1,1,1,1,1,1
12993,2,ari,1,1,1,1,1,1,1,1,1,1,1,1,1,1,1,1
12994,3,hra,1,1,1,1,1,1,1,1,1,1,1,1,1,1,1,1
12995,3,ari,1,1,1,1,1,1,1,1,1,1,1,1,1,1,1,1
12996,3,ena,1,1,1,1,1,1,1,1,1,1,1,1,1,1,1,1
12997,2,ika,1,1,1,1,1,1,1,1,1,1,1,1,1,1,1,1
12998,3,ani,1,1,1,1,1,1,1,1,1,1,1,1,1,1,1,1
12999,2,dah,1,1,1,1,1,1,1,1,1,1,1,1,1,1,1,1
13000,3,lan,1,1,1,1,1,1,1,1,1,1,1,1,1,1,1,1
13001,2,rza,1,1,1,1,1,1,1,1,1,1,1,1,1,1,1,1
13002,4,ana,1,1,1,1,1,1,1,1,1,1,1,1,1,1,1,1
13003,2,dah,1,1,1,1,1,1,1,1,1,1,1,1,1,1,1,1
13004,3,yah,1,1,1,1,1,1,1,1,1,1,1,1,1,1,1,1
13005,2,sha,1,1,1,1,1,1,1,1,1,1,1,1,1,1,1,1
13006,4,hwa,1,1,1,1,1,1,1,1,1,1,1,1,1,1,1,1
13007,3,nar,1,1,1,1,1,1,1,1,1,1,1,1,1,1,1,1
13008,3,zmi,1,1,1,1,1,1,1,1,1,1,1,1,1,1,1,1
13009,2,ini,1,1,1,1,1,1,1,1,1,1,1,1,1,1,1,1
13010,3,lah,1,1,1,1,1,1,1,1,1,1,1,1,1,1,1,1
13011,3,nti,1,1,1,1,1,1,1,1,1,1,1,1,1,1,1,1
13012,2,nti,1,1,1,1,1,1,1,1,1,1,1,1,1,1,1,1
13013,3,ari,1,1,1,1,1,1,1,1,1,1,1,1,1,1,1,1
13014,3,nto,1,1,1,1,1,1,1,1,1,1,1,1,1,1,1,1
13015,3,hra,1,1,1,1,1,1,1,1,1,1,1,1,1,1,1,1
13016,3,joe,1,1,1,1,1,1,1,1,1,1,1,1,1,1,1,1
13017,3,ini,1,1,1,1,1,1,1,1,1,1,1,1,1,1,1,1
13018,3,rah,1,1,1,1,1,1,1,1,1,1,1,1,1,1,1,1
13019,3,ndi,1,1,1,1,1,1,1,1,1,1,1,1,1,1,1,1
13020,3,tri,1,1,1,1,1,1,1,1,1,1,1,1,1,1,1,1
13021,3,nah,1,1,1,1,1,1,1,1,1,1,1,1,1,1,1,1
13022,3,nda,1,1,1,1,1,1,1,1,1,1,1,1,1,1,1,1
13023,2,ila,1,1,1,1,1,1,1,1,1,1,1,1,1,1,1,1
13024,3,ani,1,1,1,1,1,1,1,1,1,1,1,1,1,1,1,1
13025,2,ira,1,1,1,1,1,1,1,1,1,1,1,1,1,1,1,1
13026,3,nti,1,1,1,1,1,1,1,1,1,1,1,1,1,1,1,1
13027,3,yah,1,1,1,0,1,1,0,1,1,0,1,1,0,1,1,0
13028,3,man,1,1,1,1,1,1,1,1,1,1,1,1,1,1,1,1
13029,2,bid,1,1,1,1,1,1,1,1,1,0,1,1,1,1,1,1
13030,2,ila,1,1,1,1,1,1,1,1,1,1,1,1,1,1,1,1
13031,3,dah,1,1,1,1,1,1,1,1,1,1,1,1,1,1,1,1
13032,3,iha,1,1,1,1,1,1,1,1,1,1,1,1,1,1,1,1
13033,3,tri,1,1,1,1,1,1,1,1,1,1,1,1,1,1,1,1
13034,3,dra,1,1,1,1,1,1,1,1,1,1,1,1,1,1,1,1
13035,3,ani,1,1,1,1,1,1,1,1,1,1,1,1,1,1,1,1
13036,3,oni,1,1,1,1,1,1,1,1,1,1,1,1,1,1,1,1
13037,3,ara,1,1,1,1,1,1,1,1,1,1,1,1,1,1,1,1
13038,3,afe,1,1,0,0,1,0,0,1,0,0,1,0,0,1,0,0
13039,3,tia,1,1,1,1,1,1,1,1,1,1,1,1,1,1,1,1
13040,3,tri,1,1,1,1,1,1,1,1,1,1,1,1,1,1,1,1
13041,4,tri,1,1,1,1,1,1,1,1,1,1,1,1,1,1,1,1
13042,3,man,1,1,1,0,1,1,0,1,1,0,1,1,0,1,1,0
13043,3,lia,1,1,1,1,1,1,1,1,1,1,1,1,1,1,1,1
13044,3,osi,1,1,1,1,1,1,1,1,1,1,1,1,1,1,1,1
13045,3,wan,1,1,1,1,1,1,1,1,1,1,1,1,1,1,1,1
13046,2,yah,1,1,1,1,1,1,1,1,1,1,1,1,1,1,1,1
13047,2,ira,1,1,1,1,1,1,1,1,1,1,1,1,1,1,1,1
13048,3,ada,0,0,0,1,0,0,1,0,0,0,0,0,1,0,0,1
13049,4,put,1,1,1,1,1,1,1,1,1,1,1,1,1,1,1,1
13050,3,ira,1,1,1,1,1,1,1,1,1,1,1,1,1,1,1,1
13051,2,fia,1,1,1,1,1,1,1,1,1,1,1,1,1,1,1,1
13052,2,tri,1,1,1,1,1,1,1,1,1,1,1,1,1,1,1,1
13053,3,mah,1,1,1,1,1,1,1,1,1,1,1,1,1,1,1,1
13054,3,ida,1,1,1,1,1,1,1,1,1,1,1,1,1,1,1,1
13055,3,han,1,1,1,1,1,1,0,1,1,1,1,1,1,1,1,0
13056,2,ila,1,1,1,1,1,1,1,1,1,1,1,1,1,1,1,1
13057,3,sya,1,1,1,1,1,1,1,1,1,1,1,1,1,1,1,1
13058,3,lia,1,0,1,1,0,1,1,0,1,1,0,1,1,0,1,1
13059,2,yra,1,1,1,1,1,1,1,1,1,1,1,1,1,1,1,1
13060,3,ani,1,1,1,1,1,1,1,1,1,1,1,1,1,1,1,1
13061,3,yya,1,1,1,0,1,1,1,1,1,0,1,1,1,1,1,1
13062,3,kim,0,0,0,0,0,0,0,0,0,0,0,0,0,0,0,0
13063,3,hri,0,0,0,0,0,0,0,0,0,0,0,0,0,0,0,0
13064,4,gni,0,0,0,1,0,0,1,0,0,1,0,0,1,0,0,1
13065,2,ndi,1,0,0,0,0,0,0,0,0,0,0,0,0,0,0,0
13066,3,ani,1,1,1,1,1,1,1,1,1,1,1,1,1,1,1,1
13067,4,coi,1,1,1,1,1,1,1,1,1,1,1,1,1,1,1,1
13068,3,dha,1,0,0,0,0,0,0,0,0,0,0,0,0,0,0,0
13069,3,uan,1,1,1,1,1,1,1,1,1,1,1,1,1,1,1,1
13070,2,iah,1,1,1,1,1,1,1,1,1,1,1,1,1,1,1,1
13071,3,rah,1,1,1,1,1,1,1,1,1,1,1,1,1,1,1,1
13072,2,fah,1,1,1,1,1,1,1,1,1,1,1,1,1,1,1,1
13073,3,ani,1,1,1,1,1,1,1,1,1,1,1,1,1,1,1,1
13074,3,awi,1,1,1,1,1,1,1,1,1,1,1,1,1,1,1,1
13075,2,qin,0,0,0,0,0,0,0,0,0,0,0,0,0,0,0,0
13076,3,ssy,1,1,1,1,1,1,1,1,1,1,1,1,1,1,1,1
13077,3,tri,1,1,1,1,1,1,1,1,1,1,1,1,1,1,1,1
13078,3,sha,1,1,1,1,1,1,1,1,1,1,1,1,1,1,1,1
13079,2,ani,1,1,1,1,1,1,1,1,1,1,1,1,1,1,1,1
13080,3,sno,1,1,1,1,1,1,1,1,1,1,1,1,1,1,1,1
13081,4,rum,1,1,1,1,1,1,1,1,1,1,1,1,1,1,1,1
13082,4,ati,1,1,1,1,1,1,1,1,1,1,1,1,1,1,1,1
13083,2,lia,1,1,1,1,1,1,1,1,1,1,1,1,1,1,1,1
13084,3,ica,1,1,1,1,1,1,1,1,1,1,1,1,1,1,1,1
13085,4,ati,1,1,1,1,1,1,1,1,1,1,1,1,1,1,1,1
13086,4,hda,1,1,1,1,1,1,1,1,1,1,1,1,1,1,1,1
13087,2,hia,1,1,1,1,1,1,1,1,1,1,1,1,1,1,1,1
13088,3,tri,1,1,1,1,1,1,1,1,1,1,1,1,1,1,1,1
13089,3,ody,1,1,0,0,1,0,0,1,0,0,1,0,0,1,0,0
13090,3,ofa,1,1,1,1,1,1,1,1,1,1,1,1,1,1,1,1
13091,4,wan,1,0,0,0,0,0,0,0,0,0,0,0,0,0,0,0
13092,3,lwa,1,1,1,1,1,1,1,1,1,1,1,1,1,1,1,1
13093,4,iza,0,1,1,1,1,1,1,1,1,1,1,1,1,1,1,1
13094,3,han,0,0,0,0,0,0,0,0,0,0,0,0,0,0,0,0
13095,3,uti,0,0,0,0,0,0,0,0,0,0,0,0,0,0,0,0
13096,3,ani,1,1,1,1,1,1,1,1,1,1,1,1,1,1,1,1
13097,3,ani,1,1,1,1,1,1,1,1,1,1,1,1,1,1,1,1
13098,1,zwa,1,1,1,1,1,1,1,1,1,1,1,1,1,1,1,1
13099,3,mat,1,1,1,1,1,1,1,1,1,1,1,1,1,1,1,1
13100,3,lia,1,1,1,1,1,1,1,1,1,1,1,1,1,1,1,1
13101,3,tri,1,1,1,1,1,1,1,1,1,1,1,1,1,1,1,1
13102,3,tri,1,1,1,1,1,1,1,1,1,1,1,1,1,1,1,1
13103,4,nti,1,1,1,1,1,1,1,1,1,1,1,1,1,1,1,1
13104,2,lia,1,1,1,1,1,1,1,1,1,1,1,1,1,1,1,1
13105,2,sya,1,1,1,1,1,1,1,1,1,1,1,1,1,1,1,1
13106,2,ani,1,1,1,1,1,1,1,1,1,1,1,1,1,1,1,1
13107,3,lia,1,1,1,1,1,1,1,1,1,1,1,1,1,1,1,1
13108,3,ief,1,1,1,0,1,1,0,1,1,0,1,1,0,1,1,0
13109,3,rah,1,1,1,1,1,1,1,1,1,1,1,1,1,1,1,1
13110,3,ini,1,1,1,1,1,1,1,1,1,1,1,1,1,1,1,1
13111,3,ani,1,1,1,1,1,1,1,1,1,1,1,1,1,1,1,1
13112,3,mka,1,1,1,1,1,1,1,1,1,1,1,1,1,1,1,1
13113,2,yas,1,1,1,1,1,1,1,1,1,1,1,1,1,1,1,1
13114,2,ara,1,1,1,0,1,1,1,1,1,1,1,1,1,1,1,1
13115,2,ura,1,1,1,1,1,1,1,1,1,1,1,1,1,1,1,1
13116,4,war,1,1,1,1,1,1,1,1,1,1,1,1,1,1,1,1
13117,3,ina,1,1,1,1,1,1,1,1,1,1,1,1,1,1,1,1
13118,3,tri,1,1,1,1,1,1,1,1,1,1,1,1,1,1,1,1
13119,2,dra,1,1,0,0,1,0,0,1,0,0,1,0,0,1,0,0
13120,3,lia,1,1,1,1,1,1,1,1,1,1,1,1,1,1,1,1
13121,2,ana,1,1,1,1,1,1,1,1,1,1,1,1,1,1,1,1
13122,3,ini,1,1,1,1,1,1,1,1,1,1,1,1,1,1,1,1
13123,3,tia,1,1,1,1,1,1,1,1,1,1,1,1,1,1,1,1
13124,3,ati,1,1,1,1,1,1,1,1,1,1,1,1,1,1,1,1
13125,2,ani,1,1,1,1,1,1,1,1,1,1,1,1,1,1,1,1
13126,3,tya,1,1,1,1,1,1,1,1,1,1,1,1,1,1,1,1
13127,4,nar,1,1,1,1,1,1,1,1,1,1,1,1,1,1,1,1
13128,2,ana,1,1,1,1,1,1,1,1,1,1,1,1,1,1,1,1
13129,2,zah,1,1,1,1,1,1,1,1,1,1,1,1,1,1,1,1
13130,4,hra,1,1,1,1,1,1,1,1,1,1,1,1,0,1,1,1
13131,3,tri,1,1,1,1,1,1,1,1,1,1,1,1,1,1,1,1
13132,3,dra,1,1,1,0,1,1,0,1,1,0,1,1,0,1,1,0
13133,3,tri,1,1,1,1,1,1,1,1,1,1,1,1,1,1,1,1
13134,3,han,1,0,0,0,0,0,0,0,0,0,0,0,0,0,0,0
13135,3,lla,1,1,1,1,1,1,1,1,1,1,1,1,1,1,1,1
13136,3,nti,1,1,1,1,1,1,1,1,1,1,1,1,1,1,1,1
13137,3,hra,1,1,1,1,1,1,1,1,1,1,1,1,1,1,1,1
13138,2,dya,1,1,1,1,1,1,1,1,1,1,1,1,1,1,1,1
13139,3,man,1,1,1,1,1,1,1,1,1,1,1,1,1,1,1,1
13140,3,nda,1,1,1,1,1,1,1,1,1,1,1,1,1,1,1,1
13141,2,dah,1,1,1,1,1,1,1,1,1,1,1,1,1,1,1,1
13142,3,ama,1,1,1,1,1,1,1,1,1,1,1,1,1,1,1,1
13143,3,aha,1,1,1,1,1,1,0,1,1,1,1,1,0,1,1,0
13144,3,tri,1,1,1,1,1,1,1,1,1,1,1,1,1,1,1,1
13145,3,hmi,1,1,1,1,1,1,1,1,1,1,1,1,1,1,1,1
13146,3,ita,1,1,1,1,1,1,1,1,1,1,1,1,1,1,1,1
13147,3,lia,1,1,1,1,1,1,1,1,1,1,1,1,1,1,1,1
13148,3,hah,1,1,1,1,1,1,1,1,1,1,1,1,1,1,1,1
13149,2,ani,1,1,1,1,1,1,1,1,1,1,1,1,1,1,1,1
13150,3,ani,1,1,1,1,1,1,1,1,1,1,1,1,1,1,1,1
13151,4,tri,1,1,1,1,1,1,1,1,1,1,1,1,1,1,1,1
13152,2,ira,1,1,1,1,1,1,1,1,1,1,1,1,1,1,1,1
13153,2,tri,1,1,1,1,1,1,1,1,1,1,1,1,1,1,1,1
13154,3,eni,1,1,1,1,1,1,1,1,1,1,1,1,1,1,1,1
13155,2,din,1,1,0,0,1,0,0,1,0,0,1,0,0,1,0,0
13156,2,iil,1,1,1,1,1,1,1,1,1,1,1,1,1,1,1,1
13157,3,ana,1,1,1,1,1,1,1,1,1,1,1,1,1,1,1,1
13158,2,ila,1,1,1,1,1,1,1,1,1,1,1,1,1,1,1,1
13159,2,ian,1,1,0,0,1,0,0,1,0,0,1,0,0,1,0,0
13160,2,ana,1,1,1,1,1,1,1,1,1,0,1,1,0,1,1,1
13161,3,ila,1,1,1,1,1,1,1,1,1,1,1,1,1,1,1,1
13162,3,isa,1,1,1,1,1,1,1,1,1,1,1,1,1,1,1,1
13163,3,ati,1,1,1,1,1,1,1,1,1,1,1,1,1,1,1,1
13164,4,tri,1,1,1,1,1,1,1,1,1,1,1,1,1,1,1,1
13165,3,isa,1,1,1,1,1,1,1,1,1,1,1,1,1,1,1,1
13166,3,lia,1,1,1,1,1,1,1,1,1,1,1,1,1,1,1,1
13167,2,iah,1,1,1,1,1,1,1,1,1,1,1,1,1,1,1,1
13168,3,nah,0,1,0,0,1,0,0,1,0,0,1,0,0,1,0,0
13169,3,nie,1,1,1,1,1,1,1,1,1,1,1,1,1,1,1,1
13170,3,dad,1,1,1,0,1,1,1,1,1,0,1,1,1,1,1,0
13171,3,tri,1,1,1,1,1,1,1,1,1,1,1,1,1,1,1,1
13172,2,thi,1,1,1,1,1,1,1,1,1,1,1,1,1,1,1,1
13173,4,tri,1,1,1,1,1,1,1,1,1,1,1,1,1,1,1,1
13174,2,nto,0,0,0,0,0,0,0,0,0,0,0,0,0,0,0,0
13175,2,nti,1,1,1,1,1,1,1,1,1,1,1,1,1,1,1,1
13176,3,ana,1,1,1,1,1,1,1,1,1,1,1,1,1,1,1,1
13177,3,udi,1,1,1,1,1,1,1,1,1,1,1,1,1,1,1,1
13178,2,hra,1,1,1,1,1,1,1,1,1,1,1,1,1,1,1,1
13179,3,sri,1,1,1,1,1,1,1,1,1,1,1,1,1,1,1,1
13180,3,lla,1,1,1,1,1,1,1,1,1,1,1,1,1,1,1,1
13181,4,ana,1,1,1,1,1,1,1,1,1,1,1,1,1,1,1,1
13182,4,ang,1,1,1,1,1,1,1,1,1,1,1,1,1,1,1,1
13183,2,sia,0,1,1,1,1,1,1,1,1,1,1,1,1,1,1,1
13184,3,ama,0,0,0,0,0,0,0,0,0,0,0,0,0,0,0,0
13185,3,bat,0,0,0,0,0,0,0,0,0,0,0,0,0,0,0,0
13186,3,ang,0,0,0,0,0,0,0,0,0,0,0,0,0,0,0,0
13187,3,ang,0,0,0,0,0,0,0,0,0,0,0,0,0,0,0,0
13188,3,uma,1,1,1,1,1,1,1,1,1,1,1,1,1,1,1,1
13189,3,yah,1,1,1,1,1,1,1,1,1,1,1,1,1,1,1,1
13190,5, p.,1,1,1,1,1,1,1,1,1,1,1,1,1,1,1,1
13191,3,iah,1,1,1,1,1,1,1,1,1,1,1,1,1,1,1,1
13192,2,nto,1,0,0,0,0,0,0,0,0,0,0,0,0,0,0,0
13193,3,man,1,1,1,0,1,1,0,1,1,0,1,1,0,1,1,0
13194,5,ana,1,1,1,1,1,1,1,1,1,1,1,1,1,1,1,1
13195,3,yla,1,1,1,1,1,1,1,1,1,1,1,1,1,1,1,1
13196,3,stu,1,1,1,1,1,1,1,1,1,1,1,1,1,1,1,1
13197,3,tri,1,1,1,1,1,1,1,1,1,1,1,1,1,1,1,1
13198,3,aya,1,1,1,1,1,1,1,1,1,1,1,1,1,1,1,1
13199,2,esa,1,1,1,1,1,1,1,1,1,1,1,1,1,1,1,1
13200,4,ani,1,1,1,1,1,1,1,1,1,1,1,1,1,1,1,1
13201,3,lda,1,1,1,1,1,1,1,1,1,1,1,1,1,1,1,1
13202,3,oma,1,1,1,1,1,1,1,1,1,1,1,1,1,1,1,1
13203,3,epi,1,1,1,1,1,1,1,1,1,1,1,1,1,1,1,1
13204,4,rba,1,1,1,1,1,1,1,1,1,1,1,1,1,1,1,1
13205,3,ati,1,1,1,1,1,1,1,1,1,1,1,1,1,1,1,1
13206,3,hma,1,1,1,1,1,1,1,1,1,1,1,1,1,1,1,1
13207,2,nda,1,1,1,1,1,1,1,1,1,1,1,1,1,1,1,1
13208,3,iar,1,1,1,1,1,1,1,1,1,1,1,1,1,1,1,1
13209,4,awa,1,1,1,1,1,1,1,1,1,1,1,1,1,1,1,1
13210,2,rta,1,1,1,1,1,1,1,1,1,1,1,1,1,1,1,1
13211,3,ari,1,1,1,1,1,1,1,1,1,1,1,1,1,1,1,1
13212,2,ani,1,1,1,1,1,1,1,1,1,1,1,1,1,1,1,1
13213,2,ain,1,1,1,0,1,1,0,1,1,0,1,1,0,1,1,0
13214,3,nda,1,1,1,1,1,1,1,1,1,1,1,1,1,1,1,1
13215,3,ati,1,1,1,1,1,1,1,1,1,1,1,1,1,1,1,1
13216,3,tri,1,1,1,1,1,1,1,1,1,1,1,1,1,1,1,1
13217,3,eka,1,1,1,1,1,1,1,1,1,1,1,1,1,1,1,1
13218,3,tri,1,1,1,1,1,1,1,1,1,1,1,1,1,1,1,1
13219,3,ama,1,1,1,0,1,1,0,1,1,0,1,1,0,1,1,0
13220,2,tri,1,1,1,1,1,1,1,1,1,1,1,1,1,1,1,1
13221,5,ans,1,1,1,1,1,1,1,1,1,1,1,1,1,1,1,1
13222,5,ati,1,1,1,1,1,1,1,1,1,1,1,1,1,1,1,1
13223,6, sy,1,1,1,1,1,1,1,1,1,1,1,1,1,1,1,1
13224,5,art,1,1,1,1,1,1,1,1,1,1,1,1,1,1,1,1
13225,5,ara,1,1,1,1,1,1,1,1,1,1,1,1,1,1,1,1
13226,4,nti,1,1,1,1,1,1,1,1,1,1,1,1,1,1,1,1
13227,4,ari,1,1,1,1,1,1,1,1,1,1,1,1,1,1,1,1
13228,5,thi,1,1,1,0,1,1,0,1,1,0,1,1,0,1,1,0
13229,5,ewi,1,1,1,1,1,1,1,1,1,1,1,1,1,1,1,1
13230,3,ani,1,1,1,1,1,1,1,1,1,1,1,1,1,1,1,1
13231,4,ewi,1,1,1,1,1,1,1,1,1,1,1,1,1,1,1,1
13232,3,smi,1,1,1,1,1,1,1,1,1,1,1,1,1,1,1,1
13233,3,ati,1,1,1,1,1,1,1,1,1,1,1,1,1,1,1,1
13234,3,pia,1,1,1,1,1,1,1,1,1,1,1,1,1,1,1,1
13235,2,lia,1,1,1,1,1,1,1,1,1,1,1,1,1,1,1,1
13236,2,ida,1,1,1,1,1,1,1,1,1,1,1,1,1,1,1,1
13237,3,ndi,0,0,0,0,0,0,0,0,0,0,0,0,0,0,0,0
13238,3,wan,1,0,0,0,0,0,0,0,0,0,0,0,0,0,0,0
13239,3,lfa,1,1,1,1,1,1,1,1,1,1,1,1,1,1,1,1
13240,3,uji,1,1,1,1,1,1,1,1,1,1,1,1,1,1,1,1
13241,3,nto,0,0,0,0,0,0,0,0,0,0,0,0,0,0,0,0
13242,3,kro,0,0,0,0,0,0,0,0,0,0,0,0,0,0,0,0
13243,3,nto,0,0,0,0,0,0,0,0,0,0,0,0,0,0,0,0
13244,4,lee,0,0,1,0,0,1,0,0,1,0,0,1,0,0,1,0
13245,4,ari,0,0,0,0,0,0,0,0,0,0,0,0,0,0,0,0
13246,3,nto,0,0,0,0,0,0,0,0,0,0,0,0,0,0,0,0
13247,3,iam,0,0,0,0,0,0,0,0,0,0,0,0,0,0,0,0
13248,2,oel,0,0,0,0,0,0,0,0,0,0,0,0,0,0,0,0
13249,3,ang,1,1,1,1,1,1,1,1,1,1,1,1,1,1,1,1
13250,2,eas,0,0,0,0,0,0,0,0,0,0,0,0,0,0,0,0
13251,3,nto,0,0,0,0,0,0,0,0,0,0,0,0,0,0,0,0
13252,2,han,0,0,0,0,0,0,0,0,0,0,0,0,0,0,0,0
13253,2,nel,0,0,0,0,0,0,0,0,0,0,0,0,0,0,0,0
13254,4,ija,1,1,1,0,1,1,0,1,1,1,1,1,0,1,1,1
13255,3,oso,1,0,0,0,0,0,0,0,0,0,0,0,0,0,0,0
13256,3,tri,1,1,1,1,1,1,1,1,1,1,1,1,1,1,1,1
13257,2,ani,1,1,1,1,1,1,1,1,1,1,1,1,1,1,1,1
13258,2,nia,1,1,1,1,1,1,1,1,1,1,1,1,1,1,1,1
13259,3,mah,1,1,1,1,1,1,1,1,1,1,1,1,1,1,1,1
13260,3,hmi,1,1,1,1,1,1,1,1,1,1,1,1,1,1,1,1
13261,2,yya,1,1,1,0,1,1,0,1,1,0,1,1,0,1,1,0
13262,3,fah,1,1,1,1,1,1,1,1,1,1,1,1,1,1,1,1
13263,2,hra,1,1,1,1,1,1,1,1,1,1,1,1,1,1,1,1
13264,3,ari,1,1,1,1,1,1,1,1,1,1,1,1,1,1,1,1
13265,3,tri,1,1,1,1,1,1,1,1,1,1,1,1,1,1,1,1
13266,3,adi,1,0,0,0,0,0,0,0,0,0,0,0,0,0,0,0
13267,3,sti,1,1,1,1,1,1,1,1,1,1,1,1,1,1,1,1
13268,3,ani,1,1,1,1,1,1,1,1,1,1,1,1,1,1,1,1
13269,3,sti,1,1,1,1,1,1,1,1,1,1,1,1,1,1,1,1
13270,2,ana,1,1,1,1,1,1,1,1,1,1,1,1,1,1,1,1
13271,4,kti,1,1,1,1,1,1,1,1,1,1,1,1,1,1,1,1
13272,4,sim,0,0,0,0,0,0,0,0,0,0,0,0,0,0,0,0
13273,3,wan,1,0,0,0,0,0,0,0,0,0,0,0,0,0,0,0
13274,3,tya,1,1,1,1,1,1,1,1,1,1,1,1,1,1,1,1
13275,4,tri,1,1,1,1,1,1,1,1,1,1,1,1,1,1,1,1
13276,3,tri,1,1,1,1,1,1,1,1,1,1,1,1,1,1,1,1
13277,3,tri,1,1,1,1,1,1,1,1,1,1,1,1,1,1,1,1
13278,2,lia,1,1,1,1,1,1,1,1,1,1,1,1,1,1,1,1
13279,2,umi,1,1,1,1,1,1,1,1,1,1,1,1,1,1,1,1
13280,3,gan,1,0,1,1,0,1,1,0,1,1,0,1,1,0,1,1
13281,3,tra,1,1,1,1,1,1,1,1,1,1,1,1,1,1,1,1
13282,3,sih,1,1,1,1,1,1,1,1,1,1,1,1,1,1,1,1
13283,4,aro,0,0,0,0,0,0,0,0,0,0,0,0,0,0,0,0
13284,2,nda,0,0,0,1,0,0,1,0,0,1,0,0,1,0,0,1
13285,3,ila,1,1,1,1,1,1,1,1,1,1,1,1,1,1,1,1
13286,3,lia,1,1,1,1,1,1,1,1,1,1,1,1,1,1,1,1
13287,3,ien,0,0,0,1,0,0,1,0,0,1,0,0,1,0,0,1
13288,3,ngi,1,1,1,1,1,1,1,1,1,1,1,1,1,1,1,1
13289,3,dah,1,1,1,1,1,1,1,1,1,1,1,1,1,1,1,1
13290,3,uni,1,1,1,1,1,1,1,1,1,1,1,1,1,1,1,1
13291,2,ita,1,1,1,1,1,1,1,1,1,1,1,1,1,1,1,1
13292,3,lia,1,1,1,1,1,1,1,1,1,1,1,1,1,1,1,1
13293,2,nti,1,1,1,1,1,1,1,1,1,1,1,1,1,1,1,1
13294,3,mun,1,1,1,1,1,1,1,1,1,1,1,1,1,1,1,1
13295,2,via,1,1,1,1,1,1,1,1,1,1,1,1,1,1,1,1
13296,2,ira,1,1,1,1,1,1,1,1,1,1,1,1,1,1,1,1
13297,3,ida,1,1,1,1,1,1,1,1,1,1,1,1,1,1,1,1
13298,3,nda,1,1,1,1,1,1,1,1,1,1,1,1,1,1,1,1
13299,3,ina,1,1,1,1,1,1,1,1,1,1,1,1,1,1,1,1
13300,3,han,0,0,0,0,0,0,0,0,0,0,0,0,0,0,0,0
13301,3,eni,1,1,1,1,1,1,1,1,1,1,1,1,1,1,1,1
13302,3,tri,1,1,1,1,1,1,1,1,1,1,1,1,1,1,1,1
13303,3,kha,1,1,1,1,1,1,1,1,1,1,1,1,1,1,1,1
13304,4,gku,0,0,0,0,0,0,0,0,0,0,0,0,0,0,0,0
13305,1,yah,0,0,0,0,0,0,0,0,0,0,0,0,0,0,0,0
13306,3,ari,1,1,1,1,1,1,1,1,1,1,1,1,1,1,1,1
13307,3,hap,1,1,1,1,1,1,1,1,1,1,1,1,1,1,1,1
13308,2,eni,1,1,1,1,1,1,1,1,1,1,1,1,1,1,1,1
13309,3,gih,1,1,1,1,1,1,1,1,1,1,1,1,1,1,1,1
13310,3,hra,1,1,1,1,1,1,1,1,1,1,1,1,1,1,1,1
13311,2,lya,1,1,1,1,1,1,1,1,1,1,1,1,1,1,1,1
13312,2,ari,1,1,1,1,1,1,1,1,1,1,1,1,1,1,1,1
13313,2,ita,1,1,1,1,1,1,1,1,1,1,1,1,1,1,1,1
13314,3,ifa,1,1,1,1,1,1,1,1,1,1,1,1,1,1,1,1
13315,4,nah,1,1,1,1,1,1,1,1,1,1,1,1,1,1,1,1
13316,2,nan,1,1,1,1,1,1,1,1,1,1,1,1,1,1,1,1
13317,3,isa,1,1,1,1,1,1,1,1,1,1,1,1,1,1,1,1
13318,3,isa,1,1,1,1,1,1,1,1,1,1,1,1,1,1,1,1
13319,3,yan,1,1,1,1,1,1,1,1,1,1,1,1,1,1,1,1
13320,3,lla,1,1,1,1,1,1,1,1,1,1,1,1,1,1,1,1
13321,2,sia,1,1,1,1,1,1,1,1,1,1,1,1,1,1,1,1
13322,3,tri,1,1,1,1,1,1,1,1,1,1,1,1,1,1,1,1
13323,2,ila,1,1,1,1,1,1,1,1,1,1,1,1,1,1,1,1
13324,2,him,1,1,1,1,1,1,1,1,1,1,1,1,1,1,1,1
13325,3,ani,1,1,1,1,1,1,1,1,1,1,1,1,1,1,1,1
13326,3,zan,1,1,1,1,1,1,1,1,1,1,1,1,1,1,1,1
13327,3,rah,1,1,1,1,1,1,1,1,1,1,1,1,1,1,1,1
13328,3,adi,1,1,1,1,1,1,1,1,1,1,1,1,1,1,1,1
13329,3,ila,1,1,1,1,1,1,1,1,1,1,1,1,1,1,1,1
13330,2,ayu,1,1,1,1,1,1,1,1,1,1,1,1,1,1,1,1
13331,2,fah,1,1,1,1,1,1,1,1,1,1,1,1,1,1,1,1
13332,4,uma,1,1,1,1,1,1,1,1,1,1,1,1,1,1,1,1
13333,3,tri,1,1,1,1,1,1,1,1,1,1,1,1,1,1,1,1
13334,2,ani,1,1,1,1,1,1,1,1,1,1,1,1,1,1,1,1
13335,2,iah,1,1,1,1,1,1,1,1,1,1,1,1,1,1,1,1
13336,3,isa,1,1,1,1,1,1,1,1,1,1,1,1,1,1,1,1
13337,4,ndi,1,1,1,1,1,1,1,1,1,1,1,1,1,1,1,1
13338,4,sya,1,1,1,1,1,1,1,1,1,1,1,1,1,1,1,1
13339,3,yoe,1,1,1,1,1,1,1,1,1,1,1,1,1,1,1,1
13340,3,mna,1,1,1,1,1,1,1,1,1,1,1,1,1,1,1,1
13341,3,nda,1,1,1,1,1,1,1,1,1,1,1,1,1,1,1,1
13342,4,iti,1,1,1,1,1,1,1,1,1,1,1,1,1,1,1,1
13343,3,ani,1,1,1,1,1,1,1,1,1,1,1,1,1,1,1,1
13344,3,esa,1,1,1,1,1,1,1,1,1,1,1,1,1,1,1,1
13345,3,ati,1,1,1,1,1,1,1,1,1,1,1,1,1,1,1,1
13346,3,ari,1,1,1,1,1,1,1,1,1,1,1,1,1,1,1,1
13347,3,tan,1,1,1,1,1,1,1,1,1,1,1,1,1,1,1,1
13348,3,ari,1,1,1,1,1,1,1,1,1,1,1,1,1,1,1,1
13349,2,ani,1,1,1,1,1,1,1,1,1,1,1,1,1,1,1,1
13350,3,nno,0,0,0,0,0,0,0,0,0,0,0,0,0,0,0,0
13351,2,din,0,0,0,0,0,0,0,0,0,0,0,0,0,0,0,0
13352,3,mna,0,0,0,1,0,0,1,0,0,1,0,0,0,0,0,1
13353,2,far,0,0,0,0,0,0,0,0,0,0,0,0,0,0,0,0
13354,3,ila,1,1,1,1,1,1,1,1,1,1,1,1,1,1,1,1
13355,4,tyo,0,0,0,0,0,0,0,0,0,0,0,0,0,0,0,0
13356,4,ila,1,1,1,1,1,1,1,1,1,1,1,1,1,1,1,1
13357,2,nti,1,1,1,1,1,1,1,1,1,1,1,1,1,1,1,1
13358,2,bun,1,1,1,1,1,1,1,1,1,1,1,1,1,1,1,1
13359,4,ari,1,1,1,1,1,1,1,1,1,1,1,1,1,1,1,1
13360,3,ani,1,1,1,1,1,1,1,1,1,1,1,1,1,1,1,1
13361,2,tin,1,1,1,1,1,1,1,1,1,1,1,1,1,1,1,1
13362,2,san,0,0,0,0,0,0,0,0,0,0,0,0,0,0,0,0
13363,1,ita,1,1,1,1,1,1,1,1,1,1,1,1,1,1,1,1
13364,3,ani,1,1,1,1,1,1,1,1,1,1,1,1,1,1,1,1
13365,3,tia,1,1,1,1,1,1,1,1,1,1,1,1,1,1,1,1
13366,3,ama,0,0,0,0,0,0,0,0,0,0,0,0,0,0,0,0
13367,3,har,1,1,1,1,1,1,1,1,1,1,1,1,1,1,1,1
13368,2,ldo,0,0,0,0,0,0,0,0,0,0,0,0,0,0,0,0
13369,3,mas,0,0,0,0,0,0,0,0,0,0,0,0,0,0,0,0
13370,4,sut,0,0,0,0,0,0,0,0,0,0,0,0,0,0,0,0
13371,3,aqy,0,0,0,0,0,0,0,0,0,0,0,0,0,0,0,0
13372,3,rza,0,0,0,0,0,0,0,0,0,0,0,0,0,0,0,0
13373,3,dan,0,0,0,0,0,0,0,0,0,0,0,0,0,0,0,0
13374,3,yid,0,0,0,0,0,0,0,0,0,0,0,0,0,0,0,0
13375,3,ldi,1,0,0,0,0,0,0,0,0,0,0,0,0,0,0,0
13376,3,han,0,0,0,0,0,0,0,0,0,0,0,0,0,0,0,0
13377,2,ine,1,1,1,1,1,1,1,1,1,1,1,1,1,1,1,1
13378,3,tri,1,1,1,1,1,1,1,1,1,1,1,1,1,1,1,1
13379,3,tri,1,1,1,1,1,1,1,1,1,1,1,1,1,1,1,1
13380,2,isa,1,1,1,1,1,1,1,1,1,1,1,1,1,1,1,1
13381,3,tri,1,1,1,1,1,1,1,1,1,1,1,1,1,1,1,1
13382,2,iah,1,1,1,1,1,1,1,1,1,1,1,1,1,1,1,1
13383,3,oso,1,1,1,0,1,1,1,1,1,1,1,1,0,1,1,0
13384,3,aan,1,1,1,0,1,1,1,1,1,1,1,1,1,1,1,1
13385,2,ari,1,1,1,1,1,1,1,1,1,1,1,1,1,1,1,1
13386,3,iah,1,1,1,1,1,1,1,1,1,1,1,1,1,1,1,1
13387,3,ani,1,1,1,1,1,1,1,1,1,1,1,1,1,1,1,1
13388,4,ati,1,1,1,1,1,1,1,1,1,1,1,1,1,1,1,1
13389,3,ani,1,1,1,1,1,1,1,1,1,1,1,1,1,1,1,1
13390,2,ani,1,1,1,1,1,1,1,1,1,1,1,1,1,1,1,1
13391,3,lia,1,1,1,1,1,1,1,1,1,1,1,1,1,1,1,1
13392,3,rum,1,1,1,1,1,1,1,1,1,1,1,1,1,1,1,1
13393,3,ano,0,0,0,0,0,0,0,0,0,0,0,0,0,0,0,0
13394,3,ris,0,0,0,0,0,0,0,0,0,0,0,0,0,0,0,0
13395,4,ila,0,0,0,1,0,0,1,0,0,1,0,0,1,0,0,1
13396,2,aus,0,0,0,0,0,0,0,0,0,0,0,0,0,0,0,0
13397,4,gar,0,0,0,0,0,0,0,0,0,0,0,0,0,0,0,0
13398,2,ari,1,1,1,1,1,1,1,1,1,1,1,1,1,1,1,1
13399,3,ama,0,0,0,0,0,0,0,0,0,0,0,0,0,0,0,0
13400,3,bel,0,0,0,0,0,0,0,0,0,0,0,0,0,0,0,0
13401,2,ira,0,0,0,0,0,0,0,0,0,0,0,0,0,0,0,0
13402,3,fah,1,1,1,1,1,1,1,1,1,1,1,1,1,1,1,1
13403,2,hma,1,1,1,1,1,1,1,1,1,1,1,1,1,1,1,1
13404,3,tty,1,1,1,0,1,1,0,1,1,0,1,1,0,1,1,0
13405,2,nto,0,0,0,0,0,0,0,0,0,0,0,0,0,0,0,0
13406,3,han,0,0,0,0,0,0,0,0,0,0,0,0,0,0,0,0
13407,4,eda,0,0,0,0,0,0,0,0,0,0,0,0,0,0,0,0
13408,3,van,1,1,1,1,1,1,1,1,1,1,1,1,1,1,1,1
13409,3,ita,1,1,1,1,1,1,1,1,1,1,1,1,1,1,1,1
13410,3,tta,1,1,1,1,1,1,1,1,1,1,1,1,1,1,1,1
13411,3,udi,1,1,1,1,1,1,1,1,1,1,1,1,1,1,1,1
13412,4,aya,1,1,1,1,1,1,1,1,1,1,1,1,1,1,1,1
13413,3,han,0,0,0,0,0,0,0,0,0,0,0,0,0,0,0,0
13414,3,bar,0,0,0,0,0,0,0,0,0,0,0,0,0,0,0,0
13415,2,rah,1,1,1,1,1,1,1,1,1,1,1,1,1,1,1,1
13416,3,gih,1,1,1,1,1,1,1,1,1,1,1,1,1,1,1,1
13417,3,ika,1,1,1,1,1,1,1,1,1,1,1,1,1,1,1,1
13418,2,ani,1,1,1,1,1,1,1,1,1,1,1,1,1,1,1,1
13419,3,ani,1,1,1,1,1,1,1,1,1,1,1,1,1,1,1,1
13420,3,ria,1,1,1,1,1,1,1,1,1,1,1,1,1,1,1,1
13421,3,hra,1,1,1,1,1,1,1,1,1,1,1,1,1,1,1,1
13422,3,dya,1,1,1,1,1,1,1,1,1,1,1,1,1,1,1,1
13423,2,ari,1,1,1,1,1,1,1,1,1,1,1,1,1,1,1,1
13424,4,adi,1,1,1,1,1,1,1,1,1,1,1,1,1,1,1,1
13425,3,ara,1,1,1,1,1,1,1,1,1,1,1,1,1,1,1,1
13426,3,mri,1,1,1,1,1,1,1,1,1,1,1,1,1,1,1,1
13427,3,nto,0,0,0,0,0,0,0,0,0,0,0,0,0,0,0,0
13428,3,nan,1,1,1,1,1,1,1,1,1,1,1,1,1,1,1,1
13429,2,eni,1,1,1,1,1,1,1,1,1,1,1,1,1,1,1,1
13430,3,yat,1,1,1,1,1,1,1,1,1,1,1,1,1,1,1,1
13431,2,tri,1,1,1,1,1,1,1,1,1,1,1,1,1,1,1,1
13432,2,yah,1,1,1,1,1,1,1,1,1,1,1,1,1,1,1,1
13433,3,lwa,1,1,1,1,1,1,1,1,1,1,1,1,1,1,1,1
13434,3,zri,1,1,1,1,1,1,1,1,1,1,1,1,1,1,1,1
13435,4,ati,1,1,1,1,1,1,1,1,1,1,1,1,1,1,1,1
13436,3,tri,1,1,1,1,1,1,1,1,1,1,1,1,1,1,1,1
13437,3,sih,1,1,1,1,1,1,1,1,1,1,1,1,1,1,1,1
13438,2,ita,1,1,1,1,1,1,1,1,1,1,1,1,1,1,1,1
13439,3,key,1,1,1,1,1,1,1,1,1,1,1,1,1,1,1,1
13440,3,nti,1,1,1,1,1,1,1,1,1,1,1,1,1,1,1,1
13441,3,tri,1,1,1,1,1,1,1,1,1,1,1,1,1,1,1,1
13442,3,ayu,1,1,1,1,1,1,1,1,1,1,1,1,1,1,1,1
13443,3,ing,1,1,1,1,1,1,1,1,1,1,1,1,1,1,1,1
13444,3,ain,0,0,0,0,0,0,0,0,0,0,0,0,0,0,0,0
13445,3,afi,1,0,0,0,0,0,0,0,0,0,0,0,0,0,0,0
13446,5,min,1,0,0,0,0,0,0,0,0,0,0,0,0,0,0,0
13447,4,tor,0,0,0,0,0,0,0,0,0,0,0,0,0,0,0,0
13448,3,ani,1,1,1,1,1,1,1,1,1,1,1,1,1,1,1,1
13449,3,ial,1,1,1,1,1,1,1,1,1,1,1,1,1,1,1,1
13450,3,nti,1,1,1,1,1,1,1,1,1,1,1,1,1,1,1,1
13451,3,ari,1,1,1,1,1,1,1,1,1,1,1,1,1,1,1,1
13452,2,nah,1,1,1,1,1,1,1,1,1,1,1,1,1,1,1,1
13453,3,ari,1,1,1,1,1,1,1,1,1,1,1,1,1,1,1,1
13454,3,tri,1,1,1,1,1,1,1,1,1,1,1,1,1,1,1,1
13455,3,yah,1,1,1,1,1,1,1,1,1,1,1,1,1,1,1,1
13456,3,nah,1,1,1,1,1,1,1,1,1,1,1,1,1,1,1,1
13457,3,ion,1,1,1,1,1,1,1,1,1,1,1,1,1,1,1,1
13458,4,fik,1,1,1,1,1,1,1,1,1,1,1,1,1,1,1,1
13459,3,ani,1,1,1,1,1,1,1,1,1,1,1,1,1,1,1,1
13460,3,mah,1,1,1,1,1,1,1,1,1,1,1,1,1,1,1,1
13461,2,cia,1,1,1,1,1,1,1,1,1,1,1,1,1,1,1,1
13462,4,ane,0,0,0,0,0,0,0,0,0,0,0,0,0,0,0,0
13463,3,ama,0,0,0,0,0,0,0,0,0,0,0,0,0,0,0,0
13464,2,iya,1,1,1,1,1,1,1,1,1,1,1,1,1,1,1,1
13465,2,lya,1,1,1,1,1,1,1,1,1,1,1,1,1,1,1,1
13466,3,hma,1,1,1,1,1,1,1,1,1,1,1,1,1,1,1,1
13467,3,ari,1,1,1,1,1,1,1,1,1,1,1,1,1,1,1,1
13468,2,fah,1,1,1,1,1,1,1,1,1,1,1,1,1,1,1,1
13469,4,tri,1,1,1,1,1,1,1,1,1,1,1,1,1,1,1,1
13470,3,lah,1,1,1,1,1,1,1,1,1,1,1,1,1,1,1,1
13471,3,kia,1,1,1,1,1,1,1,1,1,1,1,1,1,1,1,1
13472,3,jri,1,1,1,1,1,1,1,1,1,1,1,1,1,1,1,1
13473,4,tri,1,1,1,1,1,1,1,1,1,1,1,1,1,1,1,1
13474,3,tri,1,1,1,1,1,1,1,1,1,1,1,1,1,1,1,1
13475,2,iza,1,1,1,1,1,1,1,1,1,1,1,1,1,1,1,1
13476,3,sma,1,1,1,1,1,1,1,1,1,1,1,1,1,1,1,1
13477,3,tra,0,0,0,0,0,0,0,0,0,0,0,0,0,0,0,0
13478,3,din,0,0,0,0,0,0,0,0,0,0,0,0,0,0,0,0
13479,3,sih,1,1,1,1,1,1,1,1,1,1,1,1,1,1,1,1
13480,4,ana,0,0,0,0,0,0,0,0,0,0,0,0,0,0,0,0
13481,4,rah,1,1,1,1,1,1,1,1,1,1,1,1,1,1,1,1
13482,2,yah,1,1,1,1,1,1,1,1,1,1,1,1,1,1,1,1
13483,3,lah,1,1,1,1,1,1,1,1,1,1,1,1,1,1,1,1
13484,3,isa,1,1,1,1,1,1,1,1,1,1,1,1,1,1,1,1
13485,3,okh,0,0,0,1,0,0,1,0,0,1,0,0,1,0,0,1
13486,3,ana,0,0,0,0,0,0,0,0,0,0,0,0,0,0,0,0
13487,4,lla,1,1,1,1,1,1,1,1,1,1,1,1,1,1,1,1
13488,3,lah,1,1,1,1,1,1,1,1,1,1,1,1,1,1,1,1
13489,2,tan,1,1,1,1,1,1,1,1,1,1,1,1,1,1,1,1
13490,3,jid,1,1,1,1,1,1,1,1,1,1,1,1,1,1,1,0
13491,5,aan,1,1,1,1,1,1,1,1,1,1,1,1,1,1,1,1
13492,2,nah,1,1,1,1,1,1,1,1,1,1,1,1,1,1,1,1
13493,3,bis,1,1,1,1,1,1,1,1,1,1,1,1,1,1,1,1
13494,3,lia,1,1,1,1,1,1,1,1,1,1,1,1,1,1,1,1
13495,3,yah,1,1,1,1,1,1,1,1,1,1,1,1,1,1,1,1
13496,2,iah,1,1,1,1,1,1,1,1,1,1,1,1,1,1,1,1
13497,3,lwa,1,1,1,1,1,1,1,1,1,1,1,1,1,1,1,1
13498,3,tri,1,1,1,1,1,1,1,1,1,1,1,1,1,1,1,1
13499,3,ati,1,1,1,1,1,1,1,1,1,1,1,1,1,1,1,1
13500,3,kri,0,0,0,0,0,0,0,0,0,0,0,0,0,0,0,0
13501,4,yah,0,0,0,0,0,0,0,0,0,0,0,0,0,0,0,0
13502,4,isa,1,1,1,1,1,1,1,1,1,1,1,1,1,1,1,1
13503,4,suf,1,1,1,1,1,1,1,1,1,1,1,1,1,1,1,1
13504,3,ini,1,1,1,1,1,1,1,1,1,1,1,1,1,1,1,1
13505,3,tno,0,0,0,0,0,0,0,0,0,0,0,0,0,0,0,0
13506,3,ani,1,1,1,1,1,1,1,1,1,1,1,1,1,1,1,1
13507,3,ida,1,1,1,1,1,1,1,1,1,1,1,1,1,1,1,1
13508,3,dah,1,1,1,1,1,1,1,1,1,1,1,1,1,1,1,1
13509,4,man,1,0,0,0,0,0,0,0,0,0,0,0,0,0,0,0
13510,4,man,0,0,0,0,0,0,0,0,0,0,0,0,0,0,0,0
13511,5,aha,1,1,1,1,1,1,1,1,1,1,1,1,1,1,1,1
13512,4,ari,1,1,1,1,1,1,1,1,1,1,1,1,1,1,1,1
13513,3,wan,0,0,0,0,0,0,0,0,0,0,0,0,0,0,0,0
13514,3,ani,1,1,1,1,1,1,1,1,1,1,1,1,1,1,1,1
13515,2,naa,1,1,1,1,1,1,1,1,1,1,1,1,1,1,1,1
13516,3,rie,1,1,1,1,1,1,1,1,1,1,1,1,1,1,1,1
13517,4,iya,0,0,0,0,0,0,0,0,0,0,0,0,0,0,0,0
13518,3,roh,1,1,1,1,1,1,1,1,1,1,1,1,1,1,1,1
13519,4,ini,1,1,1,1,1,1,1,1,1,1,1,1,1,1,1,1
13520,3,ani,1,1,1,1,1,1,1,1,1,1,1,1,1,1,1,1
13521,3,rah,1,1,1,1,1,1,1,1,1,1,1,1,1,1,1,1
13522,2,iah,1,1,1,1,1,1,1,1,1,1,1,1,1,1,1,1
13523,4,ani,1,1,1,1,1,1,1,1,1,1,1,1,1,1,1,1
13524,3,ani,1,1,1,1,1,1,1,1,1,1,1,1,1,1,1,1
13525,2,ani,1,1,1,1,1,1,1,1,1,1,1,1,1,1,1,1
13526,3,iwi,1,1,1,1,1,1,1,1,1,1,1,1,1,1,1,1
13527,3,ika,1,1,1,1,1,1,1,1,1,1,1,1,1,1,1,1
13528,2,ani,1,1,1,1,1,1,1,1,1,1,1,1,1,1,1,1
13529,4,put,1,1,1,1,1,1,1,1,1,1,1,1,1,1,1,1
13530,2,ani,1,1,1,1,1,1,1,1,1,1,1,1,1,1,1,1
13531,2,dah,1,1,1,1,1,1,1,1,1,1,1,1,1,1,1,1
13532,3,yat,0,0,0,0,0,0,0,0,0,0,0,0,0,0,0,0
13533,3,ila,1,1,1,1,1,1,1,1,1,1,1,1,1,1,1,1
13534,2,ani,1,1,1,1,1,1,1,1,1,1,1,1,1,1,1,1
13535,2,ina,1,1,1,1,1,1,1,1,1,1,1,1,1,1,1,1
13536,3,sty,1,1,1,1,1,1,1,1,1,1,1,1,1,1,1,1
13537,1,isa,1,1,1,1,1,1,1,1,1,1,1,1,1,1,1,1
13538,2,dar,1,1,1,1,1,1,1,1,1,1,1,1,0,1,1,1
13539,3,jat,1,1,1,1,1,1,1,1,1,1,1,1,1,1,1,1
13540,2,ono,1,1,1,1,1,1,1,1,1,1,1,1,0,1,1,1
13541,3,tri,1,1,1,1,1,1,1,1,1,1,1,1,1,1,1,1
13542,3,uda,0,0,0,0,0,0,0,0,0,0,0,0,0,0,0,0
13543,2,aya,0,0,0,1,0,0,1,0,0,1,0,0,1,0,0,1
13544,2,lah,1,1,1,1,1,1,1,1,1,1,1,1,1,1,1,1
13545,3,uma,0,0,0,1,0,0,1,0,0,1,0,0,1,0,0,1
13546,3,sih,1,1,1,1,1,1,1,1,1,1,1,1,1,1,1,1
13547,1,ana,1,1,1,1,1,1,1,1,1,1,1,1,1,1,1,1
13548,3,sih,1,1,1,1,1,1,1,1,1,1,1,1,1,1,1,1
13549,3,adi,1,0,0,1,0,0,0,0,0,1,0,0,0,0,0,0
13550,2,nah,1,1,1,1,1,1,1,1,1,1,1,1,1,1,1,1
13551,1,yla,1,1,1,1,1,1,1,1,1,1,1,1,1,1,1,1
13552,1,eni,1,1,1,1,1,1,1,1,1,1,1,1,1,1,1,1
13553,3,mah,1,1,1,1,1,1,1,1,1,1,1,1,1,1,1,1
13554,3,ana,1,1,1,1,1,1,1,1,1,1,1,1,1,1,1,1
13555,2,nti,1,1,1,1,1,1,1,1,1,1,1,1,1,1,1,1
13556,3,hra,1,1,1,1,1,1,1,1,1,1,1,1,1,1,1,1
13557,3,rfi,1,1,1,1,1,1,1,1,1,1,1,1,1,1,1,1
13558,2,yat,0,0,0,0,0,0,0,0,0,0,0,0,0,0,0,0
13559,3,ang,1,1,1,1,1,1,1,1,1,1,1,1,1,1,1,1
13560,3,nti,1,1,1,1,1,1,1,1,1,1,1,1,1,1,1,1
13561,3,i m,1,1,1,1,1,1,1,1,1,1,1,1,1,1,1,1
13562,3,hra,1,1,1,1,1,1,1,1,1,1,1,1,1,1,1,1
13563,2,ana,1,0,0,1,0,0,1,0,0,1,0,0,1,0,0,1
13564,2,bil,0,0,0,0,0,0,0,0,0,0,0,0,0,0,0,0
13565,3,lya,1,1,1,1,1,1,1,1,1,1,1,1,1,1,1,1
13566,3,nti,1,1,1,1,1,1,1,1,1,1,1,1,1,1,1,1
13567,2,lia,1,1,1,1,1,1,1,1,1,1,1,1,1,1,1,1
13568,2,iah,1,1,1,1,1,1,1,1,1,1,1,1,1,1,1,1
13569,3,ari,1,1,1,1,1,1,1,1,1,1,1,1,1,1,1,1
13570,4,ian,1,1,1,1,1,1,1,1,1,0,1,1,1,1,1,1
13571,2,twa,1,1,1,1,1,1,1,1,1,1,1,1,1,1,1,1
13572,4,sar,1,0,0,0,0,0,0,0,0,0,0,0,0,0,0,0
13573,4,oso,1,1,1,1,1,1,1,1,1,1,1,1,1,1,1,1
13574,4,him,1,1,1,1,1,1,1,1,1,1,1,1,1,1,1,1
13575,3,iwi,1,1,1,1,1,1,1,1,1,1,1,1,1,1,1,1
13576,3,tri,1,1,1,1,1,1,1,1,1,1,1,1,1,1,1,1
13577,2,kab,1,1,1,1,1,1,1,1,1,1,1,1,1,1,1,1
13578,2,nah,1,1,1,1,1,1,1,1,1,1,1,1,1,1,1,1
13579,2,iah,1,1,1,1,1,1,1,1,1,1,1,1,1,1,1,1
13580,2,fah,1,1,1,1,1,1,1,1,1,1,1,1,1,1,1,1
13581,3,ani,1,1,1,1,1,1,1,1,1,1,1,1,1,1,1,1
13582,3,min,1,1,1,1,1,1,1,1,1,1,1,1,1,1,1,1
13583,3,kia,1,1,1,1,1,1,1,1,1,1,1,1,1,1,1,1
13584,3,nti,1,1,1,1,1,1,1,1,1,1,1,1,1,1,1,1
13585,2,rti,1,1,1,1,1,1,1,1,1,1,1,1,1,1,1,1
13586,2,nah,1,1,1,1,1,1,1,1,1,1,1,1,1,1,1,1
13587,2,lah,1,1,1,1,1,1,1,1,1,1,1,1,1,1,1,1
13588,3,nti,1,1,1,1,1,1,1,1,1,1,1,1,1,1,1,1
13589,3,nti,1,1,1,1,1,1,1,1,1,1,1,1,1,1,1,1
13590,1,ofa,0,1,1,1,1,1,1,1,1,1,1,1,1,1,1,1
13591,4,ana,1,1,1,1,1,1,0,1,1,1,1,1,1,1,1,1
13592,2,ari,1,1,1,1,1,1,1,1,1,1,1,1,1,1,1,1
13593,2,ila,1,1,1,1,1,1,1,1,1,1,1,1,1,1,1,1
13594,3,dja,0,0,0,1,0,0,1,0,0,1,0,0,1,0,0,1
13595,4,oso,0,0,0,0,0,0,0,0,0,0,0,0,0,0,0,0
13596,3,laa,1,1,1,1,1,1,1,1,1,1,1,1,1,1,1,1
13597,2,bdi,0,0,0,0,0,0,0,0,0,0,0,0,0,0,0,0
13598,3,ani,1,1,1,1,1,1,1,1,1,1,1,1,1,1,1,1
13599,6,man,1,1,1,1,1,1,1,1,1,1,1,1,1,1,1,1
13600,3,kti,1,1,1,1,1,1,1,1,1,1,1,1,1,1,1,1
13601,3,lia,1,1,1,1,1,1,1,1,1,1,1,1,1,1,1,1
13602,3,luh,1,1,1,1,1,1,1,1,1,1,1,1,1,1,1,1
13603,4,ren,0,0,0,0,0,0,0,0,0,0,0,0,0,0,0,0
13604,2,ama,1,1,1,0,1,1,0,1,1,0,1,1,0,1,1,0
13605,3,ani,1,1,1,1,1,1,1,1,1,1,1,1,1,1,1,1
13606,4,ran,0,0,0,0,0,0,0,0,0,0,0,0,0,0,0,0
13607,2,yna,1,1,1,1,1,1,0,1,1,0,1,1,0,1,1,1
13608,4,ila,1,1,1,1,1,1,1,1,1,1,1,1,1,1,1,1
13609,3,deo,0,0,0,0,0,0,0,0,0,0,0,0,0,0,0,0
13610,6,ily,0,0,1,0,0,1,0,0,1,0,0,1,0,0,1,0
13611,4,ono,0,0,0,0,0,0,0,0,0,0,0,0,0,0,0,0
13612,3,ewi,1,1,1,1,1,1,1,1,1,1,1,1,1,1,1,1
13613,2,uti,1,1,1,1,1,1,1,1,1,1,1,1,1,1,1,1
13614,2,sih,1,1,1,1,1,1,1,1,1,1,1,1,1,1,1,1
13615,3,ina,1,1,1,1,1,1,1,1,1,1,1,1,1,1,1,1
13616,3,ani,1,1,1,1,1,1,1,1,1,1,1,1,1,1,1,1
13617,3,nti,1,1,1,1,1,1,1,1,1,1,1,1,1,1,1,1
13618,2,any,1,1,1,1,1,1,1,1,1,1,1,1,1,1,1,1
13619,2,yas,1,1,1,1,1,1,1,1,1,1,1,1,1,1,1,1
13620,3,ani,1,1,1,1,1,1,1,1,1,1,1,1,1,1,1,1
13621,3,ani,0,0,0,1,0,0,1,0,0,1,0,0,1,0,0,1
13622,4,i s,1,1,1,1,1,1,1,1,1,1,1,1,1,1,1,1
13623,3,ati,1,1,1,1,1,1,1,1,1,1,1,1,1,1,1,1
13624,3,ovi,1,1,1,1,1,1,1,1,1,1,1,1,1,1,1,1
13625,2,ael,0,0,0,0,0,0,0,0,0,0,0,0,0,0,0,0
13626,2,ana,0,0,0,0,0,0,0,0,0,0,0,0,0,0,0,0
13627,3,tra,0,0,0,0,0,0,0,0,0,0,0,0,0,0,0,0
13628,2,ura,0,0,0,0,0,0,0,0,0,0,0,0,0,0,0,0
13629,4,ana,0,0,0,0,0,0,0,0,0,0,0,0,0,0,0,0
13630,3,jin,0,0,0,0,0,0,0,0,0,0,0,0,0,0,0,0
13631,3,ian,0,0,0,0,0,0,0,0,0,0,0,0,0,0,0,0
13632,3,nto,0,0,0,0,0,0,0,0,0,0,0,0,0,0,0,0
13633,2,ndi,0,0,0,0,0,0,0,0,0,0,0,0,0,0,0,0
13634,3,ama,0,0,0,0,0,0,0,0,0,0,0,0,0,0,0,0
13635,3,yah,0,0,0,0,0,0,0,0,0,0,0,0,0,0,0,0
13636,3,bar,1,0,0,0,0,0,0,0,0,0,0,0,0,0,0,0
13637,3,ani,1,1,1,1,1,1,1,1,1,1,1,1,1,1,1,1
13638,3,ima,0,0,0,0,0,0,0,0,0,0,0,0,0,0,0,0
13639,3,han,0,0,0,0,0,0,0,0,0,0,0,0,0,0,0,0
13640,2,ani,1,1,1,1,1,1,1,1,1,1,1,1,1,1,1,1
13641,4,ani,1,1,1,1,1,1,1,1,1,1,1,1,1,1,1,1
13642,2,ati,1,1,1,1,1,1,1,1,1,1,1,1,1,1,1,1
13643,3,tri,1,1,1,1,1,1,1,1,1,1,1,1,1,1,1,1
13644,3,tin,1,1,1,1,1,1,1,1,1,1,1,1,1,1,1,1
13645,3,idz,0,0,0,0,0,0,0,0,0,0,0,0,0,0,0,0
13646,2,ani,0,0,0,1,0,0,0,0,0,1,0,0,1,0,0,1
13647,2,tri,1,1,1,1,1,1,1,1,1,1,1,1,1,1,1,1
13648,3,sta,0,0,0,0,0,0,0,0,0,0,0,0,0,0,0,0
13649,2,nti,1,1,1,1,1,1,1,1,1,1,1,1,1,1,1,1
13650,4,nto,0,0,0,0,0,0,0,0,0,0,0,0,0,0,0,0
13651,3,ang,1,1,1,1,1,1,1,1,1,1,1,1,1,1,1,1
13652,2,ein,1,1,1,1,1,1,1,1,1,1,1,1,1,1,1,1
13653,2,ati,1,1,1,1,1,1,1,1,1,1,1,1,1,1,1,1
13654,3,tri,1,1,1,1,1,1,1,1,1,1,1,1,1,1,1,1
13655,3,ewi,1,1,1,1,1,1,1,1,1,1,1,1,1,1,1,1
13656,2,ati,1,1,1,1,1,1,1,1,1,1,1,1,1,1,1,1
13657,3,ani,1,1,1,1,1,1,1,1,1,1,1,1,1,1,1,1
13658,3,ima,1,1,1,1,1,1,1,1,1,1,1,1,1,1,1,1
13659,3,udi,1,1,1,1,1,1,1,1,1,1,1,1,1,1,1,1
13660,3,nda,1,1,1,1,1,1,1,1,1,1,1,1,1,1,1,1
13661,3,tri,1,1,1,1,1,1,1,1,1,1,1,1,1,1,1,1
13662,3,aka,0,0,0,0,0,0,0,0,0,0,0,0,0,0,0,0
13663,3,san,0,0,0,0,0,0,0,0,0,0,0,0,0,0,0,0
13664,3,ian,0,0,0,0,0,0,0,0,0,0,0,0,0,0,0,0
13665,3,aza,0,1,1,0,1,1,0,1,1,0,1,1,0,1,1,0
13666,3,ung,0,1,1,0,1,1,0,1,1,0,1,1,0,1,1,0
13667,2,ani,1,1,1,1,1,1,1,1,1,1,1,1,1,1,1,1
13668,3,han,0,0,0,0,0,0,0,0,0,0,0,0,0,0,0,0
13669,2,llo,0,0,0,0,0,0,0,0,0,0,0,0,0,0,0,0
13670,2,iuk,1,1,1,1,1,1,1,1,1,1,1,1,1,1,1,1
13671,2,wan,0,0,0,0,0,0,0,0,0,0,0,0,0,0,0,0
13672,4,una,0,0,0,0,0,0,0,0,0,0,0,0,0,0,0,0
13673,3,lah,1,1,1,1,1,1,1,1,1,1,1,1,1,1,1,1
13674,4,wan,1,1,1,1,1,1,1,1,1,1,1,1,1,1,1,1
13675,3,oro,0,0,0,0,0,0,0,0,0,0,0,0,0,0,0,0
13676,3,ana,1,1,1,1,1,1,1,1,1,1,1,1,1,1,1,1
13677,4,uma,1,1,1,0,1,1,1,1,1,0,1,1,1,1,1,1
13678,3,sha,1,1,1,0,1,1,1,1,1,1,1,1,1,1,1,1
13679,3,nto,0,0,0,0,0,0,0,0,0,0,0,0,0,0,0,0
13680,2,aga,1,1,1,1,1,1,1,1,1,1,1,1,1,1,1,1
13681,3,tya,0,0,0,0,0,0,0,0,0,0,0,0,0,0,0,0
13682,3,ara,0,0,0,0,0,0,0,0,0,0,0,0,0,0,0,0
13683,3,lah,0,0,0,0,0,0,0,0,0,0,0,0,0,0,0,0
13684,3,dan,0,0,0,0,0,0,0,0,0,0,0,0,0,0,0,0
13685,3,uma,0,0,0,0,0,0,0,0,0,0,0,0,0,0,0,0
13686,4,haq,0,0,0,0,0,0,0,0,0,0,0,0,0,0,0,0
13687,3,man,0,0,0,0,0,0,0,0,0,0,0,0,0,0,0,0
13688,3,ono,0,0,0,0,0,0,0,0,0,0,0,0,0,0,0,0
13689,4,ewo,0,0,0,0,0,0,0,0,0,0,0,0,0,0,0,0
13690,3,kah,1,1,1,1,1,1,1,1,1,1,1,1,1,1,1,1
13691,3,aya,0,0,0,0,0,0,0,0,0,0,0,0,0,0,0,0
13692,3,nto,0,0,0,0,0,0,0,0,0,0,0,0,0,0,0,0
13693,3,iyo,0,0,0,0,0,0,0,0,0,0,0,0,0,0,0,0
13694,2,aya,0,0,0,0,0,0,0,0,0,0,0,0,0,0,0,0
13695,2,nto,0,0,0,0,0,0,0,0,0,0,0,0,0,0,0,0
13696,3,ani,0,0,0,1,0,0,1,0,0,1,0,0,1,0,0,1
13697,2,lia,1,1,1,1,1,1,1,1,1,1,1,1,1,1,1,1
13698,3,ala,1,1,1,1,1,1,1,1,1,1,1,1,1,1,1,1
13699,4,suf,1,1,1,1,1,1,1,1,1,1,1,1,1,1,1,1
13700,3,ran,0,0,0,0,0,0,0,0,0,0,0,0,0,0,0,0
13701,3,ika,0,0,0,0,0,0,0,0,0,0,0,0,0,0,0,0
13702,2,ana,0,0,0,0,0,0,0,0,0,0,0,0,0,0,0,0
13703,4,ibu,0,0,0,0,0,0,0,0,0,0,0,0,0,0,0,0
13704,3,aza,1,1,1,1,1,1,1,1,1,1,1,1,1,1,1,1
13705,3,uan,0,0,0,0,0,0,0,0,0,0,0,0,0,0,0,0
13706,3,han,0,0,0,0,0,0,0,0,0,0,0,0,0,0,0,0
13707,2,raj,0,0,0,0,0,0,0,0,0,0,0,0,0,0,0,0
13708,3,ara,0,0,0,1,0,0,1,0,0,1,0,0,1,0,0,1
13709,3,zwa,1,1,1,1,1,1,1,1,1,1,1,1,1,1,1,1
13710,3,dro,0,0,0,0,0,0,0,0,0,0,0,0,0,0,0,0
13711,3,dra,0,0,0,0,0,0,0,0,0,0,0,0,0,0,0,0
13712,3,ang,1,1,1,1,1,1,1,1,1,1,1,1,1,1,1,1
13713,2,isa,1,1,1,1,1,1,1,1,1,1,1,1,1,1,1,1
13714,3,man,0,0,0,0,0,0,0,0,0,0,0,0,0,0,0,0
13715,3,ifa,1,1,1,1,1,1,1,1,1,1,1,1,1,1,1,1
13716,2,ama,0,0,0,0,0,0,0,0,0,0,0,0,0,0,0,0
13717,2,aya,0,0,0,0,0,0,0,0,0,0,0,0,0,0,0,1
13718,2,hra,1,1,1,1,1,1,1,1,1,1,1,1,1,1,1,1
13719,3,ati,1,1,1,1,1,1,1,1,1,1,1,1,1,1,1,1
13720,3,nti,1,1,1,1,1,1,1,1,1,1,1,1,1,1,1,1
13721,3,dra,0,0,0,0,0,0,0,0,0,0,0,0,0,0,0,0
13722,4,ari,0,0,0,1,0,0,1,0,0,1,0,0,1,0,0,1
13723,3,zya,1,1,1,1,1,1,1,1,1,1,1,1,1,1,1,1
13724,1,nto,0,0,0,0,0,0,0,0,0,0,0,0,0,0,0,0
13725,2,kal,0,0,0,1,0,0,1,0,0,1,0,0,1,0,0,1
13726,3,lia,1,1,1,1,1,1,1,1,1,1,1,1,1,1,1,1
13727,3,ita,1,1,1,1,1,1,1,1,1,1,1,1,1,1,1,1
13728,2,tya,0,0,0,0,0,0,0,0,0,0,0,0,0,0,0,0
13729,3,tma,0,0,0,0,0,0,0,0,0,0,0,0,0,0,0,0
13730,1,ius,0,0,0,0,0,0,0,0,0,0,0,0,0,0,0,0
13731,2,gti,1,1,1,1,1,1,1,1,1,1,1,1,1,1,1,1
13732,2,ndy,0,0,0,0,0,0,0,0,0,0,0,0,0,0,0,0
13733,4,liu,0,0,0,0,0,0,0,0,0,0,0,0,0,0,0,0
13734,3,tra,0,0,0,0,0,0,0,0,0,0,0,0,0,0,0,0
13735,3,nia,1,1,1,1,1,1,1,1,1,1,1,1,1,1,1,1
13736,1,ndi,1,0,0,0,0,0,0,0,0,0,0,0,0,0,0,0
13737,2,nto,0,0,0,0,0,0,0,0,0,0,0,0,0,0,0,0
13738,2,man,0,0,0,0,0,0,0,0,0,0,0,0,0,0,0,0
13739,3,tri,1,1,1,1,1,1,1,1,1,1,1,1,1,1,1,1
13740,3,ira,1,1,1,1,1,1,1,1,1,1,1,1,1,1,1,1
13741,3,ari,1,1,1,1,1,1,1,1,1,1,1,1,1,1,1,1
13742,2,nti,1,1,1,1,1,1,1,1,1,1,1,1,1,1,1,1
13743,3,ito,0,0,0,0,0,0,0,0,0,0,0,0,0,0,0,0
13744,2,uan,0,0,0,0,0,0,0,0,0,0,0,0,0,0,0,0
13745,4,adi,0,0,0,0,0,0,0,0,0,0,0,0,0,0,0,0
13746,3,lia,1,1,1,1,1,1,1,1,1,1,1,1,1,1,1,1
13747,5,gge,0,0,0,0,0,0,0,0,0,0,0,0,0,0,0,0
13748,3,ldo,0,0,0,0,0,0,0,0,0,0,0,0,0,0,0,0
13749,4,ety,0,0,0,0,0,0,0,0,0,0,0,0,0,0,0,0
13750,3,igo,0,0,0,0,0,0,0,0,0,0,0,0,0,0,0,0
13751,4,gro,0,0,0,0,0,0,0,0,0,0,0,0,0,0,0,0
13752,2,aya,1,1,1,1,1,1,1,1,1,1,1,1,1,1,1,1
13753,3,asi,0,0,0,0,0,0,0,0,0,0,0,0,0,0,0,1
13754,3,ari,1,1,1,1,1,1,1,1,1,1,1,1,1,1,1,1
13755,4,doh,1,1,1,0,1,1,0,1,1,0,1,1,0,1,1,0
13756,3,iva,1,1,1,1,1,1,1,1,1,1,1,1,1,1,1,1
13757,2,ana,0,0,0,0,0,0,0,0,0,0,0,0,0,0,0,0
13758,2,ini,1,1,1,1,1,1,1,1,1,1,1,1,1,1,1,1
13759,3,ama,0,0,0,0,0,0,0,0,0,0,0,0,0,0,0,0
13760,3,ina,1,1,1,1,1,1,1,1,1,1,1,1,1,1,1,1
13761,3,oro,1,0,0,0,0,0,0,0,0,0,0,0,0,0,0,0
13762,4,par,0,0,0,0,0,0,0,0,0,0,0,0,0,0,0,0
13763,3,wan,0,0,0,0,0,0,0,0,0,0,0,0,0,0,0,0
13764,3,ara,0,0,0,0,0,0,0,0,0,0,0,0,0,0,0,0
13765,2,ana,0,0,0,0,0,0,0,0,0,0,0,0,0,0,0,0
13766,2,aus,0,0,0,0,0,0,0,0,0,0,0,0,0,0,0,0
13767,3,any,1,1,1,1,1,1,1,1,1,1,1,1,1,1,1,1
13768,3,fif,0,0,0,0,0,0,0,0,0,0,0,0,0,0,0,0
13769,3,nto,0,0,0,0,0,0,0,0,0,0,0,0,0,0,0,0
13770,3,ara,0,0,0,1,0,0,1,0,0,1,0,0,1,0,0,1
13771,2,ini,1,1,1,1,1,1,1,1,1,1,1,1,1,1,1,1
13772,3,hri,0,0,0,1,0,0,1,0,0,1,0,0,1,0,0,1
13773,2,ani,1,0,0,1,0,0,1,0,0,1,0,0,1,0,0,1
13774,3,far,0,0,0,0,0,0,0,0,0,0,0,0,0,0,0,0
13775,2,rah,0,0,0,0,0,0,0,0,0,0,0,0,0,0,0,0
13776,2,ila,1,1,1,1,1,1,1,1,1,1,1,1,1,1,1,1
13777,3,ari,1,1,1,1,1,1,1,1,1,1,1,1,1,1,1,1
13778,3,ndy,1,1,1,1,1,1,1,1,1,1,1,1,1,1,1,1
13779,2,ani,1,1,1,1,1,1,1,1,1,1,1,1,1,1,1,1
13780,3,jat,0,0,0,0,0,0,0,0,0,0,0,0,0,0,0,0
13781,3,tri,1,1,1,1,1,1,1,1,1,1,1,1,1,1,1,1
13782,4,aja,0,0,0,0,0,0,0,0,0,0,0,0,0,0,0,0
13783,3,ama,0,0,0,0,0,0,0,0,0,0,0,0,0,0,0,0
13784,3,dah,1,1,1,1,1,1,1,1,1,1,1,1,1,1,1,1
13785,2,nta,1,1,1,1,1,1,1,1,1,1,1,1,1,1,1,1
13786,4,yah,0,0,0,0,0,0,0,0,0,0,0,0,0,0,0,0
13787,2,tri,1,1,1,1,1,1,1,1,1,1,1,1,1,1,1,1
13788,2,ani,1,1,1,1,1,1,1,1,1,1,1,1,1,1,1,1
13789,2,ani,1,1,1,1,1,1,1,1,1,1,1,1,1,1,1,1
13790,3,him,0,0,0,0,0,0,0,0,0,0,0,0,0,0,0,0
13791,2,man,0,0,0,0,0,0,0,0,0,0,0,0,0,0,0,0
13792,2,ang,0,0,0,0,0,0,0,0,0,0,0,0,0,0,0,0
13793,3,una,0,0,0,0,0,0,0,0,0,0,0,0,0,0,0,0
13794,3,han,0,0,0,0,0,0,0,0,0,0,0,0,0,0,0,0
13795,3,sta,0,0,0,0,0,0,0,0,0,0,0,0,0,0,0,0
13796,3,han,0,0,0,0,0,0,0,0,0,0,0,0,0,0,0,0
13797,4,adi,0,0,0,0,0,0,0,0,0,0,0,0,0,0,0,0
13798,3,nda,0,0,0,0,0,0,0,0,0,0,0,0,0,0,0,0
13799,3,han,0,0,0,0,0,0,0,0,0,0,0,0,0,0,0,0
13800,4,gni,0,0,0,0,0,0,0,0,0,0,0,0,0,0,0,0
13801,4,jar,0,0,0,0,0,0,0,0,0,0,0,0,0,0,0,0
13802,2,ara,1,1,1,1,1,1,1,1,1,1,1,1,1,1,1,1
13803,5,lla,1,1,1,1,1,1,1,1,1,1,1,1,1,1,1,1
13804,2,ewi,1,1,1,1,1,1,1,1,1,1,1,1,1,1,1,1
13805,3,lla,1,1,1,1,1,1,1,1,1,1,1,1,1,1,1,1
13806,3,ama,0,0,0,0,0,0,0,0,0,0,0,0,0,0,0,0
13807,3,wan,0,0,0,0,0,0,0,0,0,0,0,0,0,0,0,0
13808,3,wan,0,0,0,0,0,0,0,0,0,0,0,0,0,0,0,0
13809,3,gaf,0,0,0,0,0,0,0,0,0,0,0,0,0,0,0,0
13810,3,aya,0,0,0,0,0,0,0,0,0,0,0,0,0,0,0,0
13811,3,tri,1,1,1,1,1,1,1,1,1,1,1,1,1,1,1,1
13812,3,ika,1,1,1,1,1,1,1,1,1,1,1,1,1,1,1,1
13813,3,tan,1,1,1,1,1,1,1,1,1,1,1,1,1,1,1,1
13814,3,ami,1,1,1,1,1,1,1,1,1,1,1,1,1,1,1,1
13815,3,ari,1,1,1,1,1,1,1,1,1,1,1,1,1,1,1,1
13816,3,ari,1,1,1,1,1,1,1,1,1,1,1,1,1,1,1,1
13817,3,zki,0,1,1,1,1,1,1,1,1,1,1,1,1,1,1,1
13818,2,han,0,0,0,0,0,0,0,0,0,0,0,0,0,0,0,0
13819,2,oso,0,0,0,0,0,0,0,0,0,0,0,0,0,0,0,0
13820,2,ari,1,1,1,0,1,1,0,1,1,0,1,1,1,1,1,1
13821,3,son,0,0,0,0,0,0,0,0,0,0,0,0,0,0,0,0
13822,4,ana,1,1,1,1,1,1,1,1,1,1,1,1,1,1,1,1
13823,3,ari,1,1,1,1,1,1,1,1,1,1,1,1,1,1,1,1
13824,2,ari,1,1,1,1,1,1,1,1,1,1,1,1,1,1,1,1
13825,3,ing,1,1,1,1,1,1,1,1,1,1,1,1,1,1,1,1
13826,2,eth,1,1,1,1,1,1,1,1,1,1,1,1,1,1,1,1
13827,3,lia,1,1,1,1,1,1,1,1,1,1,1,1,1,1,1,1
13828,3,ari,1,1,1,1,1,1,1,1,1,1,1,1,1,1,1,1
13829,3,ing,1,1,1,1,1,1,1,1,1,1,1,1,1,1,1,1
13830,3,bow,1,1,1,1,1,1,1,1,1,1,1,1,1,1,1,1
13831,2,zki,1,1,1,1,1,1,1,1,1,1,1,1,1,1,1,1
13832,2,ama,0,0,0,0,0,0,0,0,0,0,0,0,0,0,0,0
13833,3,ani,1,1,1,1,1,1,1,1,1,1,1,1,1,1,1,1
13834,2,hya,1,1,1,1,1,1,1,1,1,1,1,1,1,1,1,1
13835,3,ani,1,1,1,1,1,1,1,1,1,1,1,1,1,1,1,1
13836,3,ura,1,1,1,1,1,1,1,1,1,1,1,1,1,1,1,1
13837,2,nti,1,1,1,1,1,1,1,1,1,1,1,1,1,1,1,1
13838,3,rti,1,1,1,1,1,1,1,1,1,1,1,1,1,1,1,1
13839,3,ana,0,0,0,0,0,0,0,0,0,0,0,0,0,0,0,0
13840,3,oto,0,0,0,0,0,0,0,0,0,0,0,0,0,0,0,0
13841,3,sir,1,1,1,1,1,1,0,1,1,0,1,1,0,1,1,0
13842,3,nda,1,1,1,1,1,1,1,1,1,1,1,1,1,1,1,1
13843,4,ala,1,1,1,1,1,1,1,1,1,1,1,1,1,1,1,1
13844,3,nda,1,1,1,1,1,1,1,1,1,1,1,1,1,1,1,1
13845,3,sha,1,1,1,1,1,1,1,1,1,1,1,1,1,1,1,1
13846,2,ana,1,1,1,0,1,1,0,1,1,0,1,1,0,1,1,0
13847,2,ani,1,1,1,1,1,1,1,1,1,1,1,1,1,1,1,1
13848,3,lah,1,1,1,1,1,1,1,1,1,1,1,1,1,1,1,1
13849,2,ari,1,1,1,1,1,1,1,1,1,1,1,1,1,1,1,1
13850,4,ban,0,0,0,0,0,0,0,0,0,0,0,0,0,0,0,0
13851,3,lia,1,1,1,1,1,1,1,1,1,1,1,1,1,1,1,1
13852,3,ars,1,1,1,0,1,1,0,1,1,0,1,1,1,1,1,1
13853,3,lah,1,1,1,1,1,1,1,1,1,1,1,1,1,1,1,1
13854,3,awi,0,0,0,0,0,0,0,0,0,0,0,0,0,0,0,0
13855,3,ama,0,0,0,0,0,0,0,0,0,0,0,0,0,0,0,0
13856,4,rba,0,0,0,0,0,0,0,0,0,0,0,0,0,0,0,0
13857,2,ika,0,0,0,0,0,0,0,0,0,0,0,0,0,0,0,0
13858,3,ana,0,0,0,0,0,0,0,0,0,0,0,0,0,0,0,0
13859,3,han,0,0,0,0,0,0,0,0,0,0,0,0,0,0,0,0
13860,2,aja,0,0,0,0,0,0,0,0,0,0,0,0,0,0,0,0
13861,3,lah,0,0,0,0,0,0,0,0,0,0,0,0,0,0,0,0
13862,3,tya,0,0,0,0,0,0,0,0,0,0,0,0,0,0,0,0
13863,4,ama,0,0,0,0,0,0,0,0,0,0,0,0,0,0,0,0
13864,4,uma,0,0,0,0,0,0,0,0,0,0,0,0,0,0,0,0
13865,3,ara,0,0,0,0,0,0,0,0,0,0,0,0,0,0,0,0
13866,3,ssy,0,0,0,0,0,0,0,0,0,0,0,0,0,0,0,0
13867,2,yah,0,0,0,0,0,0,0,0,0,0,0,0,0,0,0,0
13868,3,aky,0,0,0,0,0,0,0,0,0,0,0,0,0,0,0,0
13869,3,aha,0,0,0,0,0,0,0,0,0,0,0,0,0,0,0,0
13870,3,zzi,0,0,0,0,0,0,0,0,0,0,0,0,0,0,0,0
13871,3,han,0,0,0,0,0,0,0,0,0,0,0,0,0,0,0,0
13872,3,kas,0,0,0,0,0,0,0,0,0,0,0,0,0,0,0,0
13873,2,tya,1,1,1,1,1,1,1,1,1,1,1,1,1,1,1,1
13874,2,sta,1,1,1,1,1,1,1,1,1,1,1,1,1,1,1,1
13875,5,upa,1,1,1,1,1,1,1,1,1,1,1,1,1,1,1,1
13876,3,yna,1,1,1,1,1,1,1,1,1,1,1,1,1,1,1,1
13877,3,ina,1,1,1,1,1,1,1,1,1,1,1,1,1,1,1,1
13878,3,ina,1,1,1,1,1,1,1,1,1,1,1,1,1,1,1,1
13879,3,ris,1,1,1,1,1,1,1,1,1,1,1,1,1,1,1,1
13880,3,dah,1,1,1,1,1,1,1,1,1,1,1,1,1,1,1,1
13881,3,ian,1,1,1,1,1,1,1,1,1,1,1,1,1,1,1,1
13882,2,gia,1,1,1,1,1,1,1,1,1,1,1,1,1,1,1,1
13883,2,ini,1,1,1,1,1,1,1,1,1,1,1,1,1,1,1,1
13884,3,iwi,1,1,1,1,1,1,1,1,1,1,1,1,1,1,1,1
13885,3,ani,1,1,1,1,1,1,1,1,1,1,1,1,1,1,1,1
13886,3,fin,1,1,1,1,1,1,1,1,1,1,1,1,1,1,1,1
13887,3,ani,1,1,1,1,1,1,1,1,1,1,1,1,1,1,1,1
13888,3,oro,1,1,1,1,1,1,1,1,1,1,1,1,1,1,1,1
13889,3,ing,1,1,1,1,1,1,1,1,1,1,1,1,1,1,1,1
13890,3,nty,1,1,1,1,1,1,1,1,1,1,1,1,1,1,1,1
13891,4,ndi,1,1,1,1,1,1,1,1,1,1,1,1,1,1,1,1
13892,3,iah,1,1,1,1,1,1,1,1,1,1,1,1,1,1,1,1
13893,4,kia,1,1,1,1,1,1,1,1,1,1,1,1,1,1,1,1
13894,4,rum,1,1,1,1,1,1,1,1,1,1,1,1,1,1,1,1
13895,3,sya,1,1,1,1,1,1,1,1,1,1,1,1,1,1,1,1
13896,3,ani,1,1,1,1,1,1,1,1,1,1,1,1,1,1,1,1
13897,3,ari,1,1,1,1,1,1,1,1,1,1,1,1,1,1,1,1
13898,3,ari,1,1,1,1,1,1,1,1,1,1,1,1,1,1,1,1
13899,3,lla,1,1,1,1,1,1,1,1,1,1,1,1,1,1,1,1
13900,3,any,1,1,1,1,1,1,1,1,1,1,1,1,1,1,1,1
13901,3,ila,1,1,1,1,1,1,1,1,1,1,1,1,1,1,1,1
13902,3,kia,1,1,1,1,1,1,1,1,1,1,1,1,1,1,1,1
13903,2,hra,1,1,1,1,1,1,1,1,1,1,1,1,1,1,1,1
13904,3,rum,1,1,1,1,1,1,1,1,1,1,1,1,1,1,1,1
13905,2,ani,1,1,1,1,1,1,1,1,1,1,1,1,1,1,1,1
13906,2,nti,1,1,1,1,1,1,1,1,1,1,1,1,1,1,1,1
13907,3,lla,1,1,1,1,1,1,1,1,1,1,1,1,1,1,1,1
13908,3,ria,1,1,1,1,1,1,1,1,1,1,1,1,1,1,1,1
13909,4,nto,1,1,1,1,1,1,1,1,1,1,1,1,1,1,1,1
13910,3,ani,1,1,1,1,1,1,1,1,1,1,1,1,1,1,1,1
13911,3,eni,1,1,1,1,1,1,1,1,1,1,1,1,1,1,1,1
13912,3,ati,1,1,1,1,1,1,1,1,1,1,1,1,1,1,1,1
13913,4,aya,1,1,1,1,1,1,1,1,1,1,1,1,1,1,1,1
13914,2,ita,1,1,1,1,1,1,1,1,1,1,1,1,1,1,1,1
13915,3,sya,1,1,1,1,1,1,1,1,1,1,1,1,1,1,1,1
13916,3,ayu,1,1,1,1,1,1,1,1,1,1,1,1,1,1,1,1
13917,3,tri,1,1,1,1,1,1,1,1,1,1,1,1,1,1,1,1
13918,3,hra,1,1,1,1,1,1,1,1,1,1,1,1,1,1,1,1
13919,4,. s,1,1,1,1,1,1,1,1,1,1,1,1,1,1,1,1
13920,3,man,1,1,1,1,1,1,1,1,1,1,1,1,1,1,1,1
13921,3,mah,1,1,1,1,1,1,1,1,1,1,1,1,1,1,1,1
13922,2,ani,1,1,1,1,1,1,1,1,1,1,1,1,1,1,1,1
13923,2,yla,1,1,1,1,1,1,1,1,1,1,1,1,1,1,1,1
13924,3,sih,1,1,1,1,1,1,1,1,1,1,1,1,1,1,1,1
13925,2,fah,1,1,1,1,1,1,1,1,1,1,1,1,1,1,1,1
13926,2,ana,1,1,1,1,1,1,1,1,1,1,1,1,1,1,1,1
13927,3,anz,1,1,1,1,1,1,1,1,1,1,1,1,1,1,1,1
13928,3,ani,1,1,1,1,1,1,1,1,1,1,1,1,1,1,1,1
13929,3,ifa,1,1,1,1,1,1,1,1,1,1,1,1,1,1,1,1
13930,3,num,1,1,1,1,1,1,1,1,1,1,1,1,1,1,1,1
13931,3,mir,1,1,1,1,1,1,1,1,1,1,1,1,1,1,1,1
13932,3,lah,1,1,1,1,1,1,1,1,1,1,1,1,1,1,1,1
13933,4,lah,1,1,1,1,1,1,1,1,1,1,1,1,1,1,1,1
13934,3,hma,1,1,1,1,1,1,1,1,1,1,1,1,1,1,1,1
13935,3,ani,1,1,1,1,1,1,1,1,1,1,1,1,1,1,1,1
13936,3,kah,1,1,1,1,1,1,1,1,1,1,1,1,1,1,1,1
13937,3,nti,1,1,1,1,1,1,1,1,1,1,1,1,1,1,1,1
13938,3,ssa,1,1,1,1,1,1,1,1,1,1,1,1,1,1,1,1
13939,3,ani,1,1,1,1,1,1,1,1,1,1,1,1,1,1,1,1
13940,3,ani,1,1,1,1,1,1,1,1,1,1,1,1,1,1,1,1
13941,3,ani,1,1,1,1,1,1,1,1,1,1,1,1,1,1,1,1
13942,2,afa,1,1,1,1,1,1,1,1,1,1,1,1,1,1,1,1
13943,3,ani,1,1,1,1,1,1,1,1,1,1,1,1,1,1,1,1
13944,3,pit,1,1,1,1,1,1,1,1,1,1,1,1,1,1,1,1
13945,2,iwi,1,1,1,1,1,1,1,1,1,1,1,1,1,1,1,1
13946,2,ari,1,1,1,1,1,1,1,1,1,1,1,1,1,1,1,1
13947,3,lia,1,1,1,1,1,1,1,1,1,1,1,1,1,1,1,1
13948,2,kia,1,1,1,1,1,1,1,1,1,1,1,1,1,1,1,1
13949,2,yan,1,1,1,1,1,1,1,1,1,1,1,1,1,1,1,1
13950,2,ina,1,1,1,1,1,1,1,1,1,1,1,1,1,1,1,1
13951,2,tri,1,1,1,1,1,1,1,1,1,1,1,1,1,1,1,1
13952,3,hra,1,1,1,1,1,1,1,1,1,1,1,1,1,1,1,1
13953,3,ris,1,1,1,1,1,1,1,1,1,1,1,1,1,1,1,1
13954,4,ewi,1,1,1,1,1,1,1,1,1,1,1,1,1,1,1,1
13955,3,rum,1,1,1,1,1,1,1,1,1,1,1,1,1,1,1,1
13956,3,ayu,1,1,1,1,1,1,1,1,1,1,1,1,1,1,1,1
13957,3,sim,1,1,1,1,1,1,1,1,1,1,1,1,1,1,1,1
13958,4,aga,1,1,1,1,1,1,1,1,1,1,1,1,1,1,1,1
13959,3,lah,1,1,1,1,1,1,1,1,1,1,1,1,1,1,1,1
13960,2,nah,1,1,1,1,1,1,1,1,1,1,1,1,1,1,1,1
13961,2,ika,1,1,1,1,1,1,1,1,1,1,1,1,1,1,1,1
13962,2,sia,1,1,1,1,1,1,1,1,1,1,1,1,1,1,1,1
13963,2,sih,1,1,1,1,1,1,1,1,1,1,1,1,1,1,1,1
13964,3,ifa,1,1,1,1,1,1,1,1,1,1,1,1,1,1,1,1
13965,3,ari,1,1,1,1,1,1,1,1,1,1,1,1,1,1,1,1
13966,3,lah,1,1,1,1,1,1,1,1,1,1,1,1,1,1,1,1
13967,2,ari,1,1,1,1,1,1,1,1,1,1,1,1,1,1,1,1
13968,3,ani,1,1,1,1,1,1,1,1,1,1,1,1,1,1,1,1
13969,3,iah,1,1,1,1,1,1,1,1,1,1,1,1,1,1,1,1
13970,3,lia,1,1,1,1,1,1,1,1,1,1,1,1,1,1,1,1
13971,1,ita,1,1,1,1,1,1,1,1,1,1,1,1,1,1,1,1
13972,4,ing,1,1,1,1,1,1,1,1,1,0,1,1,1,1,1,1
13973,2,lia,1,1,1,1,1,1,1,1,1,1,1,1,1,1,1,1
13974,4,ani,1,1,1,1,1,1,1,1,1,1,1,1,1,1,1,1
13975,3,nti,1,1,1,1,1,1,1,1,1,1,1,1,1,1,1,1
13976,4,ana,0,0,0,0,0,0,0,0,0,0,0,0,0,0,0,0
13977,3,tya,0,0,0,0,0,0,0,0,0,0,0,0,0,0,0,0
13978,2,sha,0,0,0,0,0,0,0,0,0,0,0,0,0,0,0,0
13979,3,ani,1,1,1,1,1,1,1,1,1,1,1,1,1,1,1,1
13980,3,dri,0,0,0,0,0,0,0,0,0,0,0,0,0,0,0,0
13981,2,ari,1,1,1,1,1,1,1,1,1,1,1,1,1,1,1,1
13982,2,hra,1,1,1,1,1,1,1,1,1,1,1,1,1,1,1,1
13983,3,hya,1,1,1,1,1,1,1,1,1,1,1,1,1,1,1,1
13984,3,ira,1,1,1,1,1,1,1,1,1,1,1,1,1,1,1,1
13985,5,yan,0,0,0,0,0,0,0,0,0,0,0,0,0,0,0,0
13986,3,kim,0,0,0,0,0,0,0,0,0,0,0,0,0,0,0,0
13987,3,har,0,1,1,0,1,1,0,1,1,0,1,1,0,1,1,1
13988,3,har,1,1,1,1,1,1,1,1,1,1,1,1,1,1,1,1
13989,3,far,0,0,0,0,0,0,0,0,0,0,0,0,0,0,0,0
13990,3,lin,1,1,1,1,1,1,1,1,1,1,1,1,1,1,1,1
13991,3,nti,1,1,1,1,1,1,1,1,1,1,1,1,1,1,1,1
13992,2,any,1,1,1,0,1,1,0,1,1,0,1,1,0,1,1,0
13993,2,han,0,0,0,0,0,0,0,0,0,0,0,0,0,0,0,0
13994,2,ani,1,1,1,1,1,1,1,1,1,1,1,1,1,1,1,1
13995,3,nto,0,0,0,0,0,0,0,0,0,0,0,0,0,0,0,0
13996,3,ana,1,1,1,1,1,1,1,1,1,1,1,1,1,1,1,1
13997,3,sfa,1,1,1,1,1,1,1,1,1,1,1,1,1,1,1,1
13998,2,sha,1,1,1,1,1,1,1,1,1,1,1,1,1,1,1,1
13999,3,tri,1,1,1,1,1,1,1,1,1,1,1,1,1,1,1,1
14000,2,ida,1,1,1,1,1,1,1,1,1,1,1,1,1,1,1,1
14001,2,ari,1,1,1,1,1,1,1,1,1,1,1,1,1,1,1,1
14002,2,nan,1,1,1,1,1,1,1,1,1,1,1,1,1,1,1,1
14003,2,man,1,0,1,1,0,1,1,0,1,1,0,1,1,0,1,1
14004,2,zah,1,1,1,1,1,1,1,1,1,1,1,1,1,1,1,1
14005,3,ika,1,0,1,1,0,1,1,0,1,1,0,1,1,0,1,1
14006,2,ina,1,1,1,1,1,1,1,1,1,1,1,1,1,1,1,1
14007,3,ari,1,1,1,1,1,1,1,1,1,1,1,1,1,1,1,1
14008,4,ard,1,1,1,1,1,1,1,1,1,1,1,1,1,1,1,1
14009,3,ana,1,1,1,1,1,1,1,1,1,1,1,1,1,1,1,1
14010,5,a l,1,1,1,0,1,1,0,1,1,0,1,1,0,1,1,0
14011,3,oro,1,1,1,0,1,1,0,1,1,0,1,1,0,1,1,1
14012,3,ane,1,1,1,1,1,1,1,1,1,1,1,1,1,1,1,1
14013,3,ili,1,1,1,1,1,1,1,1,1,1,1,1,1,1,1,1
14014,5,a m,1,1,1,1,1,1,1,1,1,1,1,1,1,1,1,1
14015,3,tri,1,1,1,1,1,1,1,1,1,1,1,1,1,1,1,1
14016,3,hmi,0,0,0,0,0,0,0,0,0,0,0,0,0,0,0,0
14017,2,ian,0,0,0,0,0,0,0,0,0,0,0,0,0,0,0,0
14018,3,ita,1,1,1,1,1,1,1,1,1,1,1,1,1,1,1,1
14019,3,hla,1,1,1,1,1,1,1,1,1,1,1,1,1,1,1,1
14020,2,yun,1,1,1,1,1,1,1,1,1,0,1,1,1,1,1,0
14021,3,ana,1,1,1,1,1,1,1,1,1,1,1,1,1,1,1,1
14022,4,ara,0,0,0,0,0,0,0,0,0,0,0,0,0,0,0,0
14023,3,ish,0,0,1,1,0,1,1,0,1,1,0,1,1,0,1,1
14024,3,git,0,0,0,0,0,0,0,0,0,0,0,0,0,0,0,0
14025,2,tra,0,0,0,0,0,0,0,0,0,0,0,0,0,0,0,0
14026,3,nta,0,0,0,0,0,0,0,0,0,0,0,0,0,0,0,0
14027,3,mam,0,0,0,0,0,0,0,0,0,0,0,0,0,0,0,0
14028,3,una,0,1,1,0,1,1,0,1,1,0,1,1,0,1,1,0
14029,2,tri,1,1,1,1,1,1,1,1,1,1,1,1,1,1,1,1
14030,3,dia,0,0,0,1,0,0,1,0,0,1,0,0,1,0,0,1
14031,3,tri,1,1,1,1,1,1,1,1,1,1,1,1,1,1,1,1
14032,3,ohi,1,1,1,0,1,1,1,1,1,1,1,1,1,1,1,1
14033,2,mad,1,0,0,0,0,0,0,0,0,0,0,0,0,0,0,0
14034,3,ena,1,1,1,1,1,1,1,1,1,1,1,1,1,1,1,1
14035,2,ana,1,1,1,1,1,1,1,1,1,1,1,1,1,1,1,1
14036,2,nia,1,1,1,1,1,1,1,1,1,1,1,1,1,1,1,1
14037,3,idz,0,0,0,0,0,0,0,0,0,0,0,0,0,0,0,0
14038,3,mes,1,1,1,1,1,1,1,1,1,1,1,1,1,1,1,1
14039,2,lia,1,1,1,1,1,1,1,1,1,1,1,1,1,1,1,1
14040,2,ara,1,1,1,0,1,1,0,1,1,0,1,1,0,1,1,0
14041,3,wan,1,1,0,0,1,0,0,1,0,0,1,0,0,1,0,0
14042,3,kia,1,1,1,1,1,1,1,1,1,1,1,1,1,1,1,1
14043,3,ana,1,1,1,1,1,1,1,1,1,1,1,1,1,1,1,1
14044,4,nga,1,1,1,1,1,1,1,1,1,1,1,1,1,1,1,1
14045,3,nan,1,1,1,0,1,1,1,1,1,1,1,1,0,1,1,0
14046,3,dra,1,1,1,1,1,1,1,1,1,1,1,1,1,1,1,1
14047,3,dah,1,1,1,1,1,1,1,1,1,1,1,1,1,1,1,1
14048,3,rra,1,1,1,1,1,1,1,1,1,1,1,1,1,1,1,1
14049,3,nto,1,1,1,0,1,1,0,1,1,0,1,1,0,1,1,0
14050,3,nto,1,1,1,1,1,1,1,1,1,1,1,1,1,1,1,1
14051,3,ami,1,1,1,1,1,1,1,1,1,1,1,1,1,1,1,1
14052,2,ani,1,1,1,1,1,1,1,1,1,1,1,1,1,1,1,1
14053,2,ana,1,1,1,0,1,1,1,1,1,0,1,1,0,1,1,1
14054,3,yla,1,1,1,1,1,1,1,1,1,1,1,1,1,1,1,1
14055,3,afa,0,0,0,0,0,0,0,0,0,0,0,0,0,0,0,0
14056,3,aja,0,0,0,0,0,0,0,0,0,0,0,0,0,0,0,0
14057,4,lmy,0,0,0,0,0,0,0,0,0,0,0,0,0,0,0,0
14058,3,aji,0,0,0,0,0,0,0,0,0,0,0,0,0,0,0,0
14059,3,ata,0,0,0,0,0,0,0,0,0,0,0,0,0,0,0,0
14060,5, pr,0,0,0,0,0,0,0,0,0,0,0,0,0,0,0,0
14061,3,ana,0,0,0,0,0,0,0,0,0,0,0,0,0,0,0,0
14062,4,man,0,0,0,0,0,0,0,0,0,0,0,0,0,0,0,0
14063,5,imo,0,0,0,0,0,0,0,0,0,0,0,0,0,0,0,0
14064,4,wan,0,0,0,0,0,0,0,0,0,0,0,0,0,0,0,0
14065,5,usp,1,1,1,1,1,1,1,1,1,1,1,1,1,1,1,1
14066,4,aya,0,0,0,1,0,0,1,0,0,1,0,0,1,0,0,1
14067,4,lla,1,1,1,1,1,1,1,1,1,1,1,1,1,1,1,1
14068,3,rga,1,1,1,1,1,1,1,1,1,1,1,1,1,1,1,1
14069,4,nda,0,0,0,0,0,0,0,0,0,0,0,0,0,0,0,0
14070,3,ito,0,0,0,0,0,0,0,0,0,0,0,0,0,0,0,0
14071,4,wan,0,0,0,0,0,0,0,0,0,0,0,0,0,0,0,0
14072,4,wan,0,0,0,0,0,0,0,0,0,0,0,0,0,0,0,0
14073,3,era,0,0,0,0,0,0,0,0,0,0,0,0,0,0,0,0
14074,4,tra,0,0,0,0,0,0,0,0,0,0,0,0,0,0,0,0
14075,3,ria,1,1,1,1,1,1,1,1,1,1,1,1,1,1,1,1
14076,4,avy,0,0,0,0,0,0,0,0,0,0,0,0,0,0,0,0
14077,5, wi,0,0,0,0,0,0,0,0,0,0,0,0,0,0,0,0
14078,3,jar,0,0,0,0,0,0,0,0,0,0,0,0,0,0,0,0
14079,4,aha,0,0,0,0,0,0,0,0,0,0,0,0,0,0,0,0
14080,4,ana,1,1,1,0,1,1,0,1,1,0,1,1,0,1,1,0
14081,5,ana,1,1,1,1,1,1,1,1,1,1,1,1,1,1,1,1
14082,5,ana,1,1,1,1,1,1,1,1,1,1,1,1,1,1,1,1
14083,3,aya,0,1,0,0,1,0,0,1,0,0,1,0,0,1,0,0
14084,4,diq,0,0,0,0,0,0,0,0,0,0,0,0,0,0,0,0
14085,4,rja,0,0,0,0,0,0,0,0,0,0,0,0,0,0,0,0
14086,4,ani,1,1,1,1,1,1,1,1,1,1,1,1,1,1,1,1
14087,4,san,0,0,0,0,0,0,0,0,0,0,0,0,0,0,0,0
14088,4,bar,0,0,0,0,0,0,0,0,0,0,0,0,0,0,0,0
14089,5,ari,1,1,1,1,1,1,1,1,1,1,1,1,1,1,1,1
14090,5, sa,1,1,1,1,1,1,1,1,1,1,1,1,1,1,1,1
14091,6,sih,1,1,1,1,1,1,1,1,1,1,1,1,1,1,1,1
14092,5,zah,1,1,1,1,1,1,1,1,1,1,1,1,1,1,1,1
14093,5,o p,1,1,0,0,1,0,0,1,0,0,1,0,0,1,0,0
14094,2,ika,0,1,1,0,1,1,0,1,1,0,1,1,0,1,1,0
14095,3,ani,0,0,0,0,0,0,0,0,0,0,0,0,0,0,0,0
14096,3,dir,0,0,0,1,0,0,1,0,0,1,0,0,1,0,0,1
14097,3,ata,0,0,0,0,0,0,0,0,0,0,0,0,0,0,0,0
14098,3,han,0,0,0,0,0,0,0,0,0,0,0,0,0,0,0,0
14099,3,oho,0,0,0,0,0,0,0,0,0,0,0,0,0,0,0,0
14100,3,yah,0,0,0,0,0,0,0,0,0,0,0,0,0,0,0,0
14101,3,aga,0,0,0,0,0,0,0,0,0,0,0,0,0,0,0,0
14102,2,jar,0,0,0,0,0,0,0,0,0,0,0,0,0,0,0,0
14103,3,ila,1,1,1,1,1,1,1,1,1,1,1,1,1,1,1,1
14104,3,ira,1,1,1,1,1,1,1,1,1,0,1,1,1,1,1,1
14105,3,ama,0,0,0,0,0,0,0,0,0,0,0,0,0,0,0,0
14106,3,rja,0,0,0,0,0,0,0,0,0,0,0,0,0,0,0,0
14107,3,hyu,0,0,0,0,0,0,0,0,0,0,0,0,0,0,0,0
14108,3,nto,0,0,0,0,0,0,0,0,0,0,0,0,0,0,0,0
14109,3,ene,0,0,0,0,0,0,0,0,0,0,0,0,0,0,0,0
14110,2,t r,0,0,0,0,0,0,0,0,0,0,0,0,0,0,0,0
14111,4,omo,0,0,0,0,0,0,0,0,0,0,0,0,0,0,0,0
14112,2,ani,1,1,1,1,1,1,1,1,1,1,1,1,1,1,1,1
14113,3,nia,1,1,1,1,1,1,1,1,1,1,1,1,1,1,1,1
14114,3,ari,1,1,1,1,1,1,1,1,1,1,1,1,1,1,1,1
14115,3,izh,1,1,1,1,1,1,1,1,1,1,1,1,1,1,1,1
14116,2,ari,0,0,0,0,0,0,0,0,0,0,0,0,0,0,0,0
14117,3,tra,0,0,0,0,0,0,0,0,0,0,0,0,0,0,0,0
14118,3,wan,0,0,0,0,0,0,0,0,0,0,0,0,0,0,0,0
14119,3,stu,0,0,0,0,0,0,0,0,0,0,0,0,0,0,0,0
14120,3,lah,0,0,0,0,0,0,0,0,0,0,0,0,0,0,0,0
14121,2,tri,1,1,1,1,1,1,1,1,1,1,1,1,1,1,1,1
14122,3,ini,1,1,1,1,1,1,1,1,1,1,1,1,1,1,1,1
14123,3,tra,0,0,0,0,0,0,0,0,0,0,0,0,0,0,0,0
14124,2,ria,0,0,0,0,0,0,0,0,0,0,0,0,0,0,0,0
14125,3,ama,0,0,0,0,0,0,0,0,0,0,0,0,0,0,0,0
14126,4,tra,0,0,0,0,0,0,0,0,0,0,0,0,0,0,0,0
14127,3,ziz,0,0,0,0,0,0,0,0,0,0,0,0,0,0,0,0
14128,3,rga,0,0,0,0,0,0,0,0,0,0,0,0,0,0,0,0
14129,2,aya,0,0,0,0,0,0,0,0,0,0,0,0,0,0,0,0
14130,3,ika,0,0,0,0,0,0,0,0,0,0,0,0,0,0,0,0
14131,3,hil,0,0,0,0,0,0,0,0,0,0,0,0,0,0,0,0
14132,3,ezi,0,0,0,0,0,0,0,0,0,0,0,0,0,0,0,0
14133,2,dan,0,0,0,0,0,0,0,0,0,0,0,0,0,0,0,0
14134,3,uzi,0,0,0,0,0,0,0,0,0,0,0,0,0,0,0,0
14135,3,anu,0,0,0,0,0,0,0,0,0,0,0,0,0,0,0,0
14136,3,afi,0,0,0,0,0,0,0,0,0,0,0,0,0,0,0,0
14137,3,ono,0,0,0,0,0,0,0,0,0,0,0,0,0,0,0,0
14138,3,nto,0,0,0,0,0,0,0,0,0,0,0,0,0,0,0,0
14139,4,ani,0,0,0,0,0,0,0,0,0,0,0,0,0,0,0,0
14140,4,ana,0,0,0,0,0,0,0,0,0,0,0,0,0,0,0,0
14141,3,wan,0,0,0,0,0,0,0,0,0,0,0,0,0,0,0,0
14142,2,nto,0,0,0,0,0,0,0,0,0,0,0,0,0,0,0,0
14143,3,nto,0,0,0,0,0,0,0,0,0,0,0,0,0,0,0,0
14144,4,ari,0,0,0,0,0,0,0,0,0,0,0,0,0,0,0,0
14145,4,man,0,0,0,0,0,0,0,0,0,0,0,0,0,0,0,0
14146,3,ian,0,0,0,0,0,0,0,0,0,0,0,0,0,0,0,0
14147,2,yah,0,0,0,0,0,0,0,0,0,0,0,0,0,0,0,0
14148,3,gga,0,0,0,0,0,0,0,0,0,0,0,0,0,0,0,0
14149,3,nto,0,0,0,0,0,0,0,0,0,0,0,0,0,0,0,0
14150,2,ham,0,0,0,0,0,0,0,0,0,0,0,0,0,0,0,0
14151,3,man,0,0,0,0,0,0,0,0,0,0,0,0,0,0,0,0
14152,3,ndi,0,0,0,0,0,0,0,0,0,0,0,0,0,0,0,0
14153,3,ata,0,0,0,0,0,0,0,0,0,0,0,0,0,0,0,0
14154,3,aki,0,0,0,0,0,0,0,0,0,0,0,0,0,0,0,0
14155,3,lla,0,0,0,0,0,0,0,0,0,0,0,0,0,0,0,0
14156,3,ama,0,0,0,0,0,0,0,0,0,0,0,0,0,0,0,0
14157,4,aya,0,0,0,0,0,0,0,0,0,0,0,0,0,0,0,0
14158,2,ito,0,0,0,0,0,0,0,0,0,0,0,0,0,0,0,0
14159,4,wan,0,0,0,0,0,0,0,0,0,0,0,0,0,0,0,0
14160,3,ang,0,0,0,0,0,0,0,0,0,0,0,0,0,0,0,0
14161,2,fif,0,0,0,0,0,0,0,0,0,0,0,0,0,0,0,0
14162,2,han,0,0,0,0,0,0,0,0,0,0,0,0,0,0,0,0
14163,2,han,0,0,0,0,0,0,0,0,0,0,0,0,0,0,0,0
14164,4,h r,0,0,0,0,0,0,0,0,0,0,0,0,0,0,0,0
14165,4,api,0,0,0,0,0,0,0,0,0,0,0,0,0,0,0,0
14166,3,ama,0,0,0,0,0,0,0,0,0,0,0,0,0,0,0,0
14167,3,ama,0,0,0,0,0,0,0,0,0,0,0,0,0,0,0,0
14168,3,esi,0,0,0,0,0,0,0,0,0,0,0,0,0,0,0,0
14169,3,rti,0,1,0,0,1,0,0,1,0,0,1,0,0,1,0,0
14170,4,tra,0,0,0,0,0,0,0,0,0,0,0,0,0,0,0,0
14171,3,nda,0,0,0,0,0,0,0,0,0,0,0,0,0,0,0,0
14172,3,ama,0,0,0,0,0,0,0,0,0,0,0,0,0,0,0,0
14173,4,owo,0,0,0,0,0,0,0,0,0,0,0,0,0,0,0,0
14174,4,man,0,0,0,0,0,0,0,0,0,0,0,0,0,0,0,0
14175,3,tra,0,0,0,0,0,0,0,0,0,0,0,0,0,0,0,0
14176,2,ila,1,1,1,1,1,1,1,1,1,1,1,1,1,1,1,1
14177,3,lah,0,0,0,0,0,0,0,0,0,0,0,0,0,0,0,0
14178,2,sra,0,0,0,0,0,0,0,0,0,0,0,0,0,0,0,0
14179,2,jad,0,0,0,0,0,0,0,0,0,0,0,0,0,0,0,0
14180,2,him,0,0,0,0,0,0,0,0,0,0,0,0,0,0,0,0
14181,3,tar,0,0,0,0,0,0,0,0,0,0,0,0,0,0,0,0
14182,3,iza,0,1,1,0,1,1,0,1,1,0,1,1,0,1,1,0
14183,2,ana,1,1,1,1,1,1,1,1,1,1,1,1,1,1,1,1
14184,3,tra,0,0,0,0,0,0,0,0,0,0,0,0,0,0,0,0
14185,3,iwi,1,1,1,1,1,1,1,1,1,1,1,1,1,1,1,1
14186,3,ewi,1,1,1,1,1,1,1,1,1,1,1,1,1,1,1,1
14187,2,lla,1,1,1,1,1,1,1,1,1,1,1,1,1,1,1,1
14188,3,oho,0,0,0,0,0,0,0,0,0,0,0,0,0,0,0,0
14189,3,yan,0,0,0,0,0,0,0,0,0,0,0,0,0,0,0,0
14190,3,tra,0,0,0,0,0,0,0,0,0,0,0,0,0,0,0,0
14191,3,tih,0,0,0,1,0,0,0,0,0,0,0,0,0,0,0,0
14192,2,ifa,0,1,1,1,1,1,1,1,1,1,1,1,1,1,1,1
14193,3,dra,0,1,0,0,1,0,0,1,0,0,1,0,0,1,0,0
14194,2,dra,0,1,0,0,1,0,0,1,0,0,1,0,0,1,0,0
14195,3,ama,0,0,0,0,0,0,0,0,0,0,0,0,0,0,0,0
14196,4,ara,0,1,1,0,1,1,0,1,1,0,1,1,0,1,1,0
14197,3,evi,0,0,0,0,0,0,0,0,0,0,0,0,0,0,0,0
14198,3,rsa,0,0,0,0,0,0,0,0,0,0,0,0,0,0,0,0
14199,3,san,0,0,0,1,0,0,1,0,0,1,0,0,1,0,0,1
14200,4,nto,0,0,0,0,0,0,0,0,0,0,0,0,0,0,0,0
14201,4,ema,0,0,0,0,0,0,0,0,0,0,0,0,0,0,0,0
14202,3,aya,0,0,0,0,0,0,0,0,0,0,0,0,0,0,0,0
14203,3,yra,1,1,1,0,1,1,1,1,1,1,1,1,1,1,1,1
14204,2,wan,0,0,0,0,0,0,0,0,0,0,0,0,0,0,0,0
14205,3,lia,1,1,1,1,1,1,1,1,1,1,1,1,1,1,1,1
14206,4,ono,0,0,0,0,0,0,0,0,0,0,0,0,0,0,0,0
14207,3,war,0,0,0,0,0,0,0,0,0,0,0,0,0,0,0,0
14208,2,loh,0,0,0,0,0,0,0,0,0,0,0,0,0,0,0,0
14209,3,ara,0,0,0,0,0,0,0,0,0,0,0,0,0,0,0,0
14210,3,wan,0,0,0,0,0,0,0,0,0,0,0,0,0,0,0,0
14211,2,yah,1,1,1,1,1,1,1,1,1,1,1,1,1,1,1,1
14212,3,tih,0,0,0,1,0,0,1,0,0,0,0,0,1,0,0,1
14213,3,ara,0,1,1,1,1,1,1,1,1,1,1,1,1,1,1,1
14214,2,tha,1,1,1,1,1,1,1,1,1,1,1,1,1,1,1,1
14215,4,ini,1,1,1,1,1,1,1,1,1,1,1,1,1,1,1,1
14216,3,izz,0,0,0,0,0,0,0,0,0,0,0,0,0,0,0,0
14217,3,har,0,0,0,0,0,0,0,0,0,0,0,0,0,0,0,0
14218,2,yah,1,1,1,1,1,1,1,1,1,1,1,1,1,1,1,1
14219,2,wan,0,0,0,0,0,0,0,0,0,0,0,0,0,0,0,0
14220,3,ian,0,0,0,0,0,0,0,0,0,0,0,0,0,0,0,0
14221,3,tyo,0,0,0,0,0,0,0,0,0,0,0,0,0,0,0,0
14222,4,ali,0,0,0,0,0,0,0,0,0,0,0,0,0,0,0,0
14223,3,ian,0,0,0,0,0,0,0,0,0,0,0,0,0,0,0,0
14224,4,ama,0,0,0,0,0,0,0,0,0,0,0,0,0,0,0,0
14225,3,ono,0,0,0,0,0,0,0,0,0,0,0,0,0,0,0,0
14226,3,atz,0,0,0,0,0,0,0,0,0,0,0,0,0,0,0,0
14227,3,ing,0,0,0,1,0,0,0,0,0,0,0,0,0,0,0,1
14228,3,ssa,0,0,0,0,0,0,0,0,0,0,0,0,0,0,0,0
14229,4,ung,0,0,0,0,0,0,0,0,0,0,0,0,0,0,0,0
14230,3,ama,0,0,0,0,0,0,0,0,0,0,0,0,0,0,0,0
14231,3,aya,0,0,0,0,0,0,0,0,0,0,0,0,0,0,0,0
14232,3,yah,0,0,0,0,0,0,0,0,0,0,0,0,0,0,0,0
14233,2,han,0,0,0,0,0,0,0,0,0,0,0,0,0,0,0,0
14234,3,ika,0,0,0,0,0,0,0,0,0,0,0,0,0,0,0,0
14235,2,han,0,0,0,0,0,0,0,0,0,0,0,0,0,0,0,0
14236,3,tua,0,0,0,0,0,0,0,0,0,0,0,0,0,0,0,0
14237,3,nto,0,0,0,0,0,0,0,0,0,0,0,0,0,0,0,0
14238,3,aja,0,0,0,0,0,0,0,0,0,0,0,0,0,0,0,0
14239,3,yah,0,0,0,0,0,0,0,0,0,0,0,0,0,0,0,0
14240,3,pto,0,0,0,0,0,0,0,0,0,0,0,0,0,0,0,0
14241,4,aaz,0,0,0,0,0,0,0,0,0,0,0,0,0,0,0,0
14242,3,aya,0,0,0,0,0,0,0,0,0,0,0,0,0,0,0,0
14243,2,ari,1,1,1,1,1,1,1,1,1,1,1,1,1,1,1,1
14244,3,udh,0,0,0,0,0,0,0,0,0,0,0,0,0,0,0,0
14245,3,tra,0,0,0,0,0,0,0,0,0,0,0,0,0,0,0,0
14246,2,sty,1,1,1,1,1,1,1,1,1,1,1,1,1,1,1,1
14247,3,ika,1,1,1,1,1,1,1,1,1,1,1,1,1,1,1,1
14248,3,dra,1,1,1,1,1,1,1,1,1,1,1,1,1,1,1,1
14249,2,yah,0,0,0,0,0,0,0,0,0,0,0,0,0,0,0,0
14250,3,san,0,0,0,0,0,0,0,0,0,0,0,0,0,0,0,0
14251,3,ffa,0,0,0,0,0,0,0,0,0,0,0,0,0,0,0,0
14252,5,tra,0,0,0,0,0,0,0,0,0,0,0,0,0,0,0,0
14253,4,udi,0,0,0,0,0,0,0,0,0,0,0,0,0,0,0,0
14254,3,han,0,0,0,0,0,0,0,0,0,0,0,0,0,0,0,0
14255,3,nka,0,1,1,0,1,1,0,1,1,0,1,1,0,1,1,0
14256,3,lah,0,0,0,0,0,0,0,0,0,0,0,0,0,0,0,0
14257,3,sal,0,0,0,0,0,0,0,0,0,0,0,0,0,0,0,0
14258,3,ria,0,0,0,0,0,0,0,0,0,0,0,0,0,0,0,0
14259,4,man,0,0,0,0,0,0,0,0,0,0,0,0,0,0,0,0
14260,2,ino,0,0,0,0,0,0,0,0,0,0,0,0,0,0,0,0
14261,3,ata,0,0,0,0,0,0,0,0,0,0,0,0,0,0,0,0
14262,3,ani,1,1,1,1,1,1,1,1,1,1,1,1,1,1,1,1
14263,2,eko,0,0,0,0,0,0,0,0,0,0,0,0,0,0,0,0
14264,3,tna,0,0,0,1,0,0,1,0,0,1,0,0,1,0,0,1
14265,3,man,0,0,0,0,0,0,0,0,0,0,0,0,0,0,0,0
14266,3,kti,0,0,0,0,0,0,0,0,0,0,0,0,0,0,0,0
14267,2,oga,0,0,0,0,0,0,0,0,0,0,0,0,0,0,0,0
14268,3,afi,0,0,0,0,0,0,0,0,0,0,0,0,0,0,0,0
14269,4,wan,0,0,0,0,0,0,0,0,0,0,0,0,0,0,0,0
14270,3,naf,0,0,0,0,0,0,0,0,0,0,0,0,0,0,0,0
14271,2,dar,0,0,0,0,0,0,1,0,0,1,0,0,0,0,0,0
14272,3,ian,0,0,0,0,0,0,0,0,0,0,0,0,0,0,0,0
14273,3,yat,0,0,0,0,0,0,0,0,0,0,0,0,0,0,0,0
14274,3,tra,0,0,0,0,0,0,0,0,0,0,0,0,0,0,0,0
14275,2,han,0,0,0,0,0,0,0,0,0,0,0,0,0,0,0,0
14276,4,dji,0,0,0,0,0,0,0,0,0,0,0,0,0,0,0,0
14277,3,rif,0,0,0,0,0,0,0,0,0,0,0,0,0,0,0,0
14278,3,shi,0,0,0,0,0,0,0,0,0,0,0,0,0,0,0,0
14279,3,yah,0,0,0,0,0,0,0,0,0,0,0,0,0,0,0,0
14280,3,ono,0,0,0,0,0,0,0,0,0,0,0,0,0,0,0,0
14281,3,hra,1,1,1,1,1,1,1,1,1,1,1,1,1,1,1,1
14282,4,tag,0,0,0,0,0,0,0,0,0,0,0,0,0,0,0,0
14283,3,ana,0,0,0,0,0,0,0,0,0,0,0,0,0,0,0,0
14284,3,owo,0,0,0,0,0,0,0,0,0,0,0,0,0,0,0,0
14285,2,yah,0,0,0,0,0,0,0,0,0,0,0,0,0,0,0,0
14286,3,mad,0,0,0,0,0,0,0,0,0,0,0,0,0,0,0,0
14287,3,niy,0,0,0,0,0,0,0,0,0,0,0,0,0,0,0,0
14288,3,tan,0,0,0,0,0,0,0,0,0,0,0,0,0,0,0,0
14289,3,aan,0,0,0,0,0,0,0,0,0,0,0,0,0,0,0,0
14290,3,kar,0,0,0,0,0,0,0,0,0,0,0,0,0,0,0,0
14291,3,lah,0,0,0,0,0,0,0,0,0,0,0,0,0,0,0,0
14292,3,fiz,0,0,0,0,0,0,0,0,0,0,0,0,0,0,0,0
14293,3,ama,0,0,0,0,0,0,0,0,0,0,0,0,0,0,0,0
14294,3,omo,0,0,0,0,0,0,0,0,0,0,0,0,0,0,0,0
14295,2,yah,0,0,0,0,0,0,0,0,0,0,0,0,0,0,0,0
14296,4,tma,0,0,0,0,0,0,0,0,0,0,0,0,0,0,0,0
14297,5,ana,0,0,0,0,0,0,0,0,0,0,0,0,0,0,0,0
14298,2,wan,0,0,0,0,0,0,0,0,0,0,0,0,0,0,0,0
14299,3,nda,0,0,0,1,0,0,1,0,0,1,0,0,1,0,0,1
14300,3,aky,0,0,0,0,0,0,0,0,0,0,0,0,0,0,0,0
14301,2,kti,0,0,0,0,0,0,0,0,0,0,0,0,0,0,0,0
14302,2,ony,0,0,0,0,0,0,0,0,0,0,0,0,0,0,0,0
14303,3,han,0,0,0,0,0,0,0,0,0,0,0,0,0,0,0,0
14304,3,lik,0,0,0,0,0,0,0,0,0,0,0,0,0,0,0,0
14305,2,wan,0,0,0,0,0,0,0,0,0,0,0,0,0,0,0,0
14306,2,adi,0,0,0,0,0,0,0,0,0,0,0,0,0,0,0,0
14307,3,ama,0,0,0,0,0,0,0,0,0,0,0,0,0,0,0,0
14308,2,him,0,0,0,0,0,0,0,0,0,0,0,0,0,0,0,0
14309,3,ani,0,1,1,1,1,1,1,1,1,1,1,1,1,1,1,1
14310,3,oho,0,0,0,0,0,0,0,0,0,0,0,0,0,0,0,0
14311,3,ndi,0,0,0,0,0,0,0,0,0,0,0,0,0,0,0,0
14312,2,idi,0,0,0,0,0,0,0,0,0,0,0,0,0,0,0,0
14313,3,yad,0,0,0,0,0,0,0,0,0,0,0,0,0,0,0,0
14314,2,nto,0,0,0,0,0,0,0,0,0,0,0,0,0,0,0,0
14315,2,uzi,0,0,0,0,0,0,0,0,0,0,0,0,0,0,0,0
14316,3,han,0,0,0,0,0,0,0,0,0,0,0,0,0,0,0,0
14317,3,adi,0,0,0,0,0,0,0,0,0,0,0,0,0,0,0,0
14318,3,wan,0,0,0,0,0,0,0,0,0,0,0,0,0,0,0,0
14319,3,uzi,0,0,0,0,0,0,0,0,0,0,0,0,0,0,0,0
14320,3,tyo,0,0,0,0,0,0,0,0,0,0,0,0,0,0,0,0
14321,2,ani,0,0,0,1,0,0,1,0,0,1,0,0,1,0,0,1
14322,2,ani,0,0,0,1,0,0,1,0,0,0,0,0,1,0,0,1
14323,3,tra,0,0,0,0,0,0,0,0,0,0,0,0,0,0,0,0
14324,4,ara,0,0,0,0,0,0,0,0,0,0,0,0,0,0,0,0
14325,3,wan,0,0,0,0,0,0,0,0,0,0,0,0,0,0,0,0
14326,4,ata,0,0,0,1,0,0,1,0,0,1,0,0,1,0,0,1
14327,2,fii,0,0,0,0,0,0,0,0,0,0,0,0,0,0,0,0
14328,2,odo,0,0,0,0,0,0,0,0,0,0,0,0,0,0,0,0
14329,3,ibi,0,0,0,0,0,0,0,0,0,0,0,0,0,0,0,0
14330,3,kri,0,0,0,0,0,0,0,0,0,0,0,0,0,0,0,0
14331,3,han,0,0,0,0,0,0,0,0,0,0,0,0,0,0,0,0
14332,3,iar,0,0,0,0,0,0,0,0,0,0,0,0,0,0,0,0
14333,3,tra,0,0,0,0,0,0,0,0,0,0,0,0,0,0,0,0
14334,2,loh,0,0,0,0,0,0,0,0,0,0,0,0,0,0,0,0
14335,2,man,0,0,0,0,0,0,0,0,0,0,0,0,0,0,0,0
14336,1,ida,1,1,1,1,1,1,0,1,1,0,1,1,1,1,1,1
14337,3,zah,1,1,1,1,1,1,1,1,1,1,1,1,1,1,1,1
14338,2,thi,0,0,0,0,0,0,0,0,0,0,0,0,0,0,0,0
14339,4,ama,0,0,0,0,0,0,0,0,0,0,0,0,0,0,0,0
14340,3,ani,0,0,0,1,0,0,1,0,0,1,0,0,1,0,0,1
14341,3,tra,0,0,0,0,0,0,0,0,0,0,0,0,0,0,0,0
14342,3,rar,0,0,0,0,0,0,0,0,0,0,0,0,0,0,0,0
14343,3,awi,0,0,0,0,0,0,0,0,0,0,0,0,0,0,0,0
14344,3,tra,0,0,0,0,0,0,0,0,0,0,0,0,0,0,0,0
14345,3,han,0,0,0,0,0,0,0,0,0,0,0,0,0,0,0,0
14346,3,aha,0,0,0,0,0,0,0,0,0,0,0,0,0,0,0,0
14347,2,san,0,0,0,0,0,0,0,0,0,0,0,0,0,0,0,0
14348,3,man,0,0,0,0,0,0,0,0,0,0,0,0,0,0,0,0
14349,3,nto,0,0,0,0,0,0,0,0,0,0,0,0,0,0,0,0
14350,3,lah,0,0,0,0,0,0,0,0,0,0,0,0,0,0,0,0
14351,3,bar,0,0,0,0,0,0,0,0,0,0,0,0,0,0,0,0
14352,3,era,0,0,0,0,0,0,0,0,0,0,0,0,0,0,0,0
14353,2,izh,0,0,0,0,0,0,0,0,0,0,0,0,0,0,0,0
14354,3,rta,0,0,0,1,0,0,1,0,0,1,0,0,0,0,0,0
14355,3,ala,1,1,1,1,1,1,1,1,1,1,1,1,1,1,1,1
14356,2,ala,1,1,1,1,1,1,1,1,1,1,1,1,1,1,1,1
14357,3,zza,0,0,0,1,0,0,1,0,0,1,0,0,1,0,0,1
14358,3,uma,0,0,0,0,0,0,0,0,0,0,0,0,0,0,0,0
14359,3,aki,0,0,0,0,0,0,0,0,0,0,0,0,0,0,0,0
14360,4,rah,1,0,0,0,0,0,0,0,0,0,0,0,0,0,0,0
14361,3,din,0,1,0,1,1,0,1,1,0,1,1,0,1,1,0,0
14362,3,wan,0,0,0,0,0,0,0,0,0,0,0,0,0,0,0,0
14363,3,man,0,0,0,0,0,0,0,0,0,0,0,0,0,0,0,0
14364,2,ram,0,0,0,0,0,0,0,0,0,0,0,0,0,0,0,0
14365,3,kah,0,0,0,0,0,0,0,0,0,0,0,0,0,0,0,0
14366,3,ari,0,0,0,0,0,0,0,0,0,0,0,0,0,0,0,0
14367,3,ani,0,0,0,0,0,0,0,0,0,0,0,0,0,0,0,0
14368,2,ran,0,0,0,0,0,0,0,0,0,0,0,0,0,0,0,0
14369,3,tya,0,0,0,0,0,0,0,0,0,0,0,0,0,0,0,0
14370,2,hia,0,0,0,1,0,0,1,0,0,1,0,0,1,0,0,1
14371,3,oga,0,0,0,0,0,0,0,0,0,0,0,0,0,0,0,0
14372,2,wan,0,0,0,0,0,0,0,0,0,0,0,0,0,0,0,0
14373,3,lal,0,0,0,0,0,0,0,0,0,0,0,0,0,0,0,0
14374,3,tro,0,0,0,0,0,0,0,0,0,0,0,0,0,0,0,0
14375,2,iko,0,0,0,0,0,0,0,0,0,0,0,0,0,0,0,0
14376,2,yah,0,0,0,0,0,0,0,0,0,0,0,0,0,0,0,0
14377,3,yed,0,0,0,0,0,0,0,0,0,0,0,0,0,0,0,0
14378,2,yat,0,0,0,0,0,0,0,0,0,0,0,0,0,0,0,0
14379,2,wan,0,0,0,0,0,0,0,0,0,0,0,0,0,0,0,0
14380,3,aen,0,0,0,0,0,0,1,0,0,0,0,0,0,0,0,0
14381,3,ika,0,0,0,0,0,0,0,0,0,0,0,0,0,0,0,0
14382,3,aya,0,0,0,0,0,0,0,0,0,0,0,0,0,0,0,0
14383,2,tra,0,0,0,0,0,0,0,0,0,0,0,0,0,0,0,0
14384,3,yat,0,0,0,0,0,0,0,0,0,0,0,0,0,0,0,0
14385,3,ono,0,0,0,0,0,0,0,0,0,0,0,0,0,0,0,0
14386,3,ezy,0,0,0,0,0,0,0,0,0,0,0,0,0,0,0,0
14387,2,yah,0,0,0,0,0,0,0,0,0,0,0,0,0,0,0,0
14388,2,nda,0,0,0,0,0,0,0,0,0,0,0,0,0,0,0,0
14389,3,tra,0,0,0,0,0,0,0,0,0,0,0,0,0,0,0,0
14390,3,sar,0,0,0,0,0,0,0,0,0,0,0,0,0,0,0,0
14391,2,yah,0,0,0,0,0,0,0,0,0,0,0,0,0,0,0,0
14392,2,yid,0,0,0,0,0,0,0,0,0,0,0,0,0,0,0,0
14393,3,han,0,0,0,0,0,0,0,0,0,0,0,0,0,0,0,0
14394,3,tra,0,0,0,0,0,0,0,0,0,0,0,0,0,0,0,0
14395,3,tra,0,0,0,0,0,0,0,0,0,0,0,0,0,0,0,0
14396,3,ova,0,0,0,0,0,0,0,0,0,0,0,0,0,0,0,0
14397,3,yah,0,0,0,0,0,0,0,0,0,0,0,0,0,0,0,0
14398,3,sya,0,0,0,0,0,0,0,0,0,0,0,0,0,0,0,0
14399,3,yah,0,0,0,0,0,0,0,0,0,0,0,0,0,0,0,0
14400,2,uzi,0,0,0,0,0,0,0,0,0,0,0,0,0,0,0,0
14401,3,sya,0,0,0,0,0,0,0,0,0,0,0,0,0,0,0,0
14402,2,asa,0,0,0,0,0,0,0,0,0,0,0,0,0,0,0,0
14403,3,eru,0,0,0,0,0,0,0,0,0,0,0,0,0,0,0,0
14404,3,yat,0,0,0,0,0,0,0,0,0,0,0,0,0,0,0,0
14405,2,dya,0,0,0,0,0,0,0,0,0,0,0,0,0,0,0,0
14406,3,kim,0,0,0,0,0,0,0,0,0,0,0,0,0,0,0,0
14407,3,ana,0,0,0,0,0,0,0,0,0,0,0,0,0,0,0,0
14408,3,lmy,0,0,0,0,0,0,0,0,0,0,0,0,0,0,0,0
14409,3,ika,0,0,0,0,0,0,1,0,0,1,0,0,1,0,0,1
14410,4,dra,0,0,0,0,0,0,0,0,0,0,0,0,0,0,0,0
14411,2,nto,0,0,0,0,0,0,0,0,0,0,0,0,0,0,0,0
14412,3,ian,0,0,0,0,0,0,0,0,0,0,0,0,0,0,0,0
14413,3,tra,0,0,0,0,0,0,0,0,0,0,0,0,0,0,0,0
14414,3,tri,1,1,1,1,1,1,1,1,1,1,1,1,1,1,1,1
14415,4,nah,1,1,1,1,1,1,1,1,1,1,1,1,1,1,1,1
14416,3,han,0,0,0,0,0,0,0,0,0,0,0,0,0,0,0,0
14417,3,wan,0,0,0,0,0,0,0,0,0,0,0,0,0,0,0,0
14418,3,ana,1,1,1,1,1,1,1,1,1,1,1,1,1,1,1,1
14419,2,hif,0,0,0,0,0,0,0,0,0,0,0,0,0,0,0,0
14420,3,ani,1,1,1,1,1,1,1,1,1,1,1,1,1,1,1,1
14421,3,ara,1,1,1,1,1,1,1,1,1,1,1,1,0,1,1,1
14422,3,ifa,1,1,1,1,1,1,1,1,1,1,1,1,1,1,1,1
14423,2,uti,1,1,1,1,1,1,1,1,1,1,1,1,1,1,1,1
14424,4,ttu,1,1,1,1,1,1,1,1,1,1,1,1,1,1,1,1
14425,2,osi,0,1,0,0,1,0,0,1,0,0,1,0,0,1,0,0
14426,2,adi,0,0,0,0,0,0,0,0,0,0,0,0,0,0,0,0
14427,3,ono,0,0,0,0,0,0,0,0,0,0,0,0,0,0,0,0
14428,2,jma,1,1,1,0,1,1,0,1,1,0,1,1,0,1,1,0
14429,3,syi,1,1,1,0,1,1,1,1,1,0,1,1,0,1,1,0
14430,2,ine,1,1,1,1,1,1,1,1,1,1,1,1,1,1,1,1
14431,2,ini,1,1,1,1,1,1,1,1,1,1,1,1,1,1,1,1
14432,3,sup,1,1,1,1,1,1,1,1,1,1,1,1,1,1,1,1
14433,3,yah,1,1,1,1,1,1,1,1,1,1,1,1,1,1,1,1
14434,3,yas,1,1,1,1,1,1,1,1,1,1,1,1,1,1,1,1
14435,2,lia,1,1,1,1,1,1,1,1,1,1,1,1,1,1,1,1
14436,2,ari,1,1,1,1,1,1,1,1,1,1,1,1,1,1,1,1
14437,3,ani,1,1,1,1,1,1,1,1,1,1,1,1,1,1,1,1
14438,2,ati,1,1,1,1,1,1,1,1,1,1,1,1,1,1,1,1
14439,3,fin,1,1,1,1,1,1,1,1,1,1,1,1,1,1,1,1
14440,3,ifa,1,1,1,1,1,1,1,1,1,1,1,1,1,1,1,1
14441,2,ndi,1,1,0,0,1,0,0,1,0,0,1,0,0,1,0,0
14442,2,iah,1,1,1,1,1,1,1,1,1,1,1,1,1,1,1,1
14443,3,ari,1,1,1,1,1,1,1,1,1,1,1,1,1,1,1,1
14444,3,rum,1,1,1,1,1,1,1,1,1,1,1,1,1,1,1,1
14445,3,ida,1,1,1,1,1,1,1,1,1,1,1,1,1,1,1,1
14446,2,sti,1,1,1,1,1,1,1,1,1,1,1,1,1,1,1,1
14447,3,ani,1,1,1,1,1,1,1,1,1,1,1,1,1,1,1,1
14448,2,ina,1,1,1,1,1,1,1,1,1,1,1,1,1,1,1,1
14449,2,ari,1,1,1,1,1,1,1,1,1,1,1,1,1,1,1,1
14450,3,lia,1,1,1,1,1,1,1,1,1,1,1,1,1,1,1,1
14451,2,ani,1,1,1,1,1,1,1,1,1,1,1,1,1,1,1,1
14452,3,ari,1,1,1,1,1,1,1,1,1,1,1,1,1,1,1,1
14453,3,ani,1,1,1,1,1,1,1,1,1,1,1,1,1,1,1,1
14454,2,ifa,1,1,1,1,1,1,1,1,1,1,1,1,1,1,1,1
14455,3,ira,1,1,1,1,1,1,1,1,1,1,1,1,1,1,1,1
14456,2,mah,1,1,1,1,1,1,1,1,1,1,1,1,1,1,1,1
14457,3,zki,0,0,0,0,0,0,0,0,0,0,0,0,0,0,0,0
14458,2,fli,0,0,0,0,0,0,0,0,0,0,0,0,0,0,0,0
14459,4,aya,0,0,0,0,0,0,0,0,0,0,0,0,0,0,0,0
14460,2,tra,0,0,0,0,0,0,0,0,0,0,0,0,0,0,0,0
14461,2,ani,1,1,1,1,1,1,1,1,1,1,1,1,1,1,1,1
14462,2,ani,1,1,1,1,1,1,1,1,1,1,1,1,1,1,1,1
14463,3,yah,1,1,1,0,1,1,0,1,1,0,1,1,0,1,1,0
14464,2,iah,1,1,1,1,1,1,1,1,1,1,1,1,1,1,1,1
14465,2,tri,1,1,1,1,1,1,1,1,1,1,1,1,1,1,1,1
14466,3,iya,1,1,1,1,1,1,1,1,1,1,1,1,1,1,1,1
14467,2,nty,1,1,1,1,1,1,1,1,1,1,1,1,1,1,1,1
14468,2,dzi,0,0,0,0,0,0,0,0,0,0,0,0,0,0,0,0
14469,3,tra,0,0,0,0,0,0,0,0,0,0,0,0,0,0,0,0
14470,2,ira,1,1,1,1,1,1,1,1,1,0,1,1,1,1,1,1
14471,2,lia,1,1,1,1,1,1,1,1,1,1,1,1,1,1,1,1
14472,2,oso,1,1,1,1,1,1,0,1,1,1,1,1,1,1,1,0
14473,2,tri,1,1,1,1,1,1,1,1,1,1,1,1,1,1,1,1
14474,3,oho,0,0,0,0,0,0,0,0,0,0,0,0,0,0,0,0
14475,2,bar,0,0,0,0,0,0,0,0,0,0,0,0,0,0,0,0
14476,2,ani,0,0,0,0,0,0,0,0,0,0,0,0,0,0,0,0
14477,2,ian,0,0,0,0,0,0,0,0,0,0,0,0,0,0,0,0
14478,3,oho,0,0,0,0,0,0,0,0,0,0,0,0,0,0,0,0
14479,3,wan,0,0,0,0,0,0,0,0,0,0,0,0,0,0,0,0
14480,3,kas,0,0,0,0,0,0,0,0,0,0,0,0,0,0,0,0
14481,3,adi,0,0,0,0,0,0,0,0,0,0,0,0,0,0,0,0
14482,3,ham,0,0,0,0,0,0,0,0,0,0,0,0,0,0,0,0
14483,2,lah,0,0,0,0,0,0,0,0,0,0,0,0,0,0,0,0
14484,1,tia,1,1,1,1,1,1,1,1,1,1,1,1,1,1,1,1
14485,3,ida,1,1,1,1,1,1,1,1,1,1,1,1,1,1,1,1
14486,2,lah,1,1,1,0,1,1,0,1,1,0,1,1,0,1,1,1
14487,1,isa,1,1,1,1,1,1,1,1,1,1,1,1,1,1,1,1
14488,2,tri,1,1,1,1,1,1,1,1,1,1,1,1,1,1,1,1
14489,2,yat,1,1,1,1,1,1,1,1,1,1,1,1,1,1,1,1
14490,3,tri,1,1,1,1,1,1,1,1,1,1,1,1,1,1,1,1
14491,2,tra,0,0,0,0,0,0,0,0,0,0,0,0,0,0,0,0
14492,2,afa,0,1,1,0,1,1,0,1,1,0,1,1,0,1,1,0
14493,3,zal,1,0,0,1,0,0,1,0,0,1,0,0,1,0,0,1
14494,3,bar,0,0,0,0,0,0,0,0,0,0,0,0,0,0,0,0
14495,3,ail,0,0,0,0,0,0,0,0,0,0,0,0,0,0,0,0
14496,3,toh,0,0,0,0,0,0,0,0,0,0,0,0,0,0,0,0
14497,3,fki,1,0,0,0,0,0,0,0,0,0,0,0,0,0,0,0
14498,3,hif,0,0,0,0,0,0,0,0,0,0,0,0,0,0,0,0
14499,3,lah,0,0,0,0,0,0,0,0,0,0,0,0,0,0,0,0
14500,3,ana,0,0,0,0,0,0,0,0,0,0,0,0,0,0,0,0
14501,2,ari,0,0,0,0,0,0,0,0,0,0,0,0,0,0,0,0
14502,3,tra,0,0,0,0,0,0,0,0,0,0,0,0,0,0,0,0
14503,3,tio,0,0,0,0,0,0,0,0,0,0,0,0,0,0,0,0
14504,2,ata,0,0,0,0,0,0,0,0,0,0,0,0,0,0,0,0
14505,3,rko,0,0,0,0,0,0,0,0,0,0,0,0,0,0,0,0
14506,2,aya,0,0,0,0,0,0,0,0,0,0,0,0,0,0,0,0
14507,3,yan,0,0,0,0,0,0,0,0,0,0,0,0,0,0,0,0
14508,3,udi,0,0,0,0,0,0,0,0,0,0,0,0,0,0,0,0
14509,3,yah,0,0,0,0,0,0,0,0,0,0,0,0,0,0,0,0
14510,3,nda,0,0,0,0,0,0,0,0,0,0,0,0,0,0,0,0
14511,4,ion,0,0,0,0,0,0,0,0,0,0,0,0,0,0,0,0
14512,3,wan,0,0,0,0,0,0,0,0,0,0,0,0,0,0,0,0
14513,3,han,0,0,0,0,0,0,0,0,0,0,0,0,0,0,0,0
14514,4,ama,0,0,0,0,0,0,0,0,0,0,0,0,0,0,0,0
14515,2,hri,0,0,0,0,0,0,0,0,0,0,0,0,0,0,0,0
14516,3,ten,0,0,0,0,0,0,0,0,0,0,0,0,0,0,0,0
14517,2,lah,0,0,0,0,0,0,0,0,0,0,0,0,0,0,0,0
14518,3,suf,0,0,0,0,0,0,0,0,0,0,0,0,0,0,0,0
14519,3,han,0,0,0,0,0,0,0,0,0,0,0,0,0,0,0,0
14520,3,han,0,0,0,0,0,0,0,0,0,0,0,0,0,0,0,0
14521,3,oso,0,0,0,0,0,0,0,0,0,0,0,0,0,0,0,0
14522,3,lah,0,0,0,0,0,0,0,0,0,0,0,0,0,0,0,0
14523,3,ian,0,0,0,0,0,0,0,0,0,0,0,0,0,0,0,0
14524,3,izi,0,0,0,0,0,0,0,0,0,0,0,0,0,0,0,0
14525,4,aya,0,0,0,0,0,0,0,0,0,0,0,0,0,0,0,0
14526,2,wan,0,0,0,0,0,0,0,0,0,0,0,0,0,0,0,0
14527,2,yra,0,1,0,0,1,0,0,1,0,0,1,0,0,1,0,0
14528,4,bar,0,0,0,0,0,0,0,0,0,0,0,0,0,0,0,0
14529,4,tra,0,0,0,0,0,0,0,0,0,0,0,0,0,0,0,0
14530,2,yaz,0,0,0,0,0,0,0,0,0,0,0,0,0,0,0,0
14531,3,ael,0,0,0,0,0,0,0,0,0,0,0,0,0,0,0,0
14532,3,nto,0,0,0,0,0,0,0,0,0,0,0,0,0,0,0,0
14533,3,yat,0,0,0,0,0,0,0,0,0,0,0,0,0,0,0,0
14534,3,bal,0,0,0,0,0,0,0,0,0,0,0,0,0,0,0,0
14535,3,nto,0,0,0,0,0,0,0,0,0,0,0,0,0,0,0,0
14536,3,ien,0,0,0,0,0,0,0,0,0,0,0,0,0,0,0,0
14537,3,mad,0,0,0,0,0,0,0,0,0,0,0,0,0,0,0,0
14538,3,tna,0,0,0,0,0,0,0,0,0,0,0,0,0,0,0,0
14539,3,ama,0,0,0,0,0,0,0,0,0,0,0,0,0,0,0,0
14540,3,zka,0,0,0,0,0,0,0,0,0,0,0,0,0,0,0,0
14541,3,dan,0,0,0,0,0,0,0,0,0,0,0,0,0,0,0,0
14542,3,ana,0,0,0,0,0,0,0,0,0,0,0,0,0,0,0,0
14543,3,rok,0,0,0,0,0,0,0,0,0,0,0,0,0,0,0,0
14544,3,tra,0,0,0,0,0,0,0,0,0,0,0,0,0,0,0,0
14545,3,nta,0,0,0,0,0,0,0,0,0,0,0,0,0,0,0,0
14546,3,yah,0,0,0,0,0,0,0,0,0,0,0,0,0,0,0,0
14547,2,eri,0,0,0,0,0,0,0,0,0,0,0,0,0,0,0,0
14548,4,omo,0,0,0,0,0,0,0,0,0,0,0,0,0,0,0,0
14549,3,yah,0,0,0,0,0,0,0,0,0,0,0,0,0,0,0,0
14550,3,bar,0,0,0,0,0,0,0,0,0,0,0,0,0,0,0,0
14551,3,lah,0,0,0,0,0,0,0,0,0,0,0,0,0,0,0,0
14552,3,sah,1,1,1,0,1,1,1,1,1,1,1,1,1,1,1,0
14553,2,hra,1,1,1,1,1,1,1,1,1,1,1,1,1,1,1,1
14554,3,nti,1,1,1,1,1,1,1,1,1,1,1,1,1,1,1,1
14555,3,ila,1,1,1,1,1,1,1,1,1,1,1,1,1,1,1,1
14556,3,rah,1,1,1,1,1,1,1,1,1,1,1,1,1,1,1,1
14557,3,wan,1,1,1,1,1,1,1,1,1,1,1,1,1,1,1,1
14558,2,ina,1,1,1,1,1,1,1,1,1,1,1,1,1,1,1,1
14559,3,afa,0,0,0,0,0,0,0,0,0,0,0,0,0,0,0,0
14560,3,ira,1,1,1,1,1,1,1,1,1,1,1,1,1,1,1,1
14561,3,ita,1,1,1,1,1,1,1,1,1,1,1,1,1,1,1,1
14562,3,ine,1,1,1,1,1,1,1,1,1,1,1,1,1,1,1,1
14563,2,ris,0,0,0,0,0,0,0,0,0,0,0,0,0,0,0,0
14564,3,ada,0,0,0,1,0,0,1,0,0,0,0,0,0,0,0,1
14565,3,sty,1,1,1,1,1,1,1,1,1,1,1,1,1,1,1,1
14566,4,aya,1,1,1,1,1,1,1,1,1,1,1,1,1,1,1,1
14567,2,rim,0,0,0,0,0,0,0,0,0,0,0,0,0,0,0,0
14568,3,yah,0,0,0,0,0,0,0,0,0,0,0,0,0,0,0,0
14569,3,nie,1,1,1,1,1,1,1,1,1,1,1,1,1,1,1,1
14570,2,ina,1,1,1,1,1,1,1,1,1,1,1,1,1,1,1,1
14571,2,lah,1,1,1,1,1,1,1,1,1,1,1,1,1,1,1,1
14572,3,ura,1,1,1,1,1,1,1,1,1,1,1,1,1,1,1,1
14573,3,tih,1,1,1,1,1,1,1,1,1,1,1,1,1,1,1,1
14574,2,hra,1,1,1,1,1,1,1,1,1,1,1,1,1,1,1,1
14575,2,lih,1,1,1,0,1,1,0,1,1,0,1,1,0,1,1,0
14576,3,dah,1,1,1,1,1,1,1,1,1,1,1,1,1,1,1,1
14577,3,ana,1,1,1,1,1,1,1,1,1,1,1,1,1,1,1,1
14578,3,ina,1,1,1,1,1,1,1,1,1,1,1,1,1,1,1,1
14579,2,liz,1,1,1,1,1,1,1,1,1,1,1,1,1,1,1,1
14580,2,tri,1,1,1,1,1,1,1,1,1,1,1,1,1,1,1,1
14581,3,ian,0,0,0,0,0,0,0,0,0,0,0,0,0,0,0,0
14582,3,tri,1,1,1,1,1,1,1,1,1,1,1,1,1,1,1,1
14583,3,ana,1,1,1,1,1,1,1,1,1,1,1,1,1,1,1,1
14584,3,tra,0,0,0,0,0,0,0,0,0,0,0,0,0,0,0,0
14585,3,tie,1,1,1,0,1,1,0,1,1,0,1,1,1,1,1,0
14586,3,eri,1,1,1,1,1,1,1,1,1,1,1,1,1,1,1,1
14587,2,een,1,1,1,1,1,1,1,1,1,1,1,1,1,1,1,1
14588,3,ruz,1,1,1,1,1,1,1,1,1,1,1,1,1,1,1,1
14589,3,tri,1,1,1,1,1,1,1,1,1,1,1,1,1,1,1,1
14590,2,izi,0,0,0,0,0,0,0,0,0,0,0,0,0,0,0,0
14591,3,ani,1,1,1,1,1,1,1,1,1,1,1,1,1,1,1,1
14592,3,hma,1,1,1,1,1,1,1,1,1,0,1,1,0,1,1,1
14593,2,ita,1,1,1,1,1,1,1,1,1,1,1,1,1,1,1,1
14594,2,ini,1,1,1,1,1,1,1,1,1,1,1,1,1,1,1,1
14595,3,tri,1,1,1,1,1,1,1,1,1,1,1,1,1,1,1,1
14596,3,hra,1,1,1,1,1,1,1,1,1,1,1,1,1,1,1,1
14597,3,ani,1,1,1,1,1,1,1,1,1,1,1,1,1,1,1,1
14598,3,lia,1,1,1,1,1,1,1,1,1,1,1,1,1,1,1,1
14599,3,aya,1,1,1,1,1,1,1,1,1,1,1,1,1,1,1,1
14600,3,ani,1,1,1,1,1,1,1,1,1,1,1,1,1,1,1,1
14601,3,ayu,1,1,1,1,1,1,1,1,1,1,1,1,1,1,1,1
14602,4,tra,1,1,1,1,1,1,1,1,1,1,1,1,1,1,1,1
14603,3,nti,1,1,1,1,1,1,1,1,1,1,1,1,1,1,1,1
14604,3,ono,1,1,1,0,1,1,1,1,1,1,1,1,0,1,1,0
14605,3,ura,1,1,1,1,1,1,1,1,1,1,1,1,1,1,1,1
14606,2,ani,1,1,1,1,1,1,1,1,1,1,1,1,1,1,1,1
14607,2,rah,1,1,1,1,1,1,1,1,1,1,1,1,1,1,1,1
14608,2,ing,0,0,0,0,0,0,0,0,0,0,0,0,0,0,0,0
14609,3,tyo,0,0,0,0,0,0,0,0,0,0,0,0,0,0,0,0
14610,3,any,0,0,0,0,0,0,0,0,0,0,0,0,0,0,0,0
14611,4,ata,0,0,0,0,0,0,0,0,0,0,0,0,0,0,0,0
14612,4,han,0,0,0,0,0,0,0,0,0,0,0,0,0,0,0,0
14613,3,ira,1,1,1,1,1,1,1,1,1,1,1,1,1,1,1,1
14614,3,ano,0,0,0,0,0,0,0,0,0,0,0,0,0,0,0,0
14615,2,ata,0,0,0,0,0,0,0,0,0,0,0,0,0,0,0,0
14616,4,asa,1,0,0,0,0,0,1,0,0,1,0,0,1,0,0,1
14617,3,bra,0,0,0,0,0,0,0,0,0,0,0,0,1,0,0,0
14618,3,yid,0,0,0,0,0,0,0,0,0,0,0,0,0,0,0,0
14619,4,ung,0,0,0,0,0,0,0,0,0,0,0,0,0,0,0,0
14620,3,ung,0,0,0,0,0,0,0,0,0,0,0,0,0,0,0,0
14621,3,hid,0,0,0,0,0,0,0,0,0,0,0,0,0,0,0,0
14622,3,tra,0,0,0,0,0,0,0,0,0,0,0,0,0,0,0,0
14623,4,rfi,0,0,0,0,0,0,0,0,0,0,0,0,0,0,0,0
14624,3,lah,0,0,0,0,0,0,0,0,0,0,0,0,0,0,0,1
14625,3,oyo,0,0,0,0,0,0,0,0,0,0,0,0,0,0,0,0
14626,3,ana,0,0,0,0,0,0,0,0,0,0,0,0,0,0,0,0
14627,3,ani,0,0,0,0,0,0,0,0,0,0,0,0,0,0,0,0
14628,3,ono,0,0,0,0,0,0,0,0,0,0,0,0,0,0,0,0
14629,4,rya,0,0,0,1,0,0,1,0,0,0,0,0,0,0,0,1
14630,3,umo,0,0,0,0,0,0,0,0,0,0,0,0,0,0,0,0
14631,4,awa,0,0,0,0,0,0,0,0,0,0,0,0,0,0,0,0
14632,1,jib,1,0,0,0,0,0,0,0,0,0,0,0,0,0,0,0
14633,3,fiq,0,0,0,0,0,0,0,0,0,0,0,0,0,0,0,0
14634,2,jir,0,0,0,0,0,0,0,0,0,0,0,0,0,0,0,0
14635,3,ana,0,0,0,0,0,0,0,0,0,0,0,0,0,0,0,0
14636,4,odo,0,0,0,0,0,0,0,0,0,0,0,0,0,0,0,0
14637,3,zza,0,0,0,0,0,0,0,0,0,0,0,0,0,0,0,0
14638,3,tri,1,1,1,1,1,1,1,1,1,1,1,1,1,1,1,1
14639,3,ila,1,1,1,1,1,1,1,1,1,1,1,1,1,1,1,1
14640,3,iah,1,1,1,1,1,1,1,1,1,1,1,1,1,1,1,1
14641,3,ila,1,1,1,1,1,1,1,1,1,1,1,1,1,1,1,1
14642,1,waa,1,1,0,0,1,0,0,1,0,0,1,0,0,1,0,0
14643,3,ono,0,0,0,0,0,0,0,0,0,0,0,0,0,0,0,0
14644,3,aru,0,0,0,0,0,0,0,0,0,0,0,0,0,0,0,0
14645,3,man,0,0,0,0,0,0,0,0,0,0,0,0,0,0,0,0
14646,3,evi,0,0,0,0,0,0,0,0,0,0,0,0,0,0,0,0
14647,3,udi,0,0,0,0,0,0,0,0,0,0,0,0,0,0,0,0
14648,3,aus,0,0,0,0,0,0,0,0,0,0,0,0,0,0,0,0
14649,3,wan,0,0,0,0,0,0,0,0,0,0,0,0,0,0,0,0
14650,2,yah,0,0,0,0,0,0,0,0,0,0,0,0,0,0,0,0
14651,3,aha,0,0,0,0,0,0,0,0,0,0,0,0,0,0,0,0
14652,4,ama,0,0,0,0,0,0,0,0,0,0,0,0,0,0,0,0
14653,3,aha,0,0,0,0,0,0,0,0,0,0,0,0,0,0,0,0
14654,3,ana,0,0,0,0,0,0,0,0,0,0,0,0,0,0,0,0
14655,4,esa,0,0,0,0,0,0,0,0,0,0,0,0,0,0,0,0
14656,3,all,0,0,0,0,0,0,0,0,0,0,0,0,0,0,0,0
14657,3,tra,0,0,0,0,0,0,0,0,0,0,0,0,0,0,0,0
14658,3,ara,0,0,0,0,0,0,0,0,0,0,0,0,0,0,0,0
14659,2,ara,0,0,0,0,0,0,0,0,0,0,0,0,0,0,0,0
14660,3,adi,0,0,0,0,0,0,0,0,0,0,0,0,0,0,0,0
14661,3,dra,0,0,0,0,0,0,0,0,0,0,0,0,0,0,0,0
14662,3,ani,0,0,0,1,0,0,0,0,0,1,0,0,0,0,0,0
14663,3,hri,0,0,0,0,0,0,0,0,0,0,0,0,0,0,0,0
14664,3,eza,0,0,0,0,0,0,1,0,0,0,0,0,0,0,0,0
14665,3,tra,0,0,0,0,0,0,0,0,0,0,0,0,0,0,0,0
14666,3,odo,0,0,0,0,0,0,0,0,0,0,0,0,0,0,0,0
14667,3,ito,0,0,0,0,0,0,0,0,0,0,0,0,0,0,0,0
14668,3,ana,0,0,0,0,0,0,0,0,0,0,0,0,0,0,0,0
14669,1,ama,1,0,0,0,0,0,0,0,0,0,0,0,0,0,0,0
14670,3,dra,1,0,0,0,0,0,0,0,0,0,0,0,0,0,0,0
14671,2,aya,0,0,0,0,0,0,0,0,0,0,0,0,0,0,0,0
14672,2,tya,0,0,0,0,0,0,0,0,0,0,0,0,0,0,0,0
14673,3,ine,0,0,0,0,0,0,0,0,0,0,0,0,0,0,0,0
14674,3,zan,0,0,0,0,0,0,0,0,0,0,0,0,0,0,0,0
14675,3,ian,0,0,0,0,0,0,0,0,0,0,0,0,0,0,0,0
14676,3,dra,0,0,0,0,0,0,0,0,0,0,0,0,0,0,0,0
14677,3,ura,0,0,0,0,0,0,0,0,0,0,0,0,0,0,0,0
14678,3,ana,0,0,0,1,0,0,0,0,0,0,0,0,0,0,0,0
14679,2,ari,1,0,0,0,0,0,0,0,0,0,0,0,0,0,0,0
14680,2,yam,0,0,0,0,0,0,0,0,0,0,0,0,0,0,0,0
14681,3,las,0,0,0,0,0,0,0,0,0,0,0,0,0,0,0,0
14682,3,ara,0,0,0,0,0,0,0,0,0,0,0,0,0,0,0,0
14683,3,ogo,0,0,0,0,0,0,0,0,0,0,0,0,0,0,0,0
14684,3,mat,0,0,0,0,0,0,0,0,0,0,0,0,0,0,0,0
14685,2,lah,0,0,0,0,0,0,0,0,0,0,0,0,1,0,0,0
14686,3,ham,0,0,0,0,0,0,0,0,0,0,0,0,0,0,0,0
14687,3,nda,0,0,1,1,0,1,1,0,1,1,0,1,1,0,1,1
14688,3,hta,0,0,0,0,0,0,0,0,0,0,0,0,0,0,0,0
14689,2,nda,0,0,0,0,0,0,0,0,0,0,0,0,0,0,0,0
14690,3,udi,0,0,0,0,0,0,0,0,0,0,0,0,0,0,0,0
14691,2,har,0,0,0,0,0,0,0,0,0,0,0,0,0,0,0,0
14692,2,nto,0,0,0,0,0,0,0,0,0,0,0,0,0,0,0,0
14693,2,mad,0,0,0,0,0,0,0,0,0,0,0,0,0,0,0,0
14694,3,izh,0,0,0,0,0,0,0,0,0,0,0,0,0,0,0,0
14695,3,ono,0,0,0,0,0,0,0,0,0,0,0,0,0,0,0,0
14696,3,awi,0,0,0,0,0,0,0,0,0,0,0,0,0,0,0,0
14697,3,oho,0,0,0,0,0,0,0,0,0,0,0,0,0,0,0,0
14698,3,dzi,0,0,0,0,0,0,0,0,0,0,0,0,0,0,0,0
14699,3,khi,0,0,0,0,0,0,0,0,0,0,0,0,0,0,0,0
14700,4,hap,0,0,0,0,0,0,0,0,0,0,0,0,0,0,0,0
14701,3,dra,0,0,0,0,0,0,0,0,0,0,0,0,0,0,0,0
14702,3,ana,0,0,0,0,0,0,0,0,0,0,0,0,0,0,0,0
14703,3,lah,0,0,0,0,0,0,0,0,0,0,0,0,0,0,0,0
14704,3,sha,1,1,1,1,1,1,1,1,1,1,1,1,1,1,1,1
14705,3,yah,0,0,0,0,0,0,0,0,0,0,0,0,0,0,0,0
14706,2,yah,0,0,0,0,0,0,0,0,0,0,0,0,0,0,0,0
14707,3,rum,1,1,1,1,1,1,1,1,1,1,1,1,1,1,1,1
14708,2,nda,1,1,1,1,1,1,1,1,1,1,1,1,1,1,1,1
14709,2,zza,1,1,1,0,1,1,0,1,1,0,1,1,0,1,1,1
14710,2,sah,0,0,0,0,0,0,0,0,0,0,0,0,0,0,0,0
14711,3,tra,0,0,0,0,0,0,0,0,0,0,0,0,0,0,0,0
14712,3,ika,0,0,0,0,0,0,0,0,0,0,0,0,0,0,0,0
14713,2,ipa,0,0,0,0,0,0,0,0,0,0,0,0,0,0,0,0
14714,3,ata,0,0,0,0,0,0,0,0,0,0,0,0,0,0,0,0
14715,4,tra,0,0,0,0,0,0,0,0,0,0,0,0,0,0,0,0
14716,3,wan,0,0,0,0,0,0,0,0,0,0,0,0,0,0,0,0
14717,3,tra,0,0,0,0,0,0,0,0,0,0,0,0,0,0,0,0
14718,2,man,0,0,0,0,0,0,0,0,0,0,0,0,0,0,0,0
14719,3,dar,0,0,0,0,0,0,0,0,0,0,0,0,0,0,0,0
14720,3,tra,0,0,0,0,0,0,0,0,0,0,0,0,0,0,0,0
14721,3,ama,0,0,0,0,0,0,0,0,0,0,0,0,0,0,0,0
14722,3,yah,0,0,0,0,0,0,0,0,0,0,0,0,0,0,0,0
14723,3,tya,0,0,0,0,0,0,0,0,0,0,0,0,0,0,0,0
14724,4,ung,0,0,0,0,0,0,0,0,0,0,0,0,0,0,0,0
14725,2,ana,0,0,0,0,0,0,0,0,0,0,0,0,0,0,0,0
14726,3,ady,0,0,0,0,0,0,0,0,0,0,0,0,0,0,0,0
14727,4,iyo,0,0,0,0,0,0,0,0,0,0,0,0,0,0,0,0
14728,3,ika,0,0,0,0,0,0,0,0,0,0,0,0,0,0,0,0
14729,3,oho,0,0,0,0,0,0,0,0,0,0,0,0,0,0,0,0
14730,3,tra,0,0,0,0,0,0,0,0,0,0,0,0,0,0,0,0
14731,2,ana,0,0,0,0,0,0,0,0,0,0,0,0,0,0,0,0
14732,3,stu,0,0,0,0,0,0,0,0,0,0,0,0,0,0,0,0
14733,3,loh,0,0,0,0,0,0,0,0,0,0,0,0,0,0,0,0
14734,3,aya,0,0,0,0,0,0,0,0,0,0,0,0,0,0,0,0
14735,3,rto,0,0,0,0,0,0,0,0,0,0,0,0,0,0,0,0
14736,3,hra,1,1,1,1,1,1,1,1,1,1,1,1,1,1,1,1
14737,3,ila,1,1,1,1,1,1,1,1,1,1,1,1,1,1,1,1
14738,3,zki,0,0,0,0,0,0,0,0,0,0,0,0,0,0,0,0
14739,3,tri,1,1,1,1,1,1,1,1,1,1,1,1,1,1,1,1
14740,3,uma,0,0,0,0,0,0,0,0,0,0,0,0,0,0,0,0
14741,3,a t,1,1,1,1,1,1,1,1,1,1,1,1,1,1,1,1
14742,3,ian,0,0,0,0,0,0,0,0,0,0,0,0,0,0,0,0
14743,3,ngi,0,0,0,0,0,0,0,0,0,0,0,0,0,0,0,0
14744,2,him,0,0,0,0,0,0,0,0,0,0,0,0,0,0,0,0
14745,2,ion,0,0,0,0,0,0,0,0,0,0,0,0,0,0,0,0
14746,3,oho,0,0,0,0,0,0,0,0,0,0,0,0,0,0,0,0
14747,3,tro,0,0,0,0,0,0,0,0,0,0,0,0,0,0,0,0
14748,2,yat,0,0,0,0,0,0,0,0,0,0,0,0,0,0,0,0
14749,3,tra,0,0,0,0,0,0,0,0,0,0,0,0,0,0,0,0
14750,2,bar,0,0,0,0,0,0,0,0,0,0,0,0,0,0,0,0
14751,2,aji,0,0,0,1,0,0,0,0,0,0,0,0,0,0,0,0
14752,1,ini,1,1,1,1,1,1,1,1,1,1,1,1,1,1,1,1
14753,2,nto,0,0,0,0,0,0,0,0,0,0,0,0,0,0,0,0
14754,3,wan,0,0,0,0,0,0,0,0,0,0,0,0,0,0,0,0
14755,2,han,0,0,0,0,0,0,0,0,0,0,0,0,0,0,0,0
14756,2,fah,1,1,1,1,1,1,1,1,1,1,1,1,1,1,1,1
14757,4,tri,1,1,1,1,1,1,1,1,1,1,1,1,1,1,1,1
14758,3,rdi,1,1,0,1,1,0,1,1,0,1,1,0,1,1,0,1
14759,3,nto,1,0,0,0,0,0,0,0,0,0,0,0,0,0,0,0
14760,3,nna,0,0,0,0,0,0,0,0,0,0,0,0,0,0,0,0
14761,3,lin,0,0,0,0,0,0,0,0,0,0,0,0,0,0,0,0
14762,2,yah,0,0,0,0,0,0,0,0,0,0,0,0,0,0,0,0
14763,2,wan,0,0,0,0,0,0,0,0,0,0,0,0,0,0,0,0
14764,2,uma,0,0,0,0,0,0,0,0,0,0,0,0,0,0,0,0
14765,3,iqi,0,0,0,0,0,0,0,0,0,0,0,0,0,0,0,0
14766,2,kia,0,0,0,0,0,0,0,0,0,1,0,0,1,0,0,0
14767,3,dya,0,0,0,0,0,0,0,0,0,0,0,0,0,0,0,0
14768,3,had,0,0,0,0,0,0,0,0,0,0,0,0,0,0,0,0
14769,4,lif,0,0,0,0,0,0,0,0,0,0,0,0,0,0,0,0
14770,3,tra,0,0,0,0,0,0,0,0,0,0,0,0,0,0,0,0
14771,2,ana,0,0,0,0,0,0,0,0,0,0,0,0,0,0,0,0
14772,2,ani,0,0,0,0,0,0,0,0,0,0,0,0,0,0,0,0
14773,3,uma,0,0,0,0,0,0,0,0,0,0,0,0,0,0,0,0
14774,2,uzi,0,0,0,0,0,0,0,0,0,0,0,0,0,0,0,0
14775,3,ana,0,0,0,0,0,0,0,0,0,0,0,0,0,0,0,0
14776,3,ama,0,0,0,0,0,0,0,0,0,0,0,0,0,0,0,0
14777,3,tra,0,0,0,0,0,0,0,0,0,0,0,0,0,0,0,0
14778,3,kri,0,0,0,0,0,0,0,0,0,0,0,0,0,0,0,0
14779,3,ama,0,0,0,0,0,0,0,0,0,0,0,0,0,0,0,0
14780,2,rti,0,0,0,0,0,0,0,0,0,0,0,0,0,0,0,0
14781,3,aji,0,0,0,0,0,0,0,0,0,0,0,0,0,0,0,0
14782,3,udi,0,0,0,0,0,0,0,0,0,0,0,0,0,0,0,0
14783,3,tra,0,0,0,0,0,0,0,0,0,0,0,0,0,0,0,0
14784,3,tyo,0,0,0,0,0,0,0,0,0,0,0,0,0,0,0,0
14785,3,tyo,0,0,0,0,0,0,0,0,0,0,0,0,0,0,0,0
14786,3,yah,0,0,0,0,0,0,0,0,0,0,0,0,0,0,0,0
14787,2,lah,0,0,0,0,0,0,0,0,0,0,0,0,0,0,0,0
14788,2, ho,0,0,0,0,0,0,0,0,0,0,0,0,0,0,0,0
14789,2,iry,0,0,0,0,0,0,0,0,0,0,0,0,0,0,0,0
14790,3,nza,0,0,0,0,0,0,0,0,0,0,0,0,0,0,0,0
14791,3,ydi,0,0,0,0,0,0,0,0,0,0,0,0,0,0,0,0
14792,3,tti,0,0,0,0,0,0,0,0,0,0,0,0,0,0,0,0
14793,3,nda,0,0,0,0,0,0,0,0,0,0,0,0,0,0,0,0
14794,4,oro,0,0,0,0,0,0,0,0,0,0,0,0,0,0,0,0
14795,3,ana,0,0,0,0,0,0,0,0,0,0,0,0,0,0,0,0
14796,3,sya,0,0,0,0,0,0,0,0,0,0,0,0,0,0,0,0
14797,3,dan,0,0,0,0,0,0,0,0,0,0,0,0,0,0,0,0
14798,3,tra,0,0,0,0,0,0,0,0,0,0,0,0,0,0,0,0
14799,2,ono,0,0,0,0,0,0,0,0,0,0,0,0,0,0,0,0
14800,3,aus,0,0,0,0,0,0,0,0,0,0,0,0,0,0,0,0
14801,2,ati,1,1,1,1,1,1,1,1,1,1,1,1,1,1,1,1
14802,3,ini,1,1,1,1,1,1,1,1,1,1,1,1,1,1,1,1
14803,2,ari,1,1,1,1,1,1,1,1,1,1,1,1,1,1,1,1
14804,3,rah,1,1,1,1,1,1,1,1,1,1,1,1,1,1,1,1
14805,3,ina,1,1,1,1,1,1,1,1,1,1,1,1,1,1,1,1
14806,3,tri,1,1,1,1,1,1,1,1,1,1,1,1,1,1,1,1
14807,2,tri,1,1,1,1,1,1,1,1,1,1,1,1,1,1,1,1
14808,2,kim,1,1,1,1,1,1,1,1,1,1,1,1,1,1,1,1
14809,3,dya,1,1,1,1,1,1,1,1,1,1,1,1,1,1,1,1
14810,3,uqa,1,1,1,1,1,1,1,1,1,1,1,1,1,1,1,1
14811,3,ges,1,0,0,0,0,0,0,0,0,0,0,0,0,0,0,0
14812,4,nia,1,1,1,1,1,1,1,1,1,1,1,1,1,1,1,1
14813,3,ila,1,1,1,1,1,1,1,1,1,1,1,1,1,1,1,1
14814,3,tra,0,0,0,0,0,0,0,0,0,0,0,0,0,0,0,0
14815,3,evi,1,1,1,1,1,1,1,1,1,1,1,1,1,1,1,1
14816,3,par,1,1,1,0,1,1,0,1,1,0,1,1,0,1,1,0
14817,3,dar,1,1,1,1,1,1,1,1,1,1,1,1,1,1,1,1
14818,3,ual,0,0,0,0,0,0,0,0,0,0,0,0,0,0,0,0
14819,4,agi,0,0,0,0,0,0,0,0,0,0,0,0,0,0,0,0
14820,3,tra,0,0,0,0,0,0,0,0,0,0,0,0,0,0,0,0
14821,3,tah,1,1,1,1,1,1,1,1,1,1,1,1,1,1,1,1
14822,4,ude,1,1,1,1,1,1,1,1,1,1,1,1,1,1,1,1
14823,3,ida,1,1,1,1,1,1,1,1,1,1,1,1,1,1,1,1
14824,3,tro,1,0,0,0,0,0,0,0,0,0,0,0,0,0,0,0
14825,3,ani,0,0,1,1,0,1,1,0,1,1,0,1,1,0,1,1
14826,2,aya,0,0,0,0,0,0,0,0,0,0,0,0,0,0,0,0
14827,3,wan,0,0,0,0,0,0,0,0,0,0,0,0,0,0,0,0
14828,2,ail,1,1,0,0,1,0,0,1,0,0,1,0,0,1,0,0
14829,3,ngo,1,1,1,1,1,1,1,1,1,1,1,1,1,1,1,1
14830,3,tih,0,0,0,0,0,0,0,0,0,0,0,0,0,0,0,0
14831,3,tra,0,0,0,0,0,0,0,0,0,0,0,0,0,0,0,0
14832,3,tri,1,1,1,1,1,1,1,1,1,1,1,1,1,1,1,1
14833,3,aya,1,1,0,0,1,0,0,1,0,0,1,0,0,1,0,0
14834,3,ama,0,0,0,0,0,0,0,0,0,0,0,0,0,0,0,0
14835,3,aha,0,0,0,0,0,0,0,0,0,0,0,0,0,0,0,0
14836,2,ani,1,1,1,1,1,1,1,1,1,1,1,1,1,1,1,1
14837,2,aya,0,0,0,0,0,0,0,0,0,0,0,0,0,0,0,0
14838,3,tra,0,0,0,0,0,0,0,0,0,0,0,0,0,0,0,0
14839,3,ary,0,0,0,0,0,0,0,0,0,0,0,0,0,0,0,0
14840,2,yah,0,0,0,0,0,0,0,0,0,0,0,0,0,0,0,0
14841,4,aha,0,0,0,0,0,0,0,0,0,0,0,0,0,0,0,0
14842,4,zqi,0,0,0,0,0,0,0,0,0,0,0,0,0,0,0,0
14843,3,ani,0,0,0,1,0,0,1,0,0,1,0,0,1,0,0,1
14844,3,adi,0,0,0,0,0,0,0,0,0,0,0,0,0,0,0,0
14845,3,omo,0,0,0,0,0,0,0,0,0,0,0,0,0,0,0,0
14846,2,ila,1,1,1,1,1,1,1,1,1,1,1,1,1,1,1,1
14847,2,ria,0,1,1,0,1,1,0,1,1,0,1,1,0,1,1,0
14848,3,lah,0,0,0,0,0,0,0,0,0,0,0,0,0,0,0,0
14849,3,tra,0,0,0,0,0,0,0,0,0,0,0,0,0,0,0,0
14850,2,ian,0,0,0,0,0,0,0,0,0,0,0,0,0,0,0,0
14851,3,tha,0,0,1,1,0,1,1,0,1,1,0,1,1,0,1,1
14852,3,lwa,1,1,1,0,1,1,0,1,1,0,1,1,0,1,1,0
14853,4,sal,0,0,0,0,0,0,0,0,0,0,0,0,0,0,0,0
14854,3,ang,0,0,0,0,0,0,0,0,0,0,0,0,0,0,0,0
14855,4,hur,0,0,1,1,0,1,1,0,1,1,0,1,1,0,1,1
14856,2,isa,1,1,1,1,1,1,1,1,1,1,1,1,1,1,1,1
14857,3,oho,0,0,0,0,0,0,0,0,0,0,0,0,0,0,0,0
14858,3,owo,0,0,0,0,0,0,0,0,0,0,0,0,0,0,0,0
14859,2,ama,0,0,0,0,0,0,0,0,0,0,0,0,0,0,0,0
14860,4,dan,0,0,0,0,0,0,0,0,0,0,0,0,0,0,0,0
14861,3,tra,0,0,0,0,0,0,0,0,0,0,0,0,0,0,0,0
14862,3,ama,0,0,0,0,0,0,0,0,0,0,0,0,0,0,0,0
14863,3,dah,1,1,1,1,1,1,1,1,1,1,1,1,1,1,1,1
14864,3,hir,0,1,1,1,1,1,1,1,1,1,1,1,1,1,1,1
14865,4,san,1,0,1,0,0,1,0,0,1,0,0,1,0,0,1,0
14866,3,tya,0,0,0,0,0,0,0,0,0,0,0,0,0,0,0,0
14867,4,aha,0,0,0,0,0,0,0,0,0,0,0,0,0,0,0,0
14868,2,nto,0,0,0,0,0,0,0,0,0,0,0,0,0,0,0,0
14869,3,waz,0,0,0,0,0,0,0,0,0,0,0,0,0,0,0,0
14870,3,tra,0,0,0,0,0,0,0,0,0,0,0,0,0,0,0,0
14871,4,ama,0,0,0,0,0,0,0,0,0,0,0,0,0,0,0,0
14872,3,han,0,0,0,0,0,0,0,0,0,0,0,0,0,0,0,0
14873,2,han,1,1,1,0,1,1,0,1,1,0,1,1,0,1,1,0
14874,3,nda,0,1,1,1,1,1,0,1,1,1,1,1,1,1,1,1
14875,3,ano,0,0,0,0,0,0,0,0,0,0,0,0,0,0,0,0
14876,3,han,0,0,0,0,0,0,0,0,0,0,0,0,0,0,0,0
14877,3,pal,1,1,1,0,1,1,0,1,1,0,1,1,0,1,1,0
14878,2,ana,0,0,0,0,0,0,0,0,0,0,0,0,0,0,0,0
14879,3,ifa,1,1,1,1,1,1,1,1,1,1,1,1,1,1,1,1
14880,3,hty,0,1,1,1,1,1,1,1,1,1,1,1,1,1,1,1
14881,3,bar,0,0,0,0,0,0,0,0,0,0,0,0,0,0,0,0
14882,3,ika,0,0,0,0,0,0,0,0,0,0,0,0,0,0,0,0
14883,3,han,0,0,0,0,0,0,0,0,0,0,0,0,0,0,0,0
14884,3,cia,0,0,0,0,0,0,0,0,0,0,0,0,0,0,0,0
14885,3,hra,1,1,1,1,1,1,1,1,1,1,1,1,1,1,1,1
14886,3,nto,0,0,0,0,0,0,0,0,0,0,0,0,0,0,0,0
14887,3,tra,0,0,0,0,0,0,0,0,0,0,0,0,0,0,0,0
14888,3,owo,0,0,0,0,0,0,0,0,0,0,0,0,0,0,0,0
14889,3,yah,0,0,0,0,0,0,0,0,0,0,0,0,0,0,0,0
14890,3,oga,0,0,0,0,0,0,0,0,0,0,0,0,0,0,0,0
14891,2,tya,0,0,0,0,0,0,0,0,0,0,0,0,0,0,0,0
14892,4,iza,0,0,0,0,0,0,0,0,0,0,0,0,0,0,0,0
14893,6,tra,0,0,0,0,0,0,0,0,0,0,0,0,0,0,0,0
14894,2,wan,0,0,0,0,0,0,0,0,0,0,0,0,0,0,0,0
14895,3,ama,0,0,0,0,0,0,0,0,0,0,0,0,0,0,0,0
14896,3,usa,0,0,0,0,0,0,0,0,0,0,0,0,0,0,0,0
14897,4,aya,0,0,0,0,0,0,0,0,0,0,0,0,0,0,0,0
14898,3,yah,0,0,0,0,0,0,0,0,0,1,0,0,0,0,0,1
14899,2,nto,0,0,0,0,0,0,0,0,0,0,0,0,0,0,0,0
14900,3,ofa,0,0,0,0,0,0,0,0,0,0,0,0,0,0,0,0
14901,2,nto,0,0,0,0,0,0,0,0,0,0,0,0,0,0,0,0
14902,3,ana,0,0,0,0,0,0,0,0,0,0,0,0,0,0,0,0
14903,3,yah,0,0,0,0,0,0,0,0,0,0,0,0,0,0,0,0
14904,4,ani,1,1,1,1,1,1,1,1,1,1,1,1,1,1,1,1
14905,2,doy,1,0,0,0,0,0,0,0,0,0,0,0,0,0,0,0
14906,3,ari,1,1,1,1,1,1,1,1,1,1,1,1,1,1,1,1
14907,2,ila,1,1,1,1,1,1,1,1,1,1,1,1,1,1,1,1
14908,2,lah,1,1,1,1,1,1,1,1,1,1,1,1,1,1,1,1
14909,2,ani,1,1,1,1,1,1,1,1,1,1,1,1,1,1,1,1
14910,2,sih,1,1,1,1,1,1,1,1,1,1,1,1,1,1,1,1
14911,2,nto,0,0,0,0,0,0,0,0,0,0,0,0,0,0,0,0
14912,4,gar,1,1,1,1,1,1,1,1,1,1,1,1,1,1,1,1
14913,2,yah,1,1,1,1,1,1,1,1,1,1,1,1,1,1,1,1
14914,2,ela,1,1,1,1,1,1,1,1,1,1,1,1,1,1,1,1
14915,4,qis,1,1,1,1,1,1,1,1,1,1,1,1,1,1,1,1
14916,2,ani,1,1,1,1,1,1,1,1,1,1,1,1,1,1,1,1
14917,5,tri,1,1,1,1,1,1,1,1,1,1,1,1,1,1,1,1
14918,5,nza,1,1,1,1,1,1,1,1,1,1,1,1,1,1,1,1
14919,5, az,1,1,1,1,1,1,1,1,1,1,1,1,1,1,1,1
14920,3,ari,1,1,1,0,1,1,0,1,1,0,1,1,0,1,1,0
14921,3,nia,1,1,1,1,1,1,1,1,1,1,1,1,1,1,1,1
14922,2,ysa,1,1,1,0,1,1,0,1,1,0,1,1,0,1,1,0
14923,3,ira,1,1,1,1,1,1,1,1,1,1,1,1,1,1,1,1
14924,4,tri,1,1,1,1,1,1,1,1,1,1,1,1,1,1,1,1
14925,2,maa,1,1,1,0,1,1,0,1,1,0,1,1,0,1,1,0
14926,3,rin,1,1,1,1,1,1,1,1,1,1,1,1,1,1,1,1
14927,3,tin,1,1,1,1,1,1,1,1,1,1,1,1,1,1,1,1
14928,4,yah,1,1,1,1,1,1,1,1,1,1,1,1,1,1,1,1
14929,4,qus,1,1,1,1,1,1,1,1,1,1,1,1,1,1,1,1
14930,5, az,1,1,1,1,1,1,1,1,1,1,1,1,1,1,1,1
14931,3,yat,1,1,1,1,1,1,1,1,1,1,1,1,1,1,1,1
14932,3,una,1,1,1,1,1,1,1,1,1,1,1,1,1,1,1,1
14933,4,amy,1,1,1,1,1,1,1,1,1,1,1,1,1,1,1,1
14934,4,tom,0,0,0,0,0,0,0,0,0,0,0,0,0,0,0,0
14935,3,ani,0,0,0,1,0,0,1,0,0,1,0,0,1,0,0,1
14936,2,ini,1,1,1,1,1,1,1,1,1,1,1,1,1,1,1,1
14937,2,tra,0,0,0,0,0,0,0,0,0,0,0,0,0,0,0,0
14938,3,rah,0,1,1,1,1,1,1,1,1,1,1,1,1,1,1,1
14939,2,nto,0,0,0,0,0,0,0,0,0,0,0,0,0,0,0,0
14940,3,hya,0,0,0,0,0,0,0,0,0,0,0,0,0,0,0,0
14941,2,ita,1,1,1,1,1,1,1,1,1,1,1,1,1,1,1,1
14942,3,ani,0,0,1,1,0,1,1,0,1,1,0,1,1,0,1,1
14943,2,nda,1,1,1,1,1,1,1,1,1,1,1,1,1,1,1,1
14944,3,nti,1,1,1,1,1,1,1,1,1,1,1,1,1,1,1,1
14945,2,tri,1,1,1,1,1,1,1,1,1,1,1,1,1,1,1,1
14946,3,aya,0,0,0,0,0,0,0,0,0,0,0,0,0,0,0,0
14947,3,oga,0,0,0,0,0,0,0,0,0,0,0,0,0,0,0,0
14948,3,ono,0,0,0,0,0,0,0,0,0,0,0,0,0,0,0,0
14949,3,war,0,0,0,0,0,0,0,0,0,0,0,0,0,0,0,0
14950,4,dra,0,0,0,0,0,0,0,0,0,0,0,0,0,0,0,0
14951,2,lia,1,1,1,1,1,1,1,1,1,1,1,1,1,1,1,1
14952,3,tha,0,1,1,1,1,1,1,1,1,1,1,1,1,1,1,1
14953,2,ara,1,0,1,0,0,1,1,0,1,0,0,1,1,0,1,1
14954,3,ung,1,1,1,1,1,1,1,1,1,0,1,1,0,1,1,1
14955,3,fah,1,1,1,1,1,1,1,1,1,1,1,1,1,1,1,1
14956,2,hya,1,1,1,0,1,1,1,1,1,1,1,1,1,1,1,0
14957,3,ani,0,1,1,1,1,1,1,1,1,1,1,1,1,1,1,1
14958,4,ina,1,1,1,1,1,1,1,1,1,1,1,1,1,1,1,1
14959,2,ani,1,1,1,1,1,1,1,1,1,1,1,1,1,1,1,1
14960,2,ati,1,1,1,1,1,1,1,1,1,1,1,1,1,1,1,1
14961,3,fiz,0,0,0,0,0,0,0,0,0,0,0,0,0,0,0,0
14962,3,nta,0,0,0,0,0,0,0,0,0,0,0,0,0,0,0,1
14963,3,qin,0,0,0,0,0,0,0,0,0,0,0,0,0,0,0,0
14964,3,man,0,0,0,0,0,0,0,0,0,0,0,0,0,0,0,0
14965,3,suf,0,0,0,1,0,0,1,0,0,1,0,0,1,0,0,1
14966,3,lah,1,0,1,1,0,1,0,0,1,1,0,1,0,0,1,1
14967,3,oho,0,0,0,0,0,0,0,0,0,0,0,0,0,0,0,0
14968,3,rba,0,1,1,1,1,1,1,1,1,1,1,1,1,1,1,1
14969,2,ura,1,1,1,0,1,1,0,1,1,0,1,1,0,1,1,0
14970,3,ndy,0,0,0,0,0,0,0,0,0,0,0,0,0,0,0,0
14971,3,ama,0,0,0,0,0,0,0,0,0,0,0,0,0,0,0,0
14972,3,zel,0,0,0,0,0,0,0,0,0,0,0,0,0,0,0,0
14973,2,ali,0,0,0,0,0,0,0,0,0,0,0,0,0,0,0,0
14974,3,ziq,0,0,0,0,0,0,0,0,0,0,0,0,0,0,0,0
14975,2,yah,0,0,0,0,0,0,0,0,0,0,0,0,0,0,0,0
14976,4,nto,0,0,0,0,0,0,0,0,0,0,0,0,0,0,0,0
14977,2,ena,0,0,0,0,0,0,0,0,0,0,0,0,0,0,0,0
14978,2,dri,0,0,0,0,0,0,0,0,0,0,0,0,0,0,0,0
14979,4,mar,0,0,0,0,0,0,0,0,0,0,0,0,0,0,0,0
14980,3,tra,0,0,0,0,0,0,0,0,0,0,0,0,0,0,0,0
14981,3,eto,0,0,0,0,0,0,0,0,0,0,0,0,0,0,0,0
14982,2,kim,0,0,0,0,0,0,0,0,0,0,0,0,0,0,0,0
14983,3,wan,0,0,0,0,0,0,0,0,0,0,0,0,0,0,0,0
14984,3,aiz,0,0,0,0,0,0,0,0,0,0,0,0,0,0,0,0
14985,3,zki,0,0,0,0,0,0,0,0,0,0,0,0,0,0,0,0
14986,3,tra,0,0,0,0,0,0,0,0,0,0,0,0,0,0,0,0
14987,4,gar,0,0,0,0,0,0,0,0,0,0,0,0,0,0,0,0
14988,2,man,0,0,0,0,0,0,0,0,0,0,0,0,0,0,0,0
14989,4,din,0,0,0,0,0,0,0,0,0,0,0,0,0,0,0,0
14990,3,ama,0,0,0,0,0,0,0,0,0,0,0,0,0,0,0,0
14991,3,ley,0,0,0,0,0,0,0,0,0,0,0,0,0,0,0,0
14992,3,oho,0,0,0,0,0,0,0,0,0,0,0,0,0,0,0,0
14993,2,wan,0,0,0,0,0,0,0,0,0,0,0,0,0,0,0,0
14994,2,aky,0,0,0,0,0,0,0,0,0,0,0,0,0,0,0,0
14995,4,ong,0,0,0,0,0,0,0,0,0,0,0,0,0,0,0,0
14996,2,lia,1,1,1,1,1,1,1,1,1,1,1,1,1,1,1,1
14997,4,adi,1,1,1,1,1,1,1,1,1,1,1,1,1,1,1,1
14998,3,rif,0,0,0,0,0,0,0,0,0,0,0,0,0,0,0,0
14999,3,tri,1,1,1,1,1,1,1,1,1,1,1,1,1,1,1,1
15000,2,rat,0,0,0,0,0,0,0,0,0,0,0,0,0,0,0,0
15001,2,ndy,0,0,0,0,0,0,0,0,0,0,0,0,0,0,0,0
15002,3,dya,1,1,1,1,1,1,1,1,1,1,1,1,1,1,1,1
15003,3,uda,1,1,1,1,1,1,1,1,1,1,1,1,1,1,1,1
15004,3,cus,0,0,0,0,0,0,0,0,0,0,0,0,0,0,0,0
15005,3,nto,1,0,0,0,0,0,0,0,0,0,0,0,0,0,0,0
15006,3,ika,0,0,0,0,0,0,0,0,0,0,0,0,0,0,0,0
15007,4,rju,0,0,1,1,0,1,1,0,1,1,0,1,1,0,1,1
15008,2,ino,0,0,0,0,0,0,0,0,0,0,0,0,0,0,0,0
15009,4,oso,1,1,1,1,1,1,1,1,1,1,1,1,1,1,1,1
15010,4,gio,1,1,1,1,1,1,1,1,1,1,1,1,1,1,1,1
15011,2,ani,1,1,1,1,1,1,1,1,1,1,1,1,1,1,1,1
15012,3,tha,1,1,1,1,1,1,1,1,1,1,1,1,1,1,1,1
15013,3,tri,1,1,1,1,1,1,1,1,1,1,1,1,1,1,1,1
15014,2,aiz,0,0,0,0,0,0,0,0,0,0,0,0,0,0,0,0
15015,3,ani,1,1,1,1,1,1,1,1,1,1,1,1,1,1,1,1
15016,4,tri,1,1,1,1,1,1,1,1,1,1,1,1,1,1,1,1
15017,3,sya,0,1,1,0,1,1,0,1,1,0,1,1,0,1,1,0
15018,2,ani,0,1,1,0,1,1,1,1,1,1,1,1,1,1,1,1
15019,3,gsa,1,1,1,1,1,1,1,1,1,1,1,1,1,1,1,1
15020,4,qis,1,1,1,0,1,1,0,1,1,0,1,1,0,1,1,0
15021,2,qiy,0,0,0,0,0,0,0,0,0,0,0,0,0,0,0,0
15022,3,jat,0,0,0,0,0,0,0,0,0,0,0,0,0,0,0,0
15023,3,ani,0,0,0,0,0,0,0,0,0,0,0,0,0,0,0,0
15024,3,ana,0,0,0,1,0,0,1,0,0,0,0,0,1,0,0,0
15025,2,ieb,0,0,0,0,0,0,0,0,0,0,0,0,0,0,0,0
15026,3,din,0,0,0,0,0,0,0,0,0,0,0,0,0,0,0,0
15027,3,ama,0,0,0,0,0,0,0,0,0,0,0,0,0,0,0,0
15028,3,ian,0,0,0,0,0,0,0,0,0,0,0,0,0,0,0,0
15029,3,oho,0,0,0,0,0,0,0,0,0,0,0,0,0,0,0,0
15030,3,nif,0,0,0,0,0,0,0,0,0,0,0,0,0,0,0,0
15031,3,adh,0,0,0,0,0,0,0,0,0,0,0,0,0,0,0,0
15032,3,tia,0,0,0,0,0,0,0,0,0,0,0,0,1,0,0,0
15033,3,san,0,0,0,0,0,0,0,0,0,0,0,0,0,0,0,0
15034,3,far,0,0,0,0,0,0,0,0,0,0,0,0,0,0,0,0
15035,3,ana,0,0,0,0,0,0,0,0,0,0,0,0,0,0,0,0
15036,3,thi,0,0,0,0,0,0,0,0,0,0,0,0,0,0,0,0
15037,2,mad,0,0,0,0,0,0,0,0,0,0,0,0,0,0,0,0
15038,4,ara,0,0,0,0,0,0,0,0,0,0,0,0,0,0,0,0
15039,2,ria,0,0,0,0,0,0,0,0,0,0,0,0,0,0,0,0
15040,3,san,0,0,0,0,0,0,0,0,0,0,0,0,0,0,0,0
15041,3,ani,1,1,1,1,1,1,1,1,1,1,1,1,1,1,1,1
15042,4,utr,1,1,1,1,1,1,1,1,1,1,1,1,1,1,1,1
15043,3,yaq,0,0,0,1,0,0,1,0,0,0,0,0,1,0,0,1
15044,3,kim,0,0,0,0,0,0,0,0,0,0,0,0,0,0,0,0
15045,3,lla,1,1,1,1,1,1,1,1,1,1,1,1,1,1,1,1
15046,2,wah,1,1,1,1,1,1,1,1,1,1,1,1,1,1,1,1
15047,2,afi,0,0,0,0,0,0,0,0,0,0,0,0,0,0,0,0
15048,2,ail,0,0,0,0,0,0,0,0,0,0,0,0,0,0,0,0
15049,2,ani,1,1,1,1,1,1,1,1,1,1,1,1,1,1,1,1
15050,3,ita,1,1,1,1,1,1,1,1,1,1,1,1,1,1,1,1
15051,3,din,0,0,0,0,0,0,0,0,0,0,0,0,0,0,0,0
15052,2,ita,1,0,1,1,0,1,1,0,1,1,0,1,1,0,1,1
15053,2,ana,0,0,0,1,0,0,1,0,0,1,0,0,1,0,0,1
15054,2,nda,0,0,0,1,0,0,1,0,0,1,0,0,1,0,0,1
15055,3,iez,0,0,0,0,0,0,0,0,0,0,0,0,0,0,0,0
15056,3,yah,1,1,1,1,1,1,1,1,1,1,1,1,1,1,1,1
15057,3,ita,1,1,1,1,1,1,1,1,1,1,1,1,1,1,1,1
15058,2,ita,1,1,1,1,1,1,1,1,1,1,1,1,1,1,1,1
15059,3,lwa,1,1,1,1,1,1,1,1,1,1,1,1,1,1,1,1
15060,3,lia,1,1,1,1,1,1,1,1,1,1,1,1,1,1,1,1
15061,3,ung,0,0,0,0,0,0,0,0,0,0,0,0,0,0,0,0
15062,2,ali,0,0,0,0,0,0,0,0,0,0,0,0,0,0,0,0
15063,3,zie,1,1,1,1,1,1,1,1,1,1,1,1,1,1,1,1
15064,3,ani,1,1,1,1,1,1,1,1,1,1,1,1,1,1,1,1
15065,3,han,0,0,0,0,0,0,0,0,0,0,0,0,0,0,0,0
15066,3,yah,0,0,0,0,0,0,0,0,0,0,0,0,0,0,0,0
15067,3,yat,0,0,0,0,0,0,0,0,0,0,0,0,0,0,0,0
15068,3,zar,0,0,0,0,0,0,0,0,0,0,0,0,0,0,0,0
15069,3,yah,1,1,1,1,1,1,1,1,1,1,1,1,1,1,1,1
15070,3,oho,0,0,0,0,0,0,0,0,0,0,0,0,0,0,0,0
15071,3,tri,1,1,1,1,1,1,1,1,1,1,1,1,1,1,1,1
15072,3,sna,0,0,0,0,0,0,0,0,0,0,0,0,0,0,0,0
15073,3,tya,0,0,0,0,0,0,0,0,0,0,0,0,0,0,0,0
15074,3,tyo,0,0,0,0,0,0,0,0,0,0,0,0,0,0,0,0
15075,2,nda,0,0,0,0,0,0,0,0,0,0,0,0,1,0,0,0
15076,3,mal,0,0,0,0,0,0,0,0,0,0,0,0,0,0,0,0
15077,3,iko,0,0,0,0,0,0,0,0,0,0,0,0,0,0,0,0
15078,3,via,1,1,1,1,1,1,1,1,1,1,1,1,1,1,1,1
15079,3,tri,1,1,1,1,1,1,1,1,1,1,1,1,1,1,1,1
15080,2,ata,1,1,1,1,1,1,1,1,1,1,1,1,1,1,1,1
15081,3,ani,1,1,1,1,1,1,1,1,1,1,1,1,1,1,1,1
15082,2,tri,1,1,1,1,1,1,1,1,1,1,1,1,1,1,1,1
15083,4,ant,1,1,1,1,1,1,1,1,1,1,1,1,1,1,1,1
15084,2,ari,1,1,1,1,1,1,1,1,1,1,1,1,1,1,1,1
15085,2,lia,1,1,1,1,1,1,1,1,1,1,1,1,1,1,1,1
15086,2,ani,1,1,1,1,1,1,1,1,1,1,1,1,1,1,1,1
15087,3,sti,1,1,1,1,1,1,1,1,1,1,1,1,1,1,1,1
15088,2,oho,0,0,0,0,0,0,0,0,0,0,0,0,0,0,0,0
15089,3,nda,0,0,0,0,0,0,0,0,0,0,0,0,0,0,0,0
15090,2,sah,0,0,0,0,0,0,0,0,0,0,0,0,0,0,0,0
15091,3,yah,0,0,0,0,0,0,0,0,0,0,0,0,0,0,0,0
15092,3,lah,0,0,0,0,0,0,0,0,0,0,0,0,0,0,0,0
15093,2,aqi,0,0,0,0,0,0,0,0,0,0,0,0,0,0,0,0
15094,3,ani,0,0,0,0,0,0,0,0,0,0,0,0,0,0,0,0
15095,2,ada,0,0,0,0,0,0,0,0,0,0,0,0,0,0,0,0
15096,3,ang,0,0,0,0,0,0,0,0,0,0,0,0,0,0,0,0
15097,4,aho,0,0,0,0,0,0,0,0,0,0,0,0,0,0,0,0
15098,3,ano,1,1,1,1,1,1,1,1,1,1,1,1,1,1,1,1
15099,2,yah,1,0,0,0,0,0,0,0,0,0,0,0,0,0,0,0
15100,3,ama,0,0,0,0,0,0,0,0,0,0,0,0,0,0,0,0
15101,3,wan,1,0,0,0,0,0,0,0,0,0,0,0,0,0,0,0
15102,3,ifa,1,1,1,1,1,1,1,1,1,1,1,1,1,1,1,1
15103,3,ani,1,1,1,1,1,1,1,1,1,1,1,1,1,1,1,1
15104,2,nda,1,0,1,1,0,1,1,0,1,1,0,1,1,0,1,1
15105,3,asy,0,0,0,0,0,0,0,0,0,0,0,0,0,0,0,0
15106,2,aya,0,0,0,0,0,0,0,0,0,0,0,0,0,0,0,0
15107,4,han,0,0,0,0,0,0,0,0,0,0,0,0,0,0,0,0
15108,2,omo,0,0,0,0,0,0,0,0,0,0,0,0,0,0,0,0
15109,3,nta,0,0,0,0,0,0,0,0,0,0,0,0,0,0,0,0
15110,3,ira,1,1,1,1,1,1,1,1,1,1,1,1,1,1,1,1
15111,2,uar,0,0,0,0,0,0,0,0,0,0,0,0,0,0,0,0
15112,2,lya,1,1,1,0,1,1,1,1,1,1,1,1,0,1,1,0
15113,2,aya,1,1,1,0,1,1,0,1,1,0,1,1,0,1,1,0
15114,4,tri,1,1,1,1,1,1,1,1,1,1,1,1,1,1,1,1
15115,3,kit,0,0,0,0,0,0,0,0,0,0,0,0,0,0,0,0
15116,3,tra,0,0,0,0,0,0,0,0,0,0,0,0,0,0,0,0
15117,3,rba,0,0,0,0,0,0,0,0,0,0,0,0,0,0,0,0
15118,3,han,0,0,0,0,0,0,0,0,0,0,0,0,0,0,0,0
15119,3,lus,0,0,0,0,0,0,0,0,0,0,0,0,0,0,0,0
15120,3,abi,0,1,0,0,1,0,0,1,0,0,1,0,0,1,0,0
15121,3,ria,1,1,1,1,1,1,1,1,1,1,1,1,1,1,1,1
15122,3,oso,1,1,1,0,1,1,0,1,1,0,1,1,0,1,1,0
15123,2,ani,1,1,1,1,1,1,1,1,1,1,1,1,1,1,1,1
15124,3,ibu,1,1,1,1,1,1,1,1,1,1,1,1,1,1,1,1
15125,3,ani,1,1,1,1,1,1,1,1,1,1,1,1,1,1,1,1
15126,3,kti,1,1,1,1,1,1,1,1,1,1,1,1,1,1,1,1
15127,4,ara,1,1,1,0,1,1,0,1,1,0,1,1,0,1,1,0
15128,3,hra,1,1,1,1,1,1,1,1,1,1,1,1,1,1,1,1
15129,2,ina,1,1,1,1,1,1,1,1,1,1,1,1,1,1,1,1
15130,2,ian,0,0,0,0,0,0,0,0,0,0,0,0,0,0,0,0
15131,2,nto,0,0,0,0,0,0,0,0,0,0,0,0,0,0,0,0
15132,4,omo,0,0,0,0,0,0,0,0,0,0,0,0,0,0,0,0
15133,3,nto,0,0,0,0,0,0,0,0,0,0,0,0,0,0,0,0
15134,3,fid,0,0,0,0,0,0,0,0,0,0,0,0,0,0,0,0
15135,3,sah,0,0,0,0,0,0,0,0,0,0,0,0,0,0,0,0
15136,2,tra,0,0,0,0,0,0,0,0,0,0,0,0,0,0,0,0
15137,3,riz,0,0,0,0,0,0,0,0,0,0,0,0,0,0,0,0
15138,4,hyo,0,0,0,0,0,0,0,0,0,0,0,0,0,0,0,0
15139,3,lan,0,0,0,0,0,0,0,0,0,0,0,0,0,0,0,0
15140,3,udy,0,0,0,0,0,0,0,0,0,0,0,0,0,0,0,0
15141,3,nto,0,0,0,0,0,0,0,0,0,0,0,0,0,0,0,0
15142,3,tya,0,0,0,0,0,0,0,0,0,0,0,0,0,0,0,0
15143,3,yah,0,0,0,0,0,0,0,0,0,0,0,0,0,0,0,0
15144,3,ama,0,0,0,0,0,0,0,0,0,0,0,0,0,0,0,0
15145,2,yah,0,0,0,0,0,0,0,0,0,0,0,0,0,0,0,0
15146,2,wan,0,0,0,0,0,0,0,0,0,0,0,0,0,0,0,0
15147,3,ana,0,0,0,0,0,0,0,0,0,0,0,0,0,0,0,0
15148,3,tri,1,1,1,1,1,1,1,1,1,1,1,1,1,1,1,1
15149,3,par,0,0,0,0,0,0,0,0,0,0,0,0,0,0,0,0
15150,2,sih,1,1,1,1,1,1,1,1,1,1,1,1,1,1,1,1
15151,3,ati,1,1,1,1,1,1,1,1,1,1,1,1,1,1,1,1
15152,3,nga,1,1,1,1,1,1,1,1,1,1,1,1,1,1,1,1
15153,2,ini,1,1,1,1,1,1,1,1,1,1,1,1,1,1,1,1
15154,3,ang,0,0,0,0,0,0,0,0,0,0,0,0,0,0,0,0
15155,2,yah,0,0,0,0,0,0,0,0,0,0,0,0,0,0,0,0
15156,3,oyo,1,0,0,0,0,0,0,0,0,0,0,0,0,0,0,0
15157,2,sah,0,0,0,0,0,0,0,0,0,0,0,0,0,0,0,0
15158,4,wan,0,0,0,0,0,0,0,0,0,0,0,0,0,0,0,0
15159,2,ono,0,0,0,0,0,0,0,0,0,0,0,0,0,0,0,0
15160,2,nto,0,0,0,0,0,0,0,0,0,0,0,0,0,0,0,0
15161,2,ian,0,0,0,0,0,0,0,0,0,0,0,0,0,0,0,0
15162,2,zwa,0,0,0,0,0,0,0,0,0,0,0,0,0,0,0,0
15163,3,din,0,0,0,0,0,0,0,0,0,0,0,0,0,0,0,0
15164,2,ati,1,1,1,1,1,1,1,1,1,1,1,1,1,1,1,1
15165,4,wan,0,0,0,0,0,0,0,0,0,0,0,0,0,0,0,0
15166,2,isa,1,1,1,1,1,1,1,1,1,1,1,1,1,1,1,1
15167,3,dra,1,0,0,0,0,0,0,0,0,0,0,0,0,0,0,0
15168,3,hya,1,1,1,1,1,1,1,1,1,1,1,1,1,1,1,1
15169,3,ika,0,0,0,0,0,0,0,0,0,0,0,0,0,0,0,0
15170,4,shi,0,0,1,1,0,1,1,0,1,1,0,1,1,0,1,1
15171,3,ina,1,1,1,1,1,1,1,1,1,1,1,1,1,1,1,1
15172,2,ana,1,1,1,1,1,1,1,1,1,1,1,1,1,1,1,1
15173,3,ani,1,1,1,1,1,1,1,1,1,1,1,1,1,1,1,1
15174,2,yas,1,1,1,1,1,1,1,1,1,1,1,1,1,1,1,1
15175,2,bar,0,0,0,0,0,0,0,0,0,0,0,0,0,0,0,0
15176,3,ris,0,0,0,0,0,0,0,0,0,0,0,0,0,0,0,0
15177,3,man,0,0,0,0,0,0,0,0,0,0,0,0,0,0,0,0
15178,3,ama,0,0,0,0,0,0,0,0,0,0,0,0,0,0,0,0
15179,2,him,0,0,0,0,0,0,0,0,0,0,0,0,0,0,0,0
15180,3,adi,0,0,0,0,0,0,0,0,0,0,0,0,0,0,0,0
15181,2,yah,0,0,0,0,0,0,0,0,0,0,0,0,0,0,0,0
15182,3,ika,1,1,1,1,1,1,1,1,1,1,1,1,1,1,1,1
15183,5,ata,0,0,0,1,0,0,1,0,0,1,0,0,1,0,0,1
15184,2,wan,0,0,0,0,0,0,0,0,0,0,0,0,0,0,0,0
15185,2,wan,0,0,0,0,0,0,0,0,0,0,0,0,0,0,0,0
15186,3,ani,1,1,1,1,1,1,1,1,1,1,1,1,1,1,1,1
15187,3,ila,1,1,1,1,1,1,1,1,1,1,1,1,1,1,1,1
15188,3,tie,1,1,1,1,1,1,1,1,1,1,1,1,1,1,1,1
15189,3,yas,1,1,1,1,1,1,1,1,1,1,1,1,1,1,1,1
15190,3,ari,1,1,1,1,1,1,1,1,1,1,1,1,1,1,1,1
15191,2,nti,1,1,1,1,1,1,1,1,1,1,1,1,1,1,1,1
15192,3,ewi,1,1,1,1,1,1,1,1,1,1,1,1,1,1,1,1
15193,2,ssy,1,1,1,0,1,1,0,1,1,0,1,1,0,1,1,0
15194,3,try,1,1,1,1,1,1,1,1,1,0,1,1,1,1,1,1
15195,4,nda,1,1,1,1,1,1,1,1,1,1,1,1,1,1,1,1
15196,2,via,1,1,1,1,1,1,1,1,1,1,1,1,1,1,1,1
15197,5,rda,1,1,1,1,1,1,1,1,1,1,1,1,1,1,1,1
15198,2,lia,1,1,1,1,1,1,1,1,1,1,1,1,1,1,1,1
15199,2,lia,1,1,1,1,1,1,1,1,1,1,1,1,1,1,1,1
15200,2,ani,1,1,1,1,1,1,1,1,1,1,1,1,1,1,1,1
15201,2,lia,1,1,1,1,1,1,1,1,1,1,1,1,1,1,1,1
15202,3,ari,1,1,1,1,1,1,1,1,1,1,1,1,1,1,1,1
15203,2,via,1,1,1,1,1,1,1,1,1,1,1,1,1,1,1,1
15204,3,ila,1,1,1,1,1,1,1,1,1,1,1,1,1,1,1,1
15205,3,lia,1,1,1,1,1,1,1,1,1,1,1,1,1,1,1,1
15206,3,sta,1,1,1,1,1,1,1,1,1,1,1,1,1,1,1,1
15207,3,ati,1,1,1,1,1,1,1,1,1,1,1,1,1,1,1,1
15208,3,nti,1,1,1,1,1,1,1,1,1,1,1,1,1,1,1,1
15209,3,nty,1,1,1,1,1,1,1,1,1,1,1,1,1,1,1,1
15210,3,tri,1,1,1,1,1,1,1,1,1,1,1,1,1,1,1,1
15211,3,ina,1,1,1,1,1,1,1,1,1,1,1,1,1,1,1,1
15212,2,ani,1,1,1,1,1,1,1,1,1,1,1,1,1,1,1,1
15213,3,ian,1,0,0,0,0,0,0,0,0,0,0,0,0,0,0,0
15214,3,ana,0,0,0,0,0,0,0,0,0,0,0,0,0,0,0,0
15215,2,ian,0,0,0,0,0,0,0,0,0,0,0,0,0,0,0,0
15216,3,jat,0,0,0,0,0,0,0,0,0,0,0,0,0,0,0,0
15217,3,wan,0,0,0,0,0,0,0,0,0,0,0,0,0,0,0,0
15218,2,nto,0,0,0,0,0,0,0,0,0,0,0,0,0,0,0,0
15219,3,jat,0,0,0,0,0,0,0,0,0,0,0,0,0,0,0,0
15220,3,nda,1,0,0,0,0,0,0,0,0,0,0,0,0,0,0,0
15221,3,lah,1,1,1,1,1,1,1,1,1,1,1,1,1,1,1,1
15222,2,rti,1,1,1,1,1,1,1,1,1,1,1,1,1,1,1,1
15223,3,nti,1,1,1,1,1,1,1,1,1,1,1,1,1,1,1,1
15224,2,ini,1,1,1,1,1,1,1,1,1,1,1,1,1,1,1,1
15225,4,ani,1,1,1,1,1,1,1,1,1,1,1,1,1,1,1,1
15226,2,lia,1,1,1,1,1,1,1,1,1,1,1,1,1,1,1,1
15227,3,mad,1,1,1,0,1,1,0,1,1,0,1,1,0,1,1,0
15228,3,man,1,1,1,1,1,1,1,1,1,1,1,1,1,1,1,1
15229,3,mti,1,1,1,1,1,1,1,1,1,1,1,1,1,1,1,1
15230,2,ara,1,1,1,1,1,1,1,1,1,1,1,1,1,1,1,1
15231,3,ani,1,1,1,1,1,1,1,1,1,1,1,1,1,1,1,1
15232,3,tar,0,0,0,0,0,0,0,0,0,0,0,0,0,0,0,0
15233,3,hra,1,1,1,1,1,1,1,1,1,1,1,1,1,1,1,1
15234,2,ely,1,1,1,1,1,1,1,1,1,1,1,1,1,1,1,1
15235,4,tra,0,0,0,0,0,0,0,0,0,0,0,0,0,0,0,0
15236,2,ila,1,1,1,1,1,1,1,1,1,1,1,1,1,1,1,1
15237,4,dya,0,0,0,0,0,0,0,0,0,0,0,0,0,0,0,0
15238,3,wan,0,0,0,0,0,0,0,0,0,0,0,0,0,0,0,0
15239,3,oro,0,0,0,0,0,0,0,0,0,0,0,0,0,0,0,0
15240,3,sah,0,0,0,0,0,0,0,0,0,0,0,0,0,0,0,0
15241,2,nto,0,0,0,0,0,0,0,0,0,0,0,0,0,0,0,0
15242,3,ani,1,1,1,1,1,1,1,1,1,1,1,1,1,1,1,1
15243,3,far,1,0,1,1,0,1,1,0,1,1,0,1,1,0,1,1
15244,3,tta,1,1,1,1,1,1,1,1,1,1,1,1,1,1,1,1
15245,3,svi,1,1,1,1,1,1,1,1,1,1,1,1,1,1,1,1
15246,3,ini,0,1,1,1,1,1,1,1,1,1,1,1,1,1,1,1
15247,3,tra,0,0,0,0,0,0,0,0,0,0,0,0,0,0,0,0
15248,2,lin,1,1,1,1,1,1,1,1,1,1,1,1,1,1,1,1
15249,3,sha,1,1,1,1,1,1,1,1,1,1,1,1,1,1,1,1
15250,2,ati,1,1,1,1,1,1,1,1,1,1,1,1,1,1,1,1
15251,4,gih,1,1,1,1,1,1,1,1,1,1,1,1,1,1,1,1
15252,3,wan,0,0,0,0,0,0,0,0,0,0,0,0,0,0,0,0
15253,3,ana,0,0,0,0,0,0,0,0,0,0,0,0,0,0,0,0
15254,2,rat,1,1,1,1,1,1,1,1,1,1,1,1,1,1,1,1
15255,3,eni,1,1,1,1,1,1,1,1,1,1,1,1,1,1,1,1
15256,3,sha,0,0,0,0,0,0,0,0,0,0,0,0,0,0,0,0
15257,3,yah,0,0,0,0,0,0,0,0,0,0,0,0,0,0,0,1
15258,3,ito,0,0,0,0,0,0,0,0,0,0,0,0,0,0,0,0
15259,3,ari,1,1,1,1,1,1,1,1,1,1,1,1,1,1,1,1
15260,2,wae,0,1,1,1,1,1,1,1,1,1,1,1,1,1,1,1
15261,3,era,1,1,1,1,1,1,1,1,1,1,1,1,1,1,1,1
15262,2,ani,1,1,1,1,1,1,1,1,1,1,1,1,1,1,1,1
15263,3,ari,1,1,1,1,1,1,1,1,1,1,1,1,1,1,1,1
15264,3,ani,1,1,1,1,1,1,1,1,1,1,1,1,1,1,1,1
15265,3,wan,1,1,1,1,1,1,1,1,1,1,1,1,1,1,1,1
15266,2,ita,1,1,1,1,1,1,1,1,1,1,1,1,1,1,1,1
15267,3,ani,1,1,1,1,1,1,1,1,1,1,1,1,1,1,1,1
15268,3,oho,0,0,0,0,0,0,0,0,0,0,0,0,0,0,0,0
15269,3,ama,0,0,0,0,0,0,0,0,0,0,0,0,0,0,0,0
15270,3,ana,0,0,0,0,0,0,0,0,0,0,0,0,0,0,0,0
15271,3,ewi,1,1,1,1,1,1,1,1,1,1,1,1,1,1,1,1
15272,3,tra,0,0,0,0,0,0,0,0,0,0,0,0,0,0,0,0
15273,2,ika,1,1,1,1,1,1,1,1,1,1,1,1,1,1,1,1
15274,4,ari,1,1,1,1,1,1,1,1,1,1,1,1,1,1,1,1
15275,3,nan,1,1,1,1,1,1,1,1,1,1,1,1,1,1,1,1
15276,3,ama,1,0,0,0,0,0,0,0,0,0,0,0,0,0,0,0
15277,3,ezi,0,0,0,0,0,0,0,0,0,0,0,0,0,0,0,0
15278,4,tra,0,0,0,0,0,0,0,0,0,0,0,0,0,0,0,0
15279,3,msi,0,0,0,0,0,0,0,0,0,0,0,0,0,0,0,0
15280,3,han,0,0,0,0,0,0,0,0,0,0,0,0,0,0,0,0
15281,3,oyo,0,0,0,0,0,0,0,0,0,0,0,0,0,0,0,0
15282,3,nto,0,0,0,0,0,0,0,0,0,0,0,0,0,0,0,0
15283,2,ian,0,0,0,0,0,0,0,0,0,0,0,0,0,0,0,0
15284,2,ara,0,0,0,0,0,0,0,0,0,0,0,0,0,0,0,0
15285,3,iza,0,0,0,0,0,0,0,0,0,0,0,0,0,0,0,0
15286,3,kes,0,0,0,0,0,0,0,0,0,0,0,0,0,0,0,0
15287,3,evi,0,0,0,0,0,0,0,0,0,0,0,0,0,0,0,0
15288,2,oga,0,0,0,0,0,0,0,0,0,0,0,0,0,0,0,0
15289,3,wan,0,0,0,0,0,0,0,0,0,0,0,0,0,0,0,0
15290,2,rta,1,1,1,1,1,1,1,1,1,0,1,1,1,1,1,1
15291,2,her,0,0,0,0,0,0,0,0,0,0,0,0,0,0,0,0
15292,3,lan,0,0,0,0,0,0,0,0,0,0,0,0,0,0,0,0
15293,3,lia,1,1,1,1,1,1,1,1,1,1,1,1,1,1,1,1
15294,3,ono,1,1,0,0,1,0,0,1,0,0,1,0,0,1,0,0
15295,3,tra,0,0,0,0,0,0,0,0,0,0,0,0,0,0,0,0
15296,2,iza,1,1,1,1,1,1,1,1,1,1,1,1,1,1,1,1
15297,2,yah,1,1,1,1,1,1,1,1,1,1,1,1,1,1,1,1
15298,3,rta,0,0,0,0,0,0,0,0,0,0,0,0,0,0,0,0
15299,2,san,0,0,0,0,0,0,0,0,0,0,0,0,0,0,0,0
15300,3,ris,0,0,0,0,0,0,0,0,0,0,0,0,0,0,0,0
15301,2,tia,0,0,0,0,0,0,0,0,0,0,0,0,0,0,0,0
15302,3,han,0,0,0,0,0,0,0,0,0,0,0,0,0,0,0,0
15303,3,yah,0,0,0,0,0,0,0,0,0,0,0,0,0,0,0,0
15304,3,aki,0,0,0,0,0,0,0,0,0,0,0,0,0,0,0,0
15305,2,lia,1,1,1,1,1,1,1,1,1,1,1,1,1,1,1,1
15306,3,tra,0,0,0,0,0,0,0,0,0,0,0,0,0,0,0,0
15307,3,ana,0,0,0,0,0,0,0,0,0,0,0,0,0,0,0,0
15308,3,han,0,0,0,0,0,0,0,0,0,0,0,0,0,0,0,0
15309,3,yah,0,0,0,0,0,0,0,0,0,0,0,0,0,0,0,0
15310,3,zki,0,0,0,1,0,0,1,0,0,1,0,0,1,0,0,1
15311,3,tya,0,0,0,0,0,0,0,0,0,0,0,0,0,0,0,0
15312,3,man,0,0,0,0,0,0,0,0,0,0,0,0,0,0,0,0
15313,3,tya,0,0,0,0,0,0,0,0,0,0,0,0,0,0,0,0
15314,3,nda,0,0,0,0,0,0,0,0,0,0,0,0,0,0,0,0
15315,4,dji,1,0,0,0,0,0,0,0,0,0,0,0,0,0,0,0
15316,2,nto,0,0,0,0,0,0,0,0,0,0,0,0,0,0,0,0
15317,3,fin,0,0,0,0,0,0,0,0,0,0,0,0,0,0,0,0
15318,3,zal,0,0,0,0,0,0,0,0,0,0,0,0,0,0,0,0
15319,3,zky,1,0,0,0,0,0,0,0,0,0,0,0,0,0,0,0
15320,3,hap,1,1,1,1,1,1,1,1,1,1,1,1,1,1,1,1
15321,2,tya,0,0,0,0,0,0,0,0,0,0,0,0,0,0,0,0
15322,3,udi,0,0,0,0,0,0,0,0,0,0,0,0,0,0,0,0
15323,3,ani,1,1,1,1,1,1,1,1,1,1,1,1,1,1,1,1
15324,2,yah,0,0,0,0,0,0,0,0,0,0,0,0,0,0,0,0
15325,2,wan,0,0,0,0,0,0,0,0,0,0,0,0,0,0,0,0
15326,3,tra,0,0,0,0,0,0,0,0,0,0,0,0,0,0,0,0
15327,2,pri,0,0,0,0,0,0,0,0,0,0,0,0,0,0,0,0
15328,4,ani,0,0,0,0,0,0,0,0,0,0,0,0,0,0,0,0
15329,2,mad,0,0,0,0,0,0,0,0,0,0,0,0,0,0,0,0
15330,3,ski,0,0,0,0,0,0,0,0,0,0,0,0,0,0,0,0
15331,3,ana,1,1,1,1,1,1,1,1,1,1,1,1,1,1,1,1
15332,3,far,1,0,0,0,0,0,0,0,0,0,0,0,0,0,0,0
15333,2,ien,1,1,1,1,1,1,1,1,1,1,1,1,1,1,1,1
15334,3,him,1,1,1,1,1,1,1,1,1,1,1,1,1,1,1,1
15335,3,sti,1,1,1,1,1,1,1,1,1,1,1,1,1,1,1,1
15336,3,oso,0,0,0,0,0,0,0,0,0,0,0,0,0,0,0,0
15337,2,ani,1,1,1,1,1,1,1,1,1,1,1,1,1,1,1,1
15338,5,zul,0,0,0,0,0,0,0,0,0,0,0,0,0,0,0,0
15339,3,oys,0,0,0,0,0,0,0,0,0,0,0,0,0,0,0,0
15340,2,han,0,0,0,0,0,0,0,0,0,0,0,0,0,0,0,0
15341,4,nta,1,1,1,1,1,1,1,1,1,1,1,1,1,1,1,1
15342,2,ani,0,0,0,1,0,0,1,0,0,1,0,0,1,0,0,1
15343,2,fsa,1,1,1,1,1,1,1,1,1,1,1,1,1,1,1,1
15344,3,wan,1,1,0,0,1,0,0,1,0,0,1,0,0,1,0,0
15345,3,esa,1,1,1,0,1,1,1,1,1,1,1,1,0,1,1,1
15346,2,fah,1,1,1,1,1,1,1,1,1,1,1,1,1,1,1,1
15347,2,ani,1,1,1,1,1,1,1,1,1,1,1,1,1,1,1,1
15348,3,ita,1,1,1,1,1,1,1,1,1,1,1,1,1,1,1,1
15349,2,han,0,0,0,0,0,0,0,0,0,0,0,0,0,0,0,0
15350,3,ana,0,0,0,0,0,0,0,0,0,0,0,0,0,0,0,0
15351,3,owo,0,0,0,0,0,0,0,0,0,0,0,0,0,0,0,0
15352,3,ama,1,0,0,0,0,0,0,0,0,0,0,0,0,0,0,0
15353,2,wan,0,0,0,0,0,0,0,0,0,0,0,0,0,0,0,0
15354,3,tra,0,0,0,0,0,0,0,0,0,0,0,0,0,0,0,0
15355,3,tra,0,0,0,0,0,0,0,0,0,0,0,0,0,0,0,0
15356,3,nti,1,1,1,1,1,1,1,1,1,1,1,1,1,1,1,1
15357,2,lan,1,1,1,1,1,1,1,1,1,1,1,1,1,1,1,1
15358,2,ari,1,1,1,1,1,1,1,1,1,1,1,1,1,1,1,1
15359,3,zki,0,0,0,0,0,0,0,0,0,0,0,0,0,0,0,0
15360,2,wan,1,0,0,0,0,0,0,0,0,0,0,0,0,0,0,0
15361,2,ita,1,1,1,1,1,1,1,1,1,1,1,1,1,1,1,1
15362,2,nti,1,1,1,1,1,1,1,1,1,1,1,1,1,1,1,1
15363,1,nna,1,1,1,1,1,1,1,1,1,1,1,1,1,1,1,1
15364,3,yah,1,1,1,1,1,1,1,1,1,1,1,1,1,1,1,1
15365,4,nah,1,1,1,1,1,1,1,1,1,1,1,1,1,1,1,1
15366,3,zah,1,1,1,1,1,1,1,1,1,1,1,1,1,1,1,1
15367,3,ita,1,1,1,1,1,1,1,1,1,1,1,1,1,1,1,1
15368,3,yah,1,1,1,1,1,1,1,1,1,1,1,1,1,1,1,1
15369,4,nga,1,1,1,1,1,1,0,1,1,1,1,1,0,1,1,1
15370,3,iya,1,1,1,0,1,1,0,1,1,1,1,1,1,1,1,1
15371,3,yat,1,1,0,0,1,0,0,1,0,0,1,0,0,1,0,1
15372,3,gan,0,0,0,0,0,0,0,0,0,0,0,0,0,0,0,0
15373,1,hie,0,0,0,0,0,0,0,0,0,0,0,0,0,0,0,0
15374,2,yat,0,0,0,0,0,0,0,0,0,0,0,0,0,0,0,0
15375,3,dra,0,0,0,0,0,0,0,0,0,0,0,0,0,0,0,0
15376,3,ten,0,0,0,0,0,0,0,0,0,0,0,0,0,0,0,0
15377,2,tya,0,0,0,0,0,0,0,0,0,0,0,0,0,0,0,0
15378,3,ama,0,0,0,0,0,0,0,0,0,0,0,0,0,0,0,0
15379,3,rya,0,0,0,0,0,0,0,0,0,0,0,0,0,0,0,0
15380,3,wan,0,0,0,0,0,0,0,0,0,0,0,0,0,0,0,0
15381,2,nik,0,0,0,0,0,0,0,0,0,0,0,0,0,0,0,0
15382,3,tza,1,1,1,1,1,1,1,1,1,1,1,1,1,1,1,1
15383,3,yah,0,0,0,0,0,0,0,0,0,0,0,0,0,0,0,0
15384,3,tra,0,0,0,0,0,0,0,0,0,0,0,0,0,0,0,0
15385,3,nta,0,0,0,0,0,0,0,0,0,0,0,0,0,0,0,0
15386,3,yah,0,0,0,0,0,0,0,0,0,0,0,0,0,0,0,0
15387,2,ata,0,0,0,0,0,0,0,0,0,0,0,0,0,0,0,0
15388,2,ana,0,0,0,0,0,0,0,0,0,0,0,0,0,0,0,0
15389,3,tra,0,0,0,0,0,0,0,0,0,0,0,0,0,0,0,0
15390,4,zki,0,0,0,0,0,0,0,0,0,0,0,0,0,0,0,0
15391,3,tra,0,0,0,0,0,0,0,0,0,0,0,0,0,0,0,0
15392,2,lah,0,0,0,0,0,0,0,0,0,0,0,0,0,0,0,0
15393,2,yah,0,0,0,0,0,0,0,0,0,0,0,0,0,0,0,0
15394,3,tra,0,0,0,0,0,0,0,0,0,0,0,0,0,0,0,0
15395,2,zky,0,0,0,0,0,0,0,0,0,0,0,0,0,0,0,0
15396,3,aky,0,0,0,0,0,0,0,0,0,0,0,0,0,0,0,0
15397,3,lla,0,0,0,0,0,0,0,0,0,0,0,0,0,0,0,0
15398,3,oro,0,0,0,0,0,0,0,0,0,0,0,0,0,0,0,0
15399,3,tra,0,0,0,0,0,0,0,0,0,0,0,0,0,0,0,0
15400,2,nto,0,0,0,0,0,0,0,0,0,0,0,0,0,0,0,0
15401,3,adi,0,0,0,0,0,0,0,0,0,0,0,0,0,0,0,0
15402,3,tra,0,0,0,0,0,0,0,0,0,0,0,0,0,0,0,0
15403,3,izi,0,0,0,0,0,0,0,0,0,0,0,0,0,0,0,0
15404,2,uzi,0,0,0,0,0,0,0,0,0,0,0,0,0,0,0,0
15405,2,ama,0,0,0,0,0,0,0,0,0,0,0,0,0,0,0,0
15406,4,dha,0,0,0,0,0,0,0,0,0,0,0,0,0,0,0,0
15407,3,lah,0,0,0,0,0,0,0,0,0,0,0,0,0,0,0,0
15408,3,lah,0,0,0,0,0,0,0,0,0,0,0,0,0,0,0,0
15409,4,sya,0,0,0,0,0,0,0,0,0,0,0,0,0,0,0,0
15410,2,dan,0,0,0,0,0,0,0,0,0,0,0,0,0,0,0,0
15411,2,sta,0,0,0,0,0,0,0,0,0,0,0,0,0,0,0,0
15412,3,ulo,0,0,0,0,0,0,0,0,0,0,0,0,0,0,0,0
15413,3,oro,0,0,0,0,0,0,0,0,0,0,0,0,0,0,0,0
15414,2,fal,0,0,0,0,0,0,0,0,0,0,0,0,0,0,0,0
15415,3,dar,0,0,0,0,0,0,0,0,0,0,0,0,0,0,0,0
15416,3,tro,0,0,0,0,0,0,0,0,0,0,0,0,0,0,0,0
15417,2,lah,0,0,0,0,0,0,0,0,0,0,0,0,0,0,0,0
15418,2,dya,0,0,0,0,0,0,0,0,0,0,0,0,0,0,0,0
15419,4,gin,0,0,0,0,0,0,0,0,0,0,0,0,0,0,0,0
15420,3,dah,1,1,1,1,1,1,1,1,1,1,1,1,1,1,1,1
15421,4,ari,1,1,1,1,1,1,1,1,1,1,1,1,1,1,1,1
15422,2,wan,0,0,0,0,0,0,0,0,0,0,0,0,0,0,0,0
15423,3,ewa,0,0,0,0,0,0,0,0,0,0,0,0,0,0,0,0
15424,2,lia,1,1,1,1,1,1,1,1,1,1,1,1,1,1,1,1
15425,3,nda,1,1,1,1,1,1,1,1,1,1,1,1,1,1,1,1
15426,3,via,1,1,1,1,1,1,1,1,1,1,1,1,1,1,1,1
15427,3,lia,1,1,1,1,1,1,1,1,1,1,1,1,1,1,1,1
15428,3,ila,1,1,1,1,1,1,1,1,1,1,1,1,1,1,1,1
15429,2,sha,1,1,1,1,1,1,1,1,1,1,1,1,1,1,1,1
15430,2,isa,1,1,1,1,1,1,1,1,1,1,1,1,1,1,1,1
15431,4,tri,1,1,1,1,1,1,1,1,1,1,1,1,1,1,1,1
15432,3,lmi,1,1,1,1,1,1,1,1,1,1,1,1,1,1,1,1
15433,3,ndi,1,1,1,0,1,1,0,1,1,1,1,1,1,1,1,1
15434,3,isa,1,1,1,1,1,1,1,1,1,1,1,1,1,1,1,1
15435,2,fah,1,1,1,1,1,1,1,1,1,1,1,1,1,1,1,1
15436,3,isy,1,1,1,1,1,1,1,1,1,1,1,1,1,1,1,1
15437,2,han,0,0,0,0,0,0,0,0,0,0,0,0,0,0,0,0
15438,2,sah,1,1,1,1,1,1,1,1,1,1,1,1,1,1,1,1
15439,2,zaq,0,0,0,0,0,0,0,0,0,0,0,0,0,0,0,0
15440,3,tra,0,0,0,0,0,0,0,0,0,0,0,0,0,0,0,0
15441,3,kti,0,0,0,0,0,0,0,0,0,0,0,0,0,0,0,0
15442,3,ira,1,1,1,1,1,1,1,1,1,1,1,1,1,1,1,1
15443,3,lla,1,1,1,1,1,1,1,1,1,1,1,1,1,1,1,1
15444,3,nah,1,1,1,1,1,1,1,1,1,1,1,1,1,1,1,1
15445,2,yah,0,0,0,0,0,0,0,0,0,0,0,0,0,0,0,0
15446,2,ana,1,1,1,1,1,1,1,1,1,1,1,1,1,1,1,1
15447,3,zni,0,0,0,0,0,0,0,0,0,0,0,0,0,0,0,0
15448,3,bis,0,0,0,0,0,0,0,0,0,0,0,0,0,0,0,0
15449,2,yah,0,0,0,0,0,0,0,0,0,0,0,0,0,0,0,0
15450,4,wan,0,0,0,0,0,0,0,0,0,0,0,0,0,0,0,0
15451,2,ian,0,0,0,0,0,0,0,0,0,0,0,0,0,0,0,0
15452,3,nto,0,0,0,0,0,0,0,0,0,0,0,0,0,0,0,0
15453,3,wan,0,0,0,0,0,0,0,0,0,0,0,0,0,0,0,0
15454,2,lah,1,1,1,1,1,1,1,1,1,0,1,1,1,1,1,1
15455,3,lon,0,0,0,0,0,0,0,0,0,0,0,0,0,0,0,0
15456,2,ani,0,0,0,0,0,0,0,0,0,0,0,0,0,0,0,0
15457,3,rum,1,1,1,1,1,1,1,1,1,1,1,1,1,1,1,1
15458,3,tri,1,1,1,1,1,1,1,1,1,1,1,1,1,1,1,1
15459,3,wan,1,1,1,0,1,1,0,1,1,0,1,1,0,1,1,0
15460,2,yah,1,1,1,1,1,1,1,1,1,1,1,1,1,1,1,1
15461,3,lah,1,1,1,1,1,1,1,1,1,1,1,1,1,1,1,1
15462,4,ndi,1,1,1,0,1,1,0,1,1,0,1,1,0,1,1,1
15463,2,sna,1,1,1,1,1,1,1,1,1,1,1,1,1,1,1,1
15464,2,isa,1,1,1,1,1,1,1,1,1,1,1,1,1,1,1,1
15465,3,tyo,0,0,0,0,0,0,0,0,0,0,0,0,0,0,0,0
15466,3,ono,0,0,0,0,0,0,0,0,0,0,0,0,0,0,0,0
15467,3,ila,0,0,0,1,0,0,1,0,0,1,0,0,1,0,0,1
15468,2,nto,0,0,0,0,0,0,0,0,0,0,0,0,0,0,0,0
15469,3,ika,0,0,0,0,0,0,0,0,0,0,0,0,0,0,0,0
15470,3,suf,0,0,0,0,0,0,0,0,0,0,0,0,0,0,0,0
15471,2,tio,0,0,0,0,0,0,0,0,0,0,0,0,0,0,0,0
15472,2,han,0,0,0,0,0,0,0,0,0,0,0,0,0,0,0,0
15473,2,tya,0,0,0,0,0,0,0,0,0,0,0,0,0,0,0,0
15474,4,awa,0,0,0,0,0,0,0,0,0,0,0,0,0,0,0,0
15475,3,ary,0,0,0,0,0,0,0,0,0,0,0,0,0,0,0,0
15476,3,ano,0,0,0,1,0,0,1,0,0,1,0,0,0,0,0,1
15477,3,dhi,0,0,0,0,0,0,0,0,0,0,0,0,0,0,0,0
15478,3,han,0,0,0,0,0,0,0,0,0,0,0,0,0,0,0,0
15479,2,yah,0,0,0,0,0,0,0,0,0,0,0,0,0,0,0,0
15480,3,man,0,0,0,0,0,0,0,0,0,0,0,0,0,0,0,0
15481,5,far,0,0,0,0,0,0,0,0,0,0,0,0,0,0,0,0
15482,3,han,0,0,0,0,0,0,0,0,0,0,0,0,0,0,0,0
15483,3,gar,0,0,0,0,0,0,0,0,0,0,0,0,0,0,0,0
15484,3,han,0,0,0,0,0,0,0,0,0,0,0,0,0,0,0,0
15485,3,ama,0,0,0,0,0,0,0,0,0,0,0,0,0,0,0,0
15486,3,ama,0,0,0,0,0,0,0,0,0,0,0,0,0,0,0,0
15487,2,ira,1,1,1,1,1,1,1,1,1,1,1,1,1,1,1,1
15488,3,mah,1,1,1,1,1,1,1,1,1,1,1,1,1,1,1,1
15489,3,ama,0,0,0,0,0,0,0,0,0,0,0,0,0,0,0,0
15490,2,qil,0,0,0,0,0,0,0,0,0,0,0,0,0,0,0,0
15491,3,tia,0,0,0,0,0,0,0,0,0,0,0,0,0,0,0,0
15492,3,tyo,0,0,0,0,0,0,0,0,0,0,0,0,0,0,0,0
15493,3,ono,0,0,0,0,0,0,0,0,0,0,0,0,0,0,0,0
15494,3,man,0,0,0,0,0,0,0,0,0,0,0,0,0,0,0,0
15495,3,kim,0,0,0,0,0,0,0,0,0,0,0,0,0,0,0,0
15496,3,wan,0,0,0,0,0,0,0,0,0,0,0,0,0,0,0,0
15497,3,bar,0,0,0,0,0,0,0,0,0,0,0,0,0,0,0,0
15498,3,man,0,0,0,0,0,0,0,0,0,0,0,0,0,0,0,0
15499,2,man,0,0,0,0,0,0,0,0,0,0,0,0,0,0,0,0
15500,2,lah,0,0,0,0,0,0,0,0,0,0,0,0,0,0,0,0
15501,3,zam,0,0,0,0,0,0,0,0,0,0,0,0,0,0,0,0
15502,3,fif,0,0,0,0,0,0,0,0,0,0,0,0,0,0,0,0
15503,2,yah,0,0,0,0,0,0,0,0,0,0,0,0,0,0,0,0
15504,3,har,0,0,0,0,0,0,0,0,0,0,0,0,0,0,0,0
15505,3,dji,0,0,0,0,0,0,0,0,0,0,0,0,0,0,0,0
15506,3,tra,0,0,0,0,0,0,0,0,0,0,0,0,0,0,0,0
15507,2,kki,0,0,0,0,0,0,0,0,0,0,0,0,0,0,0,0
15508,2,ogo,0,0,0,0,0,0,0,0,0,0,0,0,0,0,0,0
15509,2,wan,0,0,0,0,0,0,0,0,0,0,0,0,0,0,0,0
15510,2,nto,0,0,0,0,0,0,0,0,0,0,0,0,0,0,0,0
15511,4,tyo,0,0,0,0,0,0,0,0,0,0,0,0,0,0,0,0
15512,4,tar,0,0,0,0,0,0,0,0,0,0,0,0,0,0,0,0
15513,3,ama,0,0,0,0,0,0,0,0,0,0,0,0,0,0,0,0
15514,2,iya,0,0,0,0,0,0,0,0,0,0,0,0,0,0,0,0
15515,2,yah,0,0,0,0,0,0,0,0,0,0,0,0,0,0,0,0
15516,2,sya,1,1,1,0,1,1,0,1,1,0,1,1,0,1,1,1
15517,3,ana,0,0,0,0,0,0,0,0,0,0,0,0,0,0,0,0
15518,3,yub,0,0,0,0,0,0,0,0,0,0,0,0,0,0,0,0
15519,2,far,0,0,0,0,0,0,0,0,0,0,0,0,0,0,0,0
15520,3,lfi,0,0,0,0,0,0,0,0,0,0,0,0,0,0,0,0
15521,3,han,0,0,0,0,0,0,0,0,0,0,0,0,0,0,0,0
15522,3,ani,1,1,1,1,1,1,1,1,1,1,1,1,1,1,1,1
15523,3,ati,1,1,1,1,1,1,1,1,1,1,1,1,1,1,1,1
15524,2,ria,1,1,1,1,1,1,1,1,1,1,1,1,1,1,1,1
15525,3,ani,1,1,1,1,1,1,1,1,1,1,1,1,1,1,1,1
15526,4,ini,1,1,1,1,1,1,1,1,1,1,1,1,1,1,1,1
15527,3,ani,1,1,1,1,1,1,1,1,1,1,1,1,1,1,1,1
15528,4,nda,1,1,1,1,1,1,1,1,1,1,1,1,1,1,1,1
15529,2,aim,1,1,1,1,1,1,1,1,1,1,1,1,1,1,1,1
15530,3,ofa,0,0,0,0,0,0,0,0,0,0,0,0,0,0,0,0
15531,3,wan,0,0,0,0,0,0,0,0,0,0,0,0,0,0,0,0
15532,3,ana,0,0,0,0,0,0,0,0,0,0,0,0,0,0,0,0
15533,3,ach,0,0,0,0,0,0,0,0,0,0,0,0,0,0,0,0
15534,2,ndy,0,0,0,0,0,0,0,0,0,0,0,0,0,0,0,0
15535,3,rio,0,0,0,0,0,0,0,0,0,0,0,0,0,0,0,0
15536,2,sya,1,1,1,1,1,1,1,1,1,1,1,1,1,1,1,1
15537,3,tna,1,1,1,1,1,1,1,1,1,1,1,1,1,1,1,1
15538,3,rah,1,1,1,1,1,1,1,1,1,1,1,1,1,1,1,1
15539,3,ani,1,1,1,1,1,1,1,1,1,1,1,1,1,1,1,1
15540,2,yah,1,1,1,1,1,1,1,1,1,1,1,1,1,1,1,1
15541,3,udi,0,0,0,0,0,0,0,0,0,0,0,0,0,0,0,0
15542,4,oso,0,0,0,0,0,0,0,0,0,0,0,0,0,0,0,0
15543,2,kit,1,0,0,1,0,0,1,0,0,1,0,0,1,0,0,1
15544,3,ari,1,1,1,1,1,1,1,1,1,1,1,1,1,1,1,1
15545,2,ani,1,1,1,1,1,1,1,1,1,1,1,1,1,1,1,1
15546,2,ani,1,1,1,1,1,1,1,1,1,1,1,1,1,1,1,1
15547,2,ain,1,1,1,1,1,1,1,1,1,1,1,1,1,1,1,1
15548,1,adh,1,1,1,1,1,1,1,1,1,1,1,1,1,1,1,1
15549,2,ega,0,0,0,0,0,0,0,0,0,0,0,0,0,0,0,0
15550,3,eni,1,1,1,1,1,1,1,1,1,1,1,1,1,1,1,1
15551,3,ari,1,1,1,1,1,1,1,1,1,1,1,1,1,1,1,1
15552,2,yaa,1,1,1,1,1,1,1,1,1,1,1,1,1,1,1,1
15553,3,aya,0,0,0,0,0,0,0,0,0,0,0,0,0,0,0,0
15554,3,tno,0,0,0,0,0,0,0,0,0,0,0,0,0,0,0,0
15555,2,sah,0,0,0,0,0,0,0,0,0,0,0,0,0,0,0,0
15556,3,tra,0,0,0,0,0,0,0,0,0,0,0,0,0,0,0,0
15557,2,ani,1,1,1,1,1,1,1,1,1,1,1,1,1,1,1,1
15558,3,tha,1,1,1,1,1,1,1,1,1,1,1,1,1,1,1,1
15559,2,iel,0,0,0,0,0,0,0,0,0,0,0,0,0,0,0,0
15560,2,nda,0,0,0,0,0,0,0,0,0,0,0,0,0,0,0,0
15561,3,gar,0,0,0,0,0,0,0,0,0,0,0,0,0,0,0,0
15562,4,gih,0,0,0,0,0,0,0,0,0,0,0,0,0,0,0,0
15563,2,adi,0,0,0,0,0,0,0,0,0,0,0,0,0,0,0,0
15564,3,aya,0,0,0,0,0,0,0,0,0,0,0,0,0,0,0,0
15565,3,ita,0,0,0,1,0,0,1,0,0,1,0,0,1,0,0,1
15566,2,sah,0,0,0,0,0,0,0,0,0,0,0,0,0,0,0,0
15567,3,oyo,0,0,0,0,0,0,0,0,0,0,0,0,0,0,0,0
15568,3,tya,0,0,0,0,0,0,0,0,0,0,0,0,0,0,0,0
15569,3,nto,0,0,0,0,0,0,0,0,0,0,0,0,0,0,0,0
15570,3,mat,0,0,0,0,0,0,0,0,0,0,0,0,0,0,0,0
15571,3,ama,0,0,0,0,0,0,0,0,0,0,0,0,0,0,0,0
15572,3,ana,0,0,0,0,0,0,0,0,0,0,0,0,0,0,0,0
15573,3,nan,0,0,0,0,0,0,0,0,0,0,0,0,0,0,0,0
15574,3,ing,0,0,0,0,0,0,0,0,0,0,0,0,0,0,0,0
15575,3,umi,0,0,0,0,0,0,0,0,0,0,0,0,0,0,0,0
15576,2,air,0,0,0,0,0,0,0,0,0,0,0,0,0,0,0,0
15577,2,tya,0,0,0,0,0,0,0,0,0,0,0,0,0,0,0,0
15578,3,iqy,0,0,0,0,0,0,0,0,0,0,0,0,0,0,0,0
15579,2,sih,1,1,1,1,1,1,1,1,1,1,1,1,1,1,1,1
15580,3,ani,1,1,1,1,1,1,1,1,1,1,1,1,1,1,1,1
15581,3,nti,1,1,1,1,1,1,1,1,1,1,1,1,1,1,1,1
15582,3,nda,1,1,1,1,1,1,1,1,1,1,1,1,1,1,1,1
15583,3,ari,1,1,1,1,1,1,1,1,1,1,1,1,1,1,1,1
15584,4,tri,1,1,1,1,1,1,1,1,1,1,1,1,1,1,1,1
15585,3,hma,1,1,1,1,1,1,1,1,1,1,1,1,1,1,1,1
15586,2,ani,1,1,1,1,1,1,1,1,1,1,1,1,1,1,1,1
15587,2,tri,1,1,1,1,1,1,1,1,1,1,1,1,1,1,1,1
15588,2,sih,1,1,1,1,1,1,1,1,1,1,1,1,1,1,1,1
15589,2,ian,1,1,1,0,1,1,0,1,1,0,1,1,0,1,1,0
15590,2,uni,1,1,1,1,1,1,1,1,1,1,1,1,1,1,1,1
15591,3,tri,1,1,1,1,1,1,1,1,1,1,1,1,1,1,1,1
15592,2,nda,1,1,1,1,1,1,1,1,1,1,1,1,1,1,1,1
15593,3,ita,1,1,1,1,1,1,1,1,1,1,1,1,1,1,1,1
15594,2,nah,1,1,1,1,1,1,1,1,1,1,1,1,1,1,1,1
15595,4,ran,1,1,1,1,1,1,1,1,1,1,1,1,1,1,1,1
15596,3,nti,1,1,1,1,1,1,1,1,1,1,1,1,1,1,1,1
15597,2,nti,1,1,1,1,1,1,1,1,1,1,1,1,1,1,1,1
15598,3,tri,1,1,1,1,1,1,1,1,1,1,1,1,1,1,1,1
15599,2,iaa,1,1,1,1,1,1,1,1,1,1,1,1,1,1,1,1
15600,3,lia,1,1,1,1,1,1,1,1,1,1,1,1,1,1,1,1
15601,2,lah,1,1,1,1,1,1,1,1,1,1,1,1,1,1,1,1
15602,3,tri,1,1,1,1,1,1,1,1,1,1,1,1,1,1,1,1
15603,2,iwi,1,1,1,1,1,1,1,1,1,1,1,1,1,1,1,1
15604,3,i b,1,1,1,1,1,1,1,1,1,1,1,1,1,1,1,1
15605,2,any,1,1,1,0,1,1,0,1,1,0,1,1,0,1,1,0
15606,2,ida,1,1,1,1,1,1,1,1,1,1,1,1,1,1,1,1
15607,2,din,0,0,0,0,0,0,0,0,0,0,0,0,0,0,0,0
15608,2,aki,0,0,0,0,0,0,0,0,0,0,0,0,0,0,0,0
15609,4,pto,0,0,0,0,0,0,0,0,0,0,0,0,0,0,0,0
15610,3,ama,0,0,0,0,0,0,0,0,0,0,0,0,0,0,0,0
15611,2,aya,0,0,0,0,0,0,0,0,0,0,0,0,0,0,0,0
15612,3,tra,0,0,0,0,0,0,0,0,0,0,0,0,0,0,0,0
15613,3,oho,0,0,0,0,0,0,0,0,0,0,0,0,0,0,0,0
15614,2,yah,0,0,0,0,0,0,0,0,0,0,0,0,0,0,0,0
15615,3,yah,0,0,0,0,0,0,0,0,0,0,0,0,0,0,0,0
15616,3,ola,1,1,1,1,1,1,1,1,1,1,1,1,1,1,1,1
15617,3,rti,1,1,1,1,1,1,1,1,1,1,1,1,1,1,1,1
15618,3,ami,1,1,1,0,1,1,1,1,1,0,1,1,0,1,1,0
15619,3,ari,1,1,1,1,1,1,1,1,1,1,1,1,1,1,1,1
15620,3,ein,1,1,1,1,1,1,1,1,1,1,1,1,1,1,1,1
15621,3,ani,1,1,1,1,1,1,1,1,1,1,1,1,1,1,1,1
15622,2,nah,1,1,1,1,1,1,1,1,1,1,1,1,1,1,1,1
15623,3,ani,1,1,1,1,1,1,1,1,1,1,1,1,1,1,1,1
15624,2,ara,1,1,1,1,1,1,1,1,1,1,1,1,1,1,1,1
15625,3,ami,1,1,1,1,1,1,1,1,1,1,1,1,1,1,1,1
15626,2,tri,1,1,1,1,1,1,1,1,1,1,1,1,1,1,1,1
15627,2,zqi,0,0,0,0,0,0,0,0,0,0,0,0,0,0,0,0
15628,2,nda,1,1,1,1,1,1,1,1,1,1,1,1,1,1,1,1
15629,4,ani,1,1,1,1,1,1,1,1,1,1,1,1,1,1,1,1
15630,3,isa,1,1,1,1,1,1,1,1,1,1,1,1,1,1,1,1
15631,3,ari,1,1,1,1,1,1,1,1,1,1,1,1,1,1,1,1
15632,3,ida,1,1,1,1,1,1,1,1,1,1,1,1,1,1,1,1
15633,3,tah,1,1,1,1,1,1,1,1,1,1,1,1,1,1,1,1
15634,3,zah,1,1,1,1,1,1,1,1,1,1,1,1,1,1,1,1
15635,3,yah,1,1,1,1,1,1,1,1,1,1,1,1,1,1,1,1
15636,3,haq,0,0,0,0,0,0,0,0,0,0,0,0,0,0,0,0
15637,3,euw,1,1,1,1,1,1,1,1,1,1,1,1,1,1,1,1
15638,2,lio,0,0,0,0,0,0,0,0,0,0,0,0,0,0,0,0
15639,2,ika,1,1,1,1,1,1,1,1,1,1,1,1,1,1,1,1
15640,3,hen,0,0,0,0,0,0,0,0,0,0,0,0,0,0,0,0
15641,2,yah,0,0,0,0,0,0,0,0,0,0,0,0,0,0,0,0
15642,4,awa,0,0,0,0,0,0,0,0,0,0,0,0,0,0,0,0
15643,2,ani,1,1,1,1,1,1,1,1,1,1,1,1,1,1,1,1
15644,4,mad,1,1,1,1,1,1,1,1,1,1,1,1,1,1,1,1
15645,2,dra,0,0,0,0,0,0,0,0,0,0,0,0,0,0,0,0
15646,3,han,0,0,0,0,0,0,0,0,0,0,0,0,0,0,0,0
15647,2,han,0,0,0,0,0,0,0,0,0,0,0,0,0,0,0,0
15648,3,tin,0,0,0,0,0,0,0,0,0,0,0,0,0,0,0,0
15649,3,ono,0,0,0,0,0,0,0,0,0,0,0,0,0,0,0,0
15650,3,ama,0,0,0,0,0,0,0,0,0,0,0,0,0,0,0,0
15651,2,wan,0,0,0,0,0,0,0,0,0,0,0,0,0,0,0,0
15652,2,ana,0,0,0,0,0,0,0,0,0,0,0,0,0,0,0,0
15653,3,tra,0,0,0,0,0,0,0,0,0,0,0,0,0,0,0,0
15654,2,ola,0,0,0,0,0,0,0,0,0,0,0,0,0,0,0,0
15655,1,ldy,0,0,0,0,0,0,0,0,0,0,0,0,0,0,0,0
15656,3,ida,0,1,1,1,1,1,1,1,1,1,1,1,1,1,1,1
15657,3,rah,0,0,0,0,0,0,0,0,0,0,0,0,0,0,0,0
15658,3,oso,0,0,0,0,0,0,0,0,0,0,0,0,0,0,0,0
15659,3,azi,0,0,0,0,0,0,0,0,0,0,0,0,0,0,0,0
15660,2,nto,0,0,0,0,0,0,0,0,0,0,0,0,0,0,0,0
15661,4,aya,0,0,0,0,0,0,0,0,0,0,0,0,0,0,0,0
15662,2,isa,1,1,1,1,1,1,1,1,1,1,1,1,1,1,1,1
15663,3,tri,1,1,1,1,1,1,1,1,1,1,1,1,1,1,1,1
15664,3,nia,1,1,1,1,1,1,1,1,1,1,1,1,1,1,1,1
15665,3,ira,1,1,1,1,1,1,1,1,1,1,1,1,1,1,1,1
15666,3,zwa,1,1,1,1,1,1,1,1,1,1,1,1,1,1,1,1
15667,3,tra,0,0,0,0,0,0,0,0,0,0,0,0,0,0,0,0
15668,3,ewi,1,1,1,1,1,1,1,1,1,1,1,1,1,1,1,1
15669,2,ole,1,0,0,0,0,0,0,0,0,0,0,0,0,0,0,0
15670,3,aha,0,0,0,0,0,0,0,0,0,0,0,0,0,0,0,0
15671,3,uqi,0,0,0,0,0,0,0,0,0,0,0,0,0,0,0,0
15672,2,ari,0,0,0,0,0,0,0,0,0,0,0,0,0,0,0,0
15673,3,ath,0,0,0,0,0,0,0,0,0,0,0,0,0,0,0,0
15674,3,lah,0,0,0,0,0,0,0,0,0,0,0,0,0,0,0,0
15675,2,opa,0,0,0,0,0,0,0,0,0,0,0,0,0,0,0,0
15676,2,ata,0,0,0,0,0,0,0,0,0,0,0,0,0,0,0,0
15677,2,ung,0,0,0,0,0,0,0,0,0,0,0,0,0,0,0,0
15678,3,ffa,0,0,0,0,0,0,0,0,0,0,0,0,0,0,0,0
15679,3,fiz,0,0,0,0,0,0,0,0,0,0,0,0,0,0,0,0
15680,3,thy,1,1,1,1,1,1,1,1,1,1,1,1,1,1,1,1
15681,3,lia,1,1,1,1,1,1,1,1,1,1,1,1,1,1,1,1
15682,3,lah,0,0,0,0,0,0,0,0,0,0,0,0,0,0,0,0
15683,4,abu,0,0,0,0,0,0,0,0,0,0,0,0,0,0,0,0
15684,4,ani,1,1,1,1,1,1,1,1,1,1,1,1,1,1,1,1
15685,4,sti,1,1,1,1,1,1,1,1,1,1,1,1,1,1,1,1
15686,2,ani,1,1,1,1,1,1,1,1,1,1,1,1,1,1,1,1
15687,3,ani,1,1,1,1,1,1,1,1,1,1,1,1,1,1,1,1
15688,3,lah,1,1,1,1,1,1,1,1,1,1,1,1,1,1,1,1
15689,3,ari,1,1,1,1,1,1,1,1,1,1,1,1,1,1,1,1
15690,2,ssa,1,1,1,1,1,1,1,1,1,1,1,1,1,1,1,1
15691,3,ani,1,1,1,1,1,1,1,1,1,1,1,1,1,1,1,1
15692,3,mdi,1,1,1,0,1,1,0,1,1,0,1,1,0,1,1,0
15693,3,ini,1,1,1,1,1,1,1,1,1,1,1,1,1,1,1,1
15694,2,dia,1,1,1,1,1,1,1,1,1,1,1,1,1,1,1,1
15695,3,tri,1,1,1,1,1,1,1,1,1,1,1,1,1,1,1,1
15696,3,tri,1,1,1,1,1,1,1,1,1,1,1,1,1,1,1,1
15697,2,ani,1,1,1,1,1,1,1,1,1,1,1,1,1,1,1,1
15698,3,man,1,0,0,0,0,0,0,0,0,0,0,0,0,0,0,0
15699,3,ani,1,1,1,1,1,1,1,1,1,1,1,1,1,1,1,1
15700,2,wey,1,1,1,0,1,1,1,1,1,0,1,1,0,1,1,0
15701,3,ari,1,1,1,1,1,1,1,1,1,1,1,1,1,1,1,1
15702,2,ika,1,1,1,1,1,1,1,1,1,1,1,1,1,1,1,1
15703,3,aqi,0,0,0,0,0,0,0,0,0,0,0,0,0,0,0,0
15704,2,yah,0,0,0,0,0,0,0,0,0,0,0,0,0,0,0,0
15705,3,tra,0,0,0,0,0,0,0,0,0,0,0,0,0,0,0,0
15706,3,tra,0,0,0,0,0,0,0,0,0,0,0,0,0,0,0,0
15707,3,kas,0,0,0,0,0,0,0,0,0,0,0,0,0,0,0,0
15708,3,tra,0,0,0,0,0,0,0,0,0,0,0,0,0,0,0,0
15709,3,odo,0,0,0,0,0,0,0,0,0,0,0,0,0,0,0,0
15710,3,zah,0,0,1,1,0,1,1,0,1,1,0,1,1,0,1,1
15711,3,ani,0,0,0,1,0,0,1,0,0,1,0,0,1,0,0,1
15712,3,ika,0,0,0,0,0,0,0,0,0,0,0,0,0,0,0,0
15713,4,ziz,0,0,0,0,0,0,0,0,0,0,0,0,0,0,0,0
15714,3,yah,0,0,0,0,0,0,0,0,0,0,0,0,0,0,0,0
15715,3,yah,0,0,0,0,0,0,0,0,0,0,0,0,0,0,0,0
15716,3,nda,0,0,1,1,0,1,1,0,1,1,0,1,1,0,1,1
15717,3,hak,0,0,0,0,0,0,0,0,0,0,0,0,0,0,0,0
15718,3,ono,0,0,0,0,0,0,0,0,0,0,0,0,0,0,0,0
15719,3,tri,1,1,1,1,1,1,1,1,1,1,1,1,1,1,1,1
15720,3,gar,1,1,1,1,1,1,1,1,1,1,1,1,1,1,1,1
15721,2,ana,0,0,0,0,0,0,0,0,0,0,0,0,0,0,0,0
15722,3,han,0,0,0,0,0,0,0,0,0,0,0,0,0,0,0,0
15723,2,ani,1,1,1,1,1,1,1,1,1,1,1,1,1,1,1,1
15724,2,gio,0,0,0,0,0,0,0,0,0,0,0,0,0,0,0,0
15725,3,ana,1,1,1,1,1,1,1,1,1,1,1,1,1,1,1,1
15726,3,yan,0,0,0,0,0,0,0,0,0,0,0,0,0,0,0,0
15727,3,ila,1,1,1,1,1,1,1,1,1,1,1,1,1,1,1,1
15728,3,tri,1,1,1,1,1,1,1,1,1,1,1,1,1,1,1,1
15729,2,ati,1,1,1,1,1,1,1,1,1,1,1,1,1,1,1,1
15730,2,ama,0,0,0,0,0,0,0,0,0,0,0,0,0,0,0,0
15731,3,oho,0,0,0,0,0,0,0,0,0,0,0,0,0,0,0,0
15732,3,tra,0,0,0,0,0,0,0,0,0,0,0,0,0,0,0,0
15733,3,bar,0,0,0,0,0,0,0,0,0,0,0,0,0,0,0,0
15734,2,ian,0,0,0,0,0,0,0,0,0,0,0,0,0,0,0,0
15735,2,yah,0,0,0,0,0,0,0,0,0,0,0,0,0,0,0,0
15736,3,ani,1,1,1,1,1,1,1,1,1,1,1,1,1,1,1,1
15737,3,ewi,1,1,1,1,1,1,1,1,1,1,1,1,1,1,1,1
15738,3,udi,0,0,0,0,0,0,0,0,0,0,0,0,0,0,0,0
15739,3,ian,0,0,0,0,0,0,0,0,0,0,0,0,0,0,0,0
15740,3,tra,0,0,0,0,0,0,0,0,0,0,0,0,0,0,0,0
15741,3,eda,0,0,0,0,0,0,0,0,0,0,0,0,0,0,0,0
15742,2,nto,0,0,0,0,0,0,0,0,0,0,0,0,0,0,0,0
15743,3,yas,1,1,1,1,1,1,1,1,1,1,1,1,1,1,1,1
15744,3,oro,0,0,0,0,0,0,0,0,0,0,0,0,0,0,0,0
15745,3,afi,1,0,0,1,0,0,0,0,0,1,0,0,0,0,0,1
15746,3,yah,0,0,0,0,0,0,0,0,0,0,0,0,0,0,0,0
15747,3,ana,0,0,0,0,0,0,0,0,0,0,0,0,0,0,0,0
15748,2,ian,0,0,0,0,0,0,0,0,0,0,0,0,0,0,0,0
15749,3,din,0,0,0,0,0,0,0,0,0,0,0,0,0,0,0,0
15750,2,yah,0,0,0,0,0,0,0,0,0,0,0,0,0,0,0,0
15751,3,kur,0,0,0,0,0,0,0,0,0,0,0,0,0,0,0,0
15752,3,yat,0,0,0,0,0,0,0,0,0,0,0,0,0,0,0,0
15753,2,lah,0,0,0,0,0,0,0,0,0,0,0,0,0,0,0,0
15754,2,ono,0,0,0,0,0,0,0,0,0,0,0,0,0,0,0,0
15755,3,han,0,0,0,0,0,0,0,0,0,0,0,0,0,0,0,0
15756,3,ito,0,0,0,0,0,0,0,0,0,0,0,0,0,0,0,0
15757,3,nto,0,0,0,0,0,0,0,0,0,0,0,0,0,0,0,0
15758,3,san,0,0,0,1,0,0,0,0,0,0,0,0,0,0,0,0
15759,2,ana,0,0,0,0,0,0,0,0,0,0,0,0,0,0,0,0
15760,3,yat,0,0,0,0,0,0,0,0,0,0,0,0,0,0,0,0
15761,3,kha,0,0,0,0,0,0,0,0,0,0,0,0,0,0,0,0
15762,3,ami,1,1,1,1,1,1,1,1,1,1,1,1,1,1,1,1
15763,3,tra,0,0,0,0,0,0,0,0,0,0,0,0,0,0,0,0
15764,4,ono,0,0,0,0,0,0,0,0,0,0,0,0,0,0,0,0
15765,2,ana,0,0,0,0,0,0,0,0,0,0,0,0,0,0,0,0
15766,3,tro,0,0,0,0,0,0,0,0,0,0,0,0,0,0,0,0
15767,3,ari,1,1,1,1,1,1,1,1,1,1,1,1,1,1,1,1
15768,3,rah,0,0,0,0,0,0,0,0,0,0,0,0,0,0,0,0
15769,3,dya,0,0,0,0,0,0,0,0,0,0,0,0,0,0,0,0
15770,3,wal,0,0,0,0,0,0,0,0,0,0,0,0,0,0,0,0
15771,3,ian,1,1,1,1,1,1,1,1,1,1,1,1,1,1,1,1
15772,3,ina,1,1,1,1,1,1,1,1,1,1,1,1,1,1,1,1
15773,3,iku,1,1,1,1,1,1,1,1,1,1,1,1,1,1,1,1
15774,2,ani,1,1,0,1,1,0,1,1,0,1,1,0,1,1,0,1
15775,3,wan,0,0,0,0,0,0,0,0,0,0,0,0,0,0,0,0
15776,3,ion,0,0,0,0,0,0,0,0,0,0,0,0,0,0,0,0
15777,2,ani,0,0,0,0,0,0,1,0,0,0,0,0,0,0,0,0
15778,3,din,1,0,0,0,0,0,0,0,0,0,0,0,0,0,0,0
15779,2,yah,0,0,0,0,0,0,0,0,0,0,0,0,0,0,0,0
15780,3,tri,1,1,1,1,1,1,1,1,1,1,1,1,1,1,1,1
15781,3,ono,0,0,0,0,0,0,0,0,0,0,0,0,0,0,0,0
15782,3,hap,0,0,0,0,0,0,0,0,0,0,0,0,0,0,0,0
15783,2,ano,0,0,0,0,0,0,0,0,0,0,0,0,0,0,0,0
15784,4,san,0,0,0,0,0,0,0,0,0,0,0,0,0,0,0,0
15785,3,ezi,0,0,0,0,0,0,0,0,0,0,0,0,0,0,0,0
15786,3,edi,0,0,0,0,0,0,0,0,0,0,0,0,0,0,0,0
15787,2,aya,0,0,0,0,0,0,0,0,0,0,0,0,0,0,0,0
15788,3,tyo,0,0,0,0,0,0,0,0,0,0,0,0,0,0,0,0
15789,3,tri,1,1,1,1,1,1,1,1,1,1,1,1,1,1,1,1
15790,3,tri,1,1,1,1,1,1,1,1,1,1,1,1,1,1,1,1
15791,2,ani,1,1,1,1,1,1,1,1,1,1,1,1,1,1,1,1
15792,3,rdy,0,0,0,0,0,0,0,0,0,0,0,0,0,0,0,0
15793,2,dah,1,1,1,1,1,1,1,1,1,1,1,1,1,1,1,1
15794,2,bar,0,0,0,0,0,0,0,0,0,0,0,0,0,0,0,0
15795,3,tri,1,1,1,1,1,1,1,1,1,1,1,1,1,1,1,1
15796,2,dra,1,0,0,0,0,0,0,0,0,0,0,0,0,0,0,0
15797,3,ziz,0,0,0,0,0,0,0,0,0,0,0,0,0,0,0,0
15798,3,ail,0,0,0,0,0,0,0,0,0,0,0,0,0,0,0,0
15799,3,lon,0,0,0,0,0,0,0,0,0,0,0,0,0,0,0,0
15800,3,nka,1,1,1,1,1,1,1,1,1,1,1,1,1,1,1,1
15801,2,qis,1,1,1,1,1,1,1,1,1,1,1,1,1,1,1,1
15802,2,roh,1,1,1,0,1,1,1,1,1,0,1,1,1,1,1,1
15803,3,han,0,0,0,0,0,0,0,0,0,0,0,0,0,0,0,0
15804,3,han,0,0,0,0,0,0,0,0,0,0,0,0,0,0,0,0
15805,3,ika,0,0,0,0,0,0,0,0,0,0,0,0,0,0,0,0
15806,3,and,0,0,0,0,0,0,0,0,0,0,0,0,0,0,0,0
15807,3,edy,1,1,1,1,1,1,1,1,1,1,1,1,1,1,1,1
15808,3,adi,1,1,1,1,1,1,1,1,1,1,1,1,1,1,1,1
15809,2,ldo,0,0,0,0,0,0,0,0,0,0,0,0,0,0,0,0
15810,3,tyo,1,0,0,0,0,0,0,0,0,0,0,0,0,0,0,0
15811,2,sal,0,0,0,0,0,0,0,0,0,0,0,0,0,0,0,0
15812,2,dra,0,0,0,0,0,0,0,0,0,0,0,0,0,0,0,0
15813,2,dra,0,0,0,0,0,0,0,0,0,0,0,0,0,0,0,0
15814,3,wal,0,0,0,0,0,0,0,0,0,0,0,0,0,0,0,0
15815,3,adi,0,0,0,0,0,0,0,0,0,0,0,0,0,0,0,0
15816,2,han,0,0,0,0,0,0,0,0,0,0,0,0,0,0,0,0
15817,3,han,0,0,0,0,0,0,0,0,0,0,0,0,0,0,0,0
15818,2,tan,0,0,0,0,0,0,0,0,0,0,0,0,0,0,0,0
15819,4,tya,0,0,0,0,0,0,0,0,0,0,0,0,0,0,0,0
15820,3,ono,0,0,0,0,0,0,0,0,0,0,0,0,0,0,0,0
15821,3,ing,0,0,0,0,0,0,0,0,0,0,0,0,0,0,0,0
15822,2,yah,0,0,0,0,0,0,0,0,0,0,0,0,0,0,0,0
15823,2,rus,0,0,0,0,0,0,0,0,0,0,0,0,0,0,0,0
15824,3,nta,0,0,0,0,0,0,0,0,0,0,0,0,0,0,0,0
15825,2,ana,0,0,0,0,0,0,0,0,0,0,0,0,0,0,0,0
15826,2,yah,0,0,0,0,0,0,0,0,0,0,0,0,0,0,0,0
15827,3,lah,0,0,0,0,0,0,0,0,0,0,0,0,0,0,0,0
15828,2,gio,0,0,0,0,0,0,0,0,0,0,0,0,0,0,0,0
15829,4,ngk,0,0,0,0,0,0,0,0,0,0,0,0,0,0,0,0
15830,3,han,0,0,0,0,0,0,0,0,0,0,0,0,0,0,0,0
15831,4,eha,1,1,1,1,1,1,1,1,1,1,1,1,1,1,1,1
15832,3,yas,0,0,0,0,0,0,0,0,0,1,0,0,0,0,0,0
15833,4,har,0,1,1,1,1,1,1,1,1,1,1,1,1,1,1,1
15834,2,haq,0,0,0,0,0,0,0,0,0,0,0,0,0,0,0,0
15835,3,lia,1,1,1,1,1,1,1,1,1,1,1,1,1,1,1,1
15836,4,tri,1,1,1,1,1,1,1,1,1,1,1,1,1,1,1,1
15837,2,hra,1,1,1,1,1,1,1,1,1,1,1,1,1,1,1,1
15838,2,nah,1,1,1,1,1,1,1,1,1,1,1,1,1,1,1,1
15839,5,ami,0,0,0,0,0,0,0,0,0,0,0,0,0,0,0,0
15840,2,bil,1,1,1,1,1,1,1,1,1,1,1,1,1,1,1,1
15841,4,din,0,0,0,0,0,0,0,0,0,0,0,0,0,0,0,0
15842,2,man,0,0,0,0,0,0,0,0,0,0,0,0,0,0,0,0
15843,2,roh,0,1,1,0,1,1,0,1,1,0,1,1,0,1,1,0
15844,3,gga,0,0,0,0,0,0,0,0,0,0,0,0,0,0,0,0
15845,3,suf,0,0,0,0,0,0,0,0,0,0,0,0,0,0,0,0
15846,2,yah,0,0,0,0,0,0,0,0,0,0,0,0,0,0,0,0
15847,3,san,0,0,0,0,0,0,0,0,0,0,0,0,0,0,0,0
15848,4,ola,1,0,0,0,0,0,0,0,0,0,0,0,0,0,0,0
15849,4,oga,0,0,0,0,0,0,0,0,0,0,0,0,0,0,0,0
15850,3,tri,1,1,1,1,1,1,1,1,1,1,1,1,1,1,1,1
15851,3,ari,1,1,1,1,1,1,1,1,1,1,1,1,1,1,1,1
15852,3,nda,1,1,0,0,1,0,0,1,0,0,1,0,0,1,0,0
15853,2,lia,1,1,1,1,1,1,1,1,1,1,1,1,1,1,1,1
15854,2,lam,0,0,0,0,0,0,0,0,0,0,0,0,0,0,0,0
15855,4,iwi,1,1,1,1,1,1,1,1,1,1,1,1,1,1,1,1
15856,3,hya,1,1,1,1,1,1,1,1,1,1,1,1,1,1,1,1
15857,3,fah,1,1,1,1,1,1,1,1,1,1,1,1,1,1,1,1
15858,3,ema,1,1,1,1,1,1,1,1,1,1,1,1,1,1,1,1
15859,2,ari,1,1,1,1,1,1,1,1,1,1,1,1,1,1,1,1
15860,3,tri,1,1,1,1,1,1,1,1,1,1,1,1,1,1,1,1
15861,2,iya,1,1,1,1,1,1,1,1,1,1,1,1,1,1,1,1
15862,3,oho,0,0,0,0,0,0,0,0,0,0,0,0,0,0,0,0
15863,3,aji,1,1,1,1,1,1,1,1,1,1,1,1,1,1,1,1
15864,2,ano,0,0,0,0,0,0,0,0,0,0,0,0,0,0,0,0
15865,3,ayu,1,1,1,1,1,1,1,1,1,1,1,1,1,1,1,1
15866,3,isa,1,1,1,1,1,1,1,1,1,1,1,1,1,1,1,1
15867,4,aga,1,1,1,1,1,1,1,1,1,1,1,1,1,1,1,1
15868,4,tan,0,0,0,0,0,0,0,0,0,0,0,0,0,0,0,0
15869,4,aja,0,0,0,0,0,0,0,0,0,0,0,0,0,0,0,0
15870,3,izy,0,0,0,0,0,0,0,0,0,0,0,0,0,0,0,0
15871,2,ana,0,0,0,1,0,0,1,0,0,1,0,0,1,0,0,1
15872,3,tya,0,0,0,0,0,0,0,0,0,0,0,0,0,0,0,0
15873,3,ani,0,0,0,1,0,0,0,0,0,1,0,0,1,0,0,0
15874,3,rso,0,0,0,0,0,0,0,0,0,0,0,0,0,0,0,0
15875,3,tyo,0,0,0,0,0,0,0,0,0,0,0,0,0,0,0,0
15876,4,hra,1,1,1,1,1,1,1,1,1,1,1,1,1,1,1,1
15877,2,nto,0,0,0,0,0,0,0,0,0,0,0,0,0,0,0,0
15878,3,hra,1,1,1,1,1,1,1,1,1,1,1,1,1,1,1,1
15879,4,r p,0,0,0,0,0,0,0,0,0,0,0,0,0,0,0,0
15880,2,mir,0,0,0,0,0,0,0,0,0,0,0,0,0,0,0,0
15881,3,ial,1,1,1,1,1,1,1,1,1,1,1,1,1,1,1,1
15882,3,ibu,0,0,0,0,0,0,0,0,0,0,0,0,0,0,0,0
15883,2,ayu,0,0,0,0,0,0,0,0,0,0,0,0,0,0,0,0
15884,3,zah,1,1,1,1,1,1,1,1,1,1,1,1,1,1,1,1
15885,3,ram,0,0,0,0,0,0,0,0,0,0,0,0,0,0,0,0
15886,2,ira,1,1,1,1,1,1,1,1,1,1,1,1,1,1,1,1
15887,3,ani,1,1,1,1,1,1,1,1,1,1,1,1,1,1,1,1
15888,2,ati,1,1,1,1,1,1,1,1,1,1,1,1,1,1,1,1
15889,3,ung,1,1,1,1,1,1,1,1,1,1,1,1,1,1,1,1
15890,1,ndi,0,0,0,0,0,0,0,0,0,0,0,0,0,0,0,0
15891,3,nti,1,1,1,1,1,1,1,1,1,1,1,1,1,1,1,1
15892,1,nti,1,1,1,1,1,1,1,1,1,1,1,1,1,1,1,1
15893,2,ano,0,0,0,0,0,0,0,0,0,0,0,0,0,0,0,0
15894,4,ban,1,1,1,1,1,1,1,1,1,1,1,1,1,1,1,1
15895,3,eri,1,1,1,1,1,1,1,1,1,1,1,1,1,1,1,1
15896,3,ong,1,1,1,1,1,1,1,1,1,1,1,1,1,1,1,1
15897,3,aol,1,1,1,1,1,1,1,1,1,1,1,1,1,1,1,1
15898,3,doh,0,1,0,0,1,0,0,1,0,0,1,0,0,1,0,0
15899,3,eri,0,0,0,0,0,0,0,0,0,0,0,0,0,0,0,0
15900,2,lia,1,1,1,1,1,1,1,1,1,1,1,1,1,1,1,1
15901,4,bin,0,0,0,0,0,0,0,0,0,0,0,0,0,0,0,0
15902,3,ama,0,0,0,0,0,0,0,0,0,0,0,0,0,0,0,0
15903,3,waz,0,0,0,0,0,0,0,0,0,0,0,0,0,0,0,0
15904,3,suf,0,0,0,0,0,0,0,0,0,0,0,0,0,0,0,0
15905,4,han,0,0,0,0,0,0,0,0,0,0,0,0,0,0,0,0
15906,3,nto,0,0,0,0,0,0,0,0,0,0,0,0,0,0,0,0
15907,3,yah,0,0,0,0,0,0,0,0,0,0,0,0,0,0,0,0
15908,2,ant,0,0,0,0,0,0,0,0,0,0,0,0,0,0,0,0
15909,3,rus,0,0,0,0,0,0,0,0,0,0,0,0,0,0,0,0
15910,3,ran,0,0,0,0,0,0,0,0,0,0,0,0,0,0,0,0
15911,3,man,0,0,0,0,0,0,0,0,0,0,0,0,0,0,0,0
15912,3,ban,0,0,0,0,0,0,0,0,0,0,0,0,0,0,0,0
15913,3,nto,0,0,0,0,0,0,0,0,0,0,0,0,0,0,0,0
15914,3,ndi,0,0,0,0,0,0,0,0,0,0,0,0,0,0,0,0
15915,3,o n,0,0,0,0,0,0,0,0,0,0,0,0,0,0,0,0
15916,3,tri,1,1,1,1,1,1,1,1,1,1,1,1,1,1,1,1
15917,2,oby,0,0,0,0,0,0,0,0,0,0,0,0,0,0,0,0
15918,3,hra,1,1,1,1,1,1,1,1,1,1,1,1,1,1,1,1
15919,3,taz,0,1,0,0,1,0,0,1,0,1,1,0,0,1,0,0
15920,3,zar,0,0,0,0,0,0,0,0,0,0,0,0,0,0,0,0
15921,2,tan,0,0,0,0,0,0,0,0,0,0,0,0,0,0,0,0
15922,3,lya,1,1,1,1,1,1,1,1,1,1,1,1,1,1,1,1
15923,4,tri,1,1,1,1,1,1,1,1,1,1,1,1,1,1,1,1
15924,3,sky,1,0,0,0,0,0,0,0,0,0,0,0,0,0,0,0
15925,3,ulo,0,0,0,0,0,0,0,0,0,0,0,0,0,0,0,0
15926,3,rya,0,0,0,0,0,0,0,0,0,0,0,0,0,0,0,0
15927,2,ana,0,0,0,0,0,0,0,0,0,0,0,0,0,0,0,0
15928,3,rus,1,0,0,0,0,0,0,0,0,0,0,0,0,0,0,0
15929,3,eko,0,0,0,1,0,0,1,0,0,1,0,0,1,0,0,1
15930,3,oko,0,0,0,0,0,0,0,0,0,0,0,0,0,0,0,0
15931,3,adi,0,0,0,0,0,0,0,0,0,0,0,0,0,0,0,0
15932,3,man,0,0,0,0,0,0,0,0,0,0,0,0,0,0,0,0
15933,3,zan,0,0,0,0,0,0,0,0,0,0,0,0,0,0,0,0
15934,3,udi,0,0,0,0,0,0,0,0,0,0,0,0,0,0,0,0
15935,3,sya,0,0,0,0,0,0,0,0,0,0,0,0,0,0,0,0
15936,2,hri,0,0,0,0,0,0,0,0,0,0,0,0,0,0,0,0
15937,3,ali,0,0,0,0,0,0,0,0,0,0,0,0,0,0,0,0
15938,3,dra,0,0,0,0,0,0,0,0,0,0,0,0,0,0,0,0
15939,3,bar,0,0,0,0,0,0,0,0,0,0,0,0,0,0,0,0
15940,2,isa,1,1,1,1,1,1,1,1,1,1,1,1,1,1,1,1
15941,3,yan,1,1,1,1,1,1,1,1,1,1,1,1,1,1,1,1
15942,2,ani,1,1,1,1,1,1,1,1,1,1,1,1,1,1,1,1
15943,2,ara,1,1,1,1,1,1,1,1,1,1,1,1,1,1,1,1
15944,2,ron,0,0,0,0,0,0,0,0,0,0,0,0,0,0,0,0
15945,3,hra,1,1,1,1,1,1,1,1,1,1,1,1,1,1,1,1
15946,3,efa,1,1,1,1,1,1,1,1,1,1,1,1,1,1,1,1
15947,2,wan,1,1,1,0,1,1,0,1,1,0,1,1,0,1,1,0
15948,1,mam,0,0,0,0,0,0,0,0,0,0,0,0,0,0,0,0
15949,3,wal,1,1,1,1,1,1,1,1,1,1,1,1,1,1,1,1
15950,4,ahm,1,1,1,1,1,1,1,1,1,1,1,1,1,1,1,1
15951,3,isa,1,1,1,1,1,1,1,1,1,1,1,1,1,1,1,1
15952,2,ira,1,1,1,1,1,1,1,1,1,1,1,1,1,1,1,1
15953,3,eli,1,1,1,1,1,1,1,1,1,1,1,1,1,1,1,1
15954,3,owo,0,0,0,0,0,0,0,0,0,0,0,0,0,0,0,0
15955,3,lia,1,1,1,1,1,1,1,1,1,1,1,1,1,1,1,1
15956,2,mad,0,0,0,0,0,0,0,0,0,0,0,0,0,0,0,0
15957,3,cia,1,1,1,1,1,1,1,1,1,1,1,1,1,1,1,1
15958,3,tri,1,1,1,1,1,1,1,1,1,1,1,1,1,1,1,1
15959,2,ami,1,1,1,1,1,1,1,1,1,1,1,1,1,1,1,1
15960,3,mto,1,1,1,1,1,1,1,1,1,1,1,1,1,1,1,1
15961,3,mon,1,1,1,1,1,1,1,1,1,1,1,1,1,1,1,1
15962,3,nti,1,1,1,1,1,1,1,1,1,1,1,1,1,1,1,1
15963,3,lia,1,1,1,1,1,1,1,1,1,1,1,1,1,1,1,1
15964,3,ita,1,1,1,1,1,1,1,1,1,1,1,1,1,1,1,1
15965,3,cky,1,1,1,1,1,1,1,1,1,1,1,1,1,1,1,1
15966,4,rus,1,1,1,1,1,1,1,1,1,1,1,1,1,1,1,1
15967,2,nti,1,1,1,1,1,1,1,1,1,1,1,1,1,1,1,1
15968,2,awa,1,1,1,1,1,1,1,1,1,1,1,1,1,1,1,1
15969,3,ani,1,1,1,1,1,1,1,1,1,1,1,1,1,1,1,1
15970,3,isa,1,1,1,1,1,1,1,1,1,1,1,1,1,1,1,1
15971,3,hra,1,1,1,1,1,1,1,1,1,1,1,1,1,1,1,1
15972,2,lin,1,1,1,1,1,1,1,1,1,1,1,1,1,1,1,1
15973,3,ena,1,1,1,1,1,1,1,1,1,1,1,1,1,1,1,1
15974,3,isa,1,1,1,1,1,1,1,1,1,1,1,1,1,1,1,1
15975,2,isa,1,1,1,1,1,1,1,1,1,1,1,1,1,1,1,1
15976,3,hra,1,1,1,1,1,1,1,1,1,1,1,1,1,1,1,1
15977,3,nik,1,1,1,1,1,1,1,1,1,1,1,1,1,1,1,1
15978,3,rea,1,1,1,1,1,1,1,1,1,1,1,1,1,1,1,1
15979,3,ila,1,1,1,1,1,1,1,1,1,1,1,1,1,1,1,1
15980,3,ina,1,1,1,1,1,1,1,1,1,1,1,1,1,1,1,1
15981,2,lia,1,1,1,1,1,1,1,1,1,1,1,1,1,1,1,1
15982,3,nto,1,1,1,0,1,1,0,1,1,0,1,1,0,1,1,0
15983,3,mah,1,1,1,1,1,1,1,1,1,1,1,1,1,1,1,1
15984,3,ita,1,1,1,1,1,1,1,1,1,1,1,1,1,1,1,1
15985,4,oni,1,1,1,1,1,1,1,1,1,1,1,1,1,1,1,1
15986,3,ang,1,1,1,1,1,1,1,1,1,1,1,1,1,1,1,1
15987,3,ita,1,1,1,1,1,1,1,1,1,1,1,1,1,1,1,1
15988,2,ila,1,1,1,1,1,1,1,1,1,1,1,1,1,1,1,1
15989,2,lah,1,1,1,1,1,1,1,1,1,1,1,1,1,1,1,1
15990,3,sya,1,1,1,1,1,1,1,1,1,1,1,1,1,1,1,1
15991,4,dar,1,1,1,1,1,1,1,1,1,1,1,1,1,1,1,1
15992,3,hra,1,1,1,1,1,1,1,1,1,1,1,1,1,1,1,1
15993,3,lia,1,1,1,1,1,1,1,1,1,1,1,1,1,1,1,1
15994,2,ani,1,1,1,1,1,1,1,1,1,1,1,1,1,1,1,1
15995,2,ito,0,0,0,0,0,0,0,0,0,0,0,0,0,0,0,0
15996,4,uda,1,0,0,1,0,0,1,0,0,1,0,0,1,0,0,1
15997,3,lim,0,0,0,0,0,0,0,0,0,0,0,0,0,0,0,0
15998,3,ani,1,1,1,1,1,1,1,1,1,1,1,1,1,1,1,1
15999,3,riz,0,0,0,0,0,0,0,0,0,0,0,0,0,0,0,0
16000,3,uda,0,0,0,0,0,0,0,0,0,0,0,0,0,0,0,0
16001,3,kti,0,0,0,0,0,0,0,0,0,0,0,0,0,0,0,0
16002,3,ama,0,0,0,0,0,0,0,0,0,0,0,0,0,0,0,0
16003,3,wan,0,0,0,0,0,0,0,0,0,0,0,0,0,0,0,0
16004,2,ana,0,0,0,0,0,0,0,0,0,0,0,0,0,0,0,0
16005,2,man,0,0,0,0,0,0,0,0,0,0,0,0,0,0,0,0
16006,3,ira,1,1,1,1,1,1,1,1,1,1,1,1,1,1,1,1
16007,2,isa,1,1,1,1,1,1,1,1,1,1,1,1,1,1,1,1
16008,3,aya,0,0,0,0,0,0,0,0,0,0,0,0,0,0,0,0
16009,3,din,1,0,0,0,0,0,0,0,0,0,0,0,0,0,0,0
16010,3,eni,1,1,1,1,1,1,1,1,1,1,1,1,1,1,1,1
16011,2,iza,1,1,1,1,1,1,1,1,1,1,1,1,1,1,1,1
16012,3,mal,0,0,0,0,0,0,0,0,0,0,0,0,0,0,0,0
16013,1,din,0,0,0,0,0,0,0,0,0,0,0,0,0,0,0,0
16014,4,ari,1,1,1,1,1,1,1,1,1,1,1,1,1,1,1,1
16015,3,yid,1,1,1,1,1,1,1,1,1,1,1,1,1,1,1,1
16016,2,fid,1,1,1,1,1,1,1,1,1,1,1,1,1,1,1,1
16017,3,ila,1,1,1,1,1,1,1,1,1,1,1,1,1,1,1,1
16018,2,lia,1,1,1,1,1,1,1,1,1,1,1,1,1,1,1,1
16019,3,nti,1,1,1,1,1,1,1,1,1,1,1,1,1,1,1,1
16020,2,ani,1,1,1,1,1,1,1,1,1,1,1,1,1,1,1,1
16021,3,mah,1,1,1,1,1,1,1,1,1,1,1,1,1,1,1,1
16022,3,zah,1,1,1,1,1,1,1,1,1,1,1,1,1,1,1,1
16023,3,suf,1,1,1,1,1,1,1,1,1,1,1,1,1,1,1,1
16024,3,uni,1,1,1,1,1,1,1,1,1,1,1,1,1,1,1,1
16025,3,tri,1,1,1,1,1,1,1,1,1,1,1,1,1,1,1,1
16026,3,iza,1,1,1,1,1,1,1,1,1,1,1,1,1,1,1,1
16027,2,isa,1,1,1,1,1,1,1,1,1,1,1,1,1,1,1,1
16028,2,ida,1,1,1,1,1,1,1,1,1,1,1,1,1,1,1,1
16029,2,kha,1,1,1,1,1,1,1,1,1,0,1,1,1,1,1,0
16030,3,ini,1,1,1,1,1,1,1,1,1,1,1,1,1,1,1,1
16031,3,ani,1,1,1,1,1,1,1,1,1,1,1,1,1,1,1,1
16032,2,rum,1,1,1,1,1,1,1,1,1,1,1,1,1,1,1,1
16033,2,min,1,1,1,1,1,1,1,1,1,1,1,1,1,1,1,1
16034,3,uzi,1,1,1,1,1,1,1,1,1,1,1,1,1,1,1,1
16035,3,lia,1,1,1,1,1,1,1,1,1,1,1,1,1,1,1,1
16036,2,ati,1,1,1,1,1,1,1,1,1,1,1,1,1,1,1,1
16037,2,ika,1,0,1,0,0,1,0,0,1,0,0,1,0,0,1,0
16038,2,ani,0,0,0,1,0,0,1,0,0,1,0,0,1,0,0,1
16039,4,ing,1,1,1,1,1,1,1,1,1,1,1,1,1,1,1,1
16040,3,ani,1,1,1,1,1,1,1,1,1,1,1,1,1,1,1,1
16041,3,gaf,1,0,0,0,0,0,0,0,0,0,0,0,0,0,0,0
16042,2,tri,1,1,1,1,1,1,1,1,1,1,1,1,1,1,1,1
16043,3,ita,1,1,1,1,1,1,1,1,1,1,1,1,1,1,1,1
16044,3,him,0,0,0,0,0,0,0,0,0,0,0,0,0,0,0,0
16045,3,lah,0,0,0,0,0,0,0,0,0,0,0,0,0,0,0,0
16046,2,uki,1,1,1,1,1,1,1,1,1,1,1,1,1,1,1,1
16047,2,iga,0,0,1,1,0,1,1,0,1,1,0,1,1,0,1,1
16048,2,lah,1,1,1,1,1,1,1,1,1,1,1,1,1,1,1,1
16049,1,hla,1,1,1,1,1,1,1,1,1,1,1,1,1,1,1,1
16050,3,nto,1,1,1,0,1,1,0,1,1,0,1,1,0,1,1,0
16051,2,ara,1,1,1,1,1,1,1,1,1,1,1,1,1,1,1,1
16052,3,ewi,1,1,1,1,1,1,1,1,1,1,1,1,1,1,1,1
16053,2,ina,1,1,1,1,1,1,1,1,1,1,1,1,1,1,1,1
16054,3,yah,1,1,1,1,1,1,1,1,1,1,1,1,1,1,1,1
16055,3,zmi,1,1,1,1,1,1,1,1,1,1,1,1,1,1,1,1
16056,2,oji,0,0,0,0,0,0,0,0,0,0,0,0,0,0,0,0
16057,3,yan,0,0,0,0,0,0,0,0,0,0,0,0,0,0,0,0
16058,3,ani,1,0,0,0,0,0,0,0,0,0,0,0,0,0,0,0
16059,3,dan,0,0,0,0,0,0,0,0,0,0,0,0,0,0,0,0
16060,2,oni,0,0,0,0,0,0,0,0,0,0,0,0,0,0,0,0
16061,2,isa,1,1,1,1,1,1,1,1,1,1,1,1,1,1,1,1
16062,3,ani,0,0,0,1,0,0,0,0,0,0,0,0,0,0,0,0
16063,2,hri,0,0,0,0,0,0,0,0,0,0,0,0,0,0,0,0
16064,2,ani,0,0,0,0,0,0,0,0,0,0,0,0,0,0,0,0
16065,4,ani,1,1,1,1,1,1,1,1,1,1,1,1,1,1,1,1
16066,3,bar,0,0,0,0,0,0,0,0,0,0,0,0,0,0,0,0
16067,3,rus,0,0,0,0,0,0,0,0,0,0,0,0,0,0,0,0
16068,3,yah,0,0,0,0,0,0,0,0,0,0,0,0,0,0,0,0
16069,2,oho,0,0,0,0,0,0,0,0,0,0,0,0,0,0,0,0
16070,2,mar,0,0,0,0,0,0,0,0,0,0,0,0,0,0,0,0
16071,1,dra,0,0,0,0,0,0,0,0,0,0,0,0,0,0,0,0
16072,2,tri,1,1,1,1,1,1,1,1,1,1,1,1,1,1,1,1
16073,2,mal,0,0,0,0,0,0,0,0,0,0,0,0,0,0,0,0
16074,2,gua,0,0,0,0,0,0,0,0,0,0,0,0,0,0,0,0
16075,3,oho,0,0,0,0,0,0,0,0,0,0,0,0,0,0,0,0
16076,3,aha,0,0,0,0,0,0,0,0,0,0,0,0,0,0,0,0
16077,2,yam,0,0,0,0,0,0,0,0,0,0,0,0,0,0,0,0
16078,3,mir,0,0,0,0,0,0,0,0,0,0,0,0,0,0,0,0
16079,3,ana,0,0,0,1,0,0,1,0,0,1,0,0,1,0,0,1
16080,3,iko,0,0,0,0,0,0,0,0,0,0,0,0,0,0,0,0
16081,3,oho,0,0,0,0,0,0,0,0,0,0,0,0,0,0,0,0
16082,3,ail,0,0,0,0,0,0,0,0,0,0,0,0,0,0,0,0
16083,3,jmi,1,1,1,1,1,1,1,1,1,1,1,1,1,1,1,1
16084,3,lah,1,1,1,1,1,1,1,1,1,1,1,1,1,1,1,1
16085,2,yah,1,1,1,1,1,1,1,1,1,1,1,1,1,1,1,1
16086,2,leh,1,1,1,1,1,1,1,1,1,1,1,1,1,1,1,1
16087,3,nda,1,1,0,0,1,0,0,1,0,0,1,0,0,1,0,0
16088,2,ama,0,0,0,0,0,0,0,0,0,0,0,0,0,0,0,0
16089,3,ara,0,0,0,0,0,0,0,0,0,0,0,0,0,0,0,0
16090,3,ani,1,1,1,1,1,1,1,1,1,1,1,1,1,1,1,1
16091,3,ino,1,1,1,1,1,1,1,1,1,1,1,1,1,1,1,1
16092,2,dah,1,1,1,1,1,1,1,1,1,1,1,1,1,1,1,1
16093,3,rah,0,0,0,0,0,0,0,0,0,0,0,0,0,0,0,0
16094,3,aya,1,1,1,0,1,1,0,1,1,0,1,1,1,1,1,1
16095,2,nti,1,1,1,1,1,1,1,1,1,1,1,1,1,1,1,1
16096,4,uri,1,1,1,1,1,1,1,1,1,1,1,1,1,1,1,1
16097,3,ogi,0,0,0,0,0,0,0,0,0,0,0,0,0,0,0,0
16098,3,ail,1,1,1,0,1,1,0,1,1,0,1,1,1,1,1,1
16099,2,aid,0,0,0,0,0,0,0,0,0,0,0,0,0,0,0,0
16100,3,rin,1,1,1,1,1,1,1,1,1,1,1,1,1,1,1,1
16101,3,rum,1,1,1,1,1,1,1,1,1,1,1,1,1,1,1,1
16102,3,lah,1,1,1,1,1,1,1,1,1,1,1,1,1,1,1,1
16103,3,una,1,1,1,1,1,1,1,1,1,1,1,1,1,1,1,1
16104,3,yya,1,1,1,1,1,1,1,1,1,1,1,1,1,1,1,0
16105,3,mud,1,1,1,0,1,1,0,1,1,0,1,1,0,1,1,0
16106,4,nan,1,1,1,1,1,1,1,1,1,1,1,1,1,1,1,1
16107,2,zah,1,1,1,1,1,1,1,1,1,1,1,1,1,1,1,1
16108,4,ini,1,1,1,1,1,1,1,1,1,1,1,1,1,1,1,1
16109,3,ssa,1,1,1,1,1,1,1,1,1,1,1,1,1,1,1,1
16110,3,tya,1,1,1,0,1,1,0,1,1,0,1,1,0,1,1,0
16111,2,fia,1,1,1,1,1,1,1,1,1,1,1,1,1,1,1,1
16112,3,nti,1,1,1,1,1,1,1,1,1,1,1,1,1,1,1,1
16113,2,nti,1,1,1,1,1,1,1,1,1,1,1,1,1,1,1,1
16114,3,yah,1,1,1,1,1,1,1,1,1,1,1,1,1,1,1,1
16115,3,ani,1,1,1,1,1,1,1,1,1,1,1,1,1,1,1,1
16116,2,zia,1,1,1,1,1,1,1,1,1,1,1,1,1,1,1,1
16117,3,lia,1,1,1,1,1,1,1,1,1,1,1,1,1,1,1,1
16118,2,ita,1,1,1,1,1,1,1,1,1,1,1,1,1,1,1,1
16119,2,ani,1,1,1,1,1,1,1,1,1,1,1,1,1,1,1,1
16120,4,ana,1,1,1,1,1,1,1,1,1,1,1,1,1,1,1,1
16121,3,ron,1,1,1,0,1,1,0,1,1,0,1,1,0,1,1,0
16122,3,tri,1,1,1,1,1,1,1,1,1,1,1,1,1,1,1,1
16123,3,yah,1,1,1,1,1,1,1,1,1,1,1,1,1,1,1,1
16124,3,ila,1,1,1,1,1,1,1,1,1,1,1,1,1,1,1,1
16125,3,tri,1,1,1,1,1,1,1,1,1,1,1,1,1,1,1,1
16126,3,kim,0,0,0,0,0,0,0,0,0,0,0,0,0,0,0,0
16127,2,isi,0,0,0,0,0,0,0,0,0,0,0,0,0,0,0,0
16128,3,rdi,0,0,0,0,0,0,0,0,0,0,0,0,0,0,0,0
16129,3,oko,0,0,0,0,0,0,0,0,0,0,0,0,0,0,0,0
16130,3,pip,0,0,0,0,0,0,0,0,0,0,0,0,0,0,0,0
16131,2,rif,0,0,0,0,0,0,0,0,0,0,0,0,0,0,0,0
16132,4,diq,0,0,0,0,0,0,0,0,0,0,0,0,0,0,0,0
16133,4,tom,0,0,0,0,0,0,0,0,0,0,0,0,0,0,0,0
16134,3,ira,1,1,1,1,1,1,1,1,1,1,1,1,1,1,1,1
16135,3,hra,1,1,1,1,1,1,1,1,1,1,1,1,1,1,1,1
16136,3,ana,1,1,1,1,1,1,1,1,1,1,1,1,1,1,1,1
16137,3,nda,1,1,1,1,1,1,1,1,1,1,1,1,1,1,1,1
16138,3,tri,1,1,1,1,1,1,1,1,1,1,1,1,1,1,1,1
16139,2,lla,1,1,1,1,1,1,1,1,1,1,1,1,1,1,1,1
16140,2,lla,1,1,1,1,1,1,1,1,1,1,1,1,1,1,1,1
16141,2,eni,1,1,1,1,1,1,1,1,1,1,1,1,1,1,1,1
16142,3,lia,1,1,1,1,1,1,1,1,1,1,1,1,1,1,1,1
16143,2,kia,1,1,1,1,1,1,1,1,1,1,1,1,1,1,1,1
16144,2,ssa,1,1,1,1,1,1,1,1,1,1,1,1,1,1,1,1
16145,2,yah,1,1,1,1,1,1,1,1,1,1,1,1,1,1,1,1
16146,3,ani,1,1,1,1,1,1,1,1,1,1,1,1,1,1,1,1
16147,2,ini,1,1,1,1,1,1,1,1,1,1,1,1,1,1,1,1
16148,2,eni,1,1,1,1,1,1,1,1,1,1,1,1,1,1,1,1
16149,2,yni,1,1,1,1,1,1,1,1,1,1,1,1,1,1,1,1
16150,2,ani,1,1,1,1,1,1,1,1,1,1,1,1,1,1,1,1
16151,2,ifa,1,1,1,1,1,1,1,1,1,1,1,1,1,1,1,1
16152,4,yah,1,1,1,1,1,1,1,1,1,1,1,1,1,1,1,1
16153,3,tri,1,1,1,1,1,1,1,1,1,1,1,1,1,1,1,1
16154,2,nti,1,1,1,1,1,1,1,1,1,1,1,1,1,1,1,1
16155,3,aen,1,1,1,1,1,1,1,1,1,1,1,1,1,1,1,1
16156,3,gga,1,1,1,1,1,1,1,1,1,1,1,1,1,1,1,1
16157,2,ama,1,1,1,1,1,1,1,1,1,1,1,1,1,1,1,1
16158,4,ias,1,1,1,1,1,1,1,1,1,1,1,1,1,1,1,1
16159,3,iza,1,1,1,1,1,1,1,1,1,1,1,1,1,1,1,1
16160,3,nti,1,1,1,1,1,1,1,1,1,1,1,1,1,1,1,1
16161,3,ono,1,1,1,1,1,1,1,1,1,1,1,1,1,1,1,1
16162,3,tri,1,1,1,1,1,1,1,1,1,1,1,1,1,1,1,1
16163,3,ito,1,1,1,1,1,1,1,1,1,1,1,1,1,1,1,1
16164,2,ida,1,1,1,1,1,1,1,1,1,1,1,1,1,1,1,1
16165,2,isa,1,1,1,1,1,1,1,1,1,1,1,1,1,1,1,1
16166,2,nka,1,1,1,1,1,1,1,1,1,1,1,1,1,1,1,1
16167,2,ani,1,1,1,1,1,1,1,1,1,1,1,1,1,1,1,1
16168,3,ina,1,1,1,1,1,1,1,1,1,1,1,1,1,1,1,1
16169,3,aar,1,1,1,1,1,1,1,1,1,1,1,1,1,1,1,1
16170,2,nia,1,1,1,1,1,1,1,1,1,1,1,1,1,1,1,1
16171,3,iah,1,1,1,1,1,1,1,1,1,1,1,1,1,1,1,1
16172,3,nia,1,1,1,1,1,1,1,1,1,1,1,1,1,1,1,1
16173,3,uma,1,1,1,1,1,1,1,1,1,1,1,1,1,1,1,1
16174,2,iwi,1,1,1,1,1,1,1,1,1,1,1,1,1,1,1,1
16175,2,tri,1,1,1,1,1,1,1,1,1,1,1,1,1,1,1,1
16176,3,adi,1,1,1,1,1,1,1,1,1,1,1,1,1,1,1,1
16177,3,ifa,1,1,1,1,1,1,1,1,1,1,1,1,1,1,1,1
16178,4,ayu,1,1,1,1,1,1,1,1,1,1,1,1,1,1,1,1
16179,4,hra,1,1,1,1,1,1,1,1,1,1,1,1,1,1,1,1
16180,2,ani,1,1,1,1,1,1,1,1,1,1,1,1,1,1,1,1
16181,2,ani,1,1,1,1,1,1,1,1,1,1,1,1,1,1,1,1
16182,2,ani,1,1,1,1,1,1,1,1,1,1,1,1,1,1,1,1
16183,3,fah,1,1,1,1,1,1,1,1,1,1,1,1,1,1,1,1
16184,3,aji,1,1,1,1,1,1,1,1,1,1,1,1,1,1,1,1
16185,4,ais,1,1,1,1,1,1,1,1,1,1,1,1,1,1,1,1
16186,3,nda,1,1,1,1,1,1,1,1,1,1,1,1,1,1,1,1
16187,2,sna,1,1,1,1,1,1,1,1,1,1,1,1,1,1,1,1
16188,3,tri,1,1,1,1,1,1,1,1,1,1,1,1,1,1,1,1
16189,2,mah,1,1,1,1,1,1,1,1,1,1,1,1,1,1,1,1
16190,4,ina,1,1,1,1,1,1,1,1,1,1,1,1,1,1,1,1
16191,2,ani,1,1,1,1,1,1,1,1,1,1,1,1,1,1,1,1
16192,3,ama,1,1,1,0,1,1,1,1,1,1,1,1,1,1,1,1
16193,2,nti,1,1,1,1,1,1,1,1,1,1,1,1,1,1,1,1
16194,3,iti,1,1,1,1,1,1,1,1,1,1,1,1,1,1,1,1
16195,2,lia,1,1,1,1,1,1,1,1,1,1,1,1,1,1,1,1
16196,2,rah,1,1,1,1,1,1,1,1,1,1,1,1,1,1,1,1
16197,3,zah,1,1,1,1,1,1,1,1,1,1,1,1,1,1,1,1
16198,2,hra,1,1,1,1,1,1,1,1,1,1,1,1,1,1,1,1
16199,3,ini,1,1,1,1,1,1,1,1,1,1,1,1,1,1,1,1
16200,2,ani,1,1,1,1,1,1,1,1,1,1,1,1,1,1,1,1
16201,2,mah,1,1,1,1,1,1,1,1,1,1,1,1,1,1,1,1
16202,2,ffa,1,1,1,1,1,1,1,1,1,1,1,1,1,1,1,1
16203,4,har,1,1,1,1,1,1,1,1,1,1,1,1,1,1,1,1
16204,1,ina,1,1,1,1,1,1,1,1,1,1,1,1,1,1,1,1
16205,3,ani,1,1,1,1,1,1,1,1,1,1,1,1,1,1,1,1
16206,3,bed,1,1,1,1,1,1,1,1,1,1,1,1,1,1,1,1
16207,2,lia,1,1,1,1,1,1,1,1,1,1,1,1,1,1,1,1
16208,2,ndi,1,1,1,1,1,1,0,1,1,1,1,1,0,1,1,1
16209,3,tri,1,1,1,1,1,1,1,1,1,1,1,1,1,1,1,1
16210,2,ayu,1,1,1,1,1,1,1,1,1,1,1,1,1,1,1,1
16211,2,hra,1,1,1,0,1,1,0,1,1,0,1,1,0,1,1,0
16212,4,uan,0,0,0,0,0,0,0,0,0,0,0,0,0,0,0,0
16213,4,nik,0,1,1,0,1,1,0,1,1,0,1,1,1,1,1,0
16214,3,uma,1,1,1,1,1,1,1,1,1,1,1,1,1,1,1,1
16215,3,dra,1,1,1,0,1,1,0,1,1,0,1,1,0,1,1,0
16216,3,ari,1,1,1,1,1,1,1,1,1,1,1,1,1,1,1,1
16217,3,fah,1,1,1,0,1,1,0,1,1,0,1,1,0,1,1,0
16218,3,ila,1,1,1,1,1,1,1,1,1,1,1,1,1,1,1,1
16219,3,ani,1,1,1,1,1,1,1,1,1,1,1,1,1,1,1,1
16220,3,tri,1,1,1,1,1,1,1,1,1,1,1,1,1,1,1,1
16221,3,san,1,1,1,1,1,1,1,1,1,1,1,1,1,1,1,1
16222,3,uma,1,1,1,1,1,1,1,1,1,1,1,1,1,1,1,1
16223,3,sya,1,1,1,1,1,1,1,1,1,1,1,1,1,1,1,1
16224,2,nan,1,1,1,0,1,1,0,1,1,0,1,1,0,1,1,0
16225,2,rah,1,1,1,1,1,1,1,1,1,1,1,1,1,1,1,1
16226,4,ami,1,1,1,1,1,1,1,1,1,1,1,1,1,1,1,1
16227,3,man,1,1,1,0,1,1,0,1,1,0,1,1,0,1,1,0
16228,3,hra,1,1,1,1,1,1,1,1,1,1,1,1,1,1,1,1
16229,3,nda,1,1,1,1,1,1,1,1,1,1,1,1,1,1,1,1
16230,3,ani,1,1,1,1,1,1,1,1,1,1,1,1,1,1,1,1
16231,3,ina,1,1,1,1,1,1,1,1,1,1,1,1,1,1,1,1
16232,3,aus,1,1,1,1,1,1,1,1,1,1,1,1,1,1,1,1
16233,2,isa,1,1,1,1,1,1,1,1,1,1,1,1,1,1,1,1
16234,3,ita,1,1,1,1,1,1,1,1,1,1,1,1,1,1,1,1
16235,3,afi,1,1,1,1,1,1,1,1,1,1,1,1,1,1,1,1
16236,3,nti,1,1,1,1,1,1,1,1,1,1,1,1,1,1,1,1
16237,2,ani,1,1,1,1,1,1,1,1,1,1,1,1,1,1,1,1
16238,3,yia,1,1,1,1,1,1,1,1,1,1,1,1,1,1,1,1
16239,3,yas,1,1,1,1,1,1,1,1,1,1,1,1,1,1,1,1
16240,3,wan,1,1,1,0,1,1,0,1,1,0,1,1,0,1,1,0
16241,3,dra,1,1,1,1,1,1,0,1,1,1,1,1,1,1,1,1
16242,3,tri,1,1,1,1,1,1,1,1,1,1,1,1,1,1,1,1
16243,3,ila,1,1,1,1,1,1,1,1,1,1,1,1,1,1,1,1
16244,3,nto,1,1,1,0,1,1,0,1,1,0,1,1,0,1,1,0
16245,3,tri,1,1,1,1,1,1,1,1,1,1,1,1,1,1,1,1
16246,3,lah,1,1,1,1,1,1,1,1,1,1,1,1,1,1,1,1
16247,3,tri,1,1,1,1,1,1,1,1,1,1,1,1,1,1,1,1
16248,2,nti,1,1,1,1,1,1,1,1,1,1,1,1,1,1,1,1
16249,3,ila,1,1,1,1,1,1,1,1,1,1,1,1,1,1,1,1
16250,3,ani,1,1,1,1,1,1,1,1,1,1,1,1,1,1,1,1
16251,3,ine,1,1,1,1,1,1,1,1,1,1,1,1,1,1,1,1
16252,3,dya,1,1,1,1,1,1,1,1,1,1,1,1,1,1,1,1
16253,3,dya,1,1,1,1,1,1,1,1,1,1,1,1,1,1,1,1
16254,3,yla,1,1,1,1,1,1,1,1,1,1,1,1,1,1,1,1
16255,3,bah,1,1,1,1,1,1,1,1,1,1,1,1,1,1,1,1
16256,3,ana,1,1,1,1,1,1,1,1,1,1,1,1,1,1,1,1
16257,3,dra,1,1,1,0,1,1,0,1,1,0,1,1,0,1,1,0
16258,2,ani,1,1,1,1,1,1,1,1,1,1,1,1,1,1,1,1
16259,2,ira,1,1,1,1,1,1,0,1,1,0,1,1,0,1,1,0
16260,2,dah,1,1,1,1,1,1,1,1,1,1,1,1,1,1,1,1
16261,2,iah,1,1,1,1,1,1,1,1,1,1,1,1,1,1,1,1
16262,3,hra,1,1,1,1,1,1,1,1,1,1,1,1,1,1,1,1
16263,2,lla,1,1,1,1,1,1,1,1,1,1,1,1,1,1,1,1
16264,2,ira,1,1,1,1,1,1,1,1,1,1,1,1,1,1,1,1
16265,2,ika,1,1,1,1,1,1,1,1,1,1,1,1,0,1,1,1
16266,4,wan,1,1,1,1,1,1,1,1,1,1,1,1,1,1,1,1
16267,3,hah,1,1,1,1,1,1,1,1,1,1,1,1,1,1,1,1
16268,4,aya,1,1,1,1,1,1,1,1,1,1,1,1,1,1,1,1
16269,3,ruf,1,0,0,0,0,0,0,0,0,0,0,0,0,0,0,0
16270,3,ian,0,0,0,0,0,0,0,0,0,0,0,0,0,0,0,0
16271,2,han,0,0,0,0,0,0,0,0,0,0,0,0,0,0,0,0
16272,3,kar,1,0,0,0,0,0,0,0,0,0,0,0,0,0,0,0
16273,4,ske,0,0,1,1,0,1,1,0,1,0,0,1,0,0,1,1
16274,4,osi,0,0,0,0,0,0,0,0,0,0,0,0,0,0,0,0
16275,4,ing,0,0,0,0,0,0,0,0,0,0,0,0,0,0,0,0
16276,3,tan,0,0,0,0,0,0,0,0,0,0,0,0,0,0,0,0
16277,3,tom,0,0,0,0,0,0,0,0,0,0,0,0,0,0,0,0
16278,3,ian,0,0,0,0,0,0,0,0,0,0,0,0,0,0,0,0
16279,4,lon,0,0,0,0,0,0,0,0,0,0,0,0,0,0,0,0
16280,3,ulu,0,0,0,0,0,0,0,0,0,0,0,0,0,0,0,0
16281,2,iel,0,0,0,0,0,0,0,0,0,0,0,0,0,0,0,0
16282,3,nto,0,0,0,0,0,0,0,0,0,0,0,0,0,0,0,0
16283,3,lan,0,0,0,0,0,0,0,0,0,0,0,0,0,0,0,0
16284,3,uan,0,0,0,0,0,0,0,0,0,0,0,0,0,0,0,0
16285,3,tak,0,0,0,0,0,0,0,0,0,0,0,0,0,0,0,0
16286,3,han,0,0,0,0,0,0,0,0,0,0,0,0,0,0,0,0
16287,4,gih,0,0,0,0,0,0,0,0,0,0,0,0,0,0,0,0
16288,3,wan,0,0,0,0,0,0,0,0,0,0,0,0,0,0,0,0
16289,4,ria,0,0,0,0,0,0,0,0,0,0,0,0,0,0,0,0
16290,3,tan,0,0,0,0,0,0,0,0,0,0,0,0,0,0,0,0
16291,3,guk,0,0,0,0,0,0,0,0,0,0,0,0,0,0,0,0
16292,2,ang,0,0,0,0,0,0,0,0,0,0,0,0,0,0,0,0
16293,3,ans,0,0,0,0,0,0,0,0,0,0,0,0,0,0,0,0
16294,4,tom,0,0,0,0,0,0,0,0,0,0,0,0,0,0,0,0
16295,1,ari,1,1,1,1,1,1,1,1,1,1,1,1,1,1,1,1
16296,4,man,0,0,0,0,0,0,0,0,0,0,0,0,0,0,0,0
16297,3,nto,0,0,0,0,0,0,0,0,0,0,0,0,0,0,0,0
16298,2,end,0,0,0,0,0,0,0,0,0,0,0,0,0,0,0,0
16299,3,tyo,0,0,0,0,0,0,0,0,0,0,0,0,0,0,0,0
16300,3,hir,0,0,0,0,0,0,0,0,0,0,0,0,0,0,0,0
16301,3,wan,0,0,0,0,0,0,0,0,0,0,0,0,0,0,0,0
16302,2,lwa,0,0,0,0,0,0,0,0,0,0,0,0,0,0,0,0
16303,3,hra,1,1,1,1,1,1,1,1,1,1,1,1,1,1,1,1
16304,3,ata,1,1,1,1,1,1,1,1,1,1,1,1,1,1,1,1
16305,2,nda,1,1,1,1,1,1,1,1,1,1,1,1,1,1,1,1
16306,4,ewe,1,1,1,1,1,1,1,1,1,1,1,1,1,1,1,1
16307,3,aqi,1,1,0,0,1,0,0,1,0,0,1,0,0,1,0,0
16308,3,tri,1,1,1,1,1,1,1,1,1,1,1,1,1,1,1,1
16309,3,ong,0,0,0,0,0,0,0,0,0,0,0,0,0,0,0,0
16310,3,nto,0,0,0,0,0,0,0,0,0,0,0,0,0,0,0,0
16311,3,rus,1,0,0,0,0,0,0,0,0,0,0,0,0,0,0,0
16312,3,nto,0,0,0,0,0,0,0,0,0,0,0,0,0,0,0,0
16313,3,omo,0,0,0,0,0,0,0,0,0,0,0,0,0,0,0,0
16314,3,izd,0,0,0,0,0,0,0,0,0,0,0,0,0,0,0,0
16315,2,adi,0,0,0,0,0,0,0,0,0,0,0,0,0,0,0,0
16316,3,liq,1,0,0,0,0,0,0,0,0,0,0,0,0,0,0,0
16317,2,ofa,0,0,0,0,0,0,0,0,0,0,0,0,0,0,0,0
16318,2,oto,0,0,0,0,0,0,0,0,0,0,0,0,0,0,0,0
16319,3,tri,1,1,1,1,1,1,1,1,1,1,1,1,1,1,1,1
16320,3,bar,0,0,0,0,0,0,0,0,0,0,0,0,0,0,0,0
16321,3,aji,0,0,0,0,0,0,0,0,0,0,0,0,0,0,0,0
16322,2,ban,0,0,0,0,0,0,0,0,0,0,0,0,0,0,0,0
16323,3,tri,1,1,1,1,1,1,1,1,1,1,1,1,1,1,1,1
16324,4,san,0,0,0,0,0,0,0,0,0,0,0,0,0,0,0,0
16325,2,ati,1,1,1,1,1,1,1,1,1,1,1,1,1,1,1,1
16326,2,hma,1,1,1,1,1,1,1,1,1,1,1,1,1,1,1,1
16327,3,lla,1,1,1,1,1,1,1,1,1,1,1,1,1,1,1,1
16328,3,rah,1,1,1,1,1,1,1,1,1,1,1,1,1,1,1,1
16329,2,mad,1,0,0,0,0,0,0,0,0,0,0,0,0,0,0,0
16330,3,yah,1,1,1,1,1,1,1,1,1,1,1,1,1,1,1,1
16331,3,fti,1,1,1,1,1,1,1,1,1,1,1,1,1,1,1,1
16332,1,ken,0,0,0,0,0,0,0,0,0,0,0,0,0,0,0,0
16333,2,ani,1,1,1,1,1,1,1,1,1,1,1,1,1,1,1,1
16334,3,lah,0,0,0,0,0,0,0,0,0,0,0,0,0,0,0,0
16335,3,ari,1,1,1,1,1,1,1,1,1,1,1,1,1,1,1,1
16336,2,kia,1,1,1,1,1,1,1,1,1,1,1,1,1,1,1,1
16337,2,ono,0,0,0,0,0,0,0,0,0,0,0,0,0,0,0,0
16338,2,ono,0,0,0,0,0,0,0,0,0,0,0,0,0,0,0,0
16339,2,nti,1,1,1,1,1,1,1,1,1,1,1,1,1,1,1,1
16340,2,aya,1,0,0,0,0,0,0,0,0,0,0,0,0,0,0,0
16341,3,oho,0,0,0,0,0,0,0,0,0,0,0,0,0,0,0,0
16342,2,ila,1,1,1,1,1,1,1,1,1,1,1,1,1,1,1,1
16343,3,tha,1,1,1,0,1,1,0,1,1,1,1,1,0,1,1,0
16344,4,ini,1,1,1,1,1,1,1,1,1,1,1,1,1,1,1,1
16345,2,lah,1,1,1,1,1,1,1,1,1,1,1,1,1,1,1,1
16346,3,ati,1,1,1,1,1,1,1,1,1,1,1,1,1,1,1,1
16347,3,ari,1,1,1,1,1,1,1,1,1,1,1,1,1,1,1,1
16348,3,nda,1,1,1,1,1,1,1,1,1,1,1,1,1,1,1,1
16349,3,aff,1,1,1,1,1,1,1,1,1,1,1,1,1,1,1,1
16350,3,ini,1,1,1,1,1,1,1,1,1,1,1,1,1,1,1,1
16351,4,zah,1,1,1,1,1,1,1,1,1,1,1,1,1,1,1,1
16352,2,fah,1,1,1,1,1,1,1,1,1,1,1,1,1,1,1,1
16353,2,nti,1,1,1,1,1,1,1,1,1,1,1,1,1,1,1,1
16354,3,yas,1,1,1,1,1,1,1,1,1,1,1,1,1,1,1,1
16355,3,oya,1,1,1,1,1,1,1,1,1,1,1,1,1,1,1,1
16356,2,ona,1,1,1,1,1,1,1,1,1,1,1,1,1,1,1,1
16357,3,ewi,1,1,1,1,1,1,1,1,1,1,1,1,1,1,1,1
16358,3,lia,1,1,1,1,1,1,1,1,1,1,1,1,1,1,1,1
16359,2,ani,1,1,1,1,1,1,1,1,1,1,1,1,1,1,1,1
16360,2,ati,1,1,1,1,1,1,1,1,1,1,1,1,1,1,1,1
16361,3,gih,1,1,1,1,1,1,1,1,1,1,1,1,1,1,1,1
16362,3,nia,1,1,1,1,1,1,1,1,1,1,1,1,1,1,1,1
16363,3,yah,1,1,1,1,1,1,1,1,1,1,1,1,1,1,1,1
16364,3,hra,1,1,1,1,1,1,1,1,1,1,1,1,1,1,1,1
16365,3,ran,1,1,1,1,1,1,0,1,1,1,1,1,1,1,1,1
16366,3,ang,1,1,1,1,1,1,1,1,1,1,1,1,1,1,1,1
16367,3,iah,1,1,1,1,1,1,1,1,1,1,1,1,1,1,1,1
16368,4,oso,1,1,1,0,1,1,0,1,1,0,1,1,0,1,1,0
16369,2,ana,1,1,1,1,1,1,1,1,1,1,1,1,1,1,1,1
16370,4,ini,1,1,1,1,1,1,1,1,1,1,1,1,1,1,1,1
16371,4,oro,1,1,1,1,1,1,1,1,1,1,1,1,1,1,1,1
16372,4,jah,1,1,1,1,1,1,1,1,1,1,1,1,1,1,1,1
16373,2,cha,1,1,1,1,1,1,1,1,1,1,1,1,1,1,1,1
16374,3,ati,1,1,1,1,1,1,1,1,1,1,1,1,1,1,1,1
16375,3,ana,1,1,1,1,1,1,1,1,1,1,1,1,1,1,1,1
16376,3,ifa,1,1,1,1,1,1,1,1,1,1,1,1,1,1,1,1
16377,3,hra,1,1,1,1,1,1,1,1,1,1,1,1,1,1,1,1
16378,2,hra,1,1,1,1,1,1,1,1,1,1,1,1,1,1,1,1
16379,2,nti,1,1,1,1,1,1,1,1,1,1,1,1,1,1,1,1
16380,3,ini,1,1,1,1,1,1,1,1,1,1,1,1,1,1,1,1
16381,3,aya,1,1,1,1,1,1,1,1,1,1,1,1,1,1,1,1
16382,3,tri,1,1,1,1,1,1,1,1,1,1,1,1,1,1,1,1
16383,3,uti,1,1,1,1,1,1,1,1,1,1,1,1,1,1,1,1
16384,3,nah,1,1,1,1,1,1,1,1,1,1,1,1,1,1,1,1
16385,3,ewi,1,1,1,1,1,1,1,1,1,1,1,1,1,1,1,1
16386,3,nto,1,1,1,0,1,1,0,1,1,0,1,1,0,1,1,0
16387,2,hma,1,1,1,1,1,1,1,1,1,1,1,1,1,1,1,1
16388,3,lia,1,1,1,1,1,1,1,1,1,1,1,1,1,1,1,1
16389,3,ani,1,1,1,1,1,1,1,1,1,1,1,1,1,1,1,1
16390,2,tri,1,1,1,1,1,1,1,1,1,1,1,1,1,1,1,1
16391,2,ani,1,1,1,1,1,1,1,1,1,1,1,1,1,1,1,1
16392,3,nda,1,1,1,1,1,1,1,1,1,1,1,1,1,1,1,1
16393,3,oso,1,1,0,1,1,0,0,1,0,1,1,0,1,1,0,1
16394,2,hra,1,1,1,1,1,1,1,1,1,1,1,1,1,1,1,1
16395,4,ana,1,1,1,1,1,1,1,1,1,1,1,1,1,1,1,1
16396,3,ani,1,1,1,1,1,1,1,1,1,1,1,1,1,1,1,1
16397,3,ara,1,1,1,1,1,1,1,1,1,1,1,1,1,1,1,1
16398,3,eko,1,1,1,1,1,1,1,1,1,1,1,1,1,1,1,1
16399,2,zwi,1,1,1,0,1,1,0,1,1,0,1,1,0,1,1,1
16400,3,hra,1,1,1,1,1,1,1,1,1,1,1,1,1,1,1,1
16401,3,tri,1,1,1,1,1,1,1,1,1,1,1,1,1,1,1,1
16402,2,lia,1,1,1,1,1,1,1,1,1,1,1,1,1,1,1,1
16403,2,ani,1,1,1,1,1,1,1,1,1,1,1,1,1,1,1,1
16404,3,tri,1,1,1,1,1,1,1,1,1,1,1,1,1,1,1,1
16405,3,eko,1,1,1,1,1,1,1,1,1,1,1,1,1,1,1,1
16406,2,wan,1,0,0,0,0,0,0,0,0,0,0,0,0,0,0,0
16407,2,hra,1,1,1,1,1,1,1,1,1,1,1,1,1,1,1,1
16408,2,ata,0,0,0,0,0,0,0,0,0,0,0,0,0,0,0,0
16409,3,din,0,0,0,0,0,0,0,0,0,0,0,0,0,0,0,0
16410,3,dja,0,0,0,0,0,0,0,0,0,0,0,0,0,0,0,0
16411,3,ama,0,0,0,0,0,0,0,0,0,0,0,0,0,0,0,0
16412,3,zqi,0,0,0,0,0,0,0,0,0,0,0,0,0,0,0,0
16413,3,tra,0,0,0,0,0,0,0,0,0,0,0,0,0,0,0,0
16414,3,wan,0,0,0,0,0,0,0,0,0,0,0,0,0,0,0,0
16415,3,tra,0,0,0,0,0,0,0,0,0,0,0,0,0,0,0,0
16416,3,pta,0,0,0,0,0,0,0,0,0,0,0,0,0,0,0,0
16417,3,din,0,0,0,0,0,0,0,0,0,0,0,0,0,0,0,0
16418,3,tra,0,0,0,0,0,0,0,0,0,0,0,0,0,0,0,0
16419,3,ani,0,0,0,1,0,0,1,0,0,1,0,0,0,0,0,1
16420,3,han,0,0,0,0,0,0,0,0,0,0,0,0,0,0,0,0
16421,3,ono,0,0,0,0,0,0,0,0,0,0,0,0,0,0,0,0
16422,3,kri,0,0,0,0,0,0,1,0,0,1,0,0,0,0,0,1
16423,4,gan,0,0,0,0,0,0,0,0,0,0,0,0,0,0,0,0
16424,2,gan,0,0,0,0,0,0,0,0,0,0,0,0,0,0,0,0
16425,3,ama,0,0,0,0,0,0,0,0,0,0,0,0,0,0,0,0
16426,3,din,0,0,0,0,0,0,0,0,0,0,0,0,0,0,0,0
16427,3,wan,0,0,0,0,0,0,0,0,0,0,0,0,0,0,0,0
16428,4,ono,0,0,0,0,0,0,0,0,0,0,0,0,0,0,0,0
16429,2,loh,0,0,0,0,0,0,0,0,0,0,0,0,0,0,0,0
16430,3,tra,0,0,0,0,0,0,0,0,0,0,0,0,0,0,0,0
16431,3,tma,0,0,0,0,0,0,0,0,0,0,0,0,0,0,0,0
16432,2,air,0,0,0,0,0,0,0,0,0,0,0,0,0,0,0,0
16433,3,asa,0,0,0,0,0,0,0,0,0,0,0,0,0,0,0,0
16434,3,kti,0,0,0,0,0,0,0,0,0,0,0,0,0,0,0,0
16435,3,dha,0,0,0,0,0,0,0,0,0,0,0,0,0,0,0,0
16436,2,rma,0,0,0,0,0,0,0,0,0,0,0,0,0,0,0,0
16437,3,yan,0,0,0,0,0,0,0,0,0,0,0,0,0,0,0,0
16438,3,oho,0,0,0,0,0,0,0,0,0,0,0,0,0,0,0,0
16439,3,owo,0,0,0,0,0,0,0,0,0,0,0,0,0,0,0,0
16440,3,lil,0,0,0,0,0,0,0,0,0,0,0,0,0,0,0,0
16441,3,nia,0,0,0,0,0,0,0,0,0,0,0,0,0,0,0,0
16442,3,wan,0,0,0,0,0,0,0,0,0,0,0,0,0,0,0,0
16443,3,ang,0,0,0,0,0,0,0,0,0,0,0,0,0,0,0,0
16444,3,tra,0,0,0,0,0,0,0,0,0,0,0,0,0,0,0,0
16445,3,nto,0,0,0,0,0,0,0,0,0,0,0,0,0,0,0,0
16446,3,owo,0,0,0,0,0,0,0,0,0,0,0,0,0,0,0,0
16447,3,tia,0,0,0,0,0,0,0,0,0,0,0,0,0,0,0,0
16448,3,oro,0,0,0,0,0,0,0,0,0,0,0,0,0,0,0,0
16449,3,afa,0,0,0,0,0,0,0,0,0,0,0,0,0,0,0,0
16450,2,udi,0,0,0,0,0,0,0,0,0,0,0,0,0,0,0,0
16451,4,a p,0,0,0,0,0,0,0,0,0,0,0,0,0,0,0,0
16452,3,aya,0,0,0,0,0,0,0,0,0,0,0,0,0,0,0,0
16453,3,bar,0,0,0,0,0,0,0,0,0,0,0,0,0,0,0,0
16454,3,oso,0,0,0,0,0,0,0,0,0,0,0,0,0,0,0,0
16455,4,nag,1,1,1,1,1,1,1,1,1,1,1,1,1,1,1,1
16456,1,iyo,0,0,0,0,0,0,0,0,0,0,0,0,0,0,0,0
16457,3,lla,0,0,0,0,0,0,0,0,0,0,0,0,0,0,0,0
16458,3,dra,0,0,0,0,0,0,0,0,0,0,0,0,0,0,0,0
16459,2,ara,0,0,0,0,0,0,0,0,0,0,0,0,0,0,0,0
16460,3,tri,1,1,1,1,1,1,1,1,1,1,1,1,1,1,1,1
16461,4,tri,1,1,1,1,1,1,1,1,1,1,1,1,1,1,1,1
16462,3,iya,1,1,1,0,1,1,0,1,1,0,1,1,0,1,1,0
16463,3,tri,1,1,1,1,1,1,1,1,1,1,1,1,1,1,1,1
16464,1,ina,1,1,1,1,1,1,1,1,1,1,1,1,1,1,1,1
16465,3,tri,1,1,1,1,1,1,1,1,1,1,1,1,1,1,1,1
16466,3,nan,1,0,1,1,0,1,1,0,1,1,0,1,1,0,1,1
16467,3,ika,1,1,1,1,1,1,1,1,1,1,1,1,1,1,1,1
16468,2,isa,1,1,1,1,1,1,1,1,1,1,1,1,1,1,1,1
16469,5,h m,1,1,1,1,1,1,1,1,1,1,1,1,1,1,1,1
16470,3,lia,1,1,1,1,1,1,1,1,1,1,1,1,1,1,1,1
16471,2,liu,1,0,0,0,0,0,0,0,0,0,0,0,0,0,0,0
16472,3,mad,0,0,0,0,0,0,0,0,0,0,0,0,0,0,0,0
16473,3,ein,0,0,0,0,0,0,0,0,0,0,0,0,0,0,0,0
16474,3,asy,0,0,0,0,0,0,0,0,0,0,0,0,0,0,0,0
16475,4,r'a,1,1,1,1,1,1,1,1,1,1,1,1,1,1,1,1
16476,3,ase,1,1,1,0,1,1,0,1,1,0,1,1,1,1,1,0
16477,2,mah,1,1,1,0,1,1,1,1,1,1,1,1,1,1,1,1
16478,3,yah,1,1,1,1,1,1,1,1,1,1,1,1,1,1,1,1
16479,2,ifa,1,1,1,1,1,1,1,1,1,1,1,1,1,1,1,1
16480,2,ani,1,1,1,1,1,1,1,1,1,1,1,1,1,1,1,1
16481,3,ine,1,1,1,1,1,1,1,1,1,1,1,1,1,1,1,1
16482,4,gga,0,0,0,0,0,0,0,0,0,0,0,0,0,0,0,0
16483,3,oda,0,1,0,0,1,0,0,1,0,0,1,0,0,1,0,0
16484,3,ban,0,0,0,0,0,0,0,0,0,0,0,0,0,0,0,0
16485,3,ama,0,0,0,0,0,0,0,0,0,0,0,0,0,0,0,0
16486,2,ota,0,0,0,0,0,0,0,0,0,0,0,0,0,0,0,0
16487,3,ova,1,1,1,1,1,1,1,1,1,1,1,1,1,1,1,1
16488,2,awa,0,0,0,0,0,0,0,0,0,0,0,0,0,0,0,0
16489,3,him,1,1,1,1,1,1,1,1,1,1,1,1,1,1,1,1
16490,3,ani,1,1,1,1,1,1,1,1,1,1,1,1,1,1,1,1
16491,2,nah,1,1,1,1,1,1,1,1,1,1,1,1,1,1,1,1
16492,3,ing,1,1,1,1,1,1,1,1,1,1,1,1,1,1,1,1
16493,3,ali,1,1,1,0,1,1,0,1,1,0,1,1,1,1,1,1
16494,3,sah,1,1,1,1,1,1,1,1,1,1,1,1,1,1,1,1
16495,3,ati,1,1,1,1,1,1,1,1,1,1,1,1,1,1,1,1
16496,3,yas,1,1,1,1,1,1,1,1,1,1,1,1,1,1,1,1
16497,4,eri,1,1,1,1,1,1,1,1,1,1,1,1,1,1,1,1
16498,3,yas,1,1,1,1,1,1,1,1,1,1,1,1,1,1,1,1
16499,3,nsa,1,1,1,1,1,1,1,1,1,1,1,1,1,1,1,1
16500,3,aty,1,1,1,0,1,1,0,1,1,0,1,1,0,1,1,0
16501,3,nta,1,1,1,1,1,1,1,1,1,1,1,1,1,1,1,1
16502,2,ani,1,1,1,1,1,1,1,1,1,1,1,1,1,1,1,1
16503,4,oso,1,1,1,0,1,1,0,1,1,0,1,1,0,1,1,0
16504,2,ati,1,1,1,1,1,1,1,1,1,1,1,1,1,1,1,1
16505,3,nie,1,1,1,1,1,1,1,1,1,1,1,1,1,1,1,1
16506,3,nti,1,1,1,1,1,1,1,1,1,1,1,1,1,1,1,1
16507,5,gin,1,1,1,0,1,1,1,1,1,0,1,1,0,1,1,0
16508,3,ila,1,1,1,1,1,1,1,1,1,1,1,1,1,1,1,1
16509,3,tri,1,1,1,1,1,1,1,1,1,1,1,1,1,1,1,1
16510,3,tri,1,1,1,1,1,1,1,1,1,1,1,1,1,1,1,1
16511,3,tri,1,1,1,1,1,1,1,1,1,1,1,1,1,1,1,1
16512,2,ina,1,1,1,1,1,1,1,1,1,1,1,1,1,1,1,1
16513,2,ini,1,1,1,1,1,1,1,1,1,1,1,1,1,1,1,1
16514,4,jen,1,1,1,0,1,1,0,1,1,0,1,1,1,1,1,0
16515,3,ati,1,1,1,1,1,1,1,1,1,1,1,1,1,1,1,1
16516,3,via,1,1,1,1,1,1,1,1,1,1,1,1,1,1,1,1
16517,3,lia,1,1,1,1,1,1,1,1,1,1,1,1,1,1,1,1
16518,3,ues,1,1,1,0,1,1,0,1,1,0,1,1,0,1,1,0
16519,3,ean,1,1,1,1,1,1,1,1,1,1,1,1,1,1,1,1
16520,2,lia,1,1,1,1,1,1,1,1,1,1,1,1,1,1,1,1
16521,4,via,1,1,1,1,1,1,1,1,1,1,1,1,1,1,1,1
16522,2,zah,1,1,1,1,1,1,1,1,1,1,1,1,1,1,1,1
16523,3,ari,1,1,1,1,1,1,1,1,1,1,1,1,1,1,1,1
16524,3,tri,1,1,1,1,1,1,1,1,1,1,1,1,1,1,1,1
16525,3,iah,1,1,1,1,1,1,1,1,1,1,1,1,1,1,1,1
16526,3,any,1,1,1,1,1,1,1,1,1,1,1,1,1,1,1,1
16527,3,ewi,1,1,1,1,1,1,1,1,1,1,1,1,1,1,1,1
16528,3,tri,1,1,1,1,1,1,1,1,1,1,1,1,1,1,1,1
16529,3,hra,1,1,1,1,1,1,1,1,1,1,1,1,1,1,1,1
16530,3,ani,1,1,1,1,1,1,1,1,1,1,1,1,1,1,1,1
16531,3,osa,1,1,1,1,1,1,1,1,1,1,1,1,1,1,1,1
16532,3,tri,1,1,1,1,1,1,1,1,1,1,1,1,1,1,1,1
16533,3,tha,1,1,1,0,1,1,1,1,1,0,1,1,0,1,1,1
16534,3,ory,0,0,1,0,0,1,0,0,1,0,0,1,1,0,1,0
16535,3,tra,0,0,0,0,0,0,0,0,0,0,0,0,0,0,0,0
16536,3,dra,0,0,0,0,0,0,0,0,0,0,0,0,0,0,0,0
16537,3,tha,1,1,1,1,1,1,1,1,1,0,1,1,0,1,1,1
16538,4,nji,0,0,0,0,0,0,0,0,0,0,0,0,0,0,0,0
16539,3,zah,1,1,1,1,1,1,1,1,1,1,1,1,1,1,1,1
16540,3,ica,1,1,1,1,1,1,1,1,1,1,1,1,1,1,1,1
16541,4,nna,1,1,1,1,1,1,1,1,1,1,1,1,1,1,1,1
16542,3,ino,0,0,0,0,0,0,0,0,0,0,0,0,0,0,0,0
16543,3,rja,1,1,1,1,1,1,1,1,1,1,1,1,1,1,1,1
16544,4, pr,1,1,1,1,1,1,1,1,1,1,1,1,1,1,1,1
16545,3,ani,1,1,1,1,1,1,1,1,1,1,1,1,1,1,1,1
16546,2,iza,1,1,1,1,1,1,1,1,1,1,1,1,1,1,1,1
16547,3,nti,1,1,1,1,1,1,1,1,1,1,1,1,1,1,1,1
16548,5,han,1,1,1,1,1,1,1,1,1,1,1,1,1,1,1,1
16549,3,tri,1,1,1,1,1,1,1,1,1,1,1,1,1,1,1,1
16550,3,yas,1,1,1,1,1,1,1,1,1,1,1,1,1,1,1,1
16551,3,iti,1,1,1,1,1,1,1,1,1,1,1,1,1,1,1,1
16552,2,hra,1,1,1,1,1,1,1,1,1,1,1,1,1,1,1,1
16553,3,tri,1,1,1,1,1,1,1,1,1,1,1,1,1,1,1,1
16554,4,ani,1,1,1,1,1,1,1,1,1,1,1,1,1,1,1,1
16555,2,ini,1,1,1,1,1,1,1,1,1,1,1,1,1,1,1,1
16556,3,shi,1,0,0,0,0,0,0,0,0,1,0,0,0,0,0,1
16557,3,ana,0,0,0,0,0,0,0,0,0,0,0,0,0,0,0,0
16558,4,tra,0,0,0,0,0,0,0,0,0,0,0,0,0,0,0,0
16559,3,pud,0,0,0,0,0,0,0,0,0,0,0,0,0,0,0,0
16560,3,aro,0,0,0,0,0,0,0,0,0,0,0,0,0,0,0,0
16561,3,han,0,0,0,0,0,0,0,0,0,0,0,0,0,0,0,0
16562,3,ata,0,0,0,0,0,0,0,0,0,0,0,0,0,0,0,0
16563,2,yah,0,0,0,0,0,0,0,0,0,0,0,0,0,0,0,0
16564,2,ono,0,0,0,0,0,0,0,0,0,0,0,0,0,0,0,0
16565,3,jmi,0,0,0,0,0,0,0,0,0,0,0,0,0,0,0,0
16566,3,aya,1,1,1,1,1,1,1,1,1,1,1,1,1,1,1,1
16567,3,iwi,1,1,1,1,1,1,1,1,1,1,1,1,1,1,1,1
16568,3,tra,0,0,0,0,0,0,0,0,0,0,0,0,0,0,0,0
16569,3,ati,1,1,1,1,1,1,1,1,1,1,1,1,1,1,1,1
16570,3,ani,1,1,1,1,1,1,1,1,1,1,1,1,1,1,1,1
16571,3,ail,1,1,1,1,1,1,1,1,1,1,1,1,1,1,1,1
16572,3,dah,1,1,1,1,1,1,1,1,1,1,1,1,1,1,1,1
16573,3,tri,1,1,1,1,1,1,1,1,1,1,1,1,1,1,1,1
16574,2,ani,1,1,1,1,1,1,1,1,1,1,1,1,1,1,1,1
16575,3,ini,1,1,1,1,1,1,1,1,1,1,1,1,1,1,1,1
16576,3,nda,1,1,1,1,1,1,1,1,1,1,1,1,1,1,1,1
16577,3,ani,1,1,1,1,1,1,1,1,1,1,1,1,1,1,1,1
16578,2,iva,1,1,1,1,1,1,1,1,1,1,1,1,1,1,1,1
16579,3,lia,1,1,1,1,1,1,1,1,1,1,1,1,1,1,1,1
16580,4,ach,1,0,0,1,0,0,0,0,0,1,0,0,1,0,0,0
16581,4,tri,1,1,1,1,1,1,1,1,1,1,1,1,1,1,1,1
16582,3,ira,1,1,1,1,1,1,1,1,1,1,1,1,1,1,1,1
16583,3,mad,0,0,0,0,0,0,0,0,0,0,0,0,0,0,0,0
16584,2,ana,1,1,1,1,1,1,1,1,1,1,1,1,1,1,1,1
16585,2,ica,1,1,1,1,1,1,1,1,1,1,1,1,1,1,1,1
16586,3,dya,0,0,0,0,0,0,0,0,0,0,0,0,0,0,0,0
16587,2,ono,0,0,0,0,0,0,0,0,0,0,0,0,0,0,0,0
16588,2,dya,1,1,1,1,1,1,1,1,1,1,1,1,1,1,1,1
16589,3,tri,1,1,1,1,1,1,1,1,1,1,1,1,1,1,1,1
16590,3,ari,1,1,1,1,1,1,1,1,1,1,1,1,1,1,1,1
16591,4,ani,1,1,1,1,1,1,1,1,1,1,1,1,1,1,1,1
16592,3,hma,1,1,1,1,1,1,1,1,1,1,1,1,1,1,1,1
16593,2,iya,1,1,1,1,1,1,1,1,1,1,1,1,1,1,1,1
16594,5,a e,1,1,1,1,1,1,1,1,1,1,1,1,1,1,1,1
16595,2,yas,0,0,0,0,0,0,0,0,0,0,0,0,0,0,0,0
16596,2,zah,1,1,1,1,1,1,1,1,1,1,1,1,1,1,1,1
16597,2,ari,1,1,1,1,1,1,1,1,1,1,1,1,1,1,1,1
16598,4,roh,0,0,0,0,0,0,0,0,0,0,0,0,0,0,0,0
16599,3,lla,1,1,1,1,1,1,1,1,1,1,1,1,1,1,1,1
16600,1,ina,1,1,1,1,1,1,1,1,1,1,1,1,1,1,1,1
16601,3,ani,1,1,1,1,1,1,1,1,1,1,1,1,1,1,1,1
16602,3,hra,1,1,1,1,1,1,1,1,1,1,1,1,1,1,1,1
16603,3,lan,1,1,1,1,1,1,1,1,1,1,1,1,1,1,1,1
16604,3,afi,1,1,1,1,1,1,1,1,1,1,1,1,1,1,1,1
16605,3,ani,1,1,1,1,1,1,1,1,1,1,1,1,1,1,1,1
16606,4,ani,1,1,1,1,1,1,1,1,1,1,1,1,1,1,1,1
16607,3,ita,1,1,1,1,1,1,1,1,1,1,1,1,1,1,1,1
16608,3,tri,1,1,1,1,1,1,1,1,1,1,1,1,1,1,1,1
16609,3,tri,1,1,1,1,1,1,1,1,1,1,1,1,1,1,1,1
16610,3,tri,1,1,1,1,1,1,1,1,1,1,1,1,1,1,1,1
16611,2,isa,1,1,1,1,1,1,1,1,1,1,1,1,1,1,1,1
16612,2,fah,1,1,1,1,1,1,1,1,1,1,1,1,1,1,1,1
16613,3,hra,1,1,1,1,1,1,1,1,1,1,1,1,1,1,1,1
16614,4,fah,1,1,1,1,1,1,1,1,1,1,1,1,1,1,1,1
16615,3,dra,1,1,1,1,1,1,1,1,1,1,1,1,1,1,1,1
16616,3,ien,1,1,1,0,1,1,0,1,1,0,1,1,0,1,1,0
16617,3,ani,1,1,1,1,1,1,1,1,1,1,1,1,1,1,1,1
16618,3,tin,1,1,1,1,1,1,1,1,1,1,1,1,1,1,1,1
16619,3,nah,1,1,1,1,1,1,1,1,1,1,1,1,1,1,1,1
16620,3,tri,1,1,1,1,1,1,1,1,1,1,1,1,1,1,1,1
16621,4,fin,1,1,1,1,1,1,1,1,1,1,1,1,1,1,1,0
16622,3,nan,1,1,1,1,1,1,1,1,1,1,1,1,1,1,1,1
16623,3,nda,1,1,1,1,1,1,1,1,1,1,1,1,1,1,1,1
16624,3,ani,1,1,1,1,1,1,1,1,1,1,1,1,1,1,1,1
16625,3,hra,1,1,1,1,1,1,1,1,1,1,1,1,1,1,1,1
16626,4,ane,0,1,1,0,1,1,0,1,1,0,1,1,0,1,1,0
16627,3,tin,1,1,1,1,1,1,1,1,1,1,1,1,1,1,1,1
16628,2,ila,1,1,1,1,1,1,1,1,1,1,1,1,1,1,1,1
16629,4,haq,0,1,1,0,1,1,0,1,1,0,1,1,0,1,1,0
16630,2,ira,1,1,1,1,1,1,1,1,1,1,1,1,1,1,1,1
16631,3,naa,1,1,1,1,1,1,1,1,1,1,1,1,1,1,1,1
16632,3,hra,1,1,1,1,1,1,1,1,1,1,1,1,1,1,1,1
16633,3,lla,1,1,1,1,1,1,1,1,1,1,1,1,1,1,1,1
16634,3,ema,1,1,1,1,1,1,1,1,1,1,1,1,1,1,1,1
16635,4,tri,1,1,1,1,1,1,1,1,1,1,1,1,1,1,1,1
16636,3,hra,1,1,1,1,1,1,1,1,1,1,1,1,1,1,1,1
16637,2,ani,1,1,1,1,1,1,1,1,1,1,1,1,1,1,1,1
16638,3,tri,1,1,1,1,1,1,1,1,1,1,1,1,1,1,1,1
16639,2,hra,1,1,1,1,1,1,1,1,1,1,1,1,1,1,1,1
16640,2,ura,1,1,1,1,1,1,1,1,1,0,1,1,0,1,1,0
16641,5,tri,1,1,1,1,1,1,1,1,1,1,1,1,1,1,1,1
16642,3,una,1,1,1,1,1,1,1,1,1,1,1,1,1,1,1,1
16643,2,wid,1,1,1,1,1,1,0,1,1,0,1,1,0,1,1,0
16644,3,yas,1,1,1,1,1,1,1,1,1,1,1,1,1,1,1,1
16645,3,zka,1,1,1,1,1,1,1,1,1,1,1,1,1,1,1,1
16646,3,tri,1,1,1,1,1,1,1,1,1,1,1,1,1,1,1,1
16647,3,yah,1,1,1,1,1,1,1,1,1,1,1,1,1,1,1,1
16648,2,ini,1,1,1,1,1,1,1,1,1,1,1,1,1,1,1,1
16649,3,ima,1,1,1,1,1,1,1,1,1,1,1,1,1,1,1,1
16650,3,oho,1,1,1,0,1,1,0,1,1,0,1,1,0,1,1,0
16651,3,lah,1,1,1,1,1,1,1,1,1,1,1,1,1,1,1,1
16652,2,hra,1,1,1,1,1,1,1,1,1,1,1,1,1,1,1,1
16653,2,yah,1,1,1,1,1,1,1,1,1,1,1,1,1,1,1,1
16654,3,nah,1,1,1,1,1,1,1,1,1,1,1,1,1,1,1,1
16655,2,lia,1,1,1,1,1,1,1,1,1,1,1,1,1,1,1,1
16656,3,zah,1,1,1,1,1,1,1,1,1,1,1,1,1,1,1,1
16657,3,vah,1,1,1,1,1,1,1,1,1,1,1,1,1,1,1,1
16658,3,liq,1,0,0,0,0,0,0,0,0,0,0,0,0,0,0,0
16659,3,ani,1,1,1,1,1,1,1,1,1,1,1,1,1,1,1,1
16660,3,kki,0,0,0,0,0,0,0,0,0,0,0,0,0,0,0,0
16661,3,ipa,0,0,0,0,0,0,0,0,0,0,0,0,0,0,0,0
16662,2,nti,1,1,1,1,1,1,1,1,1,1,1,1,1,1,1,1
16663,3,ara,1,1,1,0,1,1,0,1,1,0,1,1,0,1,1,0
16664,2,lia,1,1,1,1,1,1,1,1,1,1,1,1,1,1,1,1
16665,2,dan,0,0,0,0,0,0,0,0,0,0,0,0,0,0,0,0
16666,4,tri,1,1,1,1,1,1,1,1,1,1,1,1,1,1,1,1
16667,3,ami,1,1,1,1,1,1,1,1,1,1,1,1,1,1,1,1
16668,3,ani,1,1,1,1,1,1,1,1,1,1,1,1,1,1,1,1
16669,3,wan,1,1,1,0,1,1,0,1,1,0,1,1,0,1,1,0
16670,2,sah,1,1,1,1,1,1,1,1,1,1,1,1,1,1,1,1
16671,3,mad,1,1,1,0,1,1,0,1,1,0,1,1,0,1,1,0
16672,3,isa,1,1,1,1,1,1,1,1,1,1,1,1,1,1,1,1
16673,3,nia,1,1,1,1,1,1,1,1,1,1,1,1,1,1,1,1
16674,3,mar,1,1,1,1,1,1,1,1,1,1,1,1,1,1,1,1
16675,2,ssa,1,1,1,1,1,1,1,1,1,1,1,1,1,1,1,1
16676,3,nto,1,1,1,0,1,1,0,1,1,0,1,1,0,1,1,0
16677,3,ori,1,1,1,1,1,1,1,1,1,1,1,1,1,1,1,1
16678,3,zmi,1,1,1,1,1,1,1,1,1,1,1,1,1,1,1,1
16679,3,uma,1,1,1,1,1,1,1,1,1,1,1,1,1,1,1,1
16680,3,ima,1,1,1,1,1,1,1,1,1,1,1,1,1,1,1,1
16681,3,ika,1,1,1,1,1,1,1,1,1,1,1,1,1,1,1,1
16682,3,ari,1,1,1,1,1,1,1,1,1,1,1,1,1,1,1,1
16683,4,dya,1,1,1,1,1,1,1,1,1,1,1,1,1,1,1,1
16684,2,lfa,1,1,1,1,1,1,1,1,1,1,1,1,1,1,1,1
16685,3,hil,1,1,0,0,1,0,0,1,0,0,1,0,0,1,0,0
16686,3,lah,1,1,1,0,1,1,0,1,1,0,1,1,1,1,1,1
16687,3,ari,1,1,1,1,1,1,1,1,1,1,1,1,1,1,1,1
16688,2,aya,1,1,1,1,1,1,1,1,1,1,1,1,1,1,1,1
16689,3,tri,1,1,1,1,1,1,1,1,1,1,1,1,1,1,1,1
16690,3,lah,1,1,1,1,1,1,1,1,1,1,1,1,1,1,1,1
16691,3,lia,1,1,1,1,1,1,1,1,1,1,1,1,1,1,1,1
16692,4,lya,1,1,1,1,1,1,1,1,1,1,1,1,1,1,1,1
16693,3,nda,1,1,1,0,1,1,0,1,1,0,1,1,0,1,1,0
16694,2,ari,1,1,1,1,1,1,1,1,1,1,1,1,1,1,1,1
16695,3,tyo,1,0,0,0,0,0,0,0,0,0,0,0,0,0,0,0
16696,2,ani,1,1,1,1,1,1,1,1,1,1,1,1,1,1,1,1
16697,4,ari,1,1,1,1,1,1,1,1,1,1,1,1,1,1,1,1
16698,3,aya,1,1,1,1,1,1,1,1,1,1,1,1,1,1,1,1
16699,3,ina,1,1,1,1,1,1,1,1,1,1,1,1,1,1,1,1
16700,3,har,0,0,0,0,0,0,0,0,0,0,0,0,0,0,0,0
16701,3,sta,0,0,0,0,0,0,0,0,0,0,0,0,0,0,0,0
16702,4,nto,1,1,1,1,1,1,1,1,1,1,1,1,1,1,1,1
16703,4,lya,1,1,1,1,1,1,1,1,1,1,1,1,1,1,1,1
16704,3,ela,0,0,1,1,0,1,1,0,1,1,0,1,1,0,1,1
16705,3,evi,1,1,1,1,1,1,1,1,1,1,1,1,1,1,1,1
16706,3,ani,1,1,1,1,1,1,1,1,1,1,1,1,1,1,1,1
16707,2,yah,1,1,1,1,1,1,1,1,1,1,1,1,1,1,1,1
16708,3,lar,0,0,0,0,0,0,0,0,0,0,0,0,0,0,0,0
16709,4,nto,0,0,0,0,0,0,0,0,0,0,0,0,0,0,0,0
16710,2,met,0,0,0,0,0,0,0,0,0,0,0,0,0,0,0,0
16711,3,aus,1,0,0,0,0,0,0,0,0,0,0,0,0,0,0,0
16712,4,gga,1,1,1,1,1,1,1,1,1,1,1,1,1,1,1,1
16713,4,ion,1,1,1,1,1,1,1,1,1,1,1,1,1,1,1,1
16714,3,eza,1,1,1,1,1,1,1,1,1,1,1,1,1,1,1,1
16715,4,oor,1,1,1,1,1,1,1,1,1,1,1,1,1,1,1,1
16716,3,omo,1,0,0,0,0,0,0,0,0,0,0,0,0,0,0,0
16717,3,oko,1,1,1,1,1,1,1,1,1,1,1,1,1,1,1,1
16718,3,sqo,1,1,1,1,1,1,1,1,1,1,1,1,1,1,1,1
16719,3,ani,1,1,1,1,1,1,1,1,1,1,1,1,1,1,1,1
16720,3,yah,1,1,1,0,1,1,0,1,1,0,1,1,0,1,1,0
16721,3,ole,1,1,1,1,1,1,1,1,1,1,1,1,1,1,1,1
16722,3,war,1,1,1,1,1,1,1,1,1,1,1,1,1,1,1,1
16723,4,ara,1,1,1,1,1,1,1,1,1,1,1,1,1,1,1,1
16724,3,lya,1,1,1,1,1,1,1,1,1,1,1,1,1,1,1,1
16725,3,lia,1,1,1,1,1,1,1,1,1,1,1,1,1,1,1,1
16726,3,lal,0,0,0,0,0,0,0,0,0,0,0,0,0,0,0,0
16727,1,ron,1,0,0,0,0,0,0,0,0,0,0,0,0,0,0,0
16728,3,man,1,1,1,0,1,1,0,1,1,0,1,1,0,1,1,0
16729,3,lib,1,0,0,0,0,0,0,0,0,0,0,0,0,0,0,0
16730,2,lia,1,1,1,1,1,1,1,1,1,1,1,1,1,1,1,1
16731,3,ica,1,1,1,1,1,1,1,1,1,1,1,1,1,1,1,1
16732,4,eth,1,1,1,1,1,1,1,1,1,1,1,1,1,1,1,1
16733,2,eni,1,1,1,0,1,1,1,1,1,0,1,1,0,1,1,0
16734,2,ila,1,1,1,1,1,1,1,1,1,1,1,1,1,1,1,1
16735,5,nom,1,1,1,1,1,1,1,1,1,1,1,1,1,1,1,1
16736,3,sya,1,1,1,1,1,1,1,1,1,1,1,1,1,1,1,1
16737,3,aya,1,1,1,1,1,1,1,1,1,1,1,1,1,1,1,1
16738,3,sha,1,1,1,1,1,1,1,1,1,1,1,1,1,1,1,1
16739,4,lan,1,1,1,0,1,1,0,1,1,0,1,1,0,1,1,0
16740,3,lia,1,1,1,1,1,1,1,1,1,1,1,1,1,1,1,1
16741,4,pal,1,1,1,1,1,1,1,1,1,1,1,1,1,1,1,1
16742,2,ita,1,1,1,1,1,1,1,1,1,1,1,1,1,1,1,1
16743,3,ani,1,1,1,1,1,1,1,1,1,1,1,1,1,1,1,1
16744,5,tza,1,1,1,1,1,1,1,1,1,1,1,1,1,1,1,1
16745,3,mah,1,1,1,1,1,1,1,1,1,1,1,1,1,1,1,1
16746,3,zah,1,1,1,1,1,1,1,1,1,1,1,1,1,1,1,1
16747,3,ani,1,1,1,1,1,1,1,1,1,1,1,1,1,1,1,1
16748,4,dia,1,1,1,1,1,1,1,1,1,1,1,1,1,1,1,1
16749,3,ozi,1,0,1,1,0,1,1,0,1,1,0,1,1,0,1,1
16750,3,lia,1,1,1,1,1,1,1,1,1,1,1,1,1,1,1,1
16751,3,tri,1,1,1,1,1,1,1,1,1,1,1,1,1,1,1,1
16752,3,ila,1,1,1,1,1,1,1,1,1,1,1,1,1,1,1,1
16753,3,lah,1,1,1,1,1,1,1,1,1,1,1,1,1,1,1,1
16754,4,tri,1,1,1,1,1,1,1,1,1,1,1,1,1,1,1,1
16755,3,tri,1,1,1,1,1,1,1,1,1,1,1,1,1,1,1,1
16756,2,rum,1,1,1,1,1,1,1,1,1,1,1,1,1,1,1,1
16757,3,ini,1,1,1,1,1,1,1,1,1,1,1,1,1,1,1,1
16758,2,ini,1,1,1,1,1,1,1,1,1,1,1,1,1,1,1,1
16759,3,ari,1,1,1,1,1,1,1,1,1,1,1,1,1,1,1,1
16760,3,ono,1,1,1,1,1,1,1,1,1,1,1,1,1,1,1,1
16761,2,cen,1,1,1,0,1,1,0,1,1,0,1,1,0,1,1,0
16762,3,ini,1,1,1,1,1,1,1,1,1,1,1,1,1,1,1,1
16763,2,ila,1,1,1,1,1,1,1,1,1,1,1,1,1,1,1,1
16764,2,ati,1,1,1,1,1,1,1,1,1,1,1,1,1,1,1,1
16765,2,sya,1,1,1,1,1,1,1,1,1,1,1,1,1,1,1,1
16766,3,ari,1,1,1,1,1,1,1,1,1,1,1,1,1,1,1,1
16767,2,nti,1,1,1,1,1,1,1,1,1,1,1,1,1,1,1,1
16768,3,bis,1,1,1,1,1,1,1,1,1,0,1,1,1,1,1,1
16769,3,ala,1,1,1,1,1,1,1,1,1,1,1,1,1,1,1,1
16770,3,lia,1,1,1,1,1,1,1,1,1,1,1,1,1,1,1,1
16771,2,ara,1,1,1,1,1,1,1,1,1,1,1,1,1,1,1,1
16772,2,sha,1,1,1,1,1,1,1,1,1,1,1,1,1,1,1,1
16773,3,yah,1,1,1,1,1,1,1,1,1,1,1,1,1,1,1,1
16774,4,iah,1,1,1,1,1,1,1,1,1,1,1,1,1,1,1,1
16775,3,zki,1,1,1,1,1,1,1,1,1,1,1,1,1,1,1,1
16776,3,ika,1,1,1,1,1,1,1,1,1,1,1,1,1,1,1,1
16777,3,num,1,1,1,1,1,1,1,1,1,1,1,1,1,1,1,1
16778,2,ani,1,1,1,1,1,1,1,1,1,1,1,1,1,1,1,1
16779,3,ani,1,1,1,1,1,1,1,1,1,1,1,1,1,1,1,1
16780,3,zia,0,1,1,1,1,1,1,1,1,1,1,1,1,1,1,1
16781,3,tri,1,1,1,1,1,1,1,1,1,1,1,1,1,1,1,1
16782,3,aus,0,0,0,0,0,0,0,0,0,0,0,0,0,0,0,0
16783,3,tya,0,0,0,0,0,0,0,0,0,0,0,0,0,0,0,0
16784,3,dha,0,0,0,0,0,0,0,0,0,0,0,0,0,0,0,0
16785,3,qli,0,1,1,1,1,1,1,1,1,1,1,1,1,1,1,1
16786,3,aus,0,0,0,0,0,0,0,0,0,0,0,0,0,0,0,0
16787,3,lan,0,0,1,0,0,1,0,0,1,0,0,1,0,0,1,0
16788,3,ito,1,1,1,1,1,1,1,1,1,1,1,1,1,1,1,1
16789,3,sta,1,1,1,1,1,1,0,1,1,0,1,1,0,1,1,0
16790,3,wur,0,0,0,0,0,0,0,0,0,0,0,0,0,0,0,0
16791,3,nti,1,1,1,1,1,1,1,1,1,1,1,1,1,1,1,1
16792,3,tri,1,1,1,1,1,1,1,1,1,1,1,1,1,1,1,1
16793,2,ina,1,1,1,1,1,1,1,1,1,1,1,1,1,1,1,1
16794,3,zki,1,1,1,1,1,1,1,1,1,1,1,1,1,1,1,1
16795,4, fp,1,1,1,1,1,1,1,1,1,1,1,1,1,1,1,1
16796,4,ena,1,0,0,0,0,0,0,0,0,0,0,0,0,0,0,0
16797,3,sya,1,1,1,1,1,1,1,1,1,1,1,1,1,1,1,1
16798,3,tzy,1,1,1,0,1,1,0,1,1,0,1,1,0,1,1,0
16799,3,ira,1,1,1,1,1,1,0,1,1,0,1,1,0,1,1,0
16800,2,sta,1,1,1,1,1,1,1,1,1,1,1,1,1,1,1,1
16801,3,mad,1,1,1,0,1,1,0,1,1,0,1,1,0,1,1,0
16802,3,ien,1,1,1,0,1,1,0,1,1,0,1,1,0,1,1,0
16803,3,ila,1,1,1,1,1,1,1,1,1,1,1,1,1,1,1,1
16804,3,kar,1,1,1,0,1,1,0,1,1,0,1,1,0,1,1,0
16805,3,hra,1,1,1,1,1,1,1,1,1,1,1,1,1,1,1,1
16806,2,ira,1,1,1,1,1,1,1,1,1,1,1,1,1,1,1,1
16807,3,die,0,0,0,0,0,0,0,0,0,0,0,0,0,0,0,0
16808,3,ani,1,1,1,1,1,1,1,1,1,1,1,1,1,1,1,1
16809,3,ani,1,1,1,1,1,1,1,1,1,1,1,1,1,1,1,1
16810,3,nti,1,1,1,1,1,1,1,1,1,1,1,1,1,1,1,1
16811,3,san,0,0,0,0,0,0,0,0,0,0,0,0,0,0,0,0
16812,2,ira,1,1,1,1,1,1,1,1,1,1,1,1,1,1,1,1
16813,3,lia,1,1,1,1,1,1,1,1,1,1,1,1,1,1,1,1
16814,3,nti,1,1,1,1,1,1,1,1,1,1,1,1,1,1,1,1
16815,2,ama,1,1,1,0,1,1,0,1,1,0,1,1,0,1,1,0
16816,3,ila,1,1,1,1,1,1,1,1,1,1,1,1,1,1,1,1
16817,3,tri,1,1,1,1,1,1,1,1,1,1,1,1,1,1,1,1
16818,3,ril,1,1,1,1,1,1,1,1,1,1,1,1,1,1,1,1
16819,2,lia,1,1,1,1,1,1,1,1,1,1,1,1,1,1,1,1
16820,3,ila,1,1,1,1,1,1,1,1,1,1,1,1,1,1,1,1
16821,2,ani,1,1,1,1,1,1,1,1,1,1,1,1,1,1,1,1
16822,3,ari,1,1,1,1,1,1,1,1,1,1,1,1,1,1,1,1
16823,4,ari,1,1,1,1,1,1,1,1,1,1,1,1,1,1,1,1
16824,3,lia,1,1,1,1,1,1,1,1,1,1,1,1,1,1,1,1
16825,4,tri,1,1,1,1,1,1,1,1,1,1,1,1,1,1,1,1
16826,3,rum,1,1,1,1,1,1,1,1,1,1,1,1,1,1,1,1
16827,2,ita,1,1,1,1,1,1,1,1,1,1,1,1,1,1,1,1
16828,3,bat,1,1,1,1,1,1,1,1,1,1,1,1,1,1,1,1
16829,3,sih,1,1,1,1,1,1,1,1,1,1,1,1,1,1,1,1
16830,2,eni,1,1,1,1,1,1,1,1,1,1,1,1,1,1,1,1
16831,2,ati,1,1,1,1,1,1,1,1,1,1,1,1,1,1,1,1
16832,3,ini,1,1,1,1,1,1,1,1,1,1,1,1,1,1,1,1
16833,3,ani,1,1,1,1,1,1,1,1,1,1,1,1,1,1,1,1
16834,4,ani,1,1,1,1,1,1,1,1,1,1,1,1,1,1,1,1
16835,2,wan,1,0,0,0,0,0,0,0,0,0,0,0,0,0,0,0
16836,3,nti,1,1,1,1,1,1,1,1,1,1,1,1,1,1,1,1
16837,3,ewi,1,1,1,1,1,1,1,1,1,1,1,1,1,1,1,1
16838,3,ani,1,1,1,1,1,1,1,1,1,1,1,1,1,1,1,1
16839,4,set,1,1,1,0,1,1,0,1,1,0,1,1,0,1,1,0
16840,3,ila,1,1,1,1,1,1,1,1,1,1,1,1,1,1,1,1
16841,3,afa,0,0,1,0,0,1,0,0,1,0,0,1,0,0,1,0
16842,2,fah,1,1,1,1,1,1,1,1,1,1,1,1,1,1,1,1
16843,3,isa,1,1,1,1,1,1,1,1,1,1,1,1,1,1,1,1
16844,4,ila,1,1,1,1,1,1,1,1,1,1,1,1,1,1,1,1
16845,3,fah,1,1,1,1,1,1,1,1,1,1,1,1,1,1,1,1
16846,3,rta,0,0,0,1,0,0,1,0,0,0,0,0,1,0,0,1
16847,3,zky,1,1,1,1,1,1,1,1,1,1,1,1,1,1,1,1
16848,3,oso,1,1,1,0,1,1,0,1,1,0,1,1,0,1,1,0
16849,2,aza,1,1,1,1,1,1,1,1,1,1,1,1,1,1,1,1
16850,2,eny,1,1,1,1,1,1,0,1,1,0,1,1,0,1,1,0
16851,3,ani,1,1,1,1,1,1,1,1,1,1,1,1,1,1,1,1
16852,1,yah,1,1,1,1,1,1,1,1,1,1,1,1,1,1,1,1
16853,2,ani,1,1,1,1,1,1,1,1,1,1,1,1,1,1,1,1
16854,3,aky,0,0,0,0,0,0,0,0,0,0,0,0,0,0,0,0
16855,2,zar,0,0,0,0,0,0,0,0,0,0,0,0,0,0,0,0
16856,3,mid,1,1,1,0,1,1,0,1,1,0,1,1,0,1,1,0
16857,3,ita,1,1,1,1,1,1,1,1,1,1,1,1,1,1,1,1
16858,3,iah,1,1,1,1,1,1,1,1,1,1,1,1,1,1,1,1
16859,4,din,0,0,0,0,0,0,0,0,0,0,0,0,0,0,0,0
16860,3,ini,1,1,1,1,1,1,1,1,1,1,1,1,1,1,1,1
16861,3,lil,0,0,0,0,0,0,0,0,0,0,0,0,0,0,0,0
16862,2,isa,1,1,1,1,1,1,1,1,1,1,1,1,1,1,1,1
16863,3,tri,1,1,1,1,1,1,1,1,1,1,1,1,1,1,1,1
16864,3,ika,1,1,1,1,1,1,1,1,1,1,1,1,1,1,1,1
16865,3,rie,1,0,0,0,0,0,0,0,0,0,0,0,0,0,0,0
16866,2,jah,1,1,1,1,1,1,1,1,1,1,1,1,1,1,1,1
16867,2,mah,1,1,1,1,1,1,1,1,1,1,1,1,1,1,1,1
16868,3,iah,1,1,1,1,1,1,1,1,1,1,1,1,1,1,1,1
16869,3,rin,1,1,1,1,1,1,1,1,1,1,1,1,1,1,1,1
16870,3,sia,1,1,1,1,1,1,1,1,1,1,1,1,1,1,1,1
16871,3,mba,1,1,1,0,1,1,0,1,1,0,1,1,0,1,1,0
16872,2,ian,0,0,0,0,0,0,0,0,0,0,0,0,0,0,0,0
16873,2,ani,1,1,1,1,1,1,1,1,1,1,1,1,1,1,1,1
16874,2,ara,1,1,1,1,1,1,1,1,1,1,1,1,1,1,1,1
16875,3,rah,1,1,1,1,1,1,1,1,1,1,1,1,1,1,1,1
16876,2,dya,1,1,1,1,1,1,1,1,1,1,1,1,1,1,1,1
16877,3,mah,1,1,1,1,1,1,1,1,1,1,1,1,1,1,1,1
16878,4,iat,1,1,1,1,1,1,1,1,1,1,1,1,1,1,1,1
16879,3,ewi,1,1,1,1,1,1,1,1,1,1,1,1,1,1,1,1
16880,3,nda,1,1,1,1,1,1,1,1,1,1,1,1,1,1,1,1
16881,3,ari,1,1,1,1,1,1,1,1,1,1,1,1,1,1,1,1
16882,3,tri,1,1,1,1,1,1,1,1,1,1,1,1,1,1,1,1
16883,3,owo,1,1,1,1,1,1,1,1,1,1,1,1,1,1,1,1
16884,3,fah,1,1,1,1,1,1,1,1,1,1,1,1,1,1,1,1
16885,2,ati,1,1,1,1,1,1,1,1,1,1,1,1,1,1,1,1
16886,3,nti,1,1,1,1,1,1,1,1,1,1,1,1,1,1,1,1
16887,3,ani,1,1,1,1,1,1,1,1,1,1,1,1,1,1,1,1
16888,3,tri,1,1,1,1,1,1,1,1,1,1,1,1,1,1,1,1
16889,3,iva,1,1,1,1,1,1,1,1,1,1,1,1,1,1,1,1
16890,2,ila,1,1,1,1,1,1,1,1,1,1,1,1,1,1,1,1
16891,2,yla,1,1,1,1,1,1,1,1,1,1,1,1,1,1,1,1
16892,3,ati,1,1,1,1,1,1,1,1,1,1,1,1,1,1,1,1
16893,3,ura,1,1,1,1,1,1,1,1,1,1,1,1,1,1,1,1
16894,2,ani,1,1,1,1,1,1,1,1,1,1,1,1,1,1,1,1
16895,3,sma,1,1,1,1,1,1,1,1,1,1,1,1,1,1,1,1
16896,2,jma,1,1,1,1,1,1,1,1,1,1,1,1,1,1,1,1
16897,3,thi,1,1,1,1,1,1,1,1,1,1,1,1,1,1,1,1
16898,2,lia,1,1,1,1,1,1,1,1,1,1,1,1,1,1,1,1
16899,3,aja,1,1,1,0,1,1,0,1,1,0,1,1,0,1,1,0
16900,2,lia,1,1,1,1,1,1,1,1,1,1,1,1,1,1,1,1
16901,3,ing,0,0,0,0,0,0,0,0,0,0,0,0,0,0,0,0
16902,4,ani,0,0,1,1,0,1,1,0,1,1,0,1,1,0,1,1
16903,2,ati,1,1,1,1,1,1,1,1,1,1,1,1,1,1,1,1
16904,2,dha,0,0,0,0,0,0,0,0,0,0,0,0,0,0,0,0
16905,2,rum,1,1,1,1,1,1,1,1,1,1,1,1,1,1,1,1
16906,2,ita,1,1,1,1,1,1,1,1,1,1,1,1,1,1,1,1
16907,2,ara,1,1,1,1,1,1,1,1,1,1,1,1,1,1,1,1
16908,3,ari,1,1,1,1,1,1,1,1,1,1,1,1,1,1,1,1
16909,3,lah,1,1,1,1,1,1,1,1,1,1,1,1,1,1,1,1
16910,3,lia,1,1,1,1,1,1,1,1,1,1,1,1,1,1,1,1
16911,4,oka,1,1,1,1,1,1,1,1,1,1,1,1,1,1,1,1
16912,3,ira,1,1,1,1,1,1,1,1,1,1,1,1,1,1,1,1
16913,4,tan,0,0,0,0,0,0,0,0,0,0,0,0,0,0,0,0
16914,3,ika,0,0,0,0,0,0,0,0,0,0,0,0,0,0,0,0
16915,4,yah,1,0,0,0,0,0,0,0,0,0,0,0,0,0,0,0
16916,4,hah,1,1,1,1,1,1,1,1,1,1,1,1,1,1,1,1
16917,3,ani,1,1,1,1,1,1,1,1,1,1,1,1,1,1,1,1
16918,3,ani,1,1,1,1,1,1,1,1,1,1,1,1,1,1,1,1
16919,3,lia,1,1,1,1,1,1,1,1,1,1,1,1,1,1,1,1
16920,2,ani,1,1,1,1,1,1,1,1,1,1,1,1,1,1,1,1
16921,2,ina,1,1,1,1,1,1,1,1,1,1,1,1,1,1,1,1
16922,3,mah,1,1,1,1,1,1,1,1,1,1,1,1,1,1,1,1
16923,3,nti,1,1,1,1,1,1,1,1,1,1,1,1,1,1,1,1
16924,2,ati,1,1,1,1,1,1,1,1,1,1,1,1,1,1,1,1
16925,2,hra,1,1,1,1,1,1,1,1,1,1,1,1,1,1,1,1
16926,3,tri,1,1,1,1,1,1,1,1,1,1,1,1,1,1,1,1
16927,2,nah,1,1,1,1,1,1,1,1,1,1,1,1,1,1,1,1
16928,4,nar,1,1,1,1,1,1,1,1,1,1,1,1,1,1,1,1
16929,2,ina,1,1,1,1,1,1,1,1,1,1,1,1,1,1,1,1
16930,4,qis,1,1,1,1,1,1,1,1,1,1,1,1,1,1,1,1
16931,4,nah,1,1,1,1,1,1,1,1,1,1,1,1,1,1,1,1
16932,2,fah,1,1,1,1,1,1,1,1,1,1,1,1,1,1,1,1
16933,3,ina,1,1,1,1,1,1,1,1,1,1,1,1,1,1,1,1
16934,4,aya,1,1,1,1,1,1,1,1,1,1,1,1,1,1,1,1
16935,2,iah,1,1,1,1,1,1,1,1,1,1,1,1,1,1,1,1
16936,3,yah,1,1,1,1,1,1,1,1,1,1,1,1,1,1,1,1
16937,3,ion,1,1,1,1,1,1,1,1,1,1,1,1,1,1,1,1
16938,3,ari,1,1,1,1,1,1,1,1,1,1,1,1,1,1,1,1
16939,4,aha,1,1,1,1,1,1,1,1,1,1,1,1,1,1,1,1
16940,4,oer,1,1,1,1,1,1,1,1,1,1,1,1,1,1,1,1
16941,2,ana,1,1,1,1,1,1,1,1,1,1,1,1,1,1,1,1
16942,3,ali,1,1,1,1,1,1,1,1,1,1,1,1,1,1,1,1
16943,3,eha,1,1,1,1,1,1,1,1,1,1,1,1,1,1,1,1
16944,4,nit,1,1,1,1,1,1,1,1,1,1,1,1,1,1,1,1
16945,3,sna,1,1,1,1,1,1,1,1,1,1,1,1,1,1,1,1
16946,3,ina,1,1,1,1,1,1,1,1,1,1,1,1,1,1,1,1
16947,3,nti,1,1,1,1,1,1,1,1,1,1,1,1,1,1,1,1
16948,4,ula,1,1,1,1,1,1,1,1,1,1,1,1,1,1,1,1
16949,3,isa,1,1,1,1,1,1,1,1,1,1,1,1,1,1,1,1
16950,4,nah,1,1,1,1,1,1,1,1,1,1,1,1,1,1,1,1
16951,5,lok,1,1,1,1,1,1,1,1,1,1,1,1,1,1,1,1
16952,3,iza,1,1,1,1,1,1,1,1,1,1,1,1,1,1,1,1
16953,4,mad,1,1,1,0,1,1,0,1,1,0,1,1,0,1,1,0
16954,3,hat,1,1,1,1,1,1,1,1,1,1,1,1,1,1,1,1
16955,2,ora,1,1,1,1,1,1,1,1,1,1,1,1,1,1,1,1
16956,4,bah,1,1,1,1,1,1,1,1,1,1,1,1,1,1,1,1
16957,4,ari,1,1,1,1,1,1,1,1,1,1,1,1,1,1,1,1
16958,3,tin,1,1,1,1,1,1,1,1,1,1,1,1,1,1,1,1
16959,3,nia,1,1,1,1,1,1,1,1,1,1,1,1,1,1,1,1
16960,2,lah,1,1,1,1,1,1,1,1,1,1,1,1,1,1,1,1
16961,3,ani,1,1,1,1,1,1,1,1,1,1,1,1,1,1,1,1
16962,4,mah,1,1,1,1,1,1,1,1,1,1,1,1,1,1,1,1
16963,4,ima,1,1,1,1,1,1,1,1,1,1,1,1,1,1,1,1
16964,3,ida,1,1,1,1,1,1,1,1,1,1,1,1,1,1,1,1
16965,4,kah,1,1,1,1,1,1,1,1,1,1,1,1,1,1,1,1
16966,3,ana,1,1,1,1,1,1,1,1,1,1,1,1,1,1,1,1
16967,3,rah,1,1,1,1,1,1,1,1,1,1,1,1,1,1,1,1
16968,2,roh,1,1,1,1,1,1,1,1,1,1,1,1,1,1,1,1
16969,4,aya,1,1,1,1,1,1,1,1,1,1,1,1,1,1,1,1
16970,4,lya,1,1,1,1,1,1,1,1,1,1,1,1,1,1,1,1
16971,3,ita,1,1,1,1,1,1,1,1,1,1,1,1,1,1,1,1
16972,3,yah,1,1,1,1,1,1,1,1,1,1,1,1,1,1,1,1
16973,2,sah,1,1,1,1,1,1,1,1,1,1,1,1,1,1,1,1
16974,2,fah,1,1,1,1,1,1,1,1,1,1,1,1,1,1,1,1
16975,4,isa,1,1,1,1,1,1,1,1,1,1,1,1,1,1,1,1
16976,3,sty,1,1,1,1,1,1,1,1,1,1,1,1,1,1,1,1
16977,2,ati,1,1,1,1,1,1,1,1,1,1,1,1,1,1,1,1
16978,2,jah,1,1,1,1,1,1,1,1,1,1,1,1,1,1,1,1
16979,4,ber,1,1,1,1,1,1,1,1,1,1,1,1,1,1,1,1
16980,3,lah,1,1,1,1,1,1,1,1,1,1,1,1,1,1,1,1
16981,2,yah,1,1,1,1,1,1,1,1,1,1,1,1,1,1,1,1
16982,3,ini,1,1,1,1,1,1,1,1,1,1,1,1,1,1,1,1
16983,3,ini,1,1,1,1,1,1,1,1,1,1,1,1,1,1,1,1
16984,4,ida,1,1,1,1,1,1,1,1,1,1,1,1,1,1,1,1
16985,2,yla,1,1,1,1,1,1,1,1,1,1,1,1,1,1,1,1
16986,4,sra,1,1,1,1,1,1,1,1,1,1,1,1,1,1,1,1
16987,3,ewi,1,1,1,1,1,1,1,1,1,1,1,1,1,1,1,1
16988,4,ong,1,1,1,1,1,1,1,1,1,1,1,1,1,1,1,1
16989,3,hra,1,1,1,1,1,1,1,1,1,1,1,1,1,1,1,1
16990,2,isa,1,1,1,1,1,1,1,1,1,1,1,1,1,1,1,1
16991,3,iah,1,1,1,1,1,1,1,1,1,1,1,1,1,1,1,1
16992,3,hra,1,1,1,1,1,1,1,1,1,1,1,1,1,1,1,1
16993,2,iro,1,1,1,1,1,1,1,1,1,1,1,1,1,1,1,1
16994,3,mah,1,1,1,1,1,1,1,1,1,1,1,1,1,1,1,1
16995,3,ila,1,1,1,1,1,1,1,1,1,1,1,1,1,1,1,1
16996,3,tya,1,1,1,1,1,1,1,1,1,1,1,1,1,1,1,1
16997,3,ani,1,1,1,1,1,1,1,1,1,1,1,1,1,1,1,1
16998,3,isa,1,1,1,1,1,1,1,1,1,1,1,1,1,1,1,1
16999,3,ani,1,1,1,1,1,1,1,1,1,1,1,1,1,1,1,1
17000,3,rie,1,1,1,1,1,1,1,1,1,1,1,1,1,1,1,1
17001,3,iha,1,1,1,1,1,1,1,1,1,1,1,1,1,1,1,1
17002,3,lia,1,1,1,1,1,1,1,1,1,1,1,1,1,1,1,1
17003,3,rah,1,1,1,1,1,1,1,1,1,1,1,1,1,1,1,1
17004,3,uda,1,1,1,1,1,1,1,1,1,1,1,1,1,1,1,1
17005,2,ika,1,1,1,1,1,1,1,1,1,1,1,1,1,1,1,1
17006,2,nah,1,1,1,1,1,1,1,1,1,1,1,1,1,1,1,1
17007,3,ana,1,1,1,1,1,1,1,1,1,1,1,1,1,1,1,1
17008,3,hah,1,1,1,1,1,1,1,1,1,1,1,1,1,1,1,1
17009,3,nti,1,1,1,1,1,1,1,1,1,1,1,1,1,1,1,1
17010,3,dra,1,1,1,1,1,1,1,1,1,1,1,1,1,1,1,1
17011,4,nah,1,1,1,1,1,1,1,1,1,1,1,1,1,1,1,1
17012,3,hra,1,1,1,1,1,1,1,1,1,1,1,1,1,1,1,1
17013,3,iza,1,1,1,1,1,1,1,1,1,1,1,1,1,1,1,1
17014,3,any,1,1,1,1,1,1,1,1,1,1,1,1,1,1,1,1
17015,2,ani,1,1,1,1,1,1,1,1,1,1,1,1,1,1,1,1
17016,3,sah,1,1,1,1,1,1,1,1,1,1,1,1,1,1,1,1
17017,3,yah,1,1,1,1,1,1,1,1,1,1,1,1,1,1,1,1
17018,3,fah,1,1,1,1,1,1,1,1,1,1,1,1,1,1,1,1
17019,3,mah,1,1,1,1,1,1,1,1,1,1,1,1,1,1,1,1
17020,3,fah,1,1,1,1,1,1,1,1,1,1,1,1,1,1,1,1
17021,3,jah,1,1,1,1,1,1,1,1,1,1,1,1,1,1,1,1
17022,3,nah,1,1,1,1,1,1,1,1,1,1,1,1,1,1,1,1
17023,2,sah,1,1,1,1,1,1,1,1,1,1,1,1,1,1,1,1
17024,2,dah,1,1,1,1,1,1,1,1,1,1,1,1,1,1,1,1
17025,3,hra,1,1,1,1,1,1,1,1,1,1,1,1,1,1,1,1
17026,3,nda,1,1,1,1,1,1,1,1,1,1,1,1,1,1,1,1
17027,2,sah,1,1,1,1,1,1,1,1,1,1,1,1,1,1,1,1
17028,2,jah,1,1,1,1,1,1,1,1,1,1,1,1,1,1,1,1
17029,3,jar,1,1,1,1,1,1,1,1,1,1,1,1,1,1,1,1
17030,3,yah,1,1,1,1,1,1,1,1,1,1,1,1,1,1,1,1
17031,3,iya,1,1,1,1,1,1,1,1,1,1,1,1,1,1,1,1
17032,3,lia,1,1,1,1,1,1,1,1,1,1,1,1,1,1,1,1
17033,3,sha,1,1,1,1,1,1,1,1,1,1,1,1,1,1,1,1
17034,3,ani,1,1,1,1,1,1,1,1,1,1,1,1,1,1,1,1
17035,3,fri,1,1,1,1,1,1,1,1,1,1,1,1,1,1,1,1
17036,3,ura,1,1,1,1,1,1,1,1,1,1,1,1,1,1,1,1
17037,2,ani,1,1,1,1,1,1,1,1,1,1,1,1,1,1,1,1
17038,4,yah,1,1,1,1,1,1,1,1,1,1,1,1,1,1,1,1
17039,4,ati,1,1,1,1,1,1,1,1,1,1,1,1,1,1,1,1
17040,2,uby,1,1,1,1,1,1,1,1,1,1,1,1,1,1,1,1
17041,3,dji,1,1,1,1,1,1,1,1,1,1,1,1,1,1,1,1
17042,3,ana,1,1,1,1,1,1,1,1,1,1,1,1,1,1,1,1
17043,4,nda,1,1,1,1,1,1,1,1,1,1,1,1,1,1,1,1
17044,2,lla,1,1,1,1,1,1,1,1,1,1,1,1,1,1,1,1
17045,4,yah,1,1,1,1,1,1,1,1,1,1,1,1,1,1,1,1
17046,4,rah,1,1,1,1,1,1,1,1,1,1,1,1,1,1,1,1
17047,3,isa,1,1,1,1,1,1,1,1,1,1,1,1,1,1,1,1
17048,3,isa,1,1,1,1,1,1,1,1,1,1,1,1,1,1,1,1
17049,3,mah,1,1,1,1,1,1,1,1,1,1,1,1,1,1,1,1
17050,4,bis,1,1,1,1,1,1,1,1,1,1,1,1,1,1,1,1
17051,3,awa,1,1,1,1,1,1,1,1,1,1,1,1,1,1,1,1
17052,3,ila,1,1,1,1,1,1,1,1,1,1,1,1,1,1,1,1
17053,2,fah,1,1,1,1,1,1,1,1,1,1,1,1,1,1,1,1
17054,4,lah,1,1,1,1,1,1,1,1,1,1,1,1,1,1,1,1
17055,3,dha,1,1,1,1,1,1,1,1,1,1,1,1,1,1,1,1
17056,2,yah,1,1,1,1,1,1,1,1,1,1,1,1,1,1,1,1
17057,4,adi,1,1,1,1,1,1,1,1,1,1,1,1,1,1,1,1
17058,3,ndi,1,1,1,1,1,1,1,1,1,1,1,1,1,1,1,1
17059,2,iah,1,1,1,1,1,1,1,1,1,1,1,1,1,1,1,1
17060,2,iah,1,1,1,1,1,1,1,1,1,1,1,1,1,1,1,1
17061,3,ini,1,1,1,1,1,1,1,1,1,1,1,1,1,1,1,1
17062,3,ifa,1,1,1,1,1,1,1,1,1,1,1,1,1,1,1,1
17063,3,ena,1,1,1,1,1,1,1,1,1,1,1,1,1,1,1,1
17064,4,ara,1,1,1,1,1,1,1,1,1,1,1,1,1,1,1,1
17065,3,dia,1,1,1,1,1,1,1,1,1,1,1,1,1,1,1,1
17066,3,yfa,1,1,1,1,1,1,1,1,1,1,1,1,1,1,1,1
17067,3,ani,1,1,1,1,1,1,1,1,1,1,1,1,1,1,1,1
17068,2,rah,1,1,1,1,1,1,1,1,1,1,1,1,1,1,1,1
17069,3,nus,1,1,1,1,1,1,1,1,1,1,1,1,1,1,1,1
17070,2,fia,1,1,1,1,1,1,1,1,1,1,1,1,1,1,1,1
17071,2,ati,1,1,1,1,1,1,1,1,1,1,1,1,1,1,1,1
17072,3,yah,1,1,1,1,1,1,1,1,1,1,1,1,1,1,1,1
17073,3,hie,0,0,0,0,0,0,0,0,0,0,0,0,0,0,0,0
17074,2,ida,1,1,1,1,1,1,1,1,1,1,1,1,1,1,1,1
17075,2,iah,1,1,1,1,1,1,1,1,1,1,1,1,1,1,1,1
17076,3,ita,1,1,1,1,1,1,1,1,1,1,1,1,1,1,1,1
17077,3,hra,1,1,1,1,1,1,1,1,1,1,1,1,1,1,1,1
17078,2,ani,1,1,1,1,1,1,1,1,1,1,1,1,1,1,1,1
17079,2,nti,1,1,1,1,1,1,1,1,1,1,1,1,1,1,1,1
17080,1,fia,1,1,1,1,1,1,1,1,1,1,1,1,1,1,1,1
17081,3,yat,1,1,1,0,1,1,0,1,1,0,1,1,0,1,1,0
17082,3,ssa,1,1,1,1,1,1,1,1,1,1,1,1,1,1,1,1
17083,4,iza,1,1,1,1,1,1,1,1,1,1,1,1,1,1,1,1
17084,3,esa,1,1,1,1,1,1,1,1,1,1,1,1,1,1,1,1
17085,3,tri,1,1,1,1,1,1,1,1,1,1,1,1,1,1,1,1
17086,2,ina,1,1,1,1,1,1,1,1,1,1,1,1,1,1,1,1
17087,2,ani,1,1,1,1,1,1,1,1,1,1,1,1,1,1,1,1
17088,2,ali,0,0,0,0,0,0,0,0,0,0,0,0,0,0,0,0
17089,4,sti,1,1,1,1,1,1,1,1,1,1,1,1,1,1,1,1
17090,3,soh,1,1,1,1,1,1,1,1,1,1,1,1,1,1,1,1
17091,2,ana,0,0,0,0,0,0,0,0,0,0,0,0,0,0,0,0
17092,2,nia,1,1,1,1,1,1,1,1,1,1,1,1,1,1,1,1
17093,2,ziz,0,0,0,0,0,0,0,0,0,0,0,0,0,0,0,0
17094,3,lis,1,1,1,1,1,1,1,1,1,1,1,1,1,1,1,1
17095,2,cia,1,1,1,1,1,1,1,1,1,1,1,1,1,1,1,1
17096,3,zki,1,1,1,1,1,1,1,1,1,1,1,1,1,1,1,1
17097,3,man,0,0,0,0,0,0,0,0,0,0,0,0,0,0,0,0
17098,3,ine,1,1,1,1,1,1,1,1,1,1,1,1,1,1,1,1
17099,4,rta,1,1,1,1,1,1,1,1,1,1,1,1,1,1,1,1
17100,1,ani,1,1,1,1,1,1,1,1,1,1,1,1,1,1,1,1
17101,3,ska,1,1,1,1,1,1,1,1,1,1,1,1,1,1,1,1
17102,3,ari,1,1,1,1,1,1,1,1,1,1,1,1,1,1,1,1
17103,2,gti,1,1,1,1,1,1,1,1,1,1,1,1,1,1,1,1
17104,2,lia,1,1,1,1,1,1,1,1,1,1,1,1,1,1,1,1
17105,2,ien,1,1,0,0,1,0,0,1,0,0,1,0,0,1,0,0
17106,2,iah,1,1,1,1,1,1,1,1,1,1,1,1,1,1,1,1
17107,2,ani,1,1,1,1,1,1,1,1,1,1,1,1,1,1,1,1
17108,1,nti,1,1,1,1,1,1,1,1,1,1,1,1,1,1,1,1
17109,3,aly,0,0,0,0,0,0,0,0,0,0,0,0,0,0,0,0
17110,3,yra,1,1,1,1,1,1,1,1,1,1,1,1,1,1,1,1
17111,3,nti,1,1,1,1,1,1,1,1,1,1,1,1,1,1,1,1
17112,5,aga,0,0,0,0,0,0,0,0,0,0,0,0,0,0,0,0
17113,3,ani,1,1,1,1,1,1,1,1,1,1,1,1,1,1,1,1
17114,2,ari,1,1,1,1,1,1,1,1,1,1,1,1,1,1,1,1
17115,3,uti,1,1,1,1,1,1,1,1,1,1,1,1,1,1,1,1
17116,3,gan,1,1,1,1,1,1,1,1,1,1,1,1,1,1,1,1
17117,2,ati,1,1,1,1,1,1,1,1,1,1,1,1,1,1,1,1
17118,2,lah,1,1,1,1,1,1,1,1,1,1,1,1,1,1,1,1
17119,4,hmi,1,1,1,1,1,1,1,1,1,1,1,1,1,1,1,1
17120,2,ari,1,1,1,1,1,1,1,1,1,1,1,1,1,1,1,1
17121,3,ifa,1,1,1,1,1,1,1,1,1,1,1,1,1,1,1,1
17122,4,syi,1,1,1,1,1,1,0,1,1,0,1,1,1,1,1,1
17123,2,nti,1,1,1,1,1,1,1,1,1,1,1,1,1,1,1,1
17124,3,rai,1,1,1,1,1,1,1,1,1,1,1,1,1,1,1,1
17125,3,rat,1,1,1,0,1,1,0,1,1,0,1,1,0,1,1,0
17126,3,tro,0,0,0,0,0,0,0,0,0,0,0,0,0,0,0,0
17127,3,wan,0,0,0,0,0,0,0,0,0,0,0,0,0,0,0,0
17128,3,oga,0,0,0,0,0,0,0,0,0,0,0,0,0,0,0,0
17129,3,nyu,0,0,0,0,0,0,0,0,0,0,0,0,0,0,0,0
17130,4,uan,1,1,1,0,1,1,0,1,1,0,1,1,0,1,1,0
17131,3,esh,1,1,1,1,1,1,1,1,1,1,1,1,1,1,1,1
17132,5,heg,1,1,1,1,1,1,1,1,1,1,1,1,1,1,1,1
17133,3,ani,1,1,1,1,1,1,1,1,1,1,1,1,1,1,1,1
17134,2,yat,1,1,0,1,1,0,1,1,0,1,1,0,1,1,0,1
17135,3,ita,1,1,1,1,1,1,1,1,1,1,1,1,1,1,1,1
17136,3,ary,1,1,1,1,1,1,1,1,1,1,1,1,1,1,1,1
17137,2,ndy,1,1,1,1,1,1,1,1,1,1,1,1,1,1,1,1
17138,2,lim,0,0,0,0,0,0,0,0,0,0,0,0,0,0,0,0
17139,3,tra,0,0,0,0,0,0,0,0,0,0,0,0,0,0,0,0
17140,1,nky,0,0,0,0,0,0,0,0,0,0,0,0,0,0,0,0
17141,3,ang,0,0,0,0,0,0,0,0,0,0,0,0,0,0,0,0
17142,3,aya,1,1,0,0,1,0,0,1,0,0,1,0,0,1,0,0
17143,3,ing,0,0,0,0,0,0,0,0,0,0,0,0,0,0,0,0
17144,4,ang,0,0,0,0,0,0,0,0,0,0,0,0,0,0,0,0
17145,3,aan,0,0,0,0,0,0,0,0,0,0,0,0,0,0,0,0
17146,2,dro,0,0,0,0,0,0,0,0,0,0,0,0,0,0,0,0
17147,4,rat,0,0,0,0,0,0,0,0,0,0,0,0,0,0,0,0
17148,4,aga,0,0,0,0,0,0,0,0,0,0,0,0,0,0,0,0
17149,3,aya,0,0,0,0,0,0,0,0,0,0,0,0,0,0,0,0
17150,3,nto,0,0,0,0,0,0,0,0,0,0,0,0,0,0,0,0
17151,3,ani,0,0,0,1,0,0,1,0,0,1,0,0,1,0,0,0
17152,2,lly,0,0,0,0,0,0,0,0,0,0,0,0,0,0,0,0
17153,3,nik,0,0,0,0,0,0,0,0,0,0,0,0,0,0,0,0
17154,3,hit,0,0,0,0,0,0,0,0,0,0,0,0,0,0,0,0
17155,3,nda,1,1,1,1,1,1,1,1,1,1,1,1,1,1,1,1
17156,3,ika,1,1,1,1,1,1,1,1,1,1,1,1,1,1,1,1
17157,3,lah,0,0,0,0,0,0,0,0,0,0,0,0,0,0,0,0
17158,3,wan,0,0,0,0,0,0,0,0,0,0,0,0,0,0,0,0
17159,3,han,0,0,0,0,0,0,0,0,0,0,0,0,0,0,0,0
17160,3,nga,1,1,1,1,1,1,1,1,1,1,1,1,1,1,1,1
17161,3,ani,1,1,1,1,1,1,1,1,1,1,1,1,1,1,1,1
17162,2,lia,1,1,1,1,1,1,1,1,1,1,1,1,1,1,1,1
17163,3,ari,1,1,1,1,1,1,1,1,1,1,1,1,1,1,1,1
17164,3,tri,1,1,1,1,1,1,1,1,1,1,1,1,1,1,1,1
17165,3,ira,1,1,1,1,1,1,1,1,1,0,1,1,1,1,1,0
17166,3,ati,1,1,1,1,1,1,1,1,1,1,1,1,1,1,1,1
17167,2,ana,1,1,1,1,1,1,1,1,1,1,1,1,1,1,1,1
17168,3,lah,1,1,1,1,1,1,1,1,1,1,1,1,1,1,1,1
17169,2,tya,1,1,1,1,1,1,1,1,1,1,1,1,1,1,1,1
17170,3,nik,1,1,1,1,1,1,1,1,1,1,1,1,1,1,1,1
17171,2,ati,1,1,1,1,1,1,1,1,1,1,1,1,1,1,1,1
17172,3,tri,1,1,1,1,1,1,1,1,1,1,1,1,1,1,1,1
17173,2,ati,1,1,1,1,1,1,1,1,1,1,1,1,1,1,1,1
17174,3,nti,1,1,1,1,1,1,1,1,1,1,1,1,1,1,1,1
17175,3,lah,0,0,1,1,0,1,1,0,1,1,0,1,1,0,1,1
17176,1,ana,0,0,0,1,0,0,0,0,0,0,0,0,0,0,0,0
17177,1,nah,1,1,1,1,1,1,1,1,1,1,1,1,1,1,1,1
17178,2,ima,0,1,0,0,1,0,0,1,0,0,1,0,0,1,0,0
17179,2,yah,0,0,0,0,0,0,0,0,0,0,0,0,0,0,0,0
17180,3,ani,1,1,1,1,1,1,1,1,1,1,1,1,1,1,1,1
17181,2,tri,1,1,1,1,1,1,1,1,1,1,1,1,1,1,1,1
17182,2,ana,0,0,0,0,0,0,0,0,0,0,0,0,0,0,0,0
17183,3,aji,0,0,0,0,0,0,0,0,0,0,0,0,0,0,0,0
17184,4,nto,0,0,0,0,0,0,0,0,0,0,0,0,0,0,0,0
17185,3,fan,0,0,0,0,0,0,0,0,0,0,0,0,0,0,0,0
17186,3,mad,0,0,0,0,0,0,0,0,0,0,0,0,0,0,0,0
17187,2,aki,0,0,0,0,0,0,0,0,0,0,0,0,0,0,0,0
17188,3,rdy,0,0,0,0,0,0,0,0,0,0,0,0,0,0,0,0
17189,3,ruk,0,0,0,0,0,0,0,0,0,0,0,0,0,0,0,0
17190,3,air,0,0,0,0,0,0,0,0,0,0,0,0,0,0,0,0
17191,4,rry,0,0,0,0,0,0,0,0,0,0,0,0,0,0,0,0
17192,3,wan,0,0,0,0,0,0,0,0,0,0,0,0,0,0,0,0
17193,3,ala,0,0,0,0,0,0,0,0,0,0,0,0,0,0,0,0
17194,3,sha,0,0,0,0,0,0,0,0,0,0,0,0,0,0,0,0
17195,2,fal,0,0,0,0,0,0,0,0,0,0,0,0,0,0,0,0
17196,3,ian,0,0,0,0,0,0,0,0,0,0,0,0,0,0,0,0
17197,3,zak,0,0,0,0,0,0,0,0,0,0,0,0,0,0,0,0
17198,3,abi,0,0,0,0,0,0,0,0,0,0,0,0,0,0,0,0
17199,3,ela,0,1,1,0,1,1,0,1,1,0,1,1,0,1,1,0
17200,3,wan,0,0,0,0,0,0,0,0,0,0,0,0,0,0,0,0
17201,3,ori,0,0,0,0,0,0,0,0,0,0,0,0,0,0,0,0
17202,3,zan,0,0,0,0,0,0,0,0,0,0,0,0,0,0,0,0
17203,3,tha,0,0,0,0,0,0,0,0,0,0,0,0,0,0,0,0
17204,3,fan,0,0,0,0,0,0,0,0,0,0,0,0,0,0,0,0
17205,3,kir,0,0,0,0,0,0,0,0,0,0,0,0,0,0,0,0
17206,3,ama,0,0,0,0,0,0,0,0,0,0,0,0,0,0,0,0
17207,3,man,0,0,0,0,0,0,0,0,0,0,0,0,0,0,0,0
17208,3,ria,0,0,0,0,0,0,0,0,0,0,0,0,0,0,0,0
17209,3,lim,0,0,0,0,0,0,0,0,0,0,0,0,0,0,0,0
17210,3,wan,0,0,0,0,0,0,0,0,0,0,0,0,0,0,0,0
17211,3,hal,0,0,0,0,0,0,0,0,0,0,0,0,0,0,0,0
17212,3,han,0,0,0,0,0,0,0,0,0,0,0,0,0,0,0,0
17213,3,him,0,0,0,0,0,0,0,0,0,0,0,0,0,0,0,0
17214,3,bar,0,0,0,0,0,0,0,0,0,0,0,0,0,0,0,0
17215,4,ata,0,0,0,0,0,0,0,0,0,0,0,0,0,0,0,0
17216,3,mal,0,0,0,0,0,0,0,0,0,0,0,0,0,0,0,0
17217,3,han,0,0,0,0,0,0,0,0,0,0,0,0,0,0,0,0
17218,3,war,0,0,0,1,0,0,0,0,0,0,0,0,0,0,0,0
17219,3,ing,0,0,0,0,0,0,0,0,0,0,0,0,0,0,0,0
17220,3,oho,0,0,0,0,0,0,0,0,0,0,0,0,0,0,0,0
17221,2,ida,1,0,0,0,0,0,0,0,0,0,0,0,1,0,0,0
17222,2,yah,1,1,1,1,1,1,1,1,1,1,1,1,1,1,1,1
17223,2,rsi,1,1,1,1,1,1,1,1,1,1,1,1,1,1,1,1
17224,2,adi,0,0,1,0,0,1,0,0,1,0,0,1,0,0,1,0
17225,3,sya,1,1,1,0,1,1,1,1,1,0,1,1,1,1,1,1
17226,3,ani,0,0,0,1,0,0,1,0,0,1,0,0,1,0,0,1
17227,3,tyo,0,0,0,0,0,0,0,0,0,0,0,0,0,0,0,0
17228,3,ika,0,0,0,0,0,0,0,0,0,0,0,0,0,0,0,0
17229,2,fti,0,0,0,1,0,0,1,0,0,0,0,0,1,0,0,1
17230,4,stu,0,0,0,0,0,0,0,0,0,0,0,0,0,0,0,0
17231,2,tya,0,0,0,0,0,0,0,0,0,0,0,0,0,0,0,0
17232,3,ari,1,1,1,1,1,1,1,1,1,1,1,1,1,1,1,1
17233,3,ita,1,1,1,1,1,1,1,1,1,1,1,1,1,1,1,1
17234,3,han,0,0,0,0,0,0,0,0,0,0,0,0,0,0,0,0
17235,2,ani,1,1,1,1,1,1,1,1,1,1,1,1,1,1,1,1
17236,3,ari,1,1,1,1,1,1,1,1,1,1,1,1,1,1,1,1
17237,3,nti,1,1,1,1,1,1,1,1,1,1,1,1,1,1,1,1
17238,2,ini,1,1,1,1,1,1,1,1,1,1,1,1,1,1,1,1
17239,3,omo,0,0,0,0,0,0,0,0,0,0,0,0,0,0,0,0
17240,3,hap,0,0,0,0,0,0,0,0,0,0,0,0,0,0,0,0
17241,4,nan,0,0,0,0,0,0,0,0,0,0,0,0,0,0,0,0
17242,3,nci,1,1,1,1,1,1,1,1,1,1,1,1,1,1,1,1
17243,3,ita,1,1,1,1,1,1,1,1,1,1,1,1,1,1,1,1
17244,3,ang,0,0,0,0,0,0,0,0,0,0,0,0,0,0,0,0
17245,3,man,1,1,1,0,1,1,0,1,1,0,1,1,1,1,1,0
17246,3,aru,1,1,1,1,1,1,1,1,1,1,1,1,1,1,1,1
17247,2,lia,1,1,1,1,1,1,1,1,1,1,1,1,1,1,1,1
17248,3,ora,1,1,1,1,1,1,1,1,1,1,1,1,1,1,1,1
17249,4,ika,1,1,1,1,1,1,1,1,1,1,1,1,1,1,1,1
17250,2,mal,1,1,1,1,1,1,1,1,1,1,1,1,1,1,1,1
17251,3,ono,1,0,0,0,0,0,0,0,0,0,0,0,0,0,0,0
17252,3,oho,1,0,0,0,0,0,0,0,0,0,0,0,0,0,0,0
17253,2,zan,0,0,0,0,0,0,0,0,0,0,0,0,0,0,0,0
17254,3,nia,1,1,1,1,1,1,1,1,1,1,1,1,1,1,1,1
17255,4,awa,1,1,1,1,1,1,1,1,1,1,1,1,1,1,1,1
17256,3,ila,1,1,1,1,1,1,1,1,1,1,1,1,1,1,1,1
17257,3,ian,1,1,0,0,1,0,0,1,0,0,1,0,0,1,0,0
17258,3,lia,1,1,1,1,1,1,1,1,1,1,1,1,1,1,1,1
17259,2,zwa,1,1,1,1,1,1,1,1,1,1,1,1,1,1,1,1
17260,3,ndi,1,1,1,1,1,1,1,1,1,1,1,1,1,1,1,1
17261,3,nto,1,1,1,0,1,1,0,1,1,0,1,1,0,1,1,0
17262,4,ina,1,1,1,1,1,1,1,1,1,1,1,1,1,1,1,1
17263,3,din,1,1,1,1,1,1,1,1,1,1,1,1,1,1,1,1
17264,2,tin,1,1,1,1,1,1,1,1,1,1,1,1,1,1,1,1
17265,3,aya,0,0,0,0,0,0,0,0,0,0,0,0,0,0,0,0
17266,2,yah,1,1,1,1,1,1,1,1,1,1,1,1,1,1,1,1
17267,2,kis,1,1,1,0,1,1,0,1,1,0,1,1,0,1,1,1
17268,3,mah,1,1,1,1,1,1,1,1,1,1,1,1,1,1,1,1
17269,3,ari,1,1,1,1,1,1,1,1,1,1,1,1,1,1,1,1
17270,3,ino,0,0,0,0,0,0,0,0,0,0,0,0,0,0,0,0
17271,2,yid,0,0,0,0,0,0,0,0,0,0,0,0,0,0,0,0
17272,3,rza,0,0,0,0,0,0,0,0,0,0,0,0,0,0,0,0
17273,2,ara,0,0,0,0,0,0,0,0,0,0,0,0,0,0,0,0
17274,3,yat,0,0,0,0,0,0,0,0,0,0,0,0,0,0,0,0
17275,4,han,0,0,0,0,0,0,0,0,0,0,0,0,0,0,0,0
17276,3,tra,0,0,0,0,0,0,0,0,0,0,0,0,0,0,0,0
17277,2,ila,1,1,1,1,1,1,1,1,1,1,1,1,1,1,1,1
17278,4,tri,1,1,1,1,1,1,1,1,1,1,1,1,1,1,1,1
17279,3,ari,1,1,1,1,1,1,1,1,1,1,1,1,1,1,1,1
17280,3,nti,1,1,1,1,1,1,1,1,1,1,1,1,1,1,1,1
17281,3,ari,1,1,1,1,1,1,1,1,1,1,1,1,1,1,1,1
17282,3,isa,1,1,1,1,1,1,1,1,1,1,1,1,1,1,1,1
17283,3,ini,1,1,1,1,1,1,1,1,1,1,1,1,1,1,1,1
17284,2,nti,1,1,1,1,1,1,1,1,1,1,1,1,1,1,1,1
17285,3,ira,1,1,1,1,1,1,1,1,1,1,1,1,1,1,1,1
17286,4,aya,1,1,1,1,1,1,1,1,1,1,1,1,1,1,1,1
17287,4,end,1,1,1,1,1,1,1,1,1,1,1,1,1,1,1,1
17288,3,ang,1,1,1,1,1,1,1,1,1,1,1,1,1,1,1,1
17289,2,iza,1,1,1,1,1,1,1,1,1,1,1,1,1,1,1,1
17290,2,nam,0,0,0,0,0,0,0,0,0,0,0,0,0,0,0,0
17291,1,yah,1,1,1,1,1,1,1,1,1,1,1,1,1,1,1,1
17292,3,ako,1,0,0,1,0,0,0,0,0,0,0,0,1,0,0,1
17293,3,evi,0,0,0,0,0,0,0,0,0,0,0,0,0,0,0,0
17294,3,awi,0,0,0,0,0,0,0,0,0,0,0,0,0,0,0,0
17295,3,ham,0,0,0,0,0,0,0,0,0,0,0,0,0,0,0,0
17296,4,tri,1,1,1,1,1,1,1,1,1,1,1,1,1,1,1,1
17297,1,tir,0,1,0,1,1,0,1,1,0,0,1,0,1,1,0,1
17298,3,san,0,0,0,0,0,0,0,0,0,0,0,0,0,0,0,0
17299,3,awa,0,0,0,0,0,0,0,0,0,0,0,0,0,0,0,0
17300,3,iza,0,0,1,1,0,1,1,0,1,1,0,1,1,0,1,1
17301,2,ham,0,0,0,0,0,0,0,0,0,0,0,0,0,0,0,0
17302,3,mah,1,1,1,1,1,1,1,1,1,1,1,1,1,1,1,1
17303,3,zza,1,1,1,1,1,1,1,1,1,1,1,1,1,1,1,1
17304,3,hah,1,1,1,1,1,1,1,1,1,1,1,1,1,1,1,1
17305,2,fah,1,1,1,1,1,1,1,1,1,1,1,1,1,1,1,1
17306,3,aya,1,1,1,1,1,1,1,1,1,1,1,1,1,1,1,1
17307,3,tri,1,1,1,1,1,1,1,1,1,1,1,1,1,1,1,1
17308,3,ari,1,1,1,1,1,1,1,1,1,1,1,1,1,1,1,1
17309,3,hra,1,1,1,1,1,1,1,1,1,1,1,1,1,1,1,1
17310,3,lah,1,1,1,1,1,1,1,1,1,1,1,1,1,1,1,1
17311,2,fah,1,1,1,1,1,1,1,1,1,1,1,1,1,1,1,1
17312,3,zal,1,1,1,1,1,1,1,1,1,1,1,1,1,1,1,1
17313,3,ahi,1,1,1,1,1,1,1,1,1,1,1,1,1,1,1,1
17314,2,hra,1,1,1,1,1,1,1,1,1,1,1,1,1,1,1,1
17315,4,oro,1,1,1,1,1,1,1,1,1,1,1,1,1,1,1,1
17316,3,eta,1,1,1,1,1,1,1,1,1,1,1,1,1,1,1,1
17317,4,hon,1,1,0,1,1,0,1,1,0,1,1,0,1,1,0,1
17318,3,ami,1,1,1,1,1,1,1,1,1,1,1,1,1,1,1,1
17319,3,sty,1,1,1,1,1,1,1,1,1,1,1,1,1,1,1,1
17320,3,ika,1,1,1,1,1,1,1,1,1,1,1,1,1,1,1,1
17321,2,han,0,0,0,0,0,0,0,0,0,0,0,0,0,0,0,0
17322,3,han,0,0,0,0,0,0,0,0,0,0,0,0,0,0,0,0
17323,3,uar,0,0,0,0,0,0,0,0,0,0,0,0,0,0,0,0
17324,2,lah,0,0,0,0,0,0,0,0,0,0,0,0,0,0,0,0
17325,3,sha,0,0,0,0,0,0,0,0,0,0,0,0,0,0,0,0
17326,2,bad,0,0,0,0,0,0,0,0,0,0,0,0,0,0,0,0
17327,3,wan,0,0,0,0,0,0,0,0,0,0,0,0,0,0,0,0
17328,2,lum,0,0,0,0,0,0,0,0,0,0,0,0,0,0,0,0
17329,2,din,0,0,0,0,0,0,0,0,0,0,0,0,0,0,0,0
17330,3,uzi,0,0,0,0,0,0,0,0,0,0,0,0,0,0,0,0
17331,3,ldy,0,0,0,0,0,0,0,0,0,0,0,0,0,0,0,0
17332,3,han,1,1,1,1,1,1,1,1,1,1,1,1,1,1,1,1
17333,2,isa,1,1,1,1,1,1,1,1,1,1,1,1,1,1,1,1
17334,3,ani,1,1,1,1,1,1,1,1,1,1,1,1,1,1,1,1
17335,3,tra,0,0,0,0,0,0,0,0,0,0,0,0,0,0,0,0
17336,2,fus,1,1,1,0,1,1,0,1,1,0,1,1,0,1,1,0
17337,2,tri,1,1,1,1,1,1,1,1,1,1,1,1,1,1,1,1
17338,2,haq,0,0,0,0,0,0,0,0,0,0,0,0,0,0,0,0
17339,3,tha,1,1,1,0,1,1,0,1,1,0,1,1,0,1,1,0
17340,3,min,1,1,1,1,1,1,1,1,1,1,1,1,1,1,1,1
17341,3,tri,1,1,1,1,1,1,1,1,1,1,1,1,1,1,1,1
17342,4,wan,1,1,1,1,1,1,1,1,1,1,1,1,1,1,1,1
17343,2,syd,0,0,0,0,0,0,0,0,0,0,0,0,0,0,0,0
17344,3,nia,1,1,1,1,1,1,1,1,1,1,1,1,1,1,1,1
17345,3,san,1,1,1,0,1,1,0,1,1,0,1,1,0,1,1,0
17346,3,eni,1,1,1,1,1,1,1,1,1,1,1,1,1,1,1,1
17347,3,nda,1,1,1,1,1,1,1,1,1,1,1,1,1,1,1,1
17348,2,ini,1,1,1,1,1,1,1,1,1,1,1,1,1,1,1,1
17349,2,jji,1,1,1,1,1,1,1,1,1,1,1,1,1,1,1,1
17350,3,yah,0,0,0,0,0,0,0,0,0,0,0,0,0,0,0,0
17351,3,taz,1,1,1,0,1,1,0,1,1,0,1,1,0,1,1,0
17352,3,hra,1,1,1,1,1,1,1,1,1,1,1,1,1,1,1,1
17353,3,asa,0,1,1,1,1,1,1,1,1,1,1,1,1,1,1,1
17354,4,kia,1,1,1,1,1,1,1,1,1,1,1,1,1,1,1,1
17355,3,tri,1,1,1,1,1,1,1,1,1,1,1,1,1,1,1,1
17356,3,ina,1,1,1,1,1,1,1,1,1,1,1,1,1,1,1,1
17357,3,isa,1,1,1,1,1,1,1,1,1,1,1,1,1,1,1,1
17358,3,lia,1,1,1,1,1,1,1,1,1,1,1,1,1,1,1,1
17359,2,iza,1,1,1,0,1,1,0,1,1,0,1,1,0,1,1,0
17360,2,ita,1,1,1,1,1,1,1,1,1,1,1,1,1,1,1,1
17361,2,ida,1,1,1,1,1,1,1,1,1,1,1,1,1,1,1,1
17362,3,wan,0,0,0,0,0,0,0,0,0,0,0,0,0,0,0,0
17363,3,ama,0,0,0,0,0,0,0,0,0,0,0,0,0,0,0,0
17364,2,lah,1,1,1,0,1,1,0,1,1,0,1,1,0,1,1,0
17365,3,ira,1,1,1,1,1,1,1,1,1,1,1,1,1,1,1,1
17366,2,lia,1,1,1,1,1,1,1,1,1,1,1,1,1,1,1,1
17367,2,ora,1,1,1,1,1,1,1,1,1,1,1,1,1,1,1,1
17368,2,ana,1,1,1,1,1,1,1,1,1,1,1,1,1,1,1,1
17369,3,lah,0,0,0,0,0,0,0,0,0,0,0,0,0,0,0,0
17370,3,zqy,0,0,0,0,0,0,0,0,0,0,0,0,0,0,0,0
17371,3,oho,0,0,0,0,0,0,0,0,0,0,0,0,0,0,0,0
17372,3,nli,1,1,1,1,1,1,1,1,1,1,1,1,1,1,1,1
17373,4,odo,1,1,1,1,1,1,1,1,1,1,1,1,1,1,1,1
17374,3,nah,1,1,1,1,1,1,1,1,1,1,1,1,1,1,1,1
17375,3,ede,1,1,1,1,1,1,1,1,1,1,1,1,1,1,1,1
17376,3,hra,1,1,1,1,1,1,1,1,1,1,1,1,1,1,1,1
17377,3,mah,1,1,1,1,1,1,1,1,1,1,1,1,1,1,1,1
17378,2,ila,1,1,1,1,1,1,1,1,1,1,1,1,1,1,1,1
17379,3,tri,1,1,1,1,1,1,1,1,1,1,1,1,1,1,1,1
17380,4,nah,1,1,1,1,1,1,1,1,1,1,1,1,1,1,1,1
17381,3,ila,1,1,1,1,1,1,1,1,1,1,1,1,1,1,1,1
17382,2,yah,1,1,1,1,1,1,1,1,1,1,1,1,1,1,1,1
17383,2,hur,0,0,0,0,0,0,0,0,0,0,0,0,0,0,0,0
17384,2,ina,1,1,1,1,1,1,1,1,1,1,1,1,1,1,1,1
17385,2,ana,0,0,0,0,0,0,0,0,0,0,0,0,0,0,0,0
17386,3,lwa,1,1,1,1,1,1,1,1,1,1,1,1,1,1,1,1
17387,3,dro,1,1,1,0,1,1,0,1,1,0,1,1,0,1,1,0
17388,3,ila,1,1,1,1,1,1,1,1,1,1,1,1,1,1,1,1
17389,4,e s,0,0,0,0,0,0,0,0,0,0,0,0,0,0,0,0
17390,3,ran,0,0,0,0,0,0,0,0,0,0,0,0,0,0,0,0
17391,2,ani,1,1,1,1,1,1,1,1,1,1,1,1,1,1,1,1
17392,3,nan,1,1,1,0,1,1,0,1,1,0,1,1,0,1,1,0
17393,3,eem,0,0,0,0,0,0,0,0,0,0,0,0,0,0,0,0
17394,4,bow,1,1,1,0,1,1,0,1,1,0,1,1,0,1,1,0
17395,3,ono,1,1,1,1,1,1,1,1,1,1,1,1,1,1,1,1
17396,4,wan,0,0,0,0,0,0,0,0,0,0,0,0,0,0,0,0
17397,3,owo,0,0,0,0,0,0,0,0,0,0,0,0,0,0,0,0
17398,2,nia,1,1,1,1,1,1,1,1,1,1,1,1,1,1,1,1
17399,4,tah,1,0,1,1,0,1,1,0,1,1,0,1,1,0,1,1
17400,3,man,0,0,0,0,0,0,0,0,0,0,0,0,0,0,0,0
17401,3,iko,1,0,0,0,0,0,0,0,0,0,0,0,0,0,0,0
17402,2,isa,1,1,1,1,1,1,1,1,1,1,1,1,1,1,1,1
17403,3,nti,1,1,1,1,1,1,1,1,1,1,1,1,1,1,1,1
17404,3,zal,1,0,0,0,0,0,0,0,0,0,0,0,0,0,0,0
17405,3,ari,1,1,1,1,1,1,1,1,1,1,1,1,1,1,1,1
17406,3,ani,1,1,1,1,1,1,1,1,1,1,1,1,1,1,1,1
17407,3,hra,1,1,1,1,1,1,1,1,1,1,1,1,1,1,1,1
17408,3,ndi,1,1,1,1,1,1,1,1,1,1,1,1,1,1,1,1
17409,3,ani,1,1,1,1,1,1,1,1,1,1,1,1,1,1,1,1
17410,3,ani,1,1,1,1,1,1,1,1,1,1,1,1,1,1,1,1
17411,2,isa,1,1,1,1,1,1,1,1,1,1,1,1,1,1,1,1
17412,3,tri,1,1,1,1,1,1,1,1,1,1,1,1,1,1,1,1
17413,3,isa,1,1,1,1,1,1,1,1,1,1,1,1,1,1,1,1
17414,3,ani,1,1,1,1,1,1,1,1,1,1,1,1,1,1,1,1
17415,3,the,1,1,1,1,1,1,1,1,1,1,1,1,1,1,1,1
17416,3,ari,1,1,1,1,1,1,1,1,1,1,1,1,1,1,1,1
17417,3,war,1,1,1,1,1,1,1,1,1,1,1,1,1,1,1,1
17418,3,lia,1,1,1,1,1,1,1,1,1,1,1,1,1,1,1,1
17419,3,sya,1,1,1,1,1,1,1,1,1,1,1,1,1,1,1,1
17420,3,hra,1,1,1,1,1,1,1,1,1,1,1,1,1,1,1,1
17421,4,oho,1,1,1,0,1,1,0,1,1,0,1,1,0,1,1,0
17422,3,ani,1,1,1,1,1,1,1,1,1,1,1,1,1,1,1,1
17423,4,wan,1,1,1,1,1,1,1,1,1,1,1,1,1,1,1,1
17424,4,ila,1,1,1,1,1,1,1,1,1,1,1,1,1,1,1,1
17425,4,wah,1,1,1,1,1,1,1,1,1,1,1,1,1,1,1,1
17426,2,hra,1,1,1,1,1,1,1,1,1,1,1,1,1,1,1,1
17427,3,lia,1,1,1,1,1,1,1,1,1,1,1,1,1,1,1,1
17428,2,sya,1,1,1,1,1,1,1,1,1,1,1,1,1,1,1,1
17429,3,hra,1,1,1,1,1,1,1,1,1,1,1,1,1,1,1,1
17430,3,dar,1,1,1,0,1,1,0,1,1,0,1,1,0,1,1,0
17431,3,aza,1,1,1,1,1,1,1,1,1,1,1,1,1,1,1,1
17432,3,nah,1,1,1,1,1,1,1,1,1,1,1,1,1,1,1,1
17433,3,tri,1,1,1,1,1,1,1,1,1,1,1,1,1,1,1,1
17434,2,rah,1,1,1,1,1,1,1,1,1,1,1,1,1,1,1,1
17435,3,aya,1,1,1,1,1,1,1,1,1,1,1,1,1,1,1,1
17436,2,ati,1,1,1,1,1,1,1,1,1,1,1,1,1,1,1,1
17437,3,ian,1,1,1,0,1,1,0,1,1,0,1,1,0,1,1,0
17438,3,tri,1,1,1,1,1,1,1,1,1,1,1,1,1,1,1,1
17439,2,nda,1,1,1,1,1,1,1,1,1,1,1,1,1,1,1,1
17440,3,nti,1,1,1,1,1,1,1,1,1,1,1,1,1,1,1,1
17441,3,ita,1,1,1,1,1,1,1,1,1,1,1,1,1,1,1,1
17442,3,nto,1,1,1,0,1,1,0,1,1,0,1,1,0,1,1,0
17443,3,lya,1,1,1,1,1,1,1,1,1,1,1,1,1,1,1,1
17444,3,hra,1,1,1,1,1,1,1,1,1,1,1,1,1,1,1,1
17445,3,tri,1,1,1,1,1,1,1,1,1,1,1,1,1,1,1,1
17446,3,wah,1,1,1,1,1,1,1,1,1,1,1,1,1,1,1,1
17447,3,ini,1,1,1,1,1,1,1,1,1,1,1,1,1,1,1,1
17448,3,lia,1,1,1,1,1,1,1,1,1,1,1,1,1,1,1,1
17449,3,lah,1,1,1,1,1,1,1,1,1,1,1,1,1,1,1,1
17450,4,han,1,1,1,0,1,1,0,1,1,0,1,1,0,1,1,0
17451,2,fia,1,1,1,1,1,1,1,1,1,1,1,1,1,1,1,1
17452,2,yas,1,1,1,1,1,1,1,1,1,1,1,1,1,1,1,1
17453,3,ogo,1,1,1,1,1,1,1,1,1,1,1,1,1,1,1,1
17454,3,iya,1,1,1,1,1,1,1,1,1,1,1,1,1,1,1,1
17455,2,man,1,1,1,0,1,1,0,1,1,0,1,1,0,1,1,0
17456,4,tri,1,1,1,1,1,1,1,1,1,1,1,1,1,1,1,1
17457,2,lma,1,1,1,1,1,1,1,1,1,1,1,1,1,1,1,1
17458,3,zan,1,1,1,1,1,1,1,1,1,1,1,1,1,1,1,1
17459,3,ati,1,1,1,1,1,1,1,1,1,1,1,1,1,1,1,1
17460,3,hra,1,1,1,1,1,1,1,1,1,1,1,1,1,1,1,1
17461,3,aus,1,1,0,0,1,0,0,1,0,0,1,0,0,1,0,0
17462,3,iri,0,0,0,0,0,0,0,0,0,0,0,0,0,0,0,0
17463,2,rwa,1,1,1,0,1,1,0,1,1,0,1,1,0,1,1,0
17464,3,nti,1,1,1,1,1,1,1,1,1,1,1,1,1,1,1,1
17465,2,uan,1,1,1,1,1,1,1,1,1,1,1,1,1,1,1,1
17466,3,lah,1,1,1,1,1,1,1,1,1,1,1,1,1,1,1,1
17467,3,ndi,1,1,1,0,1,1,0,1,1,0,1,1,0,1,1,0
17468,2,ani,1,1,1,1,1,1,1,1,1,1,1,1,1,1,1,1
17469,2,ita,1,1,1,1,1,1,1,1,1,1,1,1,1,1,1,1
17470,3,ati,1,1,1,1,1,1,1,1,1,1,1,1,1,1,1,1
17471,2,ati,1,1,1,1,1,1,1,1,1,1,1,1,1,1,1,1
17472,3,tra,0,0,0,0,0,0,0,0,0,0,0,0,0,0,0,0
17473,2,ani,1,1,1,1,1,1,1,1,1,1,1,1,1,1,1,1
17474,4,ito,1,1,1,1,1,1,1,1,1,1,1,1,1,1,1,1
17475,3,rti,1,1,1,1,1,1,1,1,1,1,1,1,1,1,1,1
17476,3,ari,1,1,1,1,1,1,1,1,1,1,1,1,1,1,1,1
17477,2,ana,0,1,1,1,1,1,1,1,1,1,1,1,1,1,1,1
17478,3,kla,0,0,0,0,0,0,0,0,0,0,0,0,0,0,0,0
17479,3,ian,1,0,0,0,0,0,0,0,0,0,0,0,0,0,0,0
17480,3,ewi,1,1,1,1,1,1,1,1,1,1,1,1,1,1,1,1
17481,3,yah,1,1,1,1,1,1,1,1,1,1,1,1,1,1,1,1
17482,3,ura,1,1,1,1,1,1,1,1,1,1,1,1,1,1,1,1
17483,2,ono,1,1,0,0,1,0,0,1,0,0,1,0,0,1,0,0
17484,3,tri,1,1,1,1,1,1,1,1,1,1,1,1,1,1,1,1
17485,3,dya,1,1,1,1,1,1,1,1,1,1,1,1,1,1,1,1
17486,3,hma,1,1,1,1,1,1,1,1,1,1,1,1,1,1,1,1
17487,3,hra,1,1,1,1,1,1,1,1,1,1,1,1,1,1,1,1
17488,3,ani,1,1,1,1,1,1,1,1,1,1,1,1,1,1,1,1
17489,2,ani,1,1,1,1,1,1,1,1,1,1,1,1,1,1,1,1
17490,3,aya,1,1,1,1,1,1,1,1,1,1,1,1,1,1,1,1
17491,4,nto,1,1,1,1,1,1,1,1,1,1,1,1,1,1,1,1
17492,4,lia,1,1,1,1,1,1,1,1,1,1,1,1,1,1,1,1
17493,2,yra,1,1,1,1,1,1,1,1,1,1,1,1,1,1,1,1
17494,2,lah,1,1,1,1,1,1,1,1,1,1,1,1,1,1,1,1
17495,3,ita,1,1,1,1,1,1,1,1,1,1,1,1,1,1,1,1
17496,3,ani,1,1,1,1,1,1,1,1,1,1,1,1,1,1,1,1
17497,4,hsa,1,1,1,1,1,1,1,1,1,1,1,1,1,1,1,1
17498,3,dra,1,1,1,1,1,1,1,1,1,1,1,1,1,1,1,1
17499,3,tin,1,1,1,1,1,1,1,1,1,1,1,1,1,1,1,1
17500,3,upy,1,1,1,1,1,1,1,1,1,1,1,1,1,1,1,1
17501,2,kha,1,1,1,1,1,1,1,1,1,1,1,1,1,1,1,1
17502,3,ani,1,1,1,1,1,1,1,1,1,1,1,1,1,1,1,1
17503,3,ari,1,1,1,1,1,1,1,1,1,1,1,1,1,1,1,1
17504,2,yat,1,0,0,0,0,0,0,0,0,0,0,0,0,0,0,0
17505,3,zqi,0,0,1,1,0,1,1,0,1,1,0,1,1,0,1,1
17506,3,lla,1,1,1,1,1,1,1,1,1,1,1,1,1,1,1,1
17507,3,ran,1,1,1,1,1,1,1,1,1,0,1,1,1,1,1,0
17508,1,kas,0,0,0,0,0,0,0,0,0,0,0,0,0,0,0,0
17509,2,ani,1,1,1,1,1,1,1,1,1,1,1,1,1,1,1,1
17510,2,dia,1,1,1,1,1,1,1,1,1,1,1,1,1,1,1,1
17511,3,lah,1,1,1,1,1,1,1,1,1,1,1,1,1,1,1,1
17512,4,ani,1,1,1,1,1,1,1,1,1,1,1,1,1,1,1,1
17513,3, aj,1,1,1,1,1,1,1,1,1,1,1,1,1,1,1,1
17514,2,ana,1,1,1,1,1,1,1,1,1,1,1,1,1,1,1,1
17515,3,ani,1,1,1,1,1,1,1,1,1,1,1,1,1,1,1,1
17516,3,nti,1,1,1,1,1,1,1,1,1,1,1,1,1,1,1,1
17517,3,ani,0,0,0,0,0,0,0,0,0,0,0,0,0,0,0,0
17518,3,ati,1,1,1,1,1,1,1,1,1,1,1,1,1,1,1,1
17519,3,ril,0,0,0,0,0,0,0,0,0,0,0,0,0,0,0,0
17520,4,omo,0,0,0,0,0,0,0,0,0,0,0,0,0,0,0,0
17521,3,rif,0,0,0,0,0,0,0,0,0,0,0,0,0,0,0,0
17522,3,ano,0,0,0,0,0,0,0,0,0,0,0,0,0,0,0,0
17523,3,sty,1,1,1,1,1,1,1,1,1,1,1,1,1,1,1,1
17524,3,aya,1,0,1,0,0,1,0,0,1,0,0,1,0,0,1,0
17525,2,ati,1,1,1,1,1,1,1,1,1,1,1,1,1,1,1,1
17526,3,zli,1,1,1,1,1,1,1,1,1,1,1,1,1,1,1,1
17527,3,dah,1,1,1,1,1,1,1,1,1,1,1,1,1,1,1,1
17528,2,tan,1,1,1,1,1,1,1,1,1,1,1,1,1,1,1,1
17529,3,nto,1,1,1,0,1,1,0,1,1,0,1,1,0,1,1,0
17530,3,oho,1,1,1,0,1,1,0,1,1,0,1,1,0,1,1,0
17531,2,ofa,1,1,1,1,1,1,1,1,1,1,1,1,1,1,1,1
17532,3,ini,1,1,1,1,1,1,1,1,1,1,1,1,1,1,1,1
17533,2,sta,1,1,1,1,1,1,1,1,1,1,1,1,1,1,1,1
17534,2,lia,1,1,1,1,1,1,1,1,1,1,1,1,1,1,1,1
17535,2,ari,1,1,1,1,1,1,1,1,1,1,1,1,1,1,1,1
17536,3,ani,1,1,1,1,1,1,1,1,1,1,1,1,1,1,1,1
17537,3,adi,1,1,1,0,1,1,0,1,1,0,1,1,0,1,1,0
17538,4,oho,1,1,1,1,1,1,1,1,1,1,1,1,1,1,1,1
17539,3,tta,1,1,1,1,1,1,1,1,1,1,1,1,1,1,1,1
17540,3,sti,1,1,1,1,1,1,1,1,1,1,1,1,1,1,1,1
17541,2,ora,1,1,1,1,1,1,1,1,1,1,1,1,1,1,1,1
17542,3,tri,1,1,1,1,1,1,1,1,1,1,1,1,1,1,1,1
17543,3,ita,1,1,1,1,1,1,1,1,1,1,1,1,1,1,1,1
17544,2,ila,1,1,1,1,1,1,1,1,1,1,1,1,1,1,1,1
17545,3,hra,1,1,1,1,1,1,1,1,1,1,1,1,1,1,1,1
17546,2,ina,1,1,1,1,1,1,1,1,1,1,1,1,1,1,1,1
17547,3,tri,1,1,1,1,1,1,1,1,1,1,1,1,1,1,1,1
17548,3,tri,1,1,1,1,1,1,1,1,1,1,1,1,1,1,1,1
17549,3,tri,1,1,1,1,1,1,1,1,1,1,1,1,1,1,1,1
17550,2,ari,1,1,1,1,1,1,1,1,1,1,1,1,1,1,1,1
17551,4,itr,1,1,1,0,1,1,0,1,1,0,1,1,0,1,1,0
17552,3,tri,1,1,1,1,1,1,1,1,1,1,1,1,1,1,1,1
17553,2,ani,1,1,1,1,1,1,1,1,1,1,1,1,1,1,1,1
17554,2,lla,1,1,1,1,1,1,1,1,1,1,1,1,1,1,1,1
17555,4,man,1,1,1,1,1,1,0,1,1,0,1,1,1,1,1,0
17556,3,ary,1,1,1,1,1,1,1,1,1,1,1,1,1,1,1,1
17557,3,ani,1,1,1,1,1,1,1,1,1,1,1,1,1,1,1,1
17558,2,yah,1,1,1,1,1,1,1,1,1,1,1,1,1,1,1,1
17559,4,aya,0,0,0,0,0,0,0,0,0,0,0,0,0,0,0,0
17560,4,dra,0,0,0,0,0,0,0,0,0,0,0,0,0,0,0,0
17561,3,van,1,1,1,1,1,1,1,1,1,1,1,1,1,1,1,1
17562,3,han,0,0,0,0,0,0,0,0,0,0,0,0,0,0,0,0
17563,2,man,0,0,0,0,0,0,0,0,0,0,0,0,0,0,0,0
17564,3,dia,0,0,0,0,0,0,0,0,0,0,0,0,0,0,0,0
17565,2,man,0,0,0,0,0,0,0,0,0,0,0,0,0,0,0,0
17566,2,wan,0,0,0,0,0,0,0,0,0,0,0,0,0,0,0,0
17567,3,aha,0,0,0,0,0,0,0,0,0,0,0,0,0,0,0,0
17568,2,qim,0,0,0,0,0,0,0,0,0,0,0,0,0,0,0,0
17569,3,yah,0,1,1,1,1,1,1,1,1,1,1,1,1,1,1,1
17570,3,han,1,1,1,0,1,1,0,1,1,0,1,1,0,1,1,0
17571,3,mad,1,1,1,0,1,1,0,1,1,0,1,1,0,1,1,0
17572,3,lah,1,1,1,1,1,1,1,1,1,1,1,1,1,1,1,1
17573,3,wwa,1,1,1,1,1,1,1,1,1,1,1,1,1,1,1,1
17574,2,rif,0,0,0,0,0,0,0,0,0,0,0,0,0,0,0,0
17575,4,ama,0,0,0,0,0,0,0,0,0,0,0,0,0,0,0,0
17576,2,zky,0,0,0,0,0,0,0,0,0,0,0,0,0,0,0,0
17577,3,mad,0,0,0,0,0,0,0,0,0,0,0,0,0,0,0,0
17578,3,aha,0,0,0,0,0,0,0,0,0,0,0,0,0,0,0,0
17579,3,lah,0,0,0,0,0,0,0,0,0,0,0,0,0,0,0,0
17580,3,aya,0,0,0,0,0,0,0,0,0,0,0,0,0,0,0,0
17581,3,den,0,0,0,0,0,0,0,0,0,0,0,0,0,0,0,0
17582,3,avi,0,0,0,0,0,0,0,0,0,0,0,0,0,0,0,0
17583,2,ana,0,0,0,1,0,0,1,0,0,0,0,0,1,0,0,1
17584,3,min,0,0,0,0,0,0,0,0,0,0,0,0,0,0,0,0
17585,3,tra,0,0,0,0,0,0,0,0,0,0,0,0,0,0,0,0
17586,2,oga,0,0,0,0,0,0,0,0,0,0,0,0,0,0,0,0
17587,3,tro,0,0,0,0,0,0,0,0,0,0,0,0,0,0,0,0
17588,3,ang,0,0,0,0,0,0,0,0,0,0,0,0,0,0,0,0
17589,2,ono,0,0,0,0,0,0,0,0,0,0,0,0,0,0,0,0
17590,3,oga,0,0,0,0,0,0,0,0,0,0,0,0,0,0,0,0
17591,3,aqi,0,0,0,0,0,0,0,0,0,0,0,0,0,0,0,0
17592,3,tra,0,0,0,0,0,0,0,0,0,0,0,0,0,0,0,0
17593,3,yah,0,0,0,0,0,0,0,0,0,0,0,0,0,0,0,0
17594,3,ama,0,0,0,0,0,0,0,0,0,0,0,0,0,0,0,0
17595,3,hra,1,1,1,1,1,1,1,1,1,1,1,1,1,1,1,1
17596,4,lik,0,0,0,0,0,0,0,0,0,0,0,0,0,0,0,0
17597,4,han,0,0,0,0,0,0,0,0,0,0,0,0,0,0,0,0
17598,3,ani,1,1,1,1,1,1,1,1,1,1,1,1,1,1,1,1
17599,2,eka,0,0,0,0,0,0,0,0,0,0,0,0,0,0,0,0
17600,3,hud,1,0,0,0,0,0,0,0,0,0,0,0,0,0,0,0
17601,2,ira,0,0,0,0,0,0,0,0,0,0,0,0,0,0,0,0
17602,3,kas,1,0,0,0,0,0,0,0,0,0,0,0,0,0,0,0
17603,3,man,0,0,0,0,0,0,0,0,0,0,0,0,0,0,0,0
17604,3,ana,1,1,0,0,1,0,0,1,0,0,1,0,0,1,0,0
17605,3,ati,1,1,1,1,1,1,1,1,1,1,1,1,1,1,1,1
17606,3,sir,1,1,1,1,1,1,1,1,1,1,1,1,1,1,1,1
17607,3,ora,1,1,1,1,1,1,1,1,1,1,1,1,1,1,1,1
17608,3,adi,0,0,0,0,0,0,0,0,0,0,0,0,0,0,0,0
17609,3,via,1,1,1,1,1,1,1,1,1,1,1,1,1,1,1,1
17610,1,ika,1,1,1,1,1,1,1,1,1,1,1,1,1,1,1,1
17611,4,ene,1,1,1,1,1,1,1,1,1,1,1,1,1,1,1,1
17612,3,ruk,1,1,1,1,1,1,1,1,1,1,1,1,1,1,1,1
17613,3,tri,1,1,1,1,1,1,1,1,1,1,1,1,1,1,1,1
17614,3,ica,0,0,0,0,0,0,0,0,0,0,0,0,0,0,0,0
17615,3,ana,0,0,0,0,0,0,0,0,0,0,0,0,0,0,0,0
17616,3,kal,0,0,0,0,0,0,0,0,0,0,0,0,0,0,0,0
17617,4,bar,0,0,0,0,0,0,0,0,0,0,0,0,0,0,0,0
17618,4,raf,0,0,0,0,0,0,0,0,0,0,0,0,0,0,0,0
17619,3,tra,0,0,0,0,0,0,0,0,0,0,0,0,0,0,0,0
17620,3,han,0,0,0,0,0,0,0,0,0,0,0,0,0,0,0,0
17621,4,nda,0,0,0,1,0,0,1,0,0,1,0,0,1,0,0,1
17622,3,aki,0,0,0,0,0,0,0,0,0,0,0,0,0,0,0,0
17623,4,rah,0,0,0,0,0,0,0,0,0,0,0,0,0,0,0,0
17624,3,ion,0,0,0,0,0,0,0,0,0,0,0,0,0,0,0,0
17625,2,nda,1,1,1,1,1,1,1,1,1,1,1,1,1,1,1,1
17626,3,eni,1,1,1,1,1,1,1,1,1,1,1,1,1,1,1,1
17627,3,ani,1,1,1,1,1,1,1,1,1,1,1,1,1,1,1,1
17628,2,ini,1,1,1,1,1,1,1,1,1,1,1,1,1,1,1,1
17629,2,pan,1,1,1,1,1,1,1,1,1,1,1,1,1,1,1,1
17630,3,ira,1,1,1,1,1,1,1,1,1,1,1,1,1,1,1,1
17631,3,rdi,1,1,1,1,1,1,1,1,1,1,1,1,1,1,1,1
17632,3,rah,1,1,1,1,1,1,1,1,1,1,1,1,1,1,1,1
17633,3,any,1,1,1,1,1,1,1,1,1,1,1,1,1,1,1,1
17634,3,dja,1,1,1,1,1,1,1,1,1,1,1,1,1,1,1,1
17635,2,iwa,1,1,1,1,1,1,1,1,1,1,1,1,1,1,1,1
17636,3,ani,1,1,1,1,1,1,1,1,1,1,1,1,1,1,1,1
17637,3,yat,0,0,0,0,0,0,0,0,0,0,0,0,0,0,0,0
17638,2,ini,1,1,1,1,1,1,1,1,1,1,1,1,1,1,1,1
17639,4,aan,0,0,0,0,0,0,0,0,0,0,0,0,0,0,0,0
17640,3,ani,0,0,0,0,0,0,0,0,0,0,0,0,0,0,0,0
17641,4,mad,0,0,0,0,0,0,0,0,0,0,0,0,0,0,0,0
17642,3,zty,1,1,1,1,1,1,1,1,1,1,1,1,1,1,1,1
17643,3,ena,1,1,1,1,1,1,1,1,1,1,1,1,1,1,1,1
17644,3,lla,1,1,1,1,1,1,1,1,1,1,1,1,1,1,1,1
17645,3,ari,1,1,1,1,1,1,1,1,1,1,1,1,1,1,1,1
17646,4,awa,1,1,1,1,1,1,1,1,1,1,1,1,1,1,1,1
17647,2,alo,1,0,0,0,0,0,0,0,0,0,0,0,0,0,0,0
17648,2,sya,1,1,1,1,1,1,1,1,1,1,1,1,1,1,1,1
17649,3,gaa,1,1,1,1,1,1,1,1,1,1,1,1,1,1,1,1
17650,3,ala,1,1,1,1,1,1,1,1,1,1,1,1,1,1,1,1
17651,3,lle,1,1,1,1,1,1,1,1,1,1,1,1,1,1,1,1
17652,3,ati,1,1,1,1,1,1,1,1,1,1,1,1,1,1,1,1
17653,3,zao,1,1,1,0,1,1,1,1,1,0,1,1,0,1,1,1
17654,2,ing,1,1,1,1,1,1,1,1,1,1,1,1,1,1,1,1
17655,4,gga,1,1,1,1,1,1,1,1,1,1,1,1,1,1,1,1
17656,4,end,1,1,1,1,1,1,1,1,1,1,1,1,1,1,1,1
17657,3,ngo,1,1,1,1,1,1,1,1,1,1,1,1,1,1,1,1
17658,3,eya,1,1,1,1,1,1,1,1,1,1,1,1,1,1,1,1
17659,3,ssy,0,0,0,0,0,0,0,0,0,0,0,0,0,0,0,0
17660,3,der,0,0,0,0,0,0,0,0,0,0,0,0,0,0,0,0
17661,3,ico,0,0,0,0,0,0,0,0,0,0,0,0,0,0,0,0
17662,4,oto,0,0,0,0,0,0,0,0,0,0,0,0,0,0,0,0
17663,3,ian,0,0,0,0,0,0,0,0,0,0,0,0,0,0,0,0
17664,3,ano,0,0,0,0,0,0,0,0,0,0,0,0,0,0,0,0
17665,2,zis,0,0,0,0,0,0,0,0,0,0,0,0,0,0,0,0
17666,4,tri,1,1,1,1,1,1,1,1,1,1,1,1,1,1,1,1
17667,3,wan,1,1,1,0,1,1,0,1,1,0,1,1,0,1,1,0
17668,2,ela,1,1,1,1,1,1,1,1,1,1,1,1,1,1,1,1
17669,2,ila,1,1,1,1,1,1,1,1,1,1,1,1,1,1,1,1
17670,3,tri,1,1,1,1,1,1,1,1,1,1,1,1,1,1,1,1
17671,2,fah,1,1,1,1,1,1,1,1,1,1,1,1,1,1,1,1
17672,3,tya,1,1,1,0,1,1,0,1,1,0,1,1,0,1,1,0
17673,3,tri,1,1,1,1,1,1,1,1,1,1,1,1,1,1,1,1
17674,4,rta,1,1,1,1,1,1,1,1,1,1,1,1,1,1,1,1
17675,2,sya,1,1,1,1,1,1,1,1,1,1,1,1,1,1,1,1
17676,2,ini,1,1,1,1,1,1,1,1,1,1,1,1,1,1,1,1
17677,2,isa,1,1,1,1,1,1,1,1,1,1,1,1,1,1,1,1
17678,2,gel,1,1,1,1,1,1,1,1,1,1,1,1,1,1,1,1
17679,3,nah,1,1,1,1,1,1,1,1,1,1,1,1,1,1,1,1
17680,3,ila,1,1,1,1,1,1,1,1,1,1,1,1,1,1,1,1
17681,3,tri,1,1,1,1,1,1,1,1,1,1,1,1,1,1,1,1
17682,3,nti,1,1,1,1,1,1,1,1,1,1,1,1,1,1,1,1
17683,3,ani,1,1,1,1,1,1,1,1,1,1,1,1,1,1,1,1
17684,3,fid,1,1,1,1,1,1,1,1,1,1,1,1,1,1,1,1
17685,3,sya,1,1,1,1,1,1,1,1,1,1,1,1,1,1,1,1
17686,3,lia,1,1,1,1,1,1,1,1,1,1,1,1,1,1,1,1
17687,3,ari,1,1,1,1,1,1,1,1,1,1,1,1,1,1,1,1
17688,3,ini,1,1,1,1,1,1,1,1,1,1,1,1,1,1,1,1
17689,2,ska,1,1,1,1,1,1,1,1,1,1,1,1,1,1,1,1
17690,4,ang,1,1,1,1,1,1,1,1,1,1,1,1,1,1,1,1
17691,2,kim,1,1,1,1,1,1,1,1,1,1,1,1,1,1,1,1
17692,2,ana,1,1,1,1,1,1,1,1,1,1,1,1,1,1,1,1
17693,3,zah,1,1,1,1,1,1,1,1,1,1,1,1,1,1,1,1
17694,3,ani,1,1,1,1,1,1,1,1,1,1,1,1,1,1,1,1
17695,3,ari,1,1,1,1,1,1,1,1,1,1,1,1,1,1,1,1
17696,3,yas,1,1,1,1,1,1,1,1,1,1,1,1,1,1,1,1
17697,2,ini,1,1,1,1,1,1,1,1,1,1,1,1,1,1,1,1
17698,2,ani,1,1,1,1,1,1,1,1,1,1,1,1,1,1,1,1
17699,4,wan,1,1,1,1,1,1,1,1,1,1,1,1,1,1,1,1
17700,3,tri,1,1,1,1,1,1,1,1,1,1,1,1,1,1,1,1
17701,3,lah,1,1,1,1,1,1,1,1,1,1,1,1,1,1,1,1
17702,3,ika,1,1,1,1,1,1,1,1,1,1,1,1,1,1,1,1
17703,3,hia,1,1,1,1,1,1,1,1,1,1,1,1,1,1,1,1
17704,3,esh,1,1,1,1,1,1,1,1,1,1,1,1,1,1,1,1
17705,3,fin,1,1,1,1,1,1,1,1,1,1,1,1,1,1,1,1
17706,4,owo,1,1,1,1,1,1,1,1,1,1,1,1,1,1,1,1
17707,2,ita,1,1,1,1,1,1,1,1,1,1,1,1,1,1,1,1
17708,3,lon,1,1,1,1,1,1,1,1,1,1,1,1,1,1,1,1
17709,2,ila,1,1,1,1,1,1,1,1,1,1,1,1,1,1,1,1
17710,2,lah,1,1,1,1,1,1,1,1,1,1,1,1,1,1,1,1
17711,2,ono,1,1,0,0,1,0,0,1,0,0,1,0,0,1,0,0
17712,2,lfa,1,1,1,1,1,1,1,1,1,1,1,1,1,1,1,1
17713,3,sah,1,1,1,0,1,1,0,1,1,0,1,1,0,1,1,1
17714,3,hri,1,1,1,1,1,1,1,1,1,1,1,1,1,1,1,1
17715,2,eni,1,1,1,1,1,1,1,1,1,1,1,1,1,1,1,1
17716,4,sih,1,1,1,1,1,1,1,1,1,1,1,1,1,1,1,1
17717,3,sta,1,1,1,1,1,1,1,1,1,1,1,1,1,1,1,1
17718,2,ani,1,1,1,1,1,1,1,1,1,1,1,1,1,1,1,1
17719,3,umo,1,1,1,1,1,1,1,1,1,1,1,1,1,1,1,1
17720,3,ain,1,1,1,0,1,1,0,1,1,0,1,1,0,1,1,0
17721,3,din,0,0,0,0,0,0,0,0,0,0,0,0,0,0,0,0
17722,4,nan,1,1,1,1,1,1,1,1,1,1,1,1,1,1,1,1
17723,2,ani,1,1,1,1,1,1,1,1,1,1,1,1,1,1,1,1
17724,2,oni,1,1,1,1,1,1,1,1,1,1,1,1,1,1,1,1
17725,4,ewi,1,1,1,1,1,1,1,1,1,1,1,1,1,1,1,1
17726,3,ews,0,0,0,0,0,0,0,0,0,0,0,0,0,0,0,0
17727,4,aan,0,0,0,0,0,0,0,0,0,0,0,0,0,0,0,0
17728,3,han,0,0,0,0,0,0,0,0,0,0,0,0,0,0,0,0
17729,2,wan,0,0,0,0,0,0,0,0,0,0,0,0,0,0,0,0
17730,2,ati,1,1,1,1,1,1,1,1,1,1,1,1,1,1,1,1
17731,3,lia,1,1,1,1,1,1,1,1,1,1,1,1,1,1,1,1
17732,3,ana,0,0,0,0,0,0,0,0,0,0,0,0,0,0,0,0
17733,3,wan,0,0,0,0,0,0,0,0,0,0,0,0,0,0,0,0
17734,4,osa,1,1,1,1,1,1,1,1,1,1,1,1,1,1,1,1
17735,3,ati,1,1,1,1,1,1,1,1,1,1,1,1,1,1,1,1
17736,3,tri,1,1,1,1,1,1,1,1,1,1,1,1,1,1,1,1
17737,3,ita,1,1,1,1,1,1,1,1,1,1,1,1,1,1,1,1
17738,2,ita,1,1,1,1,1,1,1,1,1,1,1,1,1,1,1,1
17739,2,ana,1,1,1,1,1,1,1,1,1,1,1,1,1,1,1,1
17740,2,hah,1,1,1,1,1,1,1,1,1,1,1,1,1,1,1,1
17741,2,ata,0,0,0,0,0,0,0,0,0,0,0,0,0,0,0,0
17742,3,ewi,1,1,1,1,1,1,1,1,1,1,1,1,1,1,1,1
17743,3,ose,1,1,1,1,1,1,1,1,1,1,1,1,1,1,1,1
17744,4,tri,1,1,1,1,1,1,1,1,1,1,1,1,1,1,1,1
17745,3,far,0,0,0,1,0,0,1,0,0,0,0,0,0,0,0,0
17746,3,ata,1,1,1,1,1,1,1,1,1,1,1,1,1,1,1,1
17747,3,yah,1,1,1,1,1,1,1,1,1,1,1,1,1,1,1,1
17748,3,fah,1,1,1,1,1,1,1,1,1,1,1,1,1,1,1,1
17749,3,ama,0,0,0,0,0,0,0,0,0,0,0,0,0,0,0,1
17750,2,yat,1,0,0,0,0,0,0,0,0,0,0,0,0,0,0,0
17751,2,yah,0,0,0,0,0,0,0,0,0,0,0,0,0,0,0,0
17752,4,sya,0,0,0,0,0,0,0,0,0,0,0,0,0,0,0,0
17753,4,uan,0,0,0,0,0,0,0,0,0,0,0,0,0,0,0,0
17754,3,man,0,0,0,0,0,0,0,0,0,0,0,0,0,0,0,0
17755,3,ono,0,0,0,0,0,0,0,0,0,0,0,0,0,0,0,0
17756,3,ara,1,1,1,0,1,1,1,1,1,0,1,1,1,1,1,0
17757,3,tri,1,1,1,1,1,1,1,1,1,1,1,1,1,1,1,1
17758,3,stu,1,0,0,0,0,0,0,0,0,0,0,0,0,0,0,0
17759,4,ika,0,0,0,0,0,0,0,0,0,0,0,0,0,0,0,0
17760,3,ika,1,1,1,1,1,1,1,1,1,1,1,1,1,1,1,1
17761,3,nah,1,1,1,1,1,1,1,1,1,1,1,1,1,1,1,1
17762,4,tio,0,0,0,0,0,0,0,0,0,0,0,0,0,0,0,0
17763,2,ari,1,1,1,1,1,1,1,1,1,1,1,1,1,1,1,1
17764,3,lla,1,1,1,1,1,1,1,1,1,1,1,1,1,1,1,1
17765,3,dli,0,0,0,1,0,0,1,0,0,1,0,0,1,0,0,1
17766,3,sih,0,1,1,1,1,1,1,1,1,1,1,1,1,1,1,1
17767,2,ani,1,1,1,1,1,1,1,1,1,1,1,1,1,1,1,1
17768,3,ani,1,1,1,1,1,1,1,1,1,1,1,1,1,1,1,1
17769,2,oga,0,0,0,0,0,0,0,0,0,0,0,0,0,0,0,0
17770,3,kti,0,0,0,0,0,0,0,0,0,0,0,0,0,0,0,0
17771,3,ari,1,1,1,1,1,1,1,1,1,1,1,1,1,1,1,1
17772,3,ani,1,1,1,1,1,1,1,1,1,1,1,1,1,1,1,1
17773,3,tri,1,1,1,1,1,1,1,1,1,1,1,1,1,1,1,1
17774,3,zan,0,0,0,0,0,0,0,0,0,0,0,0,0,0,0,0
17775,2,isa,1,1,1,1,1,1,1,1,1,1,1,1,1,1,1,1
17776,2,ani,1,1,1,1,1,1,1,1,1,1,1,1,1,1,1,1
17777,3,oso,0,0,0,0,0,0,0,0,0,0,0,0,0,0,0,0
17778,3,ris,1,1,1,0,1,1,0,1,1,0,1,1,0,1,1,0
17779,3,yat,0,0,0,0,0,0,0,0,0,0,0,0,0,0,0,0
17780,1,nta,0,0,0,1,0,0,1,0,0,1,0,0,1,0,0,1
17781,3,yah,0,0,0,0,0,0,0,0,0,0,0,0,0,0,0,0
17782,2,nda,1,1,1,1,1,1,1,1,1,1,1,1,1,1,1,1
17783,2,yah,0,0,0,0,0,0,0,0,0,0,0,0,0,0,0,0
17784,3,adi,0,0,0,0,0,0,0,0,0,0,0,0,0,0,0,0
17785,2,hra,1,1,1,1,1,1,1,1,1,1,1,1,1,1,1,1
17786,3,gga,0,0,0,0,0,0,0,0,0,0,0,0,0,0,0,0
17787,3,esa,0,0,0,0,0,0,0,0,0,0,0,0,0,0,0,0
17788,3,wan,0,0,0,0,0,0,0,0,0,0,0,0,0,0,0,0
17789,4,oor,0,0,0,0,0,0,0,0,0,0,0,0,0,0,0,0
17790,3,oro,0,0,0,0,0,0,0,0,0,0,0,0,0,0,0,0
17791,4,ama,0,0,0,0,0,0,0,0,0,0,0,0,0,0,0,0
17792,3,ita,0,0,0,0,0,0,0,0,0,1,0,0,1,0,0,1
17793,2,lia,1,1,1,1,1,1,1,1,1,1,1,1,1,1,1,1
17794,3,adi,1,1,1,1,1,1,1,1,1,1,1,1,1,1,1,1
17795,4,ing,1,1,1,1,1,1,1,1,1,1,1,1,1,1,1,1
17796,3,ara,0,0,0,0,0,0,0,0,0,0,0,0,0,0,0,0
17797,3,ahm,1,1,1,1,1,1,1,1,1,1,1,1,1,1,1,1
17798,3,tri,1,1,1,1,1,1,1,1,1,1,1,1,1,1,1,1
17799,2,ani,1,1,1,1,1,1,1,1,1,1,1,1,1,1,1,1
17800,3,ini,1,1,1,1,1,1,1,1,1,1,1,1,1,1,1,1
17801,3,eri,1,1,1,1,1,1,1,1,1,1,1,1,1,1,1,1
17802,3,ara,1,1,1,1,1,1,1,1,1,1,1,1,1,1,1,1
17803,2,lfa,1,1,1,1,1,1,1,1,1,1,1,1,1,1,1,1
17804,3,eza,1,1,1,1,1,1,1,1,1,1,1,1,1,1,1,1
17805,3,ila,1,1,1,1,1,1,1,1,1,1,1,1,1,1,1,1
17806,3,rah,1,1,1,1,1,1,1,1,1,1,1,1,1,1,1,1
17807,3,fah,1,1,1,1,1,1,1,1,1,1,1,1,1,1,1,1
17808,3,tya,0,0,0,0,0,0,0,0,0,0,0,0,0,0,0,0
17809,2,yah,1,1,1,1,1,1,1,1,1,1,1,1,1,1,1,1
17810,2,ika,1,1,1,1,1,1,1,1,1,1,1,1,1,1,1,1
17811,3,yad,0,0,0,0,0,0,0,0,0,0,0,0,0,0,0,0
17812,4,fti,0,0,0,0,0,0,0,0,0,0,0,0,0,0,0,0
17813,4,dji,0,0,0,0,0,0,0,0,0,0,0,0,0,0,0,0
17814,4,rie,0,0,0,0,0,0,0,0,0,0,0,0,0,0,0,0
17815,5,ziz,0,0,0,0,0,0,0,0,0,0,0,0,0,0,0,0
17816,4,lah,0,0,0,0,0,0,0,0,0,0,0,0,0,0,0,0
17817,4,han,0,0,0,0,0,0,0,0,0,0,0,0,0,0,0,0
17818,4,tra,0,0,0,0,0,0,0,0,0,0,0,0,0,0,0,0
17819,3,mad,0,0,0,0,0,0,0,0,0,0,0,0,0,0,0,0
17820,2,eni,0,0,0,0,0,0,0,0,0,0,0,0,0,0,0,0
17821,5,adi,0,0,0,0,0,0,0,0,0,0,0,0,0,0,0,0
17822,3,rha,1,1,1,1,1,1,1,1,1,1,1,1,1,1,1,1
17823,2,hal,0,0,0,0,0,0,0,0,0,0,0,0,0,0,0,0
17824,4,omo,0,0,0,0,0,0,0,0,0,0,0,0,0,0,0,0
17825,4,aus,0,0,0,0,0,0,0,0,0,0,0,0,0,0,0,0
17826,3,ira,1,1,1,0,1,1,0,1,1,0,1,1,0,1,1,0
17827,3,ani,1,1,1,1,1,1,1,1,1,1,1,1,1,1,1,1
17828,2,iwi,1,1,1,1,1,1,1,1,1,1,1,1,1,1,1,1
17829,3,rto,1,1,1,0,1,1,0,1,1,0,1,1,0,1,1,0
17830,3,ewo,0,0,0,0,0,0,0,0,0,0,0,0,0,0,0,0
17831,2,ati,1,1,1,1,1,1,1,1,1,1,1,1,1,1,1,1
17832,2,lis,0,0,0,0,0,0,0,0,0,0,0,0,0,0,0,0
17833,3,lah,0,0,0,0,0,0,0,0,0,0,0,0,0,0,0,0
17834,4,iro,0,0,0,0,0,0,0,0,0,0,0,0,0,0,0,0
17835,3,eri,0,0,1,1,0,1,1,0,1,1,0,1,1,0,1,1
17836,3,ami,1,1,1,1,1,1,1,1,1,1,1,1,1,1,1,1
17837,3,ibi,1,1,1,1,1,1,1,1,1,1,1,1,1,1,1,1
17838,4,din,1,1,1,1,1,1,1,1,1,1,1,1,1,1,1,1
17839,3,oro,1,1,1,1,1,1,1,1,1,1,1,1,1,1,1,1
17840,3,yah,1,1,1,1,1,1,1,1,1,1,1,1,1,1,1,1
17841,3,iwi,1,1,1,1,1,1,1,1,1,1,1,1,1,1,1,1
17842,3,ida,1,1,1,1,1,1,1,1,1,1,1,1,1,1,1,1
17843,3,ruq,0,0,0,0,0,0,0,0,0,0,0,0,0,0,0,0
17844,3,ari,0,0,0,0,0,0,0,0,0,0,0,0,0,0,0,0
17845,2,uqi,0,0,0,0,0,0,0,0,0,0,0,0,0,0,0,0
17846,3,haq,0,0,0,0,0,0,0,0,0,0,0,0,0,0,0,0
17847,4,man,0,0,0,0,0,0,0,0,0,0,0,0,0,0,0,0
17848,2,lam,0,0,0,0,0,0,0,0,0,0,0,0,0,0,0,0
17849,4,ziz,0,0,0,0,0,0,0,0,0,0,0,0,0,0,0,0
17850,3,nto,0,0,0,0,0,0,0,0,0,0,0,0,0,0,0,0
17851,2,mah,1,1,1,1,1,1,1,1,1,1,1,1,1,1,1,1
17852,3,isa,1,1,1,1,1,1,1,1,1,1,1,1,1,1,1,1
17853,1,nah,1,1,1,1,1,1,1,1,1,1,1,1,1,1,1,1
17854,3,yah,1,1,1,1,1,1,1,1,1,1,1,1,1,1,1,1
17855,3,tas,1,1,0,0,1,0,0,1,0,0,1,0,0,1,0,0
17856,1,mul,1,1,0,0,1,0,0,1,0,0,1,0,0,1,0,0
17857,2,fah,1,1,1,1,1,1,1,1,1,1,1,1,1,1,1,1
17858,2,lve,1,1,1,1,1,1,1,1,1,1,1,1,1,1,1,1
17859,3,kti,0,0,0,0,0,0,0,0,0,0,0,0,0,0,0,0
17860,3,lin,1,1,1,1,1,1,0,1,1,1,1,1,1,1,1,0
17861,3,man,0,0,0,0,0,0,0,0,0,0,0,0,0,0,0,0
17862,3,ura,1,1,1,1,1,1,1,1,1,1,1,1,1,1,1,1
17863,2,nia,1,1,1,1,1,1,1,1,1,1,1,1,1,1,1,1
17864,3,rni,0,0,0,0,0,0,0,0,0,0,0,0,0,0,0,0
17865,3,ena,0,1,1,1,1,1,1,1,1,1,1,1,1,1,1,1
17866,3,fah,0,1,1,1,1,1,1,1,1,0,1,1,1,1,1,1
17867,3,tah,1,1,1,1,1,1,1,1,1,1,1,1,1,1,1,1
17868,3,kir,0,0,0,0,0,0,0,0,0,0,0,0,0,0,0,0
17869,3,tio,0,0,0,0,0,0,0,0,0,0,0,0,0,0,0,0
17870,2,aki,0,0,0,0,0,0,0,0,0,0,0,0,0,0,0,0
17871,4,isi,1,1,1,0,1,1,1,1,1,1,1,1,1,1,1,1
17872,3,ung,0,0,0,0,0,0,0,0,0,0,0,0,0,0,0,0
17873,3,wan,0,0,0,0,0,0,0,0,0,0,0,0,0,0,0,0
17874,3,aya,0,0,0,0,0,0,0,0,0,0,0,0,0,0,0,0
17875,3,nto,1,0,0,0,0,0,0,0,0,0,0,0,0,0,0,0
17876,2,nti,1,1,1,1,1,1,1,1,1,1,1,1,1,1,1,1
17877,4,ani,0,0,0,1,0,0,1,0,0,1,0,0,1,0,0,1
17878,4,ani,0,0,0,0,0,0,0,0,0,0,0,0,0,0,0,0
17879,2,adi,1,1,1,1,1,1,1,1,1,1,1,1,1,1,1,1
17880,3,rus,1,1,1,1,1,1,1,1,1,1,1,1,1,1,1,1
17881,3,ani,1,1,1,1,1,1,1,1,1,1,1,1,1,1,1,1
17882,3,las,0,1,1,0,1,1,0,1,1,0,1,1,0,1,1,0
17883,3,lie,0,0,0,0,0,0,0,0,0,0,0,0,0,0,0,0
17884,4,dri,0,0,0,0,0,0,0,0,0,0,0,0,0,0,0,0
17885,3,lon,0,0,0,0,0,0,0,0,0,0,0,0,0,0,0,0
17886,2,yan,0,0,0,0,0,0,0,0,0,0,0,0,0,0,0,0
17887,3,lia,1,1,1,1,1,1,1,1,1,1,1,1,1,1,1,1
17888,3,tri,1,1,1,1,1,1,1,1,1,1,1,1,1,1,1,1
17889,2,oli,0,0,0,0,0,0,0,0,0,0,0,0,0,0,0,0
17890,3,rul,1,1,1,1,1,1,1,1,1,1,1,1,1,1,1,1
17891,3,sar,0,0,0,0,0,0,0,0,0,0,0,0,0,0,0,0
17892,4,har,1,1,1,1,1,1,1,1,1,1,1,1,1,1,1,1
17893,3,ami,1,1,1,1,1,1,1,1,1,1,1,1,1,1,1,1
17894,2,ehi,0,0,0,0,0,0,0,0,0,0,0,0,0,0,0,0
17895,3,ban,0,1,0,0,1,0,0,1,0,0,1,0,0,1,0,0
17896,2,anz,1,1,1,1,1,1,1,1,1,1,1,1,1,1,1,1
17897,3,aha,0,0,0,0,0,0,0,0,0,0,0,0,0,0,0,0
17898,3,tri,1,1,1,1,1,1,1,1,1,1,1,1,1,1,1,1
17899,2,ani,1,1,1,1,1,1,1,1,1,1,1,1,1,1,1,1
17900,3,aji,1,0,0,1,0,0,1,0,0,1,0,0,1,0,0,1
17901,3,qah,1,1,1,1,1,1,1,1,1,1,1,1,1,1,1,1
17902,2,ora,0,0,0,0,0,0,0,0,0,0,0,0,0,0,0,0
17903,3,aga,0,0,0,0,0,0,0,0,0,0,0,0,0,0,0,0
17904,3,ati,1,0,1,1,0,1,1,0,1,1,0,1,1,0,1,1
17905,3,lia,1,1,1,1,1,1,1,1,1,1,1,1,1,1,1,1
17906,3,nia,1,1,1,1,1,1,1,1,1,1,1,1,1,1,1,1
17907,3, ga,1,0,0,0,0,0,0,0,0,0,0,0,0,0,0,0
17908,3,aya,1,1,1,1,1,1,1,1,1,1,1,1,1,1,1,1
17909,3,ysa,1,1,1,0,1,1,0,1,1,0,1,1,0,1,1,0
17910,3,nia,1,1,1,1,1,1,1,1,1,1,1,1,1,1,1,1
17911,4,ama,1,1,1,1,1,1,1,1,1,0,1,1,0,1,1,0
17912,3,ana,1,1,1,1,1,1,1,1,1,1,1,1,1,1,1,1
17913,2,nia,1,1,1,1,1,1,1,1,1,1,1,1,1,1,1,1
17914,2,yas,1,1,1,1,1,1,1,1,1,1,1,1,1,1,1,1
17915,3,tri,1,1,1,1,1,1,1,1,1,1,1,1,1,1,1,1
17916,3,ata,1,1,1,1,1,1,1,1,1,1,1,1,1,1,1,1
17917,3,fai,1,1,1,1,1,1,1,1,1,1,1,1,1,1,1,1
17918,2,lya,1,1,1,1,1,1,1,1,1,1,1,1,1,1,1,1
17919,3,tri,1,1,1,1,1,1,1,1,1,1,1,1,1,1,1,1
17920,3,nty,1,1,1,1,1,1,1,1,1,1,1,1,1,1,1,1
17921,3,ari,1,1,1,1,1,1,1,1,1,1,1,1,1,1,1,1
17922,3,wan,1,1,1,1,1,1,1,1,1,1,1,1,1,1,1,1
17923,3,ang,1,1,1,1,1,1,1,1,1,1,1,1,1,1,1,1
17924,3,ura,1,1,1,1,1,1,1,1,1,1,1,1,1,1,1,1
17925,3,nti,1,1,1,1,1,1,1,1,1,1,1,1,1,1,1,1
17926,2,ari,1,1,1,1,1,1,1,1,1,1,1,1,1,1,1,1
17927,3,ani,1,1,1,1,1,1,1,1,1,1,1,1,1,1,1,1
17928,3,nti,1,1,1,1,1,1,1,1,1,1,1,1,1,1,1,1
17929,3,tri,1,1,1,1,1,1,1,1,1,1,1,1,1,1,1,1
17930,2,ati,1,1,1,1,1,1,1,1,1,1,1,1,1,1,1,1
17931,2,ila,1,1,1,1,1,1,1,1,1,1,1,1,1,1,1,1
17932,3,nti,1,1,1,1,1,1,1,1,1,1,1,1,1,1,1,1
17933,2,yfa,1,1,1,1,1,1,1,1,1,1,1,1,1,1,1,1
17934,3,ani,1,1,1,1,1,1,1,1,1,1,1,1,1,1,1,1
17935,2,yza,1,1,1,0,1,1,1,1,1,0,1,1,1,1,1,1
17936,3,lia,1,1,1,1,1,1,1,1,1,1,1,1,1,1,1,1
17937,3,hya,1,1,1,0,1,1,0,1,1,0,1,1,0,1,1,0
17938,4,ion,0,0,0,0,0,0,1,0,0,1,0,0,1,0,0,0
17939,3,tri,1,1,1,1,1,1,1,1,1,1,1,1,1,1,1,1
17940,2,ano,0,0,0,0,0,0,0,0,0,0,0,0,0,0,0,0
17941,3,nes,0,0,0,0,0,0,0,0,0,0,0,0,0,0,0,0
17942,3,aya,0,0,0,0,0,0,0,0,0,0,0,0,0,0,0,0
17943,3,wan,0,0,0,0,0,0,0,0,0,0,0,0,0,0,0,0
17944,3,ita,1,1,1,1,1,1,1,1,1,1,1,1,1,1,1,1
17945,3,kaa,1,1,1,1,1,1,1,1,1,1,1,1,1,1,1,1
17946,3,ani,1,1,1,1,1,1,1,1,1,1,1,1,1,1,1,1
17947,3,ani,1,1,1,1,1,1,1,1,1,1,1,1,1,1,1,1
17948,4,yah,0,0,0,0,0,0,0,0,0,0,0,0,0,0,0,0
17949,2,ela,1,1,1,1,1,1,1,1,1,1,1,1,1,1,1,1
17950,2,ika,1,1,1,1,1,1,1,1,1,1,1,1,1,1,1,1
17951,3,ika,1,1,1,1,1,1,1,1,1,1,1,1,1,1,1,1
17952,2,lla,1,1,1,1,1,1,1,1,1,1,1,1,1,1,1,1
17953,5,yah,1,1,1,1,1,1,1,1,1,1,1,1,1,1,1,1
17954,3,aja,0,0,0,0,0,0,0,0,0,0,0,0,0,0,0,0
17955,3,ata,0,0,0,0,0,0,0,0,0,0,0,0,0,0,0,0
17956,3,tan,1,0,0,0,0,0,0,0,0,0,0,0,1,0,0,0
17957,4,ani,1,1,1,1,1,1,1,1,1,1,1,1,1,1,1,1
17958,3,ani,1,1,1,1,1,1,1,1,1,1,1,1,1,1,1,1
17959,4,gga,1,1,1,1,1,1,1,1,1,1,1,1,1,1,1,1
17960,2,lia,1,1,1,1,1,1,1,1,1,1,1,1,1,1,1,1
17961,4,lie,1,1,1,1,1,1,1,1,1,1,1,1,1,1,1,1
17962,3,nti,1,1,1,1,1,1,1,1,1,1,1,1,1,1,1,1
17963,3,tri,1,1,1,1,1,1,1,1,1,1,1,1,1,1,1,1
17964,4,hra,1,1,1,1,1,1,1,1,1,1,1,1,1,1,1,1
17965,4,adi,1,1,1,1,1,1,1,1,1,1,1,1,1,1,1,1
17966,3,sya,1,1,1,1,1,1,1,1,1,1,1,1,1,1,1,1
17967,3,ika,0,0,0,0,0,0,0,0,0,0,0,0,0,0,0,0
17968,3,ama,0,0,0,0,0,0,0,0,0,0,0,0,0,0,0,0
17969,3,ine,1,1,1,1,1,1,1,1,1,1,1,1,1,1,1,1
17970,2,lia,1,1,1,1,1,1,1,1,1,1,1,1,1,1,1,1
17971,3,ana,1,1,1,1,1,1,1,1,1,1,1,1,1,1,1,1
17972,2,ria,1,1,1,1,1,1,1,1,1,1,1,1,1,1,1,1
17973,3,ina,1,1,1,1,1,1,1,1,1,1,1,1,1,1,1,1
17974,3,wan,0,0,0,0,0,0,0,0,0,0,0,0,0,0,0,0
17975,3,aya,0,0,0,0,0,0,0,0,0,0,0,0,0,0,0,0
17976,2,mat,0,0,0,0,0,0,0,0,0,0,0,0,0,0,0,0
17977,2,ari,1,1,1,1,1,1,1,1,1,1,1,1,1,1,1,1
17978,3,tri,1,1,1,1,1,1,1,1,1,1,1,1,1,1,1,1
17979,3,nto,0,0,0,0,0,0,0,0,0,0,0,0,0,0,0,0
17980,5,tak,0,0,0,0,0,0,0,0,0,0,0,0,0,0,0,0
17981,3,qdi,1,1,1,1,1,1,1,1,1,1,1,1,1,1,1,1
17982,2,lya,1,1,1,1,1,1,1,1,1,1,1,1,1,1,1,1
17983,3,hil,0,0,0,0,0,0,0,0,0,0,0,0,0,0,0,0
17984,3,kti,0,0,0,0,0,0,0,0,0,0,0,0,0,0,0,0
17985,2,ira,1,1,1,1,1,1,1,1,1,1,1,1,1,1,1,1
17986,3,nti,1,1,1,1,1,1,1,1,1,1,1,1,1,1,1,1
17987,2,lla,1,1,1,1,1,1,1,1,1,1,1,1,1,1,1,1
17988,2,han,0,0,0,0,0,0,0,0,0,0,0,0,0,0,0,0
17989,2,gsa,0,0,0,0,0,0,0,0,0,0,0,0,0,0,0,0
17990,2,sah,0,0,0,0,0,0,0,0,0,0,0,0,0,0,0,0
17991,3,son,0,0,0,0,0,0,0,0,0,0,0,0,0,0,0,0
17992,2,evo,0,0,0,0,0,0,0,0,0,0,0,0,0,0,0,0
17993,3,oen,1,1,1,1,1,1,1,1,1,1,1,1,0,1,1,1
17994,4,a s,1,1,1,1,1,1,1,1,1,1,1,1,1,1,1,1
17995,3,ren,1,1,1,1,1,1,1,1,1,1,1,1,1,1,1,1
17996,3,ila,1,1,1,1,1,1,1,1,1,1,1,1,1,1,1,1
17997,4,ung,0,0,0,0,0,0,0,0,0,0,0,0,0,0,0,0
17998,3,. w,1,1,1,1,1,1,1,1,1,1,1,1,1,1,1,1
17999,3,ala,1,1,1,1,1,1,1,1,1,1,1,1,1,1,1,1
18000,4,ang,1,1,1,1,1,1,1,1,1,1,1,1,1,1,1,1
18001,3,oka,0,0,0,0,0,0,0,0,0,0,0,0,0,0,0,0
18002,2,sih,1,1,1,1,1,1,1,1,1,1,1,1,1,1,1,1
18003,3,ari,1,1,1,1,1,1,1,1,1,1,1,1,1,1,1,1
18004,2,nti,1,1,1,1,1,1,1,1,1,1,1,1,1,1,1,1
18005,2,ira,1,1,1,1,1,1,1,1,1,1,1,1,1,1,1,1
18006,3,ati,1,1,1,1,1,1,1,1,1,1,1,1,1,1,1,1
18007,2,rti,1,1,1,1,1,1,1,1,1,1,1,1,1,1,1,1
18008,2,tra,0,0,0,0,0,0,0,0,0,0,0,0,0,0,0,0
18009,2,yah,0,0,0,0,0,0,0,0,0,0,0,0,0,0,0,0
18010,4,ana,1,1,1,1,1,1,1,1,1,1,1,1,1,1,1,1
18011,3,iwi,1,1,1,1,1,1,1,1,1,1,1,1,1,1,1,1
18012,3,ani,1,1,1,1,1,1,1,1,1,1,1,1,1,1,1,1
18013,2,yah,1,1,1,1,1,1,1,1,1,1,1,1,1,1,1,1
18014,3,ani,1,1,1,1,1,1,1,1,1,1,1,1,1,1,1,1
18015,2,fia,1,1,1,1,1,1,1,1,1,1,1,1,1,1,1,1
18016,3,ani,1,1,1,1,1,1,1,1,1,1,1,1,1,1,1,1
18017,3,tri,1,1,1,1,1,1,1,1,1,1,1,1,1,1,1,1
18018,3,nah,1,1,1,1,1,1,1,1,1,1,1,1,1,1,1,1
18019,4,rca,0,0,0,0,0,0,0,0,0,0,0,0,0,0,0,0
18020,4,ana,1,1,1,1,1,1,1,1,1,1,1,1,1,1,1,1
18021,3,adu,0,1,0,1,1,0,1,1,0,1,1,0,1,1,0,1
18022,3,pit,0,0,0,0,0,0,0,0,0,0,0,0,0,0,0,0
18023,1,ius,0,0,0,0,0,0,0,0,0,0,0,0,0,0,0,0
18024,3,ael,0,0,0,1,0,0,0,0,0,1,0,0,1,0,0,1
18025,2,ani,1,1,1,1,1,1,1,1,1,1,1,1,1,1,1,1
18026,2,ani,1,1,1,1,1,1,1,1,1,1,1,1,1,1,1,1
18027,3,sna,1,1,1,1,1,1,1,1,1,1,1,1,1,1,1,1
18028,3,ini,1,1,1,1,1,1,1,1,1,1,1,1,1,1,1,1
18029,2,ira,0,0,0,0,0,0,0,0,0,0,0,0,0,0,0,0
18030,3,leo,0,0,0,0,0,0,0,0,0,0,0,0,0,0,0,0
18031,3,ing,0,0,0,1,0,0,1,0,0,1,0,0,1,0,0,1
18032,4,oso,0,0,0,0,0,0,0,0,0,0,0,0,0,0,0,0
18033,3,ifa,1,1,1,1,1,1,1,1,1,1,1,1,1,1,1,1
18034,3,kim,0,0,0,0,0,0,0,0,0,0,0,0,0,0,0,0
18035,3,tri,1,1,1,1,1,1,1,1,1,1,1,1,1,1,1,1
18036,1,ola,1,1,1,1,1,1,1,1,1,1,1,1,1,1,1,1
18037,4,sya,1,1,1,1,1,1,1,1,1,1,1,1,1,1,1,1
18038,3,ani,1,1,1,1,1,1,1,1,1,1,1,1,1,1,1,1
18039,3,ria,1,1,1,1,1,1,1,1,1,1,1,1,1,1,1,1
18040,2,ori,1,1,1,1,1,1,1,1,1,1,1,1,1,1,1,1
18041,3,nur,1,1,1,1,1,1,1,1,1,1,1,1,1,1,1,1
18042,3,lin,1,1,1,1,1,1,1,1,1,1,1,1,1,1,1,1
18043,4,son,1,1,1,1,1,1,1,1,1,1,1,1,1,1,1,1
18044,4,ert,1,1,1,1,1,1,1,1,1,1,1,1,1,1,1,1
18045,3,nia,1,1,1,1,1,1,1,1,1,1,1,1,1,1,1,1
18046,3,tri,1,1,1,1,1,1,1,1,1,1,1,1,1,1,1,1
18047,2,nty,1,1,1,1,1,1,1,1,1,1,1,1,1,1,1,1
18048,2,iya,1,1,1,1,1,1,1,1,1,1,1,1,1,1,1,1
18049,3,ari,1,1,1,1,1,1,1,1,1,1,1,1,1,1,1,1
18050,3,oro,1,1,1,0,1,1,0,1,1,0,1,1,0,1,1,0
18051,2,isa,1,1,1,1,1,1,1,1,1,1,1,1,1,1,1,1
18052,2,ana,1,1,1,1,1,1,1,1,1,1,1,1,1,1,1,1
18053,3,hra,1,1,1,1,1,1,1,1,1,1,1,1,1,1,1,1
18054,2,oro,0,0,0,0,0,0,0,0,0,0,0,0,0,0,0,0
18055,4,ana,1,1,1,1,1,1,1,1,1,1,1,1,1,1,1,1
18056,3,ari,0,1,1,1,1,1,1,1,1,1,1,1,1,1,1,1
18057,2,yas,1,1,1,1,1,1,1,1,1,1,1,1,1,1,1,1
18058,2,nto,0,0,0,0,0,0,0,0,0,0,0,0,0,0,0,0
18059,4,ndi,1,1,1,1,1,1,1,1,1,1,1,1,1,1,1,0
18060,2,ova,1,1,1,1,1,1,1,1,1,1,1,1,1,1,1,1
18061,3,mid,1,0,0,0,0,0,1,0,0,1,0,0,1,0,0,1
18062,3,ila,1,1,1,1,1,1,1,1,1,1,1,1,1,1,1,1
18063,4,atu,1,1,1,1,1,1,1,1,1,1,1,1,1,1,1,1
18064,2,dya,1,1,1,1,1,1,1,1,1,1,1,1,1,1,1,1
18065,3,yah,1,1,1,1,1,1,1,1,1,1,1,1,1,1,1,1
18066,2,een,1,1,1,0,1,1,0,1,1,0,1,1,0,1,1,0
18067,2,rah,1,1,1,1,1,1,1,1,1,1,1,1,1,1,1,1
18068,3,ani,0,0,0,1,0,0,0,0,0,1,0,0,0,0,0,0
18069,3,yah,1,0,0,0,0,0,0,0,0,0,0,0,0,0,0,0
18070,3,tri,1,1,1,1,1,1,1,1,1,1,1,1,1,1,1,1
18071,5, ge,1,0,1,1,0,1,1,0,1,0,0,1,1,0,1,1
18072,3,ggu,0,1,0,0,1,0,0,1,0,0,1,0,0,1,0,0
18073,3,tri,1,1,1,1,1,1,1,1,1,1,1,1,1,1,1,1
18074,2,ani,1,1,1,1,1,1,1,1,1,1,1,1,1,1,1,1
18075,1,tha,1,1,1,1,1,1,1,1,1,1,1,1,1,1,1,1
18076,2,tha,0,0,0,0,0,0,0,0,0,0,0,0,0,0,0,0
18077,3,tya,0,0,0,0,0,0,0,0,0,0,0,0,0,0,0,0
18078,3,ian,0,0,0,0,0,0,0,0,0,0,0,0,0,0,0,0
18079,2,aro,0,0,0,0,0,0,0,0,0,0,0,0,0,0,0,0
18080,2,oho,0,0,0,0,0,0,0,0,0,0,0,0,0,0,0,0
18081,4,ibe,0,0,0,0,0,0,0,0,0,0,0,0,0,0,0,0
18082,3,uma,0,0,0,0,0,0,0,0,0,0,0,0,0,0,0,0
18083,3,fti,1,1,1,1,1,1,1,1,1,1,1,1,1,1,1,1
18084,2,ati,1,1,1,1,1,1,1,1,1,1,1,1,1,1,1,1
18085,3,ira,1,1,1,1,1,1,1,1,1,1,1,1,1,1,1,1
18086,3,rin,1,1,1,1,1,1,1,1,1,1,1,1,1,1,1,1
18087,2,ana,1,1,1,1,1,1,1,1,1,1,1,1,1,1,1,1
18088,3,hra,1,1,1,1,1,1,1,1,1,1,1,1,1,1,1,1
18089,3,yna,1,1,1,1,1,1,1,1,1,1,1,1,1,1,1,1
18090,2,ani,1,1,1,1,1,1,1,1,1,1,1,1,1,1,1,1
18091,2,nus,1,0,1,1,0,1,1,0,1,1,0,1,1,0,1,1
18092,2,spa,1,1,1,1,1,1,1,1,1,1,1,1,1,1,1,1
18093,5,owe,1,1,1,1,1,1,1,1,1,1,1,1,1,1,1,1
18094,4,ani,1,1,1,1,1,1,1,1,1,1,1,1,1,1,1,1
18095,3,qla,1,1,1,1,1,1,1,1,1,1,1,1,1,1,1,1
18096,3,din,1,0,0,0,0,0,0,0,0,0,0,0,0,0,0,0
18097,2,lia,1,1,1,1,1,1,1,1,1,1,1,1,1,1,1,1
18098,2,ono,0,0,0,0,0,0,0,0,0,0,0,0,0,0,0,0
18099,2,bil,0,0,0,0,0,0,0,0,0,0,0,0,0,0,0,0
18100,3,nty,1,1,1,1,1,1,1,1,1,1,1,1,1,1,1,1
18101,3,man,1,1,1,0,1,1,0,1,1,0,1,1,0,1,1,0
18102,3,him,1,1,1,1,1,1,1,1,1,1,1,1,1,1,1,1
18103,2,nti,1,1,1,1,1,1,1,1,1,1,1,1,1,1,1,1
18104,3,yah,1,1,1,1,1,1,1,1,1,1,1,1,1,1,1,1
18105,3,tyo,0,0,0,0,0,0,0,0,0,0,0,0,0,0,0,0
18106,3,adi,0,0,0,0,0,0,0,0,0,0,0,0,0,0,0,0
18107,3,sih,1,1,1,1,1,1,1,1,1,1,1,1,1,1,1,1
18108,3,nto,0,0,0,0,0,0,0,0,0,0,0,0,0,0,0,0
18109,3,man,0,0,0,0,0,0,0,0,0,0,0,0,0,0,0,0
18110,4,rat,0,0,0,1,0,0,1,0,0,1,0,0,1,0,0,1
18111,4,tra,0,0,0,0,0,0,0,0,0,0,0,0,0,0,0,0
18112,3,tra,0,0,0,0,0,0,0,0,0,0,0,0,0,0,0,0
18113,3,yah,0,0,0,0,0,0,0,0,0,0,0,0,0,0,0,0
18114,3,oho,0,0,0,0,0,0,0,0,0,0,0,0,0,0,0,0
18115,3,sih,1,1,1,1,1,1,1,1,1,1,1,1,1,1,1,1
18116,3,lbi,0,0,0,0,0,0,0,0,0,0,0,0,0,0,0,0
18117,3,ani,0,0,0,0,0,0,0,0,0,0,0,0,0,0,0,0
18118,2,ary,0,0,0,0,0,0,0,0,0,0,0,0,0,0,0,0
18119,4,yat,1,1,1,1,1,1,1,1,1,1,1,1,1,1,1,1
18120,3,mey,1,0,0,1,0,0,1,0,0,0,0,0,0,0,0,1
18121,3,lah,1,1,1,1,1,1,1,1,1,1,1,1,1,1,1,1
18122,3,stu,1,0,0,0,0,0,0,0,0,0,0,0,0,0,0,0
18123,3,nyc,1,1,1,1,1,1,1,1,1,1,1,1,1,1,1,1
18124,3,ewi,1,1,1,1,1,1,1,1,1,1,1,1,1,1,1,1
18125,3,nti,1,1,1,1,1,1,1,1,1,1,1,1,1,1,1,1
18126,3,ani,1,1,1,1,1,1,1,1,1,1,1,1,1,1,1,1
18127,3,lah,1,1,1,1,1,1,1,1,1,1,1,1,1,1,1,1
18128,3,ari,1,1,1,1,1,1,1,1,1,1,1,1,1,1,1,1
18129,2,isa,1,1,1,1,1,1,1,1,1,1,1,1,0,1,1,0
18130,3,yah,1,1,1,1,1,1,1,1,1,1,1,1,1,1,1,1
18131,4,rba,1,1,1,0,1,1,0,1,1,0,1,1,0,1,1,1
18132,3,hap,1,1,1,1,1,1,1,1,1,1,1,1,1,1,1,1
18133,2,yah,1,1,1,1,1,1,1,1,1,1,1,1,1,1,1,1
18134,3,yah,1,1,0,0,1,0,0,1,0,0,1,0,0,1,0,0
18135,3,hra,1,1,1,1,1,1,1,1,1,1,1,1,1,1,1,1
18136,3,kas,0,0,0,0,0,0,0,0,0,0,0,0,0,0,0,0
18137,4,nuk,0,0,0,0,0,0,0,0,0,0,0,0,0,0,0,0
18138,2,ana,0,0,0,0,0,0,0,0,0,0,0,0,0,0,0,0
18139,4,y r,0,0,0,0,0,0,0,0,0,0,0,0,0,0,0,0
18140,5,sab,1,1,1,1,1,1,1,1,1,1,1,1,1,1,1,1
18141,3,tri,1,0,1,1,0,1,1,0,1,1,0,1,1,0,1,1
18142,2,tri,1,1,1,1,1,1,1,1,1,1,1,1,1,1,1,1
18143,2,ika,1,1,1,1,1,1,1,1,1,1,1,1,1,1,1,1
18144,2,ral,0,0,0,0,0,0,0,0,0,0,0,0,0,0,0,0
18145,4,him,0,0,0,0,0,0,0,0,0,0,0,0,0,0,0,0
18146,6,ape,0,0,0,0,0,0,0,0,0,0,0,0,0,0,0,0
18147,3,sta,0,0,0,0,0,0,0,0,0,0,0,0,0,0,0,0
18148,3,ani,1,1,1,1,1,1,1,1,1,1,1,1,1,1,1,1
18149,3,eni,1,1,1,1,1,1,1,1,1,1,1,1,1,1,1,1
18150,2,eno,0,0,0,0,0,0,0,0,0,0,0,0,0,0,0,0
18151,3,ana,1,1,1,1,1,1,1,1,1,1,1,1,1,1,1,1
18152,3,aty,1,1,1,1,1,1,1,1,1,1,1,1,1,1,1,1
18153,2,ono,0,0,0,0,0,0,0,0,0,0,0,0,0,0,0,0
18154,3,lan,0,0,0,0,0,0,0,0,0,0,0,0,0,0,0,0
18155,3,nto,0,0,0,0,0,0,0,0,0,0,0,0,0,0,0,0
18156,2,nto,0,0,0,0,0,0,0,0,0,0,0,0,0,0,0,0
18157,4,ldo,0,0,0,0,0,0,0,0,0,0,0,0,0,0,0,0
18158,3,wah,1,1,1,1,1,1,1,1,1,1,1,1,1,1,1,1
18159,2,ani,1,1,1,1,1,1,1,1,1,1,1,1,1,1,1,1
18160,4,set,1,1,1,1,1,1,1,1,1,1,1,1,1,1,1,1
18161,3,ruz,0,0,0,0,0,0,0,0,0,0,0,0,0,0,0,0
18162,2,omo,0,0,0,0,0,0,0,0,0,0,0,0,0,0,0,0
18163,2,tyo,0,0,0,0,0,0,0,0,0,0,0,0,0,0,0,0
18164,2,nti,1,1,1,1,1,1,1,1,1,1,1,1,1,1,1,1
18165,2,ari,1,1,1,1,1,1,1,1,1,1,1,1,1,1,1,1
18166,4,tri,1,1,1,1,1,1,1,1,1,1,1,1,1,1,1,1
18167,3,ila,1,1,1,1,1,1,1,1,1,1,1,1,1,1,1,1
18168,3,zmi,0,0,0,0,0,0,0,0,0,0,0,0,0,0,0,0
18169,2,ati,1,1,1,1,1,1,1,1,1,1,1,1,1,1,1,1
18170,2,ana,1,1,1,1,1,1,1,1,1,1,1,1,1,1,1,1
18171,2,ati,1,1,1,1,1,1,1,1,1,1,1,1,1,1,1,1
18172,1,air,0,0,0,0,0,0,0,0,0,0,0,0,0,0,0,0
18173,2,uti,1,1,1,1,1,1,1,1,1,1,1,1,1,1,1,1
18174,2,nda,1,1,1,1,1,1,1,1,1,0,1,1,1,1,1,1
18175,2,nti,1,1,1,1,1,1,1,1,1,1,1,1,1,1,1,1
18176,2,ina,1,1,1,1,1,1,1,1,1,1,1,1,1,1,1,1
18177,3,ita,1,1,1,1,1,1,1,1,1,1,1,1,1,1,1,1
18178,3,ina,1,1,1,1,1,1,1,1,1,1,1,1,1,1,1,1
18179,3,lia,1,1,1,1,1,1,1,1,1,1,1,1,1,1,1,1
18180,3,ayu,1,1,1,1,1,1,1,1,1,1,1,1,1,1,1,1
18181,3,nda,1,1,1,1,1,1,1,1,1,1,1,1,1,1,1,1
18182,3,ati,1,1,1,1,1,1,1,1,1,1,1,1,1,1,1,1
18183,2,dia,1,1,1,1,1,1,1,1,1,1,1,1,1,1,1,1
18184,2,ana,1,1,1,1,1,1,1,1,1,1,1,1,1,1,1,1
18185,3,uan,1,1,1,1,1,1,1,1,1,1,1,1,1,1,1,1
18186,3,ahi,0,0,0,0,0,0,0,0,0,0,0,0,0,0,0,0
18187,3,ira,1,1,1,1,1,1,1,1,1,1,1,1,1,1,1,1
18188,2,lah,1,1,1,1,1,1,1,1,1,1,1,1,1,1,1,1
18189,3,ram,0,0,0,0,0,0,0,0,0,0,0,0,0,0,0,0
18190,3,ezi,0,0,0,0,0,0,0,0,0,0,0,0,0,0,0,0
18191,3,ram,0,0,0,0,0,0,0,0,0,0,0,0,0,0,0,0
18192,2,ezi,0,0,0,0,0,0,0,0,0,0,0,0,0,0,0,0
18193,3,ana,0,0,0,0,0,0,0,0,0,0,0,0,0,0,0,0
18194,3,ika,0,0,0,0,0,0,0,0,0,0,0,0,0,0,0,0
18195,3,ari,0,0,0,0,0,0,0,0,0,0,0,0,0,0,0,0
18196,3,aja,0,0,0,0,0,0,0,0,0,0,0,0,0,0,0,0
18197,2,ani,0,0,0,0,0,0,0,0,0,0,0,0,0,0,0,0
18198,3,wan,0,0,0,0,0,0,0,0,0,0,0,0,0,0,0,0
18199,2,yah,0,0,0,0,0,0,0,0,0,0,0,0,0,0,0,0
18200,3,zka,0,0,0,0,0,0,0,0,0,0,0,0,0,0,0,0
18201,3,zky,0,0,0,0,0,0,0,0,0,0,0,0,0,0,0,0
18202,3,zqi,0,0,0,0,0,0,0,0,0,0,0,0,0,0,0,0
18203,4,eda,0,0,0,0,0,0,0,0,0,0,0,0,0,0,0,0
18204,2,ika,0,0,0,0,0,0,0,0,0,0,0,0,0,0,0,0
18205,3,mad,0,0,0,0,0,0,0,0,0,0,0,0,0,0,0,0
18206,3,tri,1,1,1,1,1,1,1,1,1,1,1,1,1,1,1,1
18207,3,dra,0,0,0,0,0,0,0,0,0,0,0,0,0,0,0,0
18208,3,tra,0,0,0,0,0,0,0,0,0,0,0,0,0,0,0,0
18209,3,ojo,0,0,0,0,0,0,0,0,0,0,0,0,0,0,0,0
18210,3,hen,0,0,0,0,0,0,0,0,0,0,0,0,0,0,0,0
18211,3,nov,0,0,0,0,0,0,0,0,0,0,0,0,0,0,0,0
18212,3,ari,1,1,1,1,1,1,1,1,1,1,1,1,1,1,1,1
18213,3,ani,0,0,0,0,0,0,0,0,0,0,0,0,0,0,0,0
18214,3,aya,0,0,0,0,0,0,0,0,0,0,0,0,0,0,0,0
18215,2,dra,0,0,0,0,0,0,0,0,0,0,0,0,0,0,0,0
18216,3,rhu,0,0,0,0,0,0,0,0,0,0,0,0,0,0,0,0
18217,3,tan,0,0,0,0,0,0,0,0,0,0,0,0,0,0,0,0
18218,3,ung,0,0,0,0,0,0,0,0,0,0,0,0,0,0,0,0
18219,3,ari,1,1,1,1,1,1,1,1,1,1,1,1,1,1,1,1
18220,3,tri,1,1,1,1,1,1,1,1,1,1,1,1,1,1,1,1
18221,4,ama,1,1,1,1,1,1,1,1,1,1,1,1,1,1,1,1
18222,2,ani,1,1,1,1,1,1,1,1,1,1,1,1,1,1,1,1
18223,3,ari,1,1,1,1,1,1,1,1,1,1,1,1,1,1,1,1
18224,3,nti,1,1,1,1,1,1,1,1,1,1,1,1,1,1,1,1
18225,3,any,1,1,1,1,1,1,1,1,1,1,1,1,1,1,1,1
18226,3,nao,1,1,1,1,1,1,1,1,1,1,1,1,1,1,1,1
18227,2,ari,1,1,1,1,1,1,1,1,1,1,1,1,1,1,1,1
18228,3,rum,1,1,1,0,1,1,0,1,1,0,1,1,0,1,1,0
18229,3,tri,1,1,1,1,1,1,1,1,1,1,1,1,1,1,1,1
18230,4,isa,1,1,1,1,1,1,1,1,1,1,1,1,1,1,1,1
18231,2,lia,1,1,1,1,1,1,1,1,1,1,1,1,1,1,1,1
18232,2,ari,1,1,1,1,1,1,1,1,1,1,1,1,1,1,1,1
18233,3,aya,1,1,1,1,1,1,1,1,1,1,1,1,1,1,1,1
18234,2,aya,1,1,1,1,1,1,1,1,1,1,1,1,1,1,1,1
18235,3,any,1,1,1,1,1,1,1,1,1,1,1,1,1,1,1,1
18236,3,tri,1,1,1,1,1,1,1,1,1,1,1,1,1,1,1,1
18237,2,nti,1,1,1,1,1,1,1,1,1,1,1,1,1,1,1,1
18238,4,ami,1,1,1,1,1,1,1,1,1,1,1,1,1,1,1,1
18239,3,ria,1,1,1,1,1,1,1,1,1,1,1,1,1,1,1,1
18240,3,aga,0,0,0,0,0,0,0,0,0,0,0,0,0,0,0,0
18241,2,ifa,1,1,1,1,1,1,1,1,1,1,1,1,1,1,1,1
18242,4,aya,1,1,1,1,1,1,1,1,1,1,1,1,1,1,1,1
18243,3,hna,1,1,1,1,1,1,1,1,1,1,1,1,1,1,1,1
18244,3,ari,1,1,1,1,1,1,1,1,1,1,1,1,1,1,1,1
18245,3,yah,0,0,0,0,0,0,0,0,0,0,0,0,0,0,0,0
18246,3,ata,0,0,0,0,0,0,0,0,0,0,0,0,0,0,0,0
18247,2,rum,1,1,1,1,1,1,1,1,1,1,1,1,1,1,1,1
18248,2,sih,1,1,1,1,1,1,1,1,1,1,1,1,1,1,1,1
18249,3,nto,0,0,0,0,0,0,0,0,0,0,0,0,0,0,0,0
18250,4,vee,0,0,0,0,0,0,0,0,0,0,0,0,0,0,0,0
18251,3,lim,0,1,1,1,1,1,1,1,1,1,1,1,1,1,1,1
18252,2,aya,0,0,0,0,0,0,0,0,0,0,0,0,0,0,0,0
18253,3,ana,0,0,0,0,0,0,0,0,0,0,0,0,0,0,0,0
18254,3,lar,0,0,0,0,0,0,0,0,0,1,0,0,0,0,0,1
18255,3,bar,0,0,0,0,0,0,0,0,0,0,0,0,0,0,0,0
18256,3,han,0,0,0,0,0,0,0,0,0,0,0,0,0,0,0,0
18257,3,ana,0,0,0,0,0,0,0,0,0,0,0,0,0,0,0,0
18258,3,oho,0,0,0,0,0,0,0,0,0,0,0,0,0,0,0,0
18259,2,aja,0,0,0,0,0,0,0,0,0,0,0,0,0,0,0,0
18260,3,eso,0,0,0,0,0,0,0,0,0,0,0,0,0,0,0,0
18261,2,man,0,0,0,0,0,0,0,0,0,0,0,0,0,0,0,0
18262,2,ril,1,1,1,0,1,1,0,1,1,0,1,1,0,1,1,0
18263,3,uji,1,1,1,1,1,1,1,1,1,1,1,1,1,1,1,1
18264,3,ari,1,1,1,1,1,1,1,1,1,1,1,1,1,1,1,1
18265,3,ini,1,1,1,1,1,1,1,1,1,1,1,1,1,1,1,1
18266,3,sih,1,1,1,1,1,1,1,1,1,1,1,1,1,1,1,1
18267,3,hab,1,1,1,1,1,1,1,1,1,1,1,1,1,1,1,1
18268,3,nti,1,1,1,1,1,1,1,1,1,1,1,1,1,1,1,1
18269,3,ika,1,1,1,1,1,1,1,1,1,1,1,1,1,1,1,1
18270,3,ini,1,1,1,1,1,1,1,1,1,1,1,1,1,1,1,1
18271,2,hma,1,1,1,1,1,1,1,1,1,1,1,1,1,1,1,1
18272,3,tri,1,1,1,1,1,1,1,1,1,1,1,1,1,1,1,1
18273,4,dah,1,1,1,1,1,1,1,1,1,1,1,1,1,1,1,1
18274,2,isa,1,1,1,1,1,1,1,1,1,1,1,1,1,1,1,1
18275,2,ama,0,0,0,0,0,0,0,0,0,0,0,0,0,0,0,0
18276,3,rni,1,1,1,1,1,1,1,1,1,1,1,1,1,1,1,1
18277,2,ari,1,1,1,1,1,1,1,1,1,1,1,1,1,1,1,1
18278,3,yyi,0,0,0,0,0,0,0,0,0,0,0,0,0,0,0,0
18279,4,tur,1,1,1,1,1,1,1,1,1,1,1,1,1,1,1,1
18280,4,gey,1,1,1,0,1,1,0,1,1,0,1,1,0,1,1,0
18281,3,yah,0,0,0,0,0,0,0,0,0,0,0,0,0,0,0,0
18282,2,ana,1,1,1,1,1,1,1,1,1,1,1,1,1,1,1,1
18283,3,gia,1,0,0,0,0,0,0,0,0,0,0,0,0,0,0,0
18284,4,kim,0,0,0,0,0,0,0,0,0,0,0,0,0,0,0,0
18285,4,lam,0,0,0,0,0,0,0,0,0,0,0,0,0,0,0,0
18286,3,tra,0,0,0,0,0,0,0,0,0,0,0,0,0,0,0,0
18287,2,awa,0,0,0,0,0,0,0,0,0,0,0,0,0,0,0,0
18288,3,ula,0,0,0,0,0,0,0,0,0,0,0,0,0,0,0,0
18289,4,ari,1,1,1,1,1,1,1,1,1,1,1,1,1,1,1,1
18290,2,rti,1,1,1,1,1,1,1,1,1,1,1,1,1,1,1,1
18291,2,fah,1,1,1,1,1,1,1,1,1,1,1,1,1,1,1,1
18292,3,bby,0,0,0,1,0,0,1,0,0,0,0,0,1,0,0,1
18293,3,adi,0,0,0,0,0,0,0,0,0,0,0,0,0,0,0,0
18294,2,iki,0,0,0,0,0,0,0,0,0,0,0,0,0,0,0,0
18295,3,tri,1,1,1,1,1,1,1,1,1,1,1,1,1,1,1,1
18296,3,ara,0,1,1,1,1,1,1,1,1,1,1,1,1,1,1,1
18297,4,ana,1,1,1,1,1,1,1,1,1,1,1,1,1,1,1,1
18298,2,ani,1,1,1,1,1,1,1,1,1,1,1,1,1,1,1,1
18299,3,ani,1,1,1,1,1,1,1,1,1,1,1,1,1,1,1,1
18300,2,zah,1,1,1,0,1,1,1,1,1,1,1,1,1,1,1,1
18301,3,ono,1,1,0,0,1,0,0,1,0,0,1,0,0,1,0,0
18302,3,yah,1,1,1,1,1,1,1,1,1,1,1,1,1,1,1,1
18303,2,yah,1,1,1,1,1,1,1,1,1,1,1,1,1,1,1,1
18304,2,ina,1,1,1,1,1,1,1,1,1,1,1,1,1,1,1,1
18305,3,wan,1,1,0,0,1,0,0,1,0,0,1,0,0,1,0,0
18306,2,rey,1,1,1,0,1,1,1,1,1,0,1,1,0,1,1,0
18307,3,ila,1,1,1,1,1,1,1,1,1,1,1,1,1,1,1,1
18308,3,aya,0,0,0,0,0,0,0,0,0,0,0,0,0,0,0,0
18309,3,ian,0,0,0,0,0,0,0,0,0,0,0,0,0,0,0,0
18310,4,iny,0,0,0,0,0,0,0,0,0,0,0,0,0,0,0,0
18311,3,ala,0,0,0,1,0,0,0,0,0,0,0,0,1,0,0,1
18312,2,din,0,0,0,0,0,0,0,0,0,0,0,0,0,0,0,0
18313,3,mal,0,0,0,0,0,0,0,0,0,0,0,0,0,0,0,0
18314,4,ana,0,0,0,0,0,0,0,0,0,0,0,0,0,0,0,0
18315,3,gar,1,1,1,1,1,1,1,1,1,1,1,1,1,1,1,1
18316,2,sea,0,0,0,1,0,0,0,0,0,1,0,0,0,0,0,1
18317,3,tra,0,0,0,0,0,0,0,0,0,0,0,0,0,0,0,0
18318,3,bua,0,0,0,0,0,0,0,0,0,0,0,0,0,0,0,0
18319,3,ung,0,0,0,0,0,0,0,0,0,0,0,0,0,0,0,0
18320,4,s t,0,0,0,0,0,0,0,0,0,0,0,0,0,0,0,0
18321,3,stu,0,0,0,0,0,0,0,0,0,0,0,0,0,0,0,0
18322,2,van,0,0,0,0,0,0,0,0,0,0,0,0,0,0,0,0
18323,3,ony,0,0,0,0,0,0,0,0,0,0,0,0,0,0,0,0
18324,3,ing,1,1,1,1,1,1,1,1,1,1,1,1,1,1,1,1
18325,3,kir,1,1,1,0,1,1,0,1,1,0,1,1,0,1,1,0
18326,3,tri,1,1,1,1,1,1,1,1,1,1,1,1,1,1,1,1
18327,3,umo,0,0,0,0,0,0,0,0,0,0,0,0,0,0,0,0
18328,2,ung,0,0,0,0,0,0,0,0,0,0,0,0,0,0,0,0
18329,3,ana,1,1,1,1,1,1,1,1,1,1,1,1,1,1,1,1
18330,3,wan,1,1,1,1,1,1,1,1,1,1,1,1,1,1,1,1
18331,3,ana,1,1,1,1,1,1,1,1,1,1,1,1,1,1,1,1
18332,3,ani,1,1,1,1,1,1,1,1,1,1,1,1,1,1,1,1
18333,4,pub,1,1,1,0,1,1,0,1,1,0,1,1,0,1,1,0
18334,3,rba,1,1,1,0,1,1,0,1,1,0,1,1,0,1,1,0
18335,3,anu,0,0,0,0,0,0,0,0,0,0,0,0,0,0,0,0
18336,3,ika,1,1,1,1,1,1,1,1,1,1,1,1,1,1,1,1
18337,3,dho,0,0,0,0,0,0,0,0,0,0,0,0,0,0,0,0
18338,3,ivo,0,0,0,0,0,0,0,0,0,0,0,0,0,0,0,0
18339,4,ana,1,1,1,1,1,1,1,1,1,1,1,1,1,1,1,1
18340,3,tra,0,0,0,0,0,0,0,0,0,0,0,0,0,0,0,0
18341,3,aly,1,0,1,1,0,1,1,0,1,0,0,1,1,0,1,1
18342,3,tua,0,0,0,0,0,0,0,0,0,0,0,0,0,0,0,0
18343,3,gih,0,0,0,0,0,0,0,0,0,0,0,0,0,0,0,0
18344,4,rto,0,0,0,0,0,0,0,0,0,0,0,0,0,0,0,0
18345,3,ama,0,0,0,0,0,0,0,0,0,0,0,0,0,0,0,0
18346,3,nyu,0,0,0,0,0,0,0,0,0,0,0,0,0,0,0,0
18347,2,nto,0,0,0,0,0,0,0,0,0,0,0,0,0,0,0,0
18348,3,ati,0,0,0,0,0,0,0,0,0,0,0,0,0,0,0,0
18349,3,tra,0,0,0,0,0,0,0,0,0,0,0,0,0,0,0,0
18350,3,suf,0,0,0,0,0,0,0,0,0,0,0,0,0,0,0,0
18351,3,ama,0,0,0,0,0,0,0,0,0,0,0,0,0,0,0,0
18352,3,tyo,0,0,0,0,0,0,0,0,0,0,0,0,0,0,0,0
18353,2,adi,0,0,0,0,0,0,0,0,0,0,0,0,0,0,0,0
18354,4,ria,0,0,0,0,0,0,0,0,0,0,0,0,0,0,0,0
18355,4,a l,0,0,0,0,0,0,0,0,0,0,0,0,0,0,0,0
18356,3,ama,0,0,0,0,0,0,0,0,0,0,0,0,0,0,0,0
18357,3,ara,0,0,0,0,0,0,0,0,0,0,0,0,0,0,0,0
18358,3,han,0,0,0,0,0,0,0,0,0,0,0,0,0,0,0,0
18359,2,eth,1,1,1,1,1,1,1,1,1,1,1,1,1,1,1,1
18360,3,nik,1,1,1,1,1,1,1,1,1,1,1,1,1,1,1,1
18361,3,wea,1,1,1,1,1,1,1,1,1,1,1,1,1,1,1,1
18362,4,nto,1,1,1,1,1,1,1,1,1,1,1,1,1,1,1,1
18363,3,tyo,0,0,0,0,0,0,0,0,0,0,0,0,0,0,0,0
18364,4,pak,0,0,0,0,0,0,0,0,0,0,0,0,0,0,0,0
18365,3,ang,0,0,0,0,0,0,0,0,0,0,0,0,0,0,0,0
18366,2,los,0,0,0,0,0,0,0,0,0,0,0,0,0,0,0,0
18367,3,wan,0,0,0,0,0,0,0,0,0,0,0,0,0,0,0,0
18368,3,dhi,0,0,0,0,0,0,0,0,0,0,0,0,0,0,0,0
18369,3,stu,0,0,0,0,0,0,0,0,0,0,0,0,0,0,0,0
18370,3,lan,0,0,0,0,0,0,0,0,0,0,0,0,0,0,0,0
18371,3,ndo,0,0,0,0,0,0,0,0,0,0,0,0,0,0,0,0
18372,3,lit,0,0,0,0,0,0,0,0,0,0,0,0,0,0,0,0
18373,4,umo,0,0,0,0,0,0,0,0,0,0,0,0,0,0,0,0
18374,3,oho,0,0,0,0,0,0,0,0,0,0,0,0,0,0,0,0
18375,3,iyo,0,0,0,0,0,0,0,0,0,0,0,0,0,0,0,0
18376,4,ono,0,0,0,0,0,0,0,0,0,0,0,0,0,0,0,0
18377,3,rhu,1,1,1,1,1,1,1,1,1,1,1,1,1,1,1,1
18378,2,uli,0,0,0,0,0,0,0,0,0,0,0,0,0,0,0,0
18379,4,lan,0,0,0,0,0,0,0,0,0,0,0,0,0,0,0,0
18380,2,ian,1,1,1,0,1,1,0,1,1,0,1,1,0,1,1,0
18381,5,ing,1,1,1,1,1,1,1,1,1,1,1,1,1,1,1,1
18382,3,ang,1,1,1,1,1,1,1,1,1,1,1,1,1,1,1,1
18383,3,guk,1,1,1,0,1,1,0,1,1,0,1,1,0,1,1,0
18384,2,ita,1,1,1,1,1,1,1,1,1,1,1,1,1,1,1,1
18385,3,ana,1,1,1,1,1,1,1,1,1,1,1,1,1,1,1,1
18386,3,aan,0,0,0,0,0,0,0,0,0,0,0,0,0,0,0,0
18387,2,yah,0,0,0,0,0,0,0,0,0,0,0,0,0,0,0,0
18388,3,ing,0,0,0,0,0,0,0,0,0,0,0,0,0,0,0,0
18389,3,ael,0,0,0,0,0,0,0,0,0,0,0,0,0,0,0,0
18390,2,rso,0,0,0,0,0,0,0,0,0,0,0,0,0,0,0,0
18391,3,ora,1,1,1,1,1,1,1,1,1,1,1,1,1,1,1,1
18392,2,ian,0,0,0,0,0,0,0,0,0,0,0,0,0,0,0,0
18393,2,ori,0,0,0,0,0,0,1,0,0,1,0,0,0,0,0,1
18394,4,ila,0,0,0,0,0,0,0,0,0,0,0,0,0,0,0,0
18395,5,rum,0,0,0,0,0,0,0,0,0,0,0,0,0,0,0,0
18396,3,ela,1,1,1,1,1,1,1,1,1,1,1,1,1,1,1,1
18397,3,aya,1,1,1,0,1,1,1,1,1,1,1,1,1,1,1,0
18398,2,oga,0,0,0,0,0,0,0,0,0,0,0,0,0,0,0,0
18399,2,nyu,0,0,0,0,0,0,0,0,0,0,0,0,0,0,0,0
18400,2,nov,1,0,0,0,0,0,0,0,0,0,0,0,0,0,0,0
18401,2,nda,0,0,0,1,0,0,1,0,0,0,0,0,1,0,0,1
18402,3,tra,0,0,0,0,0,0,0,0,0,0,0,0,0,0,0,0
18403,2,aan,0,0,1,0,0,1,0,0,1,0,0,1,0,0,1,0
18404,4,ing,1,1,1,1,1,1,1,1,1,1,1,1,1,1,1,1
18405,3,bai,0,0,0,0,0,0,0,0,0,0,0,0,0,0,0,0
18406,2,hir,0,0,0,0,0,0,0,0,0,0,0,0,0,0,0,0
18407,3,ono,0,0,0,0,0,0,0,0,0,0,0,0,0,0,0,0
18408,3,ami,1,1,1,1,1,1,1,1,1,1,1,1,1,1,1,1
18409,3,tri,1,1,1,1,1,1,1,1,1,1,1,1,1,1,1,1
18410,3,aah,1,1,1,1,1,1,1,1,1,1,1,1,1,1,1,1
18411,3,tra,0,0,0,0,0,0,0,0,0,0,0,0,0,0,0,0
18412,3,aha,0,0,0,0,0,0,0,0,0,0,0,0,0,0,0,0
18413,3,awa,0,0,0,0,0,0,0,0,0,0,0,0,0,0,0,0
18414,3,ali,0,0,0,0,0,0,0,0,0,0,0,0,0,0,0,0
18415,2,ima,0,0,0,0,0,0,0,0,0,0,0,0,0,0,0,0
18416,3,yat,0,0,0,0,0,0,0,0,0,0,0,0,0,0,0,0
18417,3,ono,0,0,0,0,0,0,0,0,0,0,0,0,0,0,0,0
18418,3,nto,0,0,0,0,0,0,0,0,0,0,0,0,0,0,0,0
18419,3,tra,0,0,0,0,0,0,0,0,0,0,0,0,0,0,0,0
18420,2,ian,0,0,0,0,0,0,0,0,0,0,0,0,0,0,0,0
18421,3,rba,1,0,0,0,0,0,0,0,0,0,0,0,0,0,0,0
18422,2,ian,0,0,0,0,0,0,0,0,0,0,0,0,0,0,0,0
18423,3,gar,0,0,0,0,0,0,0,0,0,0,0,0,0,0,0,0
18424,3,owo,0,0,0,0,0,0,0,0,0,0,0,0,0,0,0,0
18425,3,ana,0,0,0,0,0,0,0,0,0,0,0,0,0,0,0,0
18426,3,wan,0,0,0,0,0,0,0,0,0,0,0,0,0,0,0,0
18427,3,tra,0,0,0,0,0,0,0,0,0,0,0,0,0,0,0,0
18428,2,isa,1,1,1,1,1,1,1,1,1,1,1,1,1,1,1,1
18429,2,ana,1,1,1,1,1,1,1,1,1,1,1,1,1,1,1,1
18430,3,nti,1,1,1,1,1,1,1,1,1,1,1,1,1,1,1,1
18431,3,ila,1,1,1,1,1,1,1,1,1,1,1,1,1,1,1,1
18432,3,mah,1,1,1,1,1,1,1,1,1,1,1,1,1,1,1,1
18433,2,hma,1,1,1,1,1,1,1,1,1,1,1,1,1,1,1,1
18434,5,ani,1,1,1,1,1,1,1,1,1,1,1,1,1,1,1,1
18435,3,dra,1,1,1,1,1,1,1,1,1,1,1,1,1,1,1,1
18436,3,yah,1,1,1,1,1,1,1,1,1,1,1,1,1,1,1,1
18437,3,ina,1,1,1,1,1,1,1,1,1,1,1,1,1,1,1,1
18438,2,tri,1,1,1,1,1,1,1,1,1,1,1,1,1,1,1,1
18439,3, bi,1,1,1,1,1,1,1,1,1,1,1,1,1,1,1,1
18440,2,hra,1,1,1,1,1,1,1,1,1,1,1,1,1,1,1,1
18441,2,tri,1,1,1,1,1,1,1,1,1,1,1,1,1,1,1,1
18442,3,ian,0,0,0,0,0,0,0,0,0,0,0,0,0,0,0,0
18443,1,mna,1,0,1,1,0,1,1,0,1,1,0,1,1,0,1,1
18444,3,ila,0,1,1,1,1,1,1,1,1,1,1,1,1,1,1,1
18445,3,zah,1,1,1,1,1,1,1,1,1,1,1,1,1,1,1,1
18446,3,far,0,0,0,0,0,0,0,0,0,0,0,0,0,0,0,0
18447,3,ani,1,1,1,1,1,1,1,1,1,1,1,1,1,1,1,1
18448,3,nik,1,1,1,1,1,1,1,1,1,1,1,1,1,1,1,1
18449,2,nti,1,1,1,1,1,1,1,1,1,1,1,1,1,1,1,1
18450,2,ari,1,1,1,1,1,1,1,1,1,1,1,1,1,1,1,1
18451,2,rra,1,1,1,1,1,1,1,1,1,1,1,1,1,1,1,1
18452,2,tri,1,1,1,1,1,1,1,1,1,1,1,1,1,1,1,1
18453,3,nto,1,1,1,1,1,1,1,1,1,1,1,1,1,1,1,1
18454,3,kia,1,1,1,1,1,1,1,1,1,1,1,1,1,1,1,1
18455,3,nti,1,1,1,1,1,1,1,1,1,1,1,1,1,1,1,1
18456,3,zah,1,1,1,1,1,1,1,1,1,1,1,1,1,1,1,1
18457,2,ibu,1,1,1,1,1,1,1,1,1,1,1,1,1,1,1,1
18458,2,tri,1,1,1,1,1,1,1,1,1,1,1,1,1,1,1,1
18459,3,min,1,1,1,1,1,1,1,1,1,1,1,1,1,1,1,1
18460,4,jar,0,0,0,0,0,0,0,0,0,0,0,0,0,0,0,0
18461,3,hra,1,1,1,1,1,1,1,1,1,1,1,1,1,1,1,1
18462,3,man,0,0,0,0,0,0,0,0,0,0,0,0,0,0,0,0
18463,3,tra,1,0,0,0,0,0,0,0,0,0,0,0,0,0,0,0
18464,3,tri,1,1,1,1,1,1,1,1,1,1,1,1,1,1,1,1
18465,3,rah,1,1,1,1,1,1,1,1,1,1,1,1,1,1,1,1
18466,4,tri,1,1,1,1,1,1,1,1,1,1,1,1,1,1,1,1
18467,3,ina,1,1,1,1,1,1,1,1,1,1,1,1,1,1,1,1
18468,2,nah,1,1,1,1,1,1,1,1,1,1,1,1,1,1,1,1
18469,2,ani,1,1,1,1,1,1,1,1,1,1,1,1,1,1,1,1
18470,3,ila,1,1,1,1,1,1,1,1,1,1,1,1,1,1,1,1
18471,3,oyo,0,0,0,0,0,0,0,0,0,0,0,0,0,0,0,0
18472,3,udi,0,0,0,0,0,0,0,0,0,0,0,0,0,0,0,0
18473,2,ana,0,0,0,0,0,0,0,0,0,0,0,0,0,0,0,0
18474,3,han,0,0,0,0,0,0,0,0,0,0,0,0,0,0,0,0
18475,3,nko,0,0,0,0,0,0,0,0,0,0,0,0,0,0,0,0
18476,3,ant,1,1,1,1,1,1,1,1,1,1,1,1,1,1,1,1
18477,3,yah,0,0,0,0,0,0,0,0,0,0,0,0,0,0,0,0
18478,3,kim,0,0,0,0,0,0,0,0,0,0,0,0,0,0,0,0
18479,4,tri,1,1,1,1,1,1,1,1,1,1,1,1,1,1,1,1
18480,3,gko,0,0,0,0,0,0,0,0,0,0,0,0,0,0,0,0
18481,3,haq,0,0,0,0,0,0,1,0,0,0,0,0,1,0,0,1
18482,3,ram,0,0,0,0,0,0,0,0,0,0,0,0,0,0,0,0
18483,3,tra,0,0,0,0,0,0,0,0,0,0,0,0,0,0,0,0
18484,3,ani,0,0,0,1,0,0,1,0,0,0,0,0,0,0,0,1
18485,2,yah,0,0,0,0,0,0,0,0,0,0,0,0,0,0,0,0
18486,3,tra,0,0,0,0,0,0,0,0,0,0,0,0,0,0,0,0
18487,2,oso,0,0,0,0,0,0,0,0,0,0,0,0,0,0,0,0
18488,3,nti,1,1,1,1,1,1,1,1,1,1,1,1,1,1,1,1
18489,3,nur,0,0,0,0,0,0,0,0,0,0,0,0,0,0,0,0
18490,3,zma,1,1,1,1,1,1,1,1,1,1,1,1,1,1,1,1
18491,3,nda,1,1,1,1,1,1,1,1,1,1,1,1,1,1,1,1
18492,3,tri,1,1,1,1,1,1,1,1,1,1,1,1,1,1,1,1
18493,3,ani,1,1,1,1,1,1,1,1,1,1,1,1,1,1,1,1
18494,3,ina,1,1,1,1,1,1,1,1,1,1,1,1,1,1,1,1
18495,2,ila,1,1,1,1,1,1,1,1,1,1,1,1,1,1,1,1
18496,3,tri,1,1,1,1,1,1,1,1,1,1,1,1,1,1,1,1
18497,3,lia,1,1,1,1,1,1,1,1,1,1,1,1,1,1,1,1
18498,3,ifa,1,1,1,1,1,1,1,1,1,1,1,1,1,1,1,1
18499,1,hir,0,0,0,0,0,0,0,0,0,0,0,0,0,0,0,0
18500,4,tra,0,0,0,0,0,0,0,0,0,0,0,0,0,0,0,0
18501,3,ssa,1,1,1,1,1,1,1,1,1,1,1,1,1,1,1,1
18502,2,isa,1,1,1,1,1,1,1,1,1,1,1,1,1,1,1,1
18503,2,iya,1,1,1,1,1,1,1,1,1,1,1,1,1,1,1,1
18504,2,ari,1,1,1,1,1,1,1,1,1,1,1,1,1,1,1,1
18505,2,asa,1,1,1,1,1,1,1,1,1,1,1,1,1,1,1,1
18506,2,yah,1,1,1,1,1,1,1,1,1,1,1,1,1,1,1,1
18507,4,ria,1,1,1,1,1,1,1,1,1,1,1,1,1,1,1,1
18508,3,ani,1,1,1,1,1,1,1,1,1,1,1,1,1,1,1,1
18509,3,ila,1,1,1,1,1,1,1,1,1,1,1,1,1,1,1,1
18510,3,man,1,1,1,1,1,1,1,1,1,0,1,1,1,1,1,0
18511,3,nia,1,1,1,1,1,1,1,1,1,1,1,1,1,1,1,1
18512,3,rie,1,1,1,1,1,1,1,1,1,1,1,1,1,1,1,1
18513,3,ani,1,1,1,1,1,1,1,1,1,1,1,1,1,1,1,1
18514,2,lia,1,1,1,1,1,1,1,1,1,1,1,1,1,1,1,1
18515,3,iri,1,1,1,1,1,1,1,1,1,1,1,1,1,1,1,1
18516,3,lia,1,1,1,1,1,1,1,1,1,1,1,1,1,1,1,1
18517,3,ani,1,1,1,1,1,1,1,1,1,1,1,1,1,1,1,1
18518,3,rti,1,1,1,1,1,1,1,1,1,1,1,1,1,1,1,1
18519,3,tri,1,1,1,1,1,1,1,1,1,1,1,1,1,1,1,1
18520,3,ayu,1,1,1,1,1,1,1,1,1,1,1,1,1,1,1,1
18521,3,tri,1,1,1,1,1,1,1,1,1,1,1,1,1,1,1,1
18522,3,ana,1,1,1,1,1,1,1,1,1,1,1,1,1,1,1,1
18523,3,ila,1,1,1,1,1,1,1,1,1,1,1,1,1,1,1,1
18524,4,tri,1,1,1,1,1,1,1,1,1,1,1,1,1,1,1,1
18525,3,ani,1,1,1,1,1,1,1,1,1,1,1,1,1,1,1,1
18526,3,omo,1,1,1,0,1,1,0,1,1,0,1,1,0,1,1,0
18527,3,nia,1,1,1,1,1,1,1,1,1,1,1,1,1,1,1,1
18528,3,lia,1,1,1,1,1,1,1,1,1,1,1,1,1,1,1,1
18529,3,ini,1,1,1,1,1,1,1,1,1,1,1,1,1,1,1,1
18530,3,ila,1,1,1,1,1,1,1,1,1,1,1,1,1,1,1,1
18531,3,tri,1,1,1,1,1,1,1,1,1,1,1,1,1,1,1,1
18532,4,ayu,1,1,1,1,1,1,1,1,1,1,1,1,1,1,1,1
18533,3,lia,1,1,1,1,1,1,1,1,1,1,1,1,1,1,1,1
18534,3,aha,1,1,1,1,1,1,1,1,1,1,1,1,1,1,1,1
18535,2,iah,1,1,1,1,1,1,1,1,1,1,1,1,1,1,1,1
18536,3,mal,1,1,1,1,1,1,1,1,1,1,1,1,1,1,1,1
18537,3,asa,1,1,1,1,1,1,1,1,1,1,1,1,1,1,1,1
18538,2,rah,1,1,1,1,1,1,1,1,1,1,1,1,1,1,1,1
18539,3,yah,1,1,1,1,1,1,1,1,1,1,1,1,1,1,1,1
18540,3,tri,1,1,1,1,1,1,1,1,1,1,1,1,1,1,1,1
18541,3,uja,1,1,1,1,1,1,1,1,1,1,1,1,1,1,1,1
18542,3,tri,1,1,1,1,1,1,1,1,1,1,1,1,1,1,1,1
18543,2,nti,1,1,1,1,1,1,1,1,1,1,1,1,1,1,1,1
18544,3,uad,1,1,1,1,1,1,1,1,1,1,1,1,1,1,1,1
18545,3,iya,1,1,1,1,1,1,1,1,1,1,1,1,1,1,1,1
18546,3,ifa,1,1,1,1,1,1,1,1,1,1,1,1,1,1,1,1
18547,3,tri,1,1,1,1,1,1,1,1,1,1,1,1,1,1,1,1
18548,3,nti,1,1,1,1,1,1,1,1,1,1,1,1,1,1,1,1
18549,4,jri,1,1,1,1,1,1,1,1,1,1,1,1,1,1,1,1
18550,3,apa,1,1,1,1,1,1,1,1,1,1,1,1,1,1,1,1
18551,3,ura,1,1,1,1,1,1,1,1,1,1,1,1,1,1,1,1
18552,2,lah,1,1,1,1,1,1,1,1,1,1,1,1,1,1,1,1
18553,2,isa,1,1,1,1,1,1,1,1,1,1,1,1,1,1,1,1
18554,3,hla,1,1,1,1,1,1,1,1,1,1,1,1,1,1,1,1
18555,3,sya,1,1,1,1,1,1,1,1,1,1,1,1,1,1,1,1
18556,3,iny,1,1,1,1,1,1,1,1,1,1,1,1,1,1,1,1
18557,3,lah,1,1,1,1,1,1,1,1,1,1,1,1,1,1,1,1
18558,3,fah,1,1,1,1,1,1,1,1,1,1,1,1,1,1,1,1
18559,3,ani,1,1,1,1,1,1,1,1,1,1,1,1,1,1,1,1
18560,4,ita,1,1,1,1,1,1,1,1,1,1,1,1,1,1,1,1
18561,2,ari,1,1,1,1,1,1,1,1,1,1,1,1,1,1,1,1
18562,3,owo,1,1,1,1,1,1,1,1,1,1,1,1,1,1,1,1
18563,3,ela,1,1,1,1,1,1,1,1,1,1,1,1,1,1,1,1
18564,3,ifa,1,1,1,1,1,1,1,1,1,1,1,1,1,1,1,1
18565,3,zah,1,1,1,1,1,1,1,1,1,1,1,1,1,1,1,1
18566,4,lla,1,1,1,1,1,1,1,1,1,1,1,1,1,1,1,1
18567,2,yah,1,1,1,1,1,1,1,1,1,1,1,1,1,1,1,1
18568,3,wan,1,1,1,0,1,1,0,1,1,0,1,1,0,1,1,0
18569,2,lla,1,1,1,1,1,1,1,1,1,1,1,1,1,1,1,1
18570,3,lia,1,1,1,1,1,1,1,1,1,1,1,1,1,1,1,1
18571,2,ila,1,1,1,1,1,1,1,1,1,1,1,1,1,1,1,1
18572,3,tri,1,1,1,1,1,1,1,1,1,1,1,1,1,1,1,1
18573,3,iar,1,1,1,1,1,1,1,1,1,1,1,1,1,1,1,1
18574,3,isa,1,1,1,1,1,1,1,1,1,1,1,1,1,1,1,1
18575,3,ati,1,1,1,1,1,1,1,1,1,1,1,1,1,1,1,1
18576,3,ari,1,1,1,1,1,1,1,1,1,1,1,1,1,1,1,1
18577,3,ula,1,1,1,1,1,1,1,1,1,1,1,1,1,1,1,1
18578,3,ani,1,1,1,1,1,1,1,1,1,1,1,1,1,1,1,1
18579,2,ita,1,1,1,1,1,1,1,1,1,1,1,1,1,1,1,1
18580,3,rma,1,1,1,1,1,1,1,1,1,1,1,1,1,1,1,1
18581,3,ila,1,1,1,1,1,1,1,1,1,1,1,1,1,1,1,1
18582,2,ani,1,1,1,1,1,1,1,1,1,1,1,1,1,1,1,1
18583,2,ira,1,1,1,1,1,1,1,1,1,1,1,1,1,1,1,1
18584,2,rah,1,1,1,1,1,1,1,1,1,1,1,1,1,1,1,1
18585,3,mah,1,1,1,1,1,1,1,1,1,1,1,1,1,1,1,1
18586,2,nty,1,1,1,1,1,1,1,1,1,1,1,1,1,1,1,1
18587,3,wan,1,1,1,0,1,1,0,1,1,0,1,1,0,1,1,0
18588,2,ani,1,1,1,1,1,1,1,1,1,1,1,1,1,1,1,1
18589,4,oro,1,1,1,1,1,1,1,1,1,1,1,1,1,1,1,1
18590,2,rah,1,1,1,1,1,1,1,1,1,1,1,1,1,1,1,1
18591,3,bah,1,1,1,1,1,1,1,1,1,1,1,1,1,1,1,1
18592,3,ain,1,1,1,1,1,1,1,1,1,1,1,1,1,1,1,1
18593,1,ran,0,0,0,0,0,0,0,0,0,0,0,0,0,0,0,0
18594,4,dia,1,1,1,1,1,1,1,1,1,1,1,1,1,1,1,1
18595,2,lah,0,0,0,0,0,0,0,0,0,0,0,0,0,0,0,0
18596,2,zka,0,1,1,0,1,1,0,1,1,0,1,1,0,1,1,0
18597,3,dar,0,0,0,0,0,0,0,0,0,0,0,0,0,0,0,0
18598,2,tya,0,0,0,0,0,0,0,0,0,0,0,0,0,0,0,0
18599,2,tya,0,0,0,0,0,0,0,0,0,0,0,0,0,0,0,0
18600,2,lah,1,0,0,0,0,0,0,0,0,0,0,0,0,0,0,0
18601,2,isa,1,1,1,1,1,1,1,1,1,1,1,1,1,1,1,1
18602,4,tri,1,1,1,1,1,1,1,1,1,1,1,1,1,1,1,1
18603,2,lia,1,1,1,1,1,1,1,1,1,1,1,1,1,1,1,1
18604,2,dah,1,1,1,1,1,1,1,1,1,1,1,1,1,1,1,1
18605,2,lbu,1,1,1,1,1,1,1,1,1,1,1,1,1,1,1,1
18606,1,ita,1,1,1,1,1,1,1,1,1,1,1,1,1,1,1,1
18607,3,ara,1,1,1,1,1,1,1,1,1,1,1,1,1,1,1,1
18608,2,ani,1,1,1,1,1,1,1,1,1,1,1,1,1,1,1,1
18609,3,ita,1,1,1,1,1,1,1,1,1,1,1,1,1,1,1,1
18610,1,mah,1,1,1,1,1,1,1,1,1,1,1,1,1,1,1,1
18611,2,fia,1,1,1,1,1,1,1,1,1,1,1,1,1,1,1,1
18612,3,zky,1,1,1,1,1,1,1,1,1,1,1,1,1,1,1,1
18613,4,tri,1,1,1,1,1,1,1,1,1,1,1,1,1,1,1,1
18614,3,ani,1,1,1,1,1,1,1,1,1,1,1,1,1,1,1,1
18615,3,tri,1,1,1,1,1,1,1,1,1,1,1,1,1,1,1,1
18616,3,ran,1,1,1,1,1,1,1,1,1,1,1,1,1,1,1,1
18617,3,tri,1,1,1,1,1,1,1,1,1,1,1,1,1,1,1,1
18618,4,owo,1,1,1,0,1,1,0,1,1,0,1,1,1,1,1,1
18619,3,ari,1,1,1,1,1,1,1,1,1,1,1,1,1,1,1,1
18620,2,isa,1,1,1,1,1,1,1,1,1,1,1,1,1,1,1,1
18621,3,yah,1,1,1,1,1,1,1,1,1,1,1,1,1,1,1,1
18622,3,sya,1,1,1,1,1,1,1,1,1,1,1,1,1,1,1,1
18623,2,mah,1,1,1,1,1,1,1,1,1,1,1,1,1,1,1,1
18624,2,ira,1,1,1,1,1,1,1,1,1,1,1,1,1,1,1,1
18625,3,ita,1,1,1,1,1,1,1,1,1,1,1,1,1,1,1,1
18626,3,ani,1,1,1,1,1,1,1,1,1,1,1,1,1,1,1,1
18627,3,han,0,0,0,0,0,0,0,0,0,0,0,0,0,0,0,0
18628,3,man,0,0,0,0,0,0,0,0,0,0,0,0,0,0,0,0
18629,3,aqi,0,0,0,0,0,0,0,0,0,0,0,0,0,0,0,0
18630,2,jib,0,0,0,0,0,0,0,0,0,0,0,0,0,0,0,0
18631,3,ran,0,0,0,0,0,0,0,0,0,0,0,0,0,0,0,0
18632,3,ndi,0,0,0,0,0,0,0,0,0,0,0,0,0,0,0,0
18633,4,nto,0,0,0,0,0,0,0,0,0,0,0,0,0,0,0,0
18634,3,ana,0,0,0,0,0,0,0,0,0,0,0,0,0,0,0,0
18635,3,udi,0,0,0,0,0,0,0,0,0,0,0,0,0,0,0,0
18636,3,bar,1,0,0,0,0,0,0,0,0,0,0,0,0,0,0,0
18637,2,hah,1,1,1,0,1,1,0,1,1,0,1,1,0,1,1,0
18638,3,lia,1,1,1,1,1,1,1,1,1,1,1,1,1,1,1,1
18639,3,ary,1,0,1,1,0,1,1,0,1,1,0,1,1,0,1,1
18640,2,loh,0,0,0,1,0,0,1,0,0,1,0,0,1,0,0,0
18641,1,hya,1,0,0,0,0,0,0,0,0,0,0,0,0,0,0,0
18642,2,ksa,0,0,0,0,0,0,0,0,0,0,0,0,0,0,0,0
18643,3,ziz,0,0,0,0,0,0,0,0,0,0,0,0,0,0,0,0
18644,3,bar,0,0,0,0,0,0,0,0,0,0,0,0,0,0,0,0
18645,3,aqi,0,0,0,0,0,0,0,0,0,0,0,0,0,0,0,0
18646,3,ara,0,0,0,0,0,0,0,0,0,0,0,0,0,0,0,0
18647,3,ono,0,0,0,0,0,0,0,0,0,0,0,0,0,0,0,0
18648,3,wan,0,0,0,0,0,0,0,0,0,0,0,0,0,0,0,0
18649,3,lah,0,0,0,0,0,0,0,0,0,0,0,0,0,0,0,0
18650,3,han,0,0,0,0,0,0,0,0,0,0,0,0,0,0,0,0
18651,3,stu,0,0,0,0,0,0,0,0,0,0,0,0,0,0,0,0
18652,3,ani,1,1,1,1,1,1,1,1,1,1,1,1,1,1,1,1
18653,2,hia,1,1,1,1,1,1,1,1,1,1,1,1,1,1,1,1
18654,3,lia,1,1,1,1,1,1,1,1,1,1,1,1,1,1,1,1
18655,2,ila,1,1,1,1,1,1,1,1,1,1,1,1,1,1,1,1
18656,2,tun,1,1,1,1,1,1,1,1,1,1,1,1,1,1,1,1
18657,3,izh,0,0,0,0,0,0,0,0,0,0,0,0,0,0,0,0
18658,3,nto,1,1,0,0,1,0,0,1,0,0,1,0,0,1,0,0
18659,3,ana,0,1,1,1,1,1,1,1,1,0,1,1,1,1,1,1
18660,3,sya,1,1,1,1,1,1,1,1,1,1,1,1,1,1,1,1
18661,3,lfa,1,1,1,1,1,1,1,1,1,1,1,1,1,1,1,1
18662,2,ran,0,0,0,0,0,0,0,0,0,0,0,0,0,0,0,0
18663,3,aiz,0,0,0,0,0,0,0,0,0,0,0,0,0,0,0,0
18664,3,aha,0,0,0,0,0,0,0,0,0,0,0,0,0,0,0,0
18665,3,azy,0,0,0,0,0,0,0,0,0,0,0,0,0,0,0,0
18666,3,dan,0,0,0,0,0,0,0,0,0,0,0,0,0,0,0,0
18667,3,yah,0,0,0,0,0,0,0,0,0,0,0,0,0,0,0,0
18668,3,rja,0,0,0,0,0,0,0,0,0,0,0,0,0,0,0,0
18669,4,tur,0,0,0,0,0,0,0,0,0,0,0,0,0,0,0,0
18670,2,han,0,0,0,0,0,0,0,0,0,0,0,0,0,0,0,0
18671,3,ani,0,0,0,1,0,0,1,0,0,1,0,0,1,0,0,1
18672,2,fan,0,0,0,0,0,0,0,0,0,0,0,0,0,0,0,0
18673,1,ani,0,0,0,1,0,0,1,0,0,1,0,0,1,0,0,1
18674,3,sfa,0,0,0,1,0,0,1,0,0,1,0,0,1,0,0,1
18675,3,ita,1,1,1,1,1,1,1,1,1,1,1,1,1,1,1,1
18676,3,nto,1,0,0,0,0,0,0,0,0,0,0,0,0,0,0,0
18677,2,ara,1,0,1,0,0,1,0,0,1,0,0,1,0,0,1,0
18678,3,adi,1,0,0,0,0,0,0,0,0,0,0,0,0,0,0,0
18679,3,hra,1,1,1,1,1,1,1,1,1,1,1,1,1,1,1,1
18680,2,dda,1,1,1,1,1,1,1,1,1,1,1,1,1,1,1,1
18681,2,ira,1,1,1,0,1,1,0,1,1,0,1,1,0,1,1,0
18682,2,aaz,1,0,1,1,0,1,1,0,1,0,0,1,1,0,1,1
18683,2,isa,1,1,1,1,1,1,1,1,1,1,1,1,1,1,1,1
18684,3,tra,0,0,0,0,0,0,0,0,0,0,0,0,0,0,0,0
18685,3,tri,1,1,1,1,1,1,1,1,1,1,1,1,1,1,1,1
18686,2,dya,1,1,1,1,1,1,1,1,1,1,1,1,1,1,1,1
18687,2,iah,1,1,1,1,1,1,1,1,1,1,1,1,1,1,1,1
18688,2,sah,1,1,1,1,1,1,1,1,1,1,1,1,1,1,1,1
18689,3,lia,1,1,1,1,1,1,1,1,1,1,1,1,1,1,1,1
18690,3,ani,1,1,1,1,1,1,1,1,1,1,1,1,1,1,1,1
18691,4,gar,1,1,1,1,1,1,1,1,1,1,1,1,1,1,1,1
18692,3,ani,1,1,1,1,1,1,1,1,1,1,1,1,1,1,1,1
18693,4,tri,1,1,1,1,1,1,1,1,1,1,1,1,1,1,1,1
18694,3,lii,1,1,1,1,1,1,1,1,1,1,1,1,1,1,1,1
18695,3,raa,1,1,1,0,1,1,0,1,1,0,1,1,0,1,1,0
18696,2,fiz,0,0,0,0,0,0,0,0,0,0,0,0,0,0,0,0
18697,2,hni,1,0,1,1,0,1,1,0,1,1,0,1,1,0,1,1
18698,3,ria,1,1,1,1,1,1,1,1,1,1,1,1,1,1,1,1
18699,3,yah,0,0,0,0,0,0,0,0,0,0,0,0,0,0,0,0
18700,4,ono,1,1,1,1,1,1,0,1,1,1,1,1,1,1,1,0
18701,2,ira,1,1,1,1,1,1,1,1,1,1,1,1,1,1,1,1
18702,3,ana,1,1,1,1,1,1,1,1,1,1,1,1,1,1,1,1
18703,3,ana,0,1,1,1,1,1,1,1,1,1,1,1,1,1,1,1
18704,4,nda,1,1,1,1,1,1,1,1,1,1,1,1,1,1,1,1
18705,3,ala,1,1,1,1,1,1,1,1,1,1,1,1,1,1,1,1
18706,4,ari,1,1,1,1,1,1,1,1,1,1,1,1,1,1,1,1
18707,3,iah,1,1,1,1,1,1,1,1,1,1,1,1,1,1,1,1
18708,4,tha,1,1,1,1,1,1,1,1,1,1,1,1,1,1,1,1
18709,3,rna,1,1,1,1,1,1,1,1,1,1,1,1,1,1,1,1
18710,3,rin,1,1,0,1,1,0,1,1,0,1,1,0,1,1,0,1
18711,4,iwi,1,1,1,1,1,1,1,1,1,1,1,1,1,1,1,1
18712,3,wan,1,0,0,0,0,0,0,0,0,0,0,0,0,0,0,0
18713,3,nti,1,1,1,1,1,1,1,1,1,1,1,1,1,1,1,1
18714,3,wah,1,1,1,1,1,1,1,1,1,1,1,1,1,1,1,1
18715,3,lau,1,1,1,1,1,1,1,1,1,1,1,1,1,1,1,1
18716,3,iaz,1,1,1,1,1,1,1,1,1,1,1,1,1,1,1,1
18717,3,uar,1,1,1,1,1,1,1,1,1,1,1,1,1,1,1,1
18718,4,adi,1,1,1,1,1,1,1,1,1,1,1,1,1,1,1,1
18719,2,ras,0,0,0,0,0,0,0,0,0,0,0,0,0,0,0,0
18720,4,sri,1,1,1,1,1,1,1,1,1,1,1,1,1,1,1,1
18721,2,dah,1,1,1,1,1,1,1,1,1,1,1,1,1,1,1,1
18722,3,mad,1,0,0,0,0,0,0,0,0,0,0,0,0,0,0,0
18723,2,yah,1,0,0,0,0,0,0,0,0,0,0,0,0,0,0,0
18724,3,lif,1,0,0,0,0,0,0,0,0,0,0,0,0,0,0,0
18725,2,sti,1,1,1,1,1,1,1,1,1,1,1,1,1,1,1,1
18726,4,ami,1,1,1,1,1,1,1,1,1,1,1,1,1,1,1,1
18727,3,hma,1,1,1,1,1,1,1,1,1,1,1,1,1,1,1,1
18728,3,ida,1,1,1,1,1,1,1,1,1,1,1,1,1,1,1,1
18729,3,lla,1,1,1,1,1,1,1,1,1,1,1,1,1,1,1,1
18730,2,ara,1,1,1,1,1,1,1,1,1,1,1,1,1,1,1,1
18731,3,ari,1,1,1,1,1,1,1,1,1,1,1,1,1,1,1,1
18732,3,nti,1,1,1,1,1,1,1,1,1,1,1,1,1,1,1,1
18733,3,ira,1,1,1,1,1,1,1,1,1,1,1,1,1,1,1,1
18734,3,ira,1,1,1,1,1,1,1,1,1,1,1,1,1,1,1,1
18735,3,ila,1,1,1,1,1,1,1,1,1,1,1,1,1,1,1,1
18736,4,hra,1,1,1,1,1,1,1,1,1,1,1,1,1,1,1,1
18737,3,tri,1,1,1,1,1,1,1,1,1,1,1,1,1,1,1,1
18738,4,oho,1,1,1,1,1,1,1,1,1,1,1,1,1,1,1,1
18739,2,ani,1,1,1,1,1,1,1,1,1,1,1,1,1,1,1,1
18740,3,ani,1,1,1,1,1,1,1,1,1,1,1,1,1,1,1,1
18741,3,tri,1,1,1,1,1,1,1,1,1,1,1,1,1,1,1,1
18742,3,tri,1,1,1,1,1,1,1,1,1,1,1,1,1,1,1,1
18743,4,tra,1,1,0,0,1,0,0,1,0,0,1,0,0,1,0,0
18744,3,hra,1,1,1,1,1,1,1,1,1,1,1,1,1,1,1,1
18745,3,nti,1,1,1,1,1,1,1,1,1,1,1,1,1,1,1,1
18746,4,mru,1,1,1,1,1,1,1,1,1,1,1,1,1,1,1,1
18747,3,hmy,1,1,1,1,1,1,1,1,1,1,1,1,1,1,1,1
18748,3,ita,1,1,1,1,1,1,1,1,1,1,1,1,1,1,1,1
18749,3,ira,1,1,1,1,1,1,1,1,1,1,1,1,1,1,1,1
18750,3,lia,1,1,1,1,1,1,1,1,1,1,1,1,1,1,1,1
18751,3,ung,1,1,1,1,1,1,1,1,1,1,1,1,1,1,1,1
18752,3,uvi,0,0,0,0,0,0,0,0,0,0,0,0,0,0,0,0
18753,3,dra,1,1,1,0,1,1,0,1,1,0,1,1,1,1,1,1
18754,3,ani,1,1,1,1,1,1,1,1,1,1,1,1,1,1,1,1
18755,3,hma,1,1,1,1,1,1,1,1,1,0,1,1,1,1,1,1
18756,2,ofa,0,0,0,1,0,0,1,0,0,1,0,0,0,0,0,1
18757,3,tra,0,0,0,0,0,0,0,0,0,0,0,0,0,0,0,0
18758,2,lla,1,1,1,1,1,1,1,1,1,1,1,1,1,1,1,1
18759,4,aan,0,1,0,0,1,0,0,1,0,0,1,0,0,1,0,0
18760,3,haa,1,1,1,0,1,1,0,1,1,0,1,1,0,1,1,0
18761,3,enz,1,0,0,0,0,0,1,0,0,0,0,0,1,0,0,0
18762,4,gar,1,1,1,0,1,1,0,1,1,0,1,1,0,1,1,0
18763,2,nis,1,0,0,1,0,0,1,0,0,1,0,0,1,0,0,1
18764,3,wan,1,0,0,0,0,0,0,0,0,0,0,0,0,0,0,0
18765,2,ani,1,1,1,1,1,1,1,1,1,1,1,1,1,1,1,1
18766,3,wan,1,1,1,1,1,1,1,1,1,1,1,1,1,1,1,1
18767,3,dly,0,0,0,0,0,0,0,0,0,0,0,0,0,0,0,0
18768,2,ani,1,1,1,1,1,1,1,1,1,1,1,1,1,1,1,1
18769,3,any,1,1,1,1,1,1,1,1,1,1,1,1,1,1,1,1
18770,3,tri,1,1,1,1,1,1,1,1,1,1,1,1,1,1,1,1
18771,4,dur,1,1,1,1,1,1,1,1,1,1,1,1,1,1,1,1
18772,2,ino,0,0,0,0,0,0,1,0,0,0,0,0,0,0,0,0
18773,2,ine,1,1,1,1,1,1,1,1,1,1,1,1,1,1,1,1
18774,2,yah,0,0,0,0,0,0,0,0,0,0,0,0,0,0,0,0
18775,2,wan,1,0,0,0,0,0,0,0,0,0,0,0,0,0,0,0
18776,3,ezy,0,0,0,0,0,0,0,0,0,0,0,0,0,0,0,0
18777,2,rta,1,1,1,1,1,1,1,1,1,1,1,1,1,1,1,1
18778,3,gih,1,1,1,1,1,1,1,1,1,1,1,1,1,1,1,1
18779,3,tyu,1,1,1,1,1,1,1,1,1,1,1,1,1,1,1,1
18780,3,uci,1,1,1,1,1,1,1,1,1,1,1,1,1,1,1,1
18781,2,ani,1,1,1,1,1,1,1,1,1,1,1,1,1,1,1,1
18782,4,aus,1,1,1,1,1,1,1,1,1,1,1,1,1,1,1,1
18783,3,tri,1,1,1,1,1,1,1,1,1,1,1,1,1,1,1,1
18784,3,sha,1,1,1,1,1,1,1,1,1,1,1,1,1,1,1,1
18785,3,ini,1,1,1,1,1,1,1,1,1,1,1,1,1,1,1,1
18786,3,kha,1,1,1,1,1,1,0,1,1,0,1,1,1,1,1,0
18787,3,tri,1,1,1,1,1,1,1,1,1,1,1,1,1,1,1,1
18788,2,ini,1,1,1,1,1,1,1,1,1,1,1,1,1,1,1,1
18789,3,adi,1,1,1,1,1,1,1,1,1,1,1,1,1,1,1,1
18790,2,yya,1,1,1,1,1,1,1,1,1,1,1,1,1,1,1,1
18791,3,aky,0,0,0,0,0,0,0,0,0,0,0,0,0,0,0,0
18792,3,iry,0,0,0,0,0,0,0,0,0,0,0,0,0,0,0,0
18793,3,tra,0,0,0,0,0,0,0,0,0,0,0,0,0,0,0,0
18794,3,fan,0,0,0,0,0,0,0,0,0,0,0,0,0,0,0,0
18795,3,ifa,1,1,1,1,1,1,1,1,1,1,1,1,1,1,1,1
18796,4,tri,1,1,1,1,1,1,1,1,1,1,1,1,1,1,1,1
18797,3,ani,1,1,1,1,1,1,1,1,1,1,1,1,1,1,1,1
18798,4,man,1,1,1,0,1,1,0,1,1,0,1,1,0,1,1,0
18799,2,ana,1,1,1,1,1,1,1,1,1,1,1,1,1,1,1,1
18800,3,cia,1,1,1,1,1,1,1,1,1,1,1,1,1,1,1,1
18801,2,iki,0,0,0,0,0,0,0,0,0,0,0,0,0,0,0,0
18802,3,zan,0,0,0,0,0,0,0,0,0,0,0,0,0,0,0,0
18803,2,nii,0,0,0,0,0,0,0,0,0,0,0,0,0,0,0,0
18804,3,agu,1,1,1,0,1,1,0,1,1,0,1,1,0,1,1,0
18805,3,hla,1,1,1,1,1,1,1,1,1,1,1,1,1,1,1,1
18806,1,dan,0,0,0,0,0,0,0,0,0,0,0,0,0,0,0,0
18807,4,nta,1,1,1,1,1,1,1,1,1,1,1,1,1,1,1,1
18808,3,ani,0,0,0,0,0,0,0,0,0,0,0,0,0,0,0,0
18809,2,aya,0,0,0,0,0,0,0,0,0,0,0,0,0,0,0,0
18810,2,sri,0,0,0,0,0,0,0,0,0,0,0,0,0,0,0,0
18811,3,yah,1,1,1,1,1,1,1,1,1,1,1,1,1,1,1,1
18812,2,kri,0,0,0,0,0,0,0,0,0,0,0,0,0,0,0,0
18813,2,war,0,0,0,0,0,0,0,0,0,0,0,0,0,0,0,0
18814,2,ezi,0,0,0,0,0,0,0,0,0,0,0,0,0,0,0,0
18815,3,han,0,0,0,0,0,0,0,0,0,0,0,0,0,0,0,0
18816,3,ira,0,0,0,0,0,0,0,0,0,0,0,0,0,0,0,0
18817,3,wan,0,0,0,0,0,0,0,0,0,0,0,0,0,0,0,0
18818,3,han,0,0,0,0,0,0,0,0,0,0,0,0,0,0,0,0
18819,2,wal,0,0,0,0,0,0,0,0,0,0,0,0,0,0,0,0
18820,2,mal,0,0,0,0,0,0,0,0,0,0,0,0,0,0,0,0
18821,4,man,0,0,0,0,0,0,0,0,0,0,0,0,0,0,0,0
18822,4,izi,0,0,0,0,0,0,0,0,0,0,0,0,0,0,0,0
18823,3,wan,0,0,0,0,0,0,0,0,0,0,0,0,0,0,0,0
18824,3,ono,0,0,0,0,0,0,0,0,0,0,0,0,0,0,0,0
18825,2,han,0,0,0,0,0,0,0,0,0,0,0,0,0,0,0,0
18826,3,ian,0,0,0,0,0,0,0,0,0,0,0,0,0,0,0,0
18827,3,oro,0,0,0,0,0,0,0,0,0,0,0,0,0,0,0,0
18828,3,tia,0,0,0,0,0,0,0,0,0,0,0,0,0,0,0,0
18829,2,eer,0,0,0,0,0,0,0,0,0,0,0,0,0,0,0,0
18830,4,adi,0,0,0,0,0,0,0,0,0,0,0,0,0,0,0,0
18831,3,him,0,0,0,0,0,0,0,0,0,0,0,0,0,0,0,0
18832,3,ifa,1,1,1,1,1,1,1,1,1,1,1,1,1,1,1,1
18833,2,dan,0,0,0,0,0,0,0,0,0,0,0,0,0,0,0,0
18834,3,ani,1,1,1,1,1,1,1,1,1,1,1,1,1,1,1,1
18835,2,lla,1,1,1,1,1,1,1,1,1,1,1,1,1,1,1,1
18836,4,qis,1,1,0,0,1,0,0,1,0,0,1,0,0,1,0,0
18837,3,oso,1,1,1,0,1,1,0,1,1,0,1,1,0,1,1,0
18838,3,tri,1,1,1,1,1,1,1,1,1,1,1,1,1,1,1,1
18839,3,aha,0,0,0,0,0,0,0,0,0,0,0,0,0,0,0,0
18840,3,ino,0,0,0,0,0,0,0,0,0,0,0,0,0,0,0,0
18841,2,ino,0,0,0,0,0,0,0,0,0,0,0,0,0,0,0,0
18842,3,tri,1,1,1,1,1,1,1,1,1,1,1,1,1,1,1,1
18843,3,ane,0,0,1,0,0,1,0,0,1,0,0,1,0,0,1,0
18844,4,ale,0,0,0,0,0,0,0,0,0,0,0,0,0,0,0,0
18845,3,aye,0,1,1,0,1,1,0,1,1,0,1,1,0,1,1,0
18846,3,aga,0,0,0,0,0,0,0,0,0,0,0,0,0,0,0,0
18847,2,awa,1,1,1,0,1,1,0,1,1,0,1,1,0,1,1,0
18848,3,ang,0,0,0,0,0,0,0,0,0,0,0,0,0,0,0,0
18849,3,uki,0,0,0,0,0,0,0,0,0,0,0,0,0,0,0,0
18850,3,oko,1,1,1,1,1,1,1,1,1,1,1,1,1,1,1,1
18851,3,aan,0,0,0,0,0,0,0,0,0,0,0,0,0,0,0,0
18852,3,wan,0,0,0,0,0,0,0,0,0,0,0,0,0,0,0,0
18853,3,rin,0,1,1,0,1,1,0,1,1,0,1,1,0,1,1,0
18854,4,aya,1,1,1,0,1,1,0,1,1,0,1,1,0,1,1,0
18855,4,iza,1,1,1,1,1,1,1,1,1,1,1,1,1,1,1,1
18856,3,aha,0,0,0,0,0,0,0,0,0,0,0,0,0,0,0,0
18857,2,ika,0,0,0,0,0,0,0,0,0,0,0,0,0,0,0,0
18858,3,nan,0,0,0,0,0,0,0,0,0,0,0,0,0,0,0,0
18859,3,zan,0,0,0,0,0,0,0,0,0,0,0,0,0,0,0,0
18860,3,aha,0,0,0,0,0,0,0,0,0,0,0,0,0,0,0,0
18861,2,san,0,0,0,0,0,0,0,0,0,0,0,0,0,0,0,0
18862,2,yah,0,0,0,0,0,0,0,0,0,0,0,0,0,0,0,0
18863,1,ifa,1,1,1,1,1,1,1,1,1,0,1,1,1,1,1,1
18864,3,suf,1,1,1,0,1,1,0,1,1,0,1,1,0,1,1,0
18865,3,ara,1,1,1,1,1,1,1,1,1,1,1,1,1,1,1,1
18866,2,haj,1,1,1,1,1,1,0,1,1,0,1,1,1,1,1,0
18867,3,nti,1,1,1,1,1,1,1,1,1,1,1,1,1,1,1,1
18868,3,kia,1,1,1,1,1,1,1,1,1,1,1,1,1,1,1,1
18869,3,lah,1,1,1,1,1,1,1,1,1,1,1,1,1,1,1,1
18870,3,isy,1,1,1,0,1,1,1,1,1,0,1,1,0,1,1,1
18871,3,isy,1,1,1,0,1,1,1,1,1,0,1,1,0,1,1,1
18872,3,lam,0,1,0,0,1,0,0,1,0,0,1,0,0,1,0,0
18873,2,ila,1,1,1,1,1,1,1,1,1,1,1,1,1,1,1,1
18874,3,lia,1,1,1,1,1,1,1,1,1,1,1,1,1,1,1,1
18875,2,yah,0,0,0,0,0,0,0,0,0,0,0,0,0,0,0,0
18876,2,tin,1,1,1,1,1,1,1,1,1,1,1,1,1,1,1,1
18877,2,man,0,0,0,0,0,0,0,0,0,0,0,0,0,0,0,0
18878,2,ion,0,0,0,0,0,0,0,0,0,0,0,0,0,0,0,0
18879,2,ndi,0,0,0,0,0,0,0,0,0,0,0,0,0,0,0,0
18880,2,nia,0,0,0,0,0,0,0,0,0,0,0,0,0,0,0,0
18881,2,ila,1,1,1,1,1,1,1,1,1,1,1,1,1,1,1,1
18882,3,afi,0,0,0,1,0,0,1,0,0,1,0,0,1,0,0,1
