row_id,n_tokens,suffix3,label,CharBiRNN__seed42,CharBiRNN__seed7,CharBiRNN__seed123,CharBiRNN__seed2024,CharBiRNN__seed777,CharBiLSTM__seed42,CharBiLSTM__seed7,CharBiLSTM__seed123,CharBiLSTM__seed2024,CharBiLSTM__seed777,CharBiGRU__seed42,CharBiGRU__seed7,CharBiGRU__seed123,CharBiGRU__seed2024,CharBiGRU__seed777,CharTransformer__seed42,CharTransformer__seed7,CharTransformer__seed123,CharTransformer__seed2024,CharTransformer__seed777,WordBiRNN__seed42,WordBiRNN__seed7,WordBiRNN__seed123,WordBiRNN__seed2024,WordBiRNN__seed777,WordBiLSTM__seed42,WordBiLSTM__seed7,WordBiLSTM__seed123,WordBiLSTM__seed2024,WordBiLSTM__seed777,WordBiGRU__seed42,WordBiGRU__seed7,WordBiGRU__seed123,WordBiGRU__seed2024,WordBiGRU__seed777,WordTransformer__seed42,WordTransformer__seed7,WordTransformer__seed123,WordTransformer__seed2024,WordTransformer__seed777
1,2,dqi,0,0.000255,0.000513,0.00089,0.004515,0.00054,0.003123,0.002216,0.001484,0.002388,0.000734,0.000771,0.000148,0.005403,0.000588,0.001473,8.6e-05,0.000143,0.00037,0.000172,0.00016,5e-06,1e-05,4.7e-05,0.005769,0.000187,0.01624,2.5e-05,1.4e-05,0.010697,0.002521,5.5e-05,3.7e-05,0.000605,0.008459,8.7e-05,0.00028,0.000148,0.000568,0.000137,0.001377
2,2,owo,0,0.0002,0.000387,0.000182,0.001529,0.000226,0.004036,0.006583,0.000488,0.001361,0.000963,0.000658,0.000505,0.001344,0.017758,0.000694,0.000355,0.000351,0.000403,0.000183,0.000548,0.001322,0.000509,0.000134,0.000326,1e-05,0.001058,0.000285,3.4e-05,0.00016,6e-06,0.000502,0.000341,0.000289,3.5e-05,2e-06,0.000173,0.00022,0.000152,0.000146,0.000741
3,3,rto,0,3.7e-05,0.000126,3.4e-05,0.000168,0.00036,6.2e-05,6e-05,0.00038,0.000374,3.7e-05,6.9e-05,7e-06,0.000639,0.000342,2.8e-05,9.8e-05,7.8e-05,0.000104,0.000202,0.000108,0.00024,0.000324,4.4e-05,0.001203,0.002976,0.000298,5e-05,0.000139,0.000193,0.000987,1.1e-05,6.3e-05,0.000514,0.000129,1e-05,0.000372,0.000189,0.000261,0.000164,0.002933
4,2,tra,0,2.9e-05,8.2e-05,0.000134,0.00011,6e-06,0.000133,8.4e-05,2.4e-05,0.00092,1.7e-05,0.000299,3.9e-05,0.000937,2.5e-05,0.000425,0.000115,9.4e-05,6.5e-05,0.000117,5e-05,1e-06,7.2e-05,1e-06,4e-06,4e-06,2e-06,0.0,0.0,0.0,0.0,0.0,1e-06,3e-06,0.0,0.0,0.000166,0.000149,0.000134,0.000105,0.000305
5,3,sta,0,0.010496,0.018901,0.008231,0.000317,0.002881,0.00269,0.004023,0.009142,0.002557,0.001503,0.001199,0.00076,0.006544,0.005703,0.003164,0.000352,0.000832,0.00048,0.00047,0.000428,0.000619,0.00655,0.000748,0.01467,0.066212,0.003249,0.002817,0.007654,0.001113,0.001178,0.005488,0.094184,0.012984,0.002177,0.000107,0.00288,0.001652,0.000598,0.001688,0.015767
6,2,nri,0,0.000469,0.002374,0.000223,0.000165,0.003795,0.001106,0.000231,0.001862,0.000761,0.002017,0.001571,0.002203,0.003765,0.003833,0.000664,0.000199,8.3e-05,0.000219,0.000354,0.0002,0.009405,0.0207,0.003738,0.04078,0.011421,0.057545,0.043712,0.015869,0.113222,0.112701,0.019772,0.015502,0.05623,0.120391,0.02029,0.004543,0.00649,0.002358,0.012248,0.030262
7,2,ini,1,0.996097,0.994748,0.999644,0.963394,0.992527,0.984836,0.953676,0.95337,0.932224,0.997622,0.988533,0.999598,0.958612,0.987262,0.880319,0.995047,0.997146,0.99423,0.999426,0.996629,0.996608,0.995476,0.999992,0.990002,0.999704,0.993744,0.987485,0.99998,0.999547,0.992393,0.998141,0.996289,0.999814,0.997912,0.999416,0.99951,0.999602,0.99929,0.999248,0.997018
8,2,man,0,0.000278,5.8e-05,9.3e-05,8.6e-05,0.000643,0.001665,0.000209,0.000405,0.00093,0.000471,0.000262,6.9e-05,0.000712,0.00024,0.000118,3.3e-05,4.1e-05,9.2e-05,8.9e-05,5e-05,6.6e-05,0.004576,7e-06,0.000882,0.000145,0.003026,0.001632,1.6e-05,0.00019,1.6e-05,0.000953,0.006602,0.000152,0.000206,6e-06,0.000196,0.000161,0.00017,0.000107,0.000255
9,1,man,0,0.000206,0.000106,0.000152,0.000221,0.000589,0.000417,0.000372,0.000129,0.000544,0.000174,0.000776,0.000137,0.000839,0.001066,0.000401,4.5e-05,0.000395,9.2e-05,0.000165,2.9e-05,0.000112,8.1e-05,7e-06,8.1e-05,2.4e-05,0.001124,0.000328,0.000311,3.4e-05,0.000235,0.000389,0.000613,0.002436,0.000225,0.000239,0.000214,0.000155,0.000144,0.000142,0.000632
10,3,kma,1,0.000433,0.011079,0.008427,0.021943,0.120217,0.038974,0.046534,0.0375,0.010962,0.037331,0.039888,0.010215,0.031868,0.094954,0.016559,0.022399,0.289976,0.015306,0.140378,0.1726,0.000542,0.001823,0.000762,0.001632,0.002614,0.001952,0.001344,0.000102,0.00078,0.003329,0.0036,0.036009,0.000215,0.000376,0.002556,0.000285,0.000204,0.000236,0.000169,0.002808
11,2,ani,1,0.997855,0.99682,0.997331,0.99933,0.982403,0.990316,0.936694,0.969152,0.961175,0.95404,0.997164,0.995892,0.990601,0.995267,0.971742,0.997854,0.999363,0.999182,0.997194,0.998655,0.940719,0.514307,0.859583,0.990792,0.130489,0.528765,0.068604,0.03424,0.975252,0.753531,0.799291,0.439095,0.265327,0.678434,0.211555,0.000644,0.0022,0.998279,0.002951,0.089001
12,3,ana,0,0.025625,0.001438,0.001072,0.000336,0.000889,0.001672,0.007826,0.00782,0.008969,0.023372,0.002182,0.000362,0.00329,0.000964,0.000544,0.000199,0.000409,0.000512,0.000178,0.0009,0.000184,0.000431,0.000464,0.00225,0.000334,0.000172,0.000399,9e-06,0.000195,0.000848,4.7e-05,0.001177,0.000735,2.1e-05,9.3e-05,0.000626,0.000317,0.001543,0.000331,0.003559
13,3,ama,0,0.000382,0.000418,0.001548,0.000328,0.005602,0.002566,0.000989,0.004436,0.002182,0.002524,0.01152,0.016384,0.00173,0.010297,0.000632,4.1e-05,0.000184,0.000356,0.000144,0.000711,0.000132,0.0003,0.000149,0.000271,6.2e-05,0.000967,5.6e-05,1.2e-05,0.000105,0.00025,2.6e-05,0.000145,7e-06,2.9e-05,8.7e-05,0.000881,0.000471,0.00032,0.000299,0.00049
14,3,dro,0,0.025889,0.014102,0.031426,0.024687,0.023051,0.716008,0.360422,0.098911,0.267402,0.018532,0.027038,0.245306,0.0257,0.114303,0.085393,0.028702,0.006246,0.007555,0.000423,0.082536,1.2e-05,1.7e-05,8e-06,0.000773,0.216617,0.002781,0.000755,0.003191,2.3e-05,0.008283,0.000518,0.002977,0.008083,1.9e-05,6e-06,0.000185,0.000231,0.000182,0.000188,0.000414
15,3,ani,1,0.993262,0.999786,0.999881,0.999214,0.999399,0.997107,0.997,0.993049,0.99681,0.997834,0.999159,0.999895,0.996945,0.997744,0.998657,0.999548,0.999756,0.999753,0.999799,0.999769,0.721423,0.973165,0.921128,0.745812,0.868603,0.639331,0.927696,0.782826,0.69891,0.487729,0.967165,0.542644,0.648592,0.36986,0.945675,0.722045,0.601537,0.894893,0.568901,0.551285
16,3,owo,0,8.1e-05,4.9e-05,0.000104,4.4e-05,0.000129,2.1e-05,0.000242,0.000283,4.4e-05,0.000112,0.000137,4.6e-05,0.000176,0.000317,5.6e-05,2.2e-05,4.2e-05,6.4e-05,7e-05,3.4e-05,2e-06,8e-06,3e-06,2.3e-05,4e-06,4e-06,0.0,0.0,0.0,0.0,0.0,0.0,0.0,0.0,0.0,0.00016,0.000155,0.000148,0.000104,0.000245
17,3,ini,0,0.23492,0.737057,0.011329,0.001057,0.094157,0.038735,0.004677,0.034901,0.074492,0.008891,0.057149,0.000516,0.10316,0.207773,0.023536,0.003962,0.000257,0.000513,0.001893,0.001105,0.032575,0.628296,0.36638,0.023525,0.002587,0.002087,0.027153,0.004165,0.000645,0.00016,0.045489,0.79952,0.01578,0.000761,1e-05,0.074551,0.000304,0.056367,0.369008,0.781207
18,3,nda,0,0.001864,0.0006,0.001813,0.001246,0.000311,0.001506,0.002597,0.003287,0.01318,0.001611,0.001719,0.001547,0.005276,0.002238,0.0012,0.000106,6.2e-05,0.001869,9.1e-05,3.2e-05,5e-06,2e-05,2e-06,4e-05,6.2e-05,1.1e-05,0.0,0.0,1e-06,2.5e-05,3e-06,1e-06,2e-06,1e-06,0.0,0.000259,0.000211,0.000204,0.000119,0.000552
19,1,uzi,0,0.098148,0.3055,0.004089,0.227086,0.090154,0.084994,0.096393,0.092433,0.25033,0.123487,0.036562,0.01099,0.129494,0.159956,0.077538,0.087777,0.045308,0.028197,0.268958,0.022485,0.007817,0.981806,0.784208,0.926925,0.055292,0.157742,0.600261,0.922306,0.18328,0.530043,0.015153,0.331503,0.888336,0.193958,0.460254,0.997294,0.076991,0.053819,0.99725,0.013381
20,1,ian,0,0.000958,0.000391,0.00041,0.0003,0.016603,0.012621,0.048041,0.009446,0.01936,0.010841,0.00749,0.00345,0.011743,0.005198,0.010731,0.003013,0.001005,0.002146,0.000672,0.004189,0.032927,0.001968,7.3e-05,0.005008,0.000358,0.025903,0.00569,0.000367,0.015338,0.001133,0.041537,0.017824,0.000768,0.017557,0.000449,0.0003,0.000171,0.000153,0.000106,0.000861
21,3,o'a,1,0.006033,0.075817,0.014311,0.038528,0.074905,0.019335,0.12403,0.412322,0.455496,0.565935,0.058376,0.074888,0.074033,0.282734,0.0598,0.076477,0.747504,0.706334,0.525124,0.171091,0.005394,0.008067,0.00163,0.032085,0.024442,0.040467,0.000858,0.000617,0.005093,0.005263,0.010446,0.001241,0.001723,0.002489,0.000819,0.002383,0.000524,0.000456,0.000305,0.042643
22,2,yah,0,0.003587,0.00031,0.001098,0.000743,0.005795,0.002604,0.001411,0.009425,0.006518,0.006879,0.002021,0.000191,0.001651,0.001852,0.003556,3.2e-05,7.3e-05,0.000222,5.5e-05,5.9e-05,0.000126,2.7e-05,2e-06,1.7e-05,5.2e-05,0.000224,0.0,0.0,6e-06,1.4e-05,5e-06,1e-06,2e-06,2.9e-05,1.2e-05,0.000155,0.000156,0.000131,0.000127,0.000402
23,2,mad,0,0.141533,0.01402,0.041404,0.003261,0.000121,0.011174,0.004297,0.054377,0.004317,0.003342,0.013457,0.001965,0.004071,0.079218,0.000472,0.02202,0.011758,0.137996,0.073068,0.010213,0.004447,0.005926,0.000372,0.002559,0.007287,0.018073,0.010524,0.005056,0.008081,0.022012,0.014447,0.017498,0.005091,0.007819,0.000856,0.00221,0.000507,0.000584,0.000414,0.004266
24,2,iwi,1,0.999913,0.999979,0.999946,0.999919,0.999974,0.999838,0.999935,0.999947,0.999913,0.999963,0.999735,0.999984,0.999805,0.999938,0.99995,0.999908,0.999862,0.999907,0.999864,0.99986,0.999996,0.999991,1.0,0.999994,0.999998,0.999998,1.0,1.0,0.999999,1.0,0.999999,1.0,1.0,0.999996,1.0,0.999742,0.999742,0.999771,0.999747,0.999646
25,3,ndo,0,2.6e-05,2.4e-05,2.1e-05,6.5e-05,8e-05,9e-06,1.5e-05,0.00011,1.9e-05,6.3e-05,3.5e-05,7e-06,0.000137,3.8e-05,3.1e-05,2.2e-05,1.5e-05,2e-05,2.5e-05,2.7e-05,6e-06,8e-06,1e-06,2.6e-05,3e-06,3e-06,0.0,0.0,0.0,0.0,0.0,2e-06,0.0,0.0,0.0,0.000153,0.000217,0.000134,9.7e-05,0.000217
26,2,anu,0,1.4e-05,5e-05,2.4e-05,4.6e-05,0.000103,1.1e-05,2e-05,3.4e-05,2.3e-05,3.2e-05,2.7e-05,4.3e-05,8.5e-05,1.5e-05,9e-06,1.2e-05,1.7e-05,1.8e-05,1.9e-05,1.1e-05,1.3e-05,1.2e-05,2e-06,5.1e-05,2.2e-05,4e-05,2e-06,1e-06,6e-06,9e-06,7e-06,2e-06,2e-06,1.8e-05,9e-06,0.000278,0.000226,0.000208,0.000152,0.000348
27,2,iza,0,0.058883,0.087899,0.93296,0.032201,0.008314,0.023579,0.038336,0.115638,0.009066,0.018851,0.048516,0.002561,0.040599,0.033065,0.000544,0.000439,0.000982,0.002932,0.023792,0.001124,0.527731,0.041167,0.032266,0.232143,0.143119,0.249328,0.066613,0.084988,0.12241,0.196358,0.056753,0.184873,0.084895,0.178553,0.121152,0.348247,0.386242,0.143456,0.0782,0.346426
28,2,ana,1,0.991859,0.997835,0.996612,0.999173,0.998756,0.997905,0.999764,0.997196,0.999513,0.997691,0.998271,0.999758,0.989457,0.999736,0.999719,0.999426,0.999266,0.999626,0.999719,0.999652,0.999841,0.999258,0.999953,0.999268,0.999934,0.999128,0.9999,0.999996,0.998902,0.999942,0.999252,0.997147,0.999967,0.999706,0.999864,0.999682,0.999686,0.99973,0.999756,0.999548
29,2,tya,1,0.066007,0.009439,0.01058,0.010092,0.008863,0.053845,0.129308,0.094029,0.022338,0.014905,0.067624,0.009772,0.035305,0.102248,0.004646,0.017296,0.014774,0.069681,0.004393,0.009848,0.009864,0.034067,0.01483,0.016616,0.003569,0.010463,0.003612,0.010546,0.003888,0.004154,0.00412,0.006355,0.013694,0.006477,0.003844,0.000337,0.000465,0.00023,0.000198,0.00175
30,2,jri,0,0.010755,0.036717,0.005358,0.007966,0.047514,0.011708,0.012722,0.065117,0.010486,0.007165,0.00519,0.007826,0.037796,0.004578,0.003222,0.002156,0.00037,0.001411,0.003449,0.001117,0.015633,0.005694,0.058419,0.004063,0.003096,0.032004,0.011598,0.07541,0.019847,0.133173,0.056114,0.035755,0.077765,0.031356,0.000601,0.027822,0.001751,0.001382,0.005191,0.035939
31,3,kti,1,0.921039,0.979854,0.988557,0.66509,0.964739,0.970882,0.984752,0.948341,0.935123,0.905333,0.918593,0.984382,0.956544,0.895798,0.988609,0.998374,0.999466,0.996392,0.997459,0.994514,0.99983,0.996515,0.999102,0.9968,0.999955,0.761865,0.997163,0.999997,0.999447,0.999529,0.978535,0.997068,0.999942,0.999922,0.999895,0.999525,0.999215,0.999572,0.99963,0.999277
32,2,sri,0,0.000423,0.005619,0.011989,0.001058,0.00331,0.036868,0.002679,0.057277,0.012202,0.012203,0.040649,0.001768,0.014497,0.011782,0.021468,0.000533,0.000123,0.000598,0.000115,0.002246,1.8e-05,0.000482,8.1e-05,0.000473,0.000238,0.000113,0.005734,4.6e-05,0.000214,0.002501,7e-06,0.00237,0.000579,0.000143,0.000252,0.000672,0.000724,0.000262,0.000177,0.001194
33,1,mat,0,0.001203,0.019381,0.007,0.000678,0.272901,0.123778,0.213134,0.02724,0.053643,0.079745,0.043537,0.007304,0.015001,0.030262,0.049514,0.0004,0.000335,0.003032,4.5e-05,0.000297,0.000185,0.000294,0.00011,0.000829,0.000231,0.000852,0.000581,0.000229,0.000278,0.000425,0.000341,0.002566,0.004011,0.002156,0.000187,0.000221,0.000143,0.000143,0.000105,0.000985
34,2,lis,1,0.538115,0.122288,0.778092,0.923908,0.409805,0.750861,0.889051,0.868613,0.802252,0.932166,0.434314,0.904209,0.871608,0.930525,0.933362,0.9442,0.991202,0.652835,0.958943,0.987217,0.253923,0.903776,0.099638,0.23375,0.15325,0.565751,0.319205,0.40502,0.165283,0.201318,0.728031,0.570792,0.391071,0.393387,0.132483,0.801883,0.990408,0.989338,0.368642,0.414657
35,3,adi,0,6.1e-05,8.2e-05,0.000559,0.000148,5.6e-05,6.8e-05,4.1e-05,5.4e-05,0.000167,4.8e-05,0.000508,1.9e-05,0.000132,8.1e-05,1.8e-05,9.9e-05,0.000173,0.000148,4.6e-05,3.8e-05,6.9e-05,5e-06,0.0,3.1e-05,2e-06,5e-06,1e-06,0.0,0.0,0.0,5e-06,0.0,1e-06,0.0,0.0,0.000162,0.00016,0.000147,0.000111,0.00039
36,2,ini,1,0.999654,0.999796,0.999933,0.999864,0.999057,0.999815,0.999487,0.999734,0.999239,0.999832,0.999752,0.999965,0.998862,0.999777,0.999608,0.999866,0.999627,0.999609,0.999796,0.999814,0.999975,0.999986,0.99991,0.998706,0.999896,0.999899,0.999993,0.999969,0.999959,0.999532,0.999984,0.999996,0.999912,0.99998,0.999925,0.999693,0.999599,0.999446,0.99972,0.999646
37,2,udz,0,0.017356,0.173094,0.011559,0.067402,0.007091,0.048285,0.00611,0.011734,0.028993,0.002568,0.015054,0.017404,0.006215,0.010272,0.030113,0.000996,0.002131,0.009871,0.012537,0.005267,0.137156,0.352652,0.5642,0.658781,0.199571,0.104798,0.118864,0.436521,0.544833,0.349635,0.038935,0.098209,0.246226,0.736135,0.084796,0.083675,0.137448,0.094804,0.017305,0.53216
38,2,edi,0,0.000209,0.000301,0.000268,0.003879,0.001075,0.000634,0.001755,0.001579,0.001042,0.000479,0.001244,3e-06,0.008156,0.001051,0.000311,0.000135,0.000635,0.000162,0.000108,0.00025,0.624895,0.43101,0.013049,0.665612,0.237499,0.478603,0.614684,0.22663,0.311885,0.312976,0.369093,0.508173,0.215628,0.445532,0.236963,0.003227,0.692483,0.071451,0.224806,0.002169
39,2,wan,0,0.007752,0.005368,0.001423,0.001122,0.005512,0.000616,0.000143,0.000631,0.002503,0.000752,0.002371,0.000376,0.000537,0.003103,0.000559,4e-05,5.8e-05,4.4e-05,8.8e-05,4.3e-05,0.000979,0.000299,0.000186,0.004614,0.003674,0.000788,0.000272,0.000887,0.00054,0.000875,0.000165,0.000331,0.003858,0.000254,0.000573,0.000199,0.000318,0.000164,0.000286,0.0004
40,2,ana,1,0.39412,0.690782,0.633208,0.885892,0.631504,0.92395,0.978803,0.895636,0.949158,0.906775,0.774446,0.312088,0.308926,0.399814,0.846841,0.32848,0.909588,0.748478,0.64083,0.72077,0.547497,0.433725,0.293774,0.520127,0.46991,0.204751,0.44033,0.321714,0.489501,0.359059,0.453838,0.225397,0.261568,0.452269,0.35956,0.205395,0.626597,0.444461,0.332885,0.447984
41,2,ewi,1,0.999118,0.999734,0.999524,0.998163,0.999779,0.999599,0.998853,0.998481,0.99774,0.999586,0.998182,0.999858,0.999545,0.999247,0.999845,0.999782,0.998832,0.999304,0.999471,0.999657,0.999784,0.999799,0.999941,0.999615,0.999848,0.999801,0.999938,0.999974,0.999747,0.999355,0.999943,0.99968,0.999926,0.999149,0.999491,0.999297,0.999395,0.999318,0.999379,0.998928
42,2,ani,1,0.999737,0.999477,0.999948,0.999702,0.999795,0.999065,0.99816,0.998848,0.998418,0.999042,0.999265,0.999902,0.99906,0.999516,0.999063,0.99978,0.999873,0.999646,0.999902,0.999905,0.99949,0.999748,0.999931,0.999741,0.999958,0.992485,0.999993,0.999994,0.999551,0.999422,0.999756,0.999971,0.999993,0.999732,0.998563,0.999632,0.999201,0.999742,0.999806,0.999637
43,3,aha,0,0.00059,0.00119,0.000363,0.000412,0.000122,0.001445,0.002181,0.000588,0.001298,0.000572,0.000987,9.1e-05,0.002062,0.000856,0.000527,3.1e-05,5.2e-05,4e-05,0.000139,1.2e-05,0.0001,0.000263,3.9e-05,0.00036,0.000304,8.9e-05,4e-06,1.3e-05,2e-06,8e-06,4e-06,0.000356,2.7e-05,1.8e-05,3e-06,0.00017,0.000178,0.000179,0.00013,0.000507
44,2,ugi,0,0.002332,0.074597,0.004009,0.020237,0.003317,0.009844,0.006259,0.004612,0.003237,0.004638,0.006752,0.000312,0.015087,0.001428,0.006688,0.004927,0.000945,0.001239,0.001354,0.002252,0.0009,0.036369,0.000145,0.009654,0.003352,0.006874,0.044985,0.000786,0.003561,0.051001,0.01083,0.02352,0.00479,0.006509,0.010729,0.000493,0.000289,0.000367,0.001198,0.017978
45,3,oho,0,0.010713,0.169309,0.047937,0.025266,0.006587,0.009535,0.017146,0.145569,0.002676,0.003922,0.008663,0.073013,0.015691,0.005323,0.041886,0.020189,0.070829,0.009179,0.051378,0.035337,0.001582,0.100881,0.000542,0.000249,4.4e-05,0.027623,0.131772,1.9e-05,0.001876,0.002964,0.000341,0.302207,3.2e-05,9.4e-05,0.00012,0.000278,0.000219,0.000188,0.000104,0.00773
46,3,nti,1,0.998305,0.999452,0.982714,0.997213,0.986008,0.996986,0.997142,0.99419,0.983402,0.999016,0.982269,0.999352,0.994759,0.998022,0.968486,0.999057,0.999693,0.999645,0.999817,0.999886,0.136769,0.310133,0.637273,0.12595,0.033157,0.559571,0.511371,0.523497,0.501133,0.516116,0.155776,0.398649,0.191964,0.246176,0.315284,0.22903,0.367015,0.30523,0.321549,0.259915
47,3,nda,1,0.998943,0.999728,0.99895,0.999768,0.999525,0.999294,0.999781,0.999774,0.999658,0.999685,0.999197,0.999904,0.998868,0.999503,0.997876,0.999846,0.99956,0.999711,0.99919,0.999571,0.999983,0.999974,0.999974,0.999728,0.999942,0.999978,0.999979,0.999993,0.999991,0.999939,0.999997,0.99988,0.999999,0.999992,0.999997,0.999542,0.999681,0.999639,0.99973,0.99925
48,2,yah,0,0.000928,0.003307,7e-06,0.000111,0.006278,0.000101,0.000643,0.001534,0.000615,3.5e-05,0.000619,5.3e-05,0.000235,0.000248,1.4e-05,4.4e-05,7.2e-05,5.5e-05,5.7e-05,5.4e-05,0.069661,0.084692,0.098325,0.080977,0.013731,0.054869,0.054064,0.069095,0.031833,0.084554,0.017597,0.125967,0.056969,0.01157,0.033383,0.023551,0.047569,0.031138,0.066091,0.015399
49,2,tri,1,0.999683,0.999492,0.999875,0.999875,0.999969,0.99984,0.999877,0.999907,0.999152,0.999664,0.999765,0.999972,0.999347,0.999387,0.999822,0.999607,0.999897,0.999885,0.999776,0.999918,0.999993,0.999992,0.999997,0.999984,0.999995,0.999995,0.999998,1.0,0.999998,0.999998,0.999998,0.999999,1.0,0.999996,1.0,0.999727,0.999714,0.999747,0.999759,0.999653
50,2,ano,0,0.000211,0.000212,0.000356,5.2e-05,0.00028,2.8e-05,1.3e-05,1.4e-05,1.9e-05,1.1e-05,4.7e-05,1e-05,0.000667,1.2e-05,5.2e-05,4.3e-05,9.6e-05,6.5e-05,0.000161,0.000438,0.126047,0.022859,0.253833,0.517866,0.070012,0.487234,0.087518,0.063086,0.266913,0.455765,0.272266,0.120636,0.275381,0.653856,0.066526,0.615883,0.115955,0.006228,0.009715,0.078777
51,3,man,0,0.016234,0.07152,0.014499,0.004797,0.027988,0.005658,0.013816,0.01384,0.008656,0.011721,0.017394,0.033174,0.009238,0.05937,0.029063,0.003497,0.003748,0.00537,0.003496,0.006095,0.006718,0.000629,0.00152,0.053616,0.004711,0.003215,0.013735,0.006265,0.012174,0.003047,0.013004,0.009574,0.001542,0.005807,0.054245,0.000972,0.002963,0.000292,0.00051,0.001303
52,3,ani,0,0.996627,0.999732,0.974117,0.986779,0.99841,0.999703,0.999734,0.999237,0.999181,0.997726,0.999574,0.999834,0.999053,0.998488,0.999217,0.999872,0.999935,0.999852,0.999939,0.999859,0.971956,0.996354,0.563246,0.950844,0.910615,0.977398,0.998868,0.993115,0.903168,0.95324,0.94993,0.99741,0.969281,0.474356,0.861921,0.999125,0.995871,0.999131,0.999691,0.989741
53,1,zar,0,0.022418,0.001343,0.019994,0.013408,0.005723,0.016615,0.009359,0.064868,0.045284,0.023248,0.015434,0.00229,0.035579,0.01881,0.015507,0.000673,0.000635,0.001746,0.011655,0.000821,0.844036,0.797227,0.694684,0.955496,0.99983,0.692618,0.543961,0.440885,0.979181,0.996097,0.650166,0.176411,0.125092,0.909102,0.997979,0.998866,0.07292,0.924493,0.934278,0.752042
54,2,era,0,0.032911,0.021067,0.245167,0.015679,0.029888,0.198525,0.040509,0.007421,0.019346,0.005648,0.028272,0.036851,0.019494,0.013312,0.089058,0.00718,0.005029,0.004241,0.035269,0.00091,0.580008,0.55234,0.626053,0.582574,0.519549,0.606422,0.577788,0.540547,0.53322,0.610678,0.570624,0.587211,0.612958,0.504852,0.623406,0.539257,0.562371,0.571446,0.55591,0.536121
55,1,ina,1,0.987728,0.991586,0.992843,0.981358,0.870229,0.912192,0.977998,0.902338,0.928349,0.897345,0.937123,0.966606,0.884837,0.888099,0.969483,0.987198,0.996718,0.992019,0.976943,0.998508,0.654147,0.569431,0.594292,0.543425,0.512678,0.619452,0.578886,0.541518,0.548238,0.586202,0.518062,0.593684,0.573601,0.516451,0.642789,0.538217,0.567588,0.569592,0.558031,0.522966
56,2,lba,0,0.000473,0.00721,0.003513,0.002049,0.003928,0.002722,0.057627,0.02817,0.018859,0.006069,0.017001,0.019714,0.054545,0.016584,0.005058,7.3e-05,0.000408,0.001051,0.000553,0.000551,0.004689,0.000748,3e-05,0.002981,0.000973,0.027079,0.001982,0.002139,0.0018,0.001842,0.004783,0.00219,0.001796,0.003178,0.00108,0.002397,0.000456,0.000311,0.00024,0.002234
57,2,aus,0,4.9e-05,4.5e-05,3.3e-05,0.000217,0.000402,0.00194,0.000679,0.000258,0.000828,0.000221,0.000252,0.0001,0.0004,0.000177,0.000279,2.7e-05,6e-05,0.000104,0.000159,8.9e-05,2e-06,1.3e-05,2e-06,2.2e-05,1.9e-05,8.2e-05,2e-06,2e-06,1.5e-05,4e-06,4e-06,5e-06,3e-06,8e-06,1e-06,0.000149,0.000163,0.000146,0.000106,0.000272
58,3,bis,1,0.945635,0.904599,0.978298,0.958307,0.968638,0.972104,0.991527,0.838942,0.971585,0.907259,0.928285,0.858182,0.970402,0.945834,0.967158,0.998929,0.998005,0.865283,0.99838,0.97098,0.998622,0.943021,0.96515,0.907592,0.981145,0.894717,0.870699,0.950411,0.986106,0.968545,0.997999,0.974244,0.938967,0.954836,0.921521,0.562793,0.744348,0.995508,0.886104,0.986762
59,2,wan,0,6.9e-05,0.000115,4.3e-05,0.000208,0.001681,0.000648,0.001705,0.002574,0.000767,0.000265,0.001917,7.7e-05,0.00012,0.000801,0.002346,4.3e-05,0.000456,5.7e-05,6.3e-05,1.5e-05,0.008559,0.040267,0.000347,0.095661,0.023008,0.076975,0.020642,0.021167,0.07679,0.048466,0.027401,0.032254,0.071252,0.065291,0.098891,0.002694,0.015852,0.000923,0.29531,0.032202
60,3,ron,0,4.9e-05,3.2e-05,1.3e-05,4e-05,4.1e-05,1.3e-05,3.5e-05,0.000134,2.7e-05,5.3e-05,2.1e-05,8e-06,7.4e-05,6e-05,6.9e-05,1.5e-05,1.3e-05,1.6e-05,2.2e-05,9e-06,2e-05,2e-06,0.0,2.3e-05,1e-05,2e-06,0.0,0.0,0.0,4e-06,1e-06,0.0,0.0,0.0,0.0,0.000223,0.000189,0.000191,0.00012,0.000301
61,2,afi,0,1e-05,9.4e-05,1.5e-05,3.9e-05,0.000132,0.000132,4.6e-05,5.4e-05,7e-05,3.9e-05,4.5e-05,2e-06,0.000274,2.7e-05,5.7e-05,1e-05,1.3e-05,1.6e-05,2.1e-05,1.4e-05,6e-06,3e-06,1e-06,2.8e-05,4e-06,9e-06,0.0,0.0,4e-06,2e-06,2e-06,1e-06,2e-06,9e-06,1e-06,0.000147,0.000169,0.000133,0.0001,0.00021
62,4,iri,0,5e-06,2.2e-05,1.3e-05,3.8e-05,8.3e-05,2.4e-05,3.2e-05,5.1e-05,8.9e-05,5e-05,1.1e-05,2e-06,0.000116,2.1e-05,1.8e-05,1.6e-05,1.5e-05,2e-05,1.7e-05,1e-05,2e-06,2e-06,0.0,8e-06,2e-06,0.0,0.0,0.0,0.0,0.0,0.0,0.0,0.0,0.0,0.0,0.000151,0.000157,0.000139,0.000101,0.000223
63,2,nny,0,0.00226,0.223586,0.035307,0.033916,0.06945,0.021031,0.023272,0.086626,0.008753,0.02767,0.218362,0.002496,0.046212,0.023476,0.025706,0.04788,0.034844,0.043302,0.011628,0.15048,7.4e-05,0.000398,2.3e-05,0.000162,6e-06,0.000642,3e-05,1.7e-05,4e-05,1.2e-05,6.6e-05,0.000532,0.000428,8.4e-05,4e-06,0.000167,0.00015,0.000153,0.000121,0.000679
64,2,yyu,0,0.006534,0.001204,0.010207,0.000397,0.009614,0.015196,0.000816,0.006024,0.011146,0.0121,0.046451,0.000715,0.014082,0.054001,0.028125,0.000224,0.000149,0.000229,0.00014,0.000198,4e-06,0.000197,0.0,1.1e-05,4.2e-05,7e-06,1.1e-05,1e-06,1e-05,2e-06,1.1e-05,3.9e-05,1.7e-05,3e-06,8e-06,0.000157,0.000145,0.000137,0.000118,0.000222
65,1,mah,1,0.993486,0.996886,0.99872,0.999923,0.999404,0.99518,0.99841,0.997726,0.998019,0.993117,0.9953,0.999755,0.992987,0.998503,0.997162,0.999376,0.998726,0.997117,0.998136,0.998242,0.997701,0.999938,0.998573,0.999457,0.999757,0.9782,0.999527,0.998258,0.985487,0.994109,0.997664,0.999802,0.991048,0.994683,0.999346,0.999446,0.99967,0.999718,0.99977,0.995882
66,3,ono,0,0.007935,0.005259,0.002733,0.001045,0.000752,0.001928,0.000303,0.005608,0.005697,0.003791,0.003424,0.001158,0.000549,0.00618,0.001142,0.050101,0.017399,0.059384,0.003961,0.002381,2.4e-05,0.000412,4e-06,0.000203,0.000368,0.00063,6.2e-05,1.2e-05,6.4e-05,0.000134,0.000326,0.000112,0.000132,4.9e-05,1e-06,0.000422,0.00033,0.000397,0.000222,0.001818
67,3,lta,1,0.983101,0.998134,0.988509,0.992299,0.989266,0.988295,0.997164,0.993125,0.995451,0.989477,0.975144,0.99991,0.994396,0.921222,0.998594,0.998819,0.998281,0.999009,0.999247,0.999053,0.999942,0.999863,0.999944,0.999876,0.999642,0.999424,0.999643,0.999895,0.999677,0.999586,0.9999,0.999857,0.999949,0.999827,0.999886,0.999327,0.999269,0.999455,0.99962,0.998781
68,2,rum,1,0.999998,0.999998,0.999999,0.999996,0.999996,0.99994,0.999931,0.999893,0.999736,0.999934,0.99986,1.0,0.999566,0.999909,0.99972,0.999964,0.9999,0.999836,0.999909,0.999959,0.999968,0.999932,0.999958,0.999891,0.99981,0.999363,0.999841,0.999969,0.999749,0.999381,0.999837,0.999873,0.999884,0.999807,0.999697,0.999516,0.999399,0.999618,0.999704,0.999274
69,3,tra,0,4.1e-05,3.9e-05,4.6e-05,8e-06,1.8e-05,0.0,1e-06,1e-06,1.4e-05,2e-06,8e-06,9e-06,0.000815,1e-06,2e-06,1.3e-05,3e-05,1.5e-05,1.9e-05,1.6e-05,1e-06,1e-06,0.0,3e-06,2e-06,0.0,0.0,0.0,0.0,0.0,0.0,0.0,0.0,0.0,0.0,0.000157,0.000156,0.000139,0.000105,0.000228
70,3,wan,0,0.000212,9.9e-05,7.2e-05,7.8e-05,0.001225,5.8e-05,5.3e-05,0.000116,0.000161,0.00049,0.000473,6.2e-05,0.00141,0.000666,9e-05,0.000195,0.000143,2.8e-05,0.000207,8.6e-05,0.000988,0.000711,0.000119,0.000445,0.000325,0.00086,1.3e-05,7e-05,0.000178,0.000714,0.000103,2.2e-05,8.5e-05,6.8e-05,7.1e-05,0.000443,0.000261,0.000284,0.000405,0.000575
71,2,udi,0,0.000784,0.001209,0.00361,0.000479,4.8e-05,0.001631,0.004193,0.001003,0.001275,0.000605,0.002151,0.000566,0.002779,0.001369,0.000293,3.6e-05,0.00023,9.4e-05,8e-05,6.3e-05,9.9e-05,3.2e-05,3.9e-05,0.000103,0.000114,0.000997,1e-05,8e-06,0.000371,0.000156,0.000188,7.3e-05,6.1e-05,0.000229,2.4e-05,0.000164,0.000156,0.000149,0.000109,0.000342
72,3,ina,1,0.999811,0.99998,0.999913,0.999715,0.999928,0.999414,0.999762,0.998606,0.999028,0.999884,0.999898,0.999881,0.999886,0.999901,0.999916,0.999945,0.999862,0.999891,0.999725,0.99993,0.999998,0.999985,0.999991,0.999967,0.999942,1.0,1.0,1.0,0.999998,0.999999,1.0,1.0,1.0,1.0,1.0,0.999727,0.999723,0.999707,0.999763,0.999584
73,2,rdi,0,0.00322,0.002169,0.003501,0.003651,0.004179,0.000763,0.002837,0.000294,0.003013,0.00066,0.001818,0.001786,0.00443,0.053635,0.003078,4.1e-05,4.9e-05,8.4e-05,7.3e-05,1.3e-05,0.000801,0.001057,0.001085,0.001942,0.00249,0.004416,0.001865,0.000706,0.000713,0.002842,0.000478,0.001075,0.001346,0.000495,0.002528,0.000712,0.000658,0.00036,0.000458,0.001941
74,2,aya,0,0.010167,0.001298,0.000466,0.002075,0.001396,0.001315,6.1e-05,0.0016,0.002527,0.00015,0.000569,0.000154,0.000872,0.001039,0.000467,9e-05,8.8e-05,0.000205,7.6e-05,8.9e-05,0.000102,0.001187,8.5e-05,0.001295,0.000585,0.001781,0.001062,0.000421,0.000411,0.003228,0.000864,0.000883,0.001265,0.000249,0.000573,0.000476,0.000318,0.000279,0.00025,0.001806
75,2,ndi,0,0.000114,0.000572,0.00252,0.004997,0.004031,0.000561,0.00175,0.00375,0.002068,0.001801,0.001392,0.000251,0.0073,0.002782,0.000754,0.000348,0.000405,0.000531,0.000363,0.000151,0.064966,0.002976,0.000654,0.00139,0.10199,0.176539,0.022406,0.000515,0.060594,0.054095,0.004645,0.195121,0.001826,0.010875,0.122878,0.009128,0.001009,0.025233,0.045157,0.161382
76,3,wan,0,0.024568,0.003572,0.005111,0.003827,0.016362,0.001062,0.000754,0.001923,0.001197,0.000297,0.020517,8.4e-05,0.000257,0.001852,0.000631,0.000185,0.000175,9.4e-05,0.000295,0.000199,0.00778,0.003209,0.001017,0.009052,0.00167,0.007865,0.000359,0.001194,0.001281,0.005672,0.00195,0.000162,0.007868,0.00022,0.000597,0.000983,0.000545,0.000337,0.002146,0.00267
77,3,tra,0,4.9e-05,7.2e-05,4.3e-05,2.2e-05,7e-05,1.1e-05,1.6e-05,2.5e-05,4.6e-05,6e-06,4.5e-05,1.3e-05,0.000593,3e-06,2.7e-05,2.2e-05,3e-05,2.9e-05,3.7e-05,1.2e-05,1e-05,0.0021,0.000352,0.000125,5.4e-05,4.6e-05,3e-06,1e-06,1.1e-05,2e-06,0.000295,7e-06,2.4e-05,4.8e-05,2e-06,0.00042,0.000287,0.000297,0.000169,0.001448
78,1,dah,1,0.994038,0.989963,0.999261,0.99796,0.998365,0.983086,0.984921,0.976624,0.991158,0.98547,0.973944,0.978511,0.985816,0.993089,0.990315,0.99956,0.998974,0.998999,0.997782,0.999356,0.88758,0.890535,0.987321,0.958398,0.126364,0.796647,0.658811,0.887864,0.880098,0.620473,0.823004,0.628162,0.872873,0.813766,0.224209,0.999495,0.999589,0.999409,0.983216,0.999338
79,2,man,0,0.000208,0.000475,0.000242,0.001264,0.003088,9e-05,0.000568,0.000427,0.000376,0.000505,0.002583,6.2e-05,0.000348,0.001528,0.000304,4.9e-05,0.000515,9e-05,0.000128,2.8e-05,0.001625,0.000171,2.7e-05,0.000109,0.000332,0.000414,0.000259,3.1e-05,0.000113,0.000363,0.000125,0.001717,0.000722,0.000156,0.000592,0.000174,0.000255,0.000181,0.00016,0.000477
80,2,mat,0,3.2e-05,0.000186,7e-05,5.5e-05,0.000829,0.000837,0.001209,0.000321,0.001411,0.000863,0.00123,3.4e-05,0.000496,0.000236,0.000223,7.3e-05,0.000161,0.000124,6.6e-05,2.3e-05,0.04897,0.026647,0.00665,0.018341,0.004738,0.035606,0.063929,0.011001,0.017236,0.089975,0.019286,0.088889,0.015588,0.028208,0.015477,0.002413,0.003871,0.000626,0.004098,0.025517
81,2,dri,0,0.000873,0.011414,0.001686,0.00133,0.005428,0.001622,0.00144,0.001432,0.000722,0.001317,0.000333,0.002282,0.006525,0.000586,0.000401,0.000116,8.8e-05,0.000351,0.000198,8.2e-05,0.005934,0.000536,0.00166,0.002082,0.001296,0.00128,0.000199,0.000229,0.000785,0.002616,0.013456,0.000387,0.001802,5.7e-05,0.004069,0.0002,0.00034,0.000238,0.000181,0.000545
82,1,jri,0,0.000633,0.001452,0.015956,0.011407,0.030512,0.01168,0.023574,0.014512,0.0503,0.00722,0.009775,0.004362,0.01729,0.007527,0.006668,0.000432,0.00038,0.000346,0.001206,0.000578,0.177616,0.003746,0.007819,0.000306,9.3e-05,0.024596,0.013827,0.013174,0.000608,0.001284,0.054561,0.014288,0.037796,0.003003,2.2e-05,0.000169,0.000138,0.000207,0.000122,0.000425
83,4,awi,0,0.000398,0.000587,0.000706,0.000933,0.000411,0.000227,0.000139,0.00024,0.000339,0.000267,0.000256,1.2e-05,0.000369,0.000827,0.000206,0.000114,8.8e-05,0.000153,8.6e-05,6e-05,0.001541,0.000892,6.5e-05,0.001197,0.000107,5.7e-05,7e-06,2.2e-05,1e-06,7.7e-05,0.0006,3.7e-05,2.6e-05,0.0,0.0,0.000228,0.000251,0.000237,0.00019,0.000887
84,2,ska,1,0.998986,0.999111,0.999795,0.999359,0.998165,0.999576,0.999884,0.998958,0.998871,0.999149,0.999061,0.999975,0.997642,0.999631,0.999749,0.999616,0.999836,0.999788,0.999666,0.999766,0.999992,0.999978,0.999997,0.999986,0.999992,0.999992,0.999993,1.0,0.999999,0.999999,0.999994,0.999988,0.999999,0.999998,1.0,0.999714,0.999726,0.999755,0.999765,0.999633
85,1,ndo,0,0.001654,0.00899,0.000188,0.000708,0.001164,0.010779,0.008728,0.002133,0.001095,0.00067,0.000553,0.000192,0.001539,0.000508,0.000754,0.000209,0.004817,0.000975,0.00025,8.5e-05,0.654147,0.569431,0.594292,0.543425,0.512678,0.619452,0.578886,0.541518,0.548238,0.586202,0.518062,0.593684,0.573601,0.516451,0.642789,0.538217,0.567588,0.569592,0.558031,0.522966
86,2,ika,0,0.684071,0.904956,0.849038,0.948766,0.371673,0.954861,0.988517,0.656064,0.944119,0.855068,0.914266,0.995648,0.771995,0.909896,0.583159,0.70069,0.696744,0.871706,0.872787,0.946422,0.122832,0.010158,0.093241,0.680888,0.90186,0.355777,0.455714,0.710692,0.201246,0.385062,0.032805,0.446868,0.686818,0.247673,0.396255,0.992863,0.020969,0.997678,0.966254,0.961006
87,3,a p,1,0.981064,0.957394,0.927802,0.942462,0.835152,0.975506,0.975927,0.989578,0.96083,0.979174,0.86968,0.898138,0.831089,0.887058,0.991793,0.999668,0.999825,0.997821,0.99858,0.999549,0.999947,0.999902,0.999962,0.999939,0.999789,0.999526,0.999993,0.999993,0.999878,0.996451,0.999926,0.999983,0.999987,0.999984,0.999774,0.999497,0.999611,0.999583,0.99966,0.9991
88,2,ane,1,0.880689,0.806196,0.9939,0.997324,0.906488,0.949851,0.947764,0.454095,0.7329,0.933283,0.75836,0.103037,0.632895,0.489409,0.922628,0.798972,0.991447,0.95523,0.973574,0.993475,0.916385,0.556116,0.915683,0.939311,0.930377,0.885253,0.98922,0.953074,0.420617,0.832153,0.960826,0.918332,0.926092,0.268958,0.960589,0.854189,0.887171,0.975331,0.922068,0.571047
89,3,tri,1,0.999357,0.99983,0.999886,0.999911,0.999698,0.997903,0.998549,0.996513,0.995968,0.998934,0.999508,0.999908,0.996771,0.999369,0.999785,0.999686,0.999848,0.999786,0.999649,0.999779,0.999983,0.999866,0.999999,0.999818,0.999893,0.999977,0.999868,0.999998,0.999981,0.999997,0.999995,0.999939,0.999994,0.999981,0.999996,0.99961,0.999705,0.999725,0.999665,0.999576
90,1,iah,1,0.997903,0.999476,0.999646,0.999505,0.994797,0.98869,0.995219,0.996443,0.99559,0.994739,0.992391,0.998373,0.986357,0.995996,0.998106,0.999742,0.999809,0.999296,0.999601,0.999718,0.999198,0.997654,0.999416,0.999526,0.999879,0.995418,0.996033,0.999485,0.999217,0.998795,0.957926,0.997621,0.99766,0.99937,0.999513,0.999688,0.999676,0.999709,0.999793,0.999579
91,2,lia,1,0.999929,0.997929,0.999849,0.998687,0.998172,0.993655,0.999465,0.999176,0.99871,0.999341,0.999039,0.999972,0.999819,0.999789,0.99943,0.999871,0.999786,0.999823,0.999814,0.999833,0.996485,0.998477,0.999557,0.990452,0.998399,0.981695,0.992702,0.995408,0.993033,0.994076,0.998713,0.994344,0.994656,0.985585,0.99549,0.997282,0.999339,0.998504,0.999698,0.999014
92,3,srg,1,0.999864,0.999906,0.999343,0.999148,0.999509,0.999449,0.999745,0.999892,0.999085,0.999886,0.999432,0.999988,0.998914,0.999974,0.999875,0.999893,0.999944,0.999807,0.9999,0.99989,0.999985,0.999953,0.999998,0.999366,0.999219,0.999961,0.999997,0.999998,0.999816,0.997674,0.999999,1.0,0.999994,0.999879,0.999898,0.999691,0.999726,0.999688,0.999709,0.999507
93,3,ziz,0,4e-05,0.000292,0.003167,0.000606,0.001369,0.00027,8.8e-05,0.000148,0.000154,0.000104,0.000234,6e-06,0.001751,0.000225,0.000913,2.6e-05,2.8e-05,5.6e-05,5.3e-05,2.8e-05,4e-06,9e-06,1e-06,9e-06,3e-06,0.0,0.0,0.0,0.0,0.0,0.0,1e-06,0.0,0.0,0.0,0.000174,0.000187,0.000159,0.000106,0.00032
94,2,jri,0,3.6e-05,0.00027,0.001181,2.3e-05,0.00192,0.000895,0.000146,0.000554,0.002903,0.00115,0.001213,0.000286,0.001674,0.000551,0.000912,3.6e-05,2.8e-05,5.1e-05,3.1e-05,4.1e-05,5.8e-05,3.8e-05,6e-06,5.9e-05,4.4e-05,1.1e-05,1.9e-05,2e-06,2e-06,4.2e-05,2e-06,8.3e-05,2.2e-05,4e-06,2e-06,0.000183,0.000147,0.00015,0.000103,0.000496
95,3,ari,1,0.999796,0.999898,0.999593,0.999803,0.999763,0.999812,0.999759,0.999694,0.999756,0.999976,0.999452,0.999882,0.999286,0.999807,0.999849,0.999917,0.999933,0.999899,0.999958,0.999954,0.999985,0.999986,0.999999,0.999975,0.999989,0.999999,1.0,0.999999,0.999999,0.999988,0.999998,1.0,1.0,0.999999,0.999998,0.999741,0.999745,0.99971,0.999765,0.999664
96,2,tra,0,0.000155,3e-06,6e-05,1e-06,6.6e-05,2.1e-05,5.6e-05,4.1e-05,0.000389,2e-05,3.1e-05,1.2e-05,0.002338,7e-06,6.2e-05,2.5e-05,4.7e-05,2.7e-05,3.3e-05,3.4e-05,0.000722,0.000769,0.002138,0.003589,0.000267,0.006798,0.000766,0.001075,0.002744,0.000184,0.00167,0.000308,0.005567,0.001434,0.000258,0.004664,0.000636,0.000733,0.001367,0.010342
97,2,wam,0,0.000603,1.8e-05,0.000867,6.1e-05,0.000221,0.000565,0.001095,0.000708,0.003477,0.001847,0.002497,0.000297,0.001146,0.000199,0.000485,0.000476,0.000409,0.106668,0.000144,0.000376,0.001314,0.003865,0.004362,0.004109,0.002971,0.053476,0.014164,0.006913,0.010809,0.02714,0.006529,0.005875,0.006414,0.006163,0.011545,0.000675,0.000713,0.000648,0.000796,0.004351
98,4,ina,0,0.134598,0.001149,0.014399,0.00013,0.0006,0.00011,0.000259,0.000309,0.006873,0.001925,0.000446,0.000144,0.010403,0.000118,0.002063,3.7e-05,8.8e-05,0.000355,0.000212,5e-05,8e-06,1.9e-05,4e-06,6.5e-05,1.5e-05,1.1e-05,1e-06,0.0,0.0,0.0,0.0,0.0,0.0,1e-06,1e-06,0.000216,0.000228,0.000229,0.000149,0.000786
99,2,lah,0,0.006919,0.005937,0.033098,0.029288,0.029136,0.026883,0.106669,0.056412,0.012495,0.005782,0.008008,0.001171,0.029422,0.006111,0.622861,0.002218,0.499307,0.003967,0.002041,0.00127,0.580008,0.55234,0.626053,0.582574,0.519549,0.606422,0.577788,0.540547,0.53322,0.610678,0.570624,0.587211,0.612958,0.504852,0.623406,0.539257,0.562371,0.571446,0.55591,0.536121
100,2,tfi,0,0.004377,0.008836,0.00645,0.007139,0.004778,0.003803,0.003762,0.006741,0.007077,0.006544,0.003742,0.000533,0.013007,0.007258,0.002425,0.002051,0.001745,0.001339,0.00205,0.004441,9.9e-05,3.4e-05,1.4e-05,0.00021,0.000227,0.003204,0.003483,0.001931,0.012576,0.000658,0.000176,0.000804,0.017924,0.003072,0.000188,0.000739,0.000312,0.000207,0.000259,0.000258
101,2,suf,0,0.000289,0.001439,0.005261,0.000425,0.005591,0.002552,0.002409,0.002249,0.00345,0.00157,0.006461,0.000306,0.014919,0.007672,0.001707,0.000181,0.000242,0.000144,0.000239,9.4e-05,2.2e-05,0.005204,5e-06,0.111073,0.001088,0.005846,0.007074,0.015648,0.068437,0.008996,2.7e-05,0.004913,0.022507,0.028805,0.000379,0.001189,0.000326,0.000171,0.863372,0.000406
102,3,the,1,0.998807,0.998705,0.999561,0.999608,0.999921,0.999798,0.999293,0.999688,0.999689,0.999571,0.999744,0.997738,0.998408,0.99871,0.99934,0.999924,0.9999,0.999893,0.999844,0.999904,0.999994,0.99991,0.999964,0.999913,0.999862,0.999772,0.999991,1.0,0.999991,0.999932,0.999998,0.999989,0.999786,0.99999,0.999986,0.999717,0.999705,0.999668,0.999782,0.999446
103,3,i n,1,0.999922,0.999923,0.999682,0.999961,0.999977,0.999793,0.999817,0.999396,0.99852,0.999796,0.99982,0.999954,0.998775,0.999704,0.999599,0.999905,0.999857,0.999632,0.999845,0.999903,0.9998,0.999529,0.999873,0.999698,0.998841,0.999424,0.999988,0.999971,0.999815,0.999457,0.999964,0.999834,0.999603,0.998278,0.999781,0.999288,0.999536,0.999309,0.999465,0.998679
104,3,man,0,1.9e-05,4.9e-05,7.7e-05,1.6e-05,0.000105,3e-05,0.000408,9.7e-05,0.000124,0.000173,0.0001,0.000182,0.000179,0.000365,9.9e-05,6e-05,0.000155,4.8e-05,3.9e-05,2.7e-05,1e-06,1.2e-05,5e-06,7e-06,8e-06,0.0,5e-06,2e-06,1e-06,0.0,1.5e-05,1e-06,5e-06,0.0,0.0,0.000175,0.000153,0.000159,0.000146,0.000409
105,2,sih,1,0.996777,0.995764,0.995288,0.999899,0.995954,0.998322,0.998671,0.999538,0.997715,0.991428,0.999844,0.999961,0.999336,0.999631,0.999766,0.999955,0.999903,0.999843,0.999818,0.999927,0.999947,0.999798,0.999999,0.999986,0.999949,0.999884,0.999966,0.999997,0.999997,0.999899,0.999989,0.999985,0.999988,0.99999,0.999954,0.999724,0.999735,0.99973,0.99978,0.999356
106,2,wan,0,0.000263,0.000364,0.000191,0.000274,0.000707,0.000151,0.000671,0.000953,0.000154,7.8e-05,0.001587,9.4e-05,0.000143,0.000827,0.000329,2.9e-05,4.5e-05,0.00021,7.5e-05,6.7e-05,6e-06,0.000225,2e-06,0.000289,0.000229,9.5e-05,7.7e-05,1e-06,0.000265,0.000162,6.3e-05,4.5e-05,5e-06,4.8e-05,1e-05,0.000167,0.000159,0.000132,0.00011,0.000312
107,3,tri,1,0.999426,0.999945,0.999625,0.999925,0.99979,0.99983,0.999657,0.999695,0.999868,0.99947,0.999913,0.999861,0.997477,0.999822,0.999951,0.999869,0.99992,0.9999,0.999925,0.999942,0.833742,0.638009,0.838898,0.619919,0.501348,0.659662,0.648286,0.815382,0.817349,0.768068,0.751502,0.523618,0.791385,0.832755,0.882077,0.620188,0.70567,0.745892,0.643851,0.612828
108,2,lah,1,0.999444,0.998735,0.999003,0.999793,0.99928,0.99722,0.998831,0.998309,0.996742,0.993618,0.998357,0.999833,0.99725,0.99755,0.99774,0.99991,0.9998,0.999867,0.999862,0.999849,0.999872,0.999966,0.999999,0.999989,0.999998,0.999987,1.0,1.0,1.0,0.999998,0.999998,0.999998,0.999998,0.999999,0.999996,0.999719,0.999737,0.999741,0.999771,0.99968
109,2,ana,0,0.001886,0.001215,0.001853,0.001595,0.004091,0.000489,0.000709,0.001241,0.001452,0.000589,0.000289,0.000142,0.001329,0.000213,0.001062,0.000521,0.000261,0.002766,0.000296,5.5e-05,0.006645,0.008457,0.005462,0.002708,0.00237,0.052347,0.018519,0.012776,0.011611,0.035942,0.011843,0.027723,0.03598,0.009407,0.02157,0.002238,0.001904,0.001118,0.00064,0.014488
110,3,iwi,1,0.504706,0.999243,0.999189,0.999784,0.999773,0.990899,0.99888,0.996427,0.997242,0.99698,0.998713,0.984929,0.993303,0.999833,0.998107,0.999794,0.999744,0.999465,0.999692,0.999654,0.95211,0.853699,0.755935,0.459515,0.183241,0.222136,0.63735,0.19413,0.464533,0.461189,0.702727,0.701879,0.476251,0.616754,0.244,0.496213,0.6351,0.670038,0.876497,0.2917
111,3,pea,0,0.000875,0.001447,0.044144,0.069577,0.008433,0.003651,0.004627,0.016135,0.002246,0.010775,0.040373,0.000562,0.00845,0.008638,0.008787,0.003163,0.000223,0.000822,0.000723,0.000102,0.146043,0.012144,0.176234,0.013662,0.052471,0.028533,0.015439,0.002079,0.009009,0.017146,0.008869,0.012982,0.006816,0.003192,0.004505,0.003366,0.003533,0.001437,0.002928,0.063862
112,2,ari,1,0.999908,0.998232,0.999818,0.999601,0.999336,0.998854,0.998899,0.998903,0.998748,0.999813,0.999455,0.999437,0.997617,0.997928,0.999527,0.999511,0.999713,0.999533,0.999633,0.999711,0.999913,0.999968,0.999988,0.999928,0.999988,0.999529,0.999799,0.999874,0.99982,0.998734,0.99937,0.999666,0.999823,0.99989,0.999973,0.999704,0.999693,0.999659,0.999755,0.999584
113,2,lta,0,0.029343,0.254565,0.000939,0.140462,0.004909,0.034441,0.257991,0.159867,0.20518,0.42028,0.090236,0.141478,0.055552,0.080167,0.774045,0.003187,0.00616,0.010884,0.00646,0.023072,0.580008,0.55234,0.626053,0.582574,0.519549,0.606422,0.577788,0.540547,0.53322,0.610678,0.570624,0.587211,0.612958,0.504852,0.623406,0.539257,0.562371,0.571446,0.55591,0.536121
114,2,hri,0,0.006778,0.092064,0.02794,0.025738,0.124236,0.351701,0.631718,0.343477,0.176128,0.351414,0.42199,0.156334,0.158179,0.182634,0.250971,0.008818,0.04937,0.007209,0.018581,0.022572,0.812686,0.72882,0.07469,0.96867,0.266489,0.664722,0.933809,0.797428,0.214204,0.403286,0.35514,0.809731,0.383296,0.144896,0.752699,0.998464,0.897764,0.900488,0.938435,0.975035
115,2,ari,1,0.999955,0.999964,0.99998,0.999938,0.999922,0.999876,0.999802,0.999826,0.999679,0.999765,0.999782,0.999928,0.999533,0.999713,0.99995,0.999883,0.999867,0.999855,0.999915,0.999939,0.999999,0.999997,1.0,0.999997,0.999999,0.999998,1.0,1.0,1.0,0.999999,0.999997,0.999999,1.0,1.0,1.0,0.999746,0.99971,0.999768,0.999781,0.99965
116,2,ida,1,0.999825,0.999583,0.999801,0.999764,0.99999,0.999744,0.999197,0.999625,0.999364,0.998792,0.999009,0.999674,0.997629,0.998842,0.999592,0.999915,0.999814,0.999883,0.999871,0.999864,0.999941,0.999759,0.999996,0.999877,0.99998,0.999049,0.999628,0.999999,0.999787,0.99997,0.994698,0.998783,0.999997,0.999975,0.999949,0.999713,0.999714,0.999754,0.999787,0.999504
117,4,tra,0,8.7e-05,0.00014,4.7e-05,0.0002,7.2e-05,3e-06,0.000114,1.3e-05,0.000295,6e-06,0.000288,1e-05,0.001358,1.4e-05,2.1e-05,6.3e-05,7.7e-05,0.00034,5.3e-05,6.7e-05,4e-06,1e-06,3e-06,1.5e-05,2e-06,0.0,0.0,0.0,0.0,0.0,0.0,0.0,2e-06,0.0,0.0,0.000246,0.00023,0.000195,0.000136,0.000376
118,2,ora,0,0.005279,0.001861,0.001783,0.002808,0.002755,0.002159,0.009463,0.026608,0.018295,0.002606,0.015192,0.002568,0.008071,0.008977,0.011591,0.000845,0.002644,0.017091,0.001726,0.001748,7.9e-05,0.0009,3.4e-05,0.000177,0.000337,0.000632,0.001257,0.000472,8e-06,9.6e-05,0.000428,0.001743,0.001596,5.1e-05,0.000589,0.000187,0.000234,0.000193,0.000128,0.000376
119,2,wan,0,0.000451,0.000547,0.00113,0.000627,0.003174,0.000664,0.001075,0.002132,0.004042,0.000453,0.006231,0.000257,0.000205,0.001202,0.003839,7.9e-05,0.000291,0.000148,0.000271,0.000181,0.000369,0.000608,0.00083,0.004393,0.001696,0.002604,0.00011,0.001214,0.002442,0.004625,0.000517,5.1e-05,0.005285,0.001521,0.000989,0.00027,0.000195,0.000181,0.000451,0.000487
120,1,nto,0,0.000882,0.000291,0.001522,0.000716,0.001452,0.003664,0.00367,0.000992,0.000843,0.002977,0.000761,0.001866,0.002915,0.001452,0.002362,3.9e-05,0.000114,0.000724,5.8e-05,6.5e-05,0.01409,0.024888,0.000158,0.062092,0.062769,0.154178,0.054018,0.028474,0.661402,0.425348,0.187631,0.146904,0.081814,0.040562,0.31996,0.000722,0.000149,0.000521,0.000779,0.007595
121,2,tri,1,0.999851,0.99996,0.99996,0.999956,0.999943,0.999963,0.999996,0.99998,0.999727,0.999992,0.99899,0.999973,0.999453,0.999914,0.999975,0.999944,0.99995,0.999924,0.999926,0.999971,0.999997,0.999991,1.0,0.999952,0.999994,0.99995,0.999998,1.0,0.999999,0.999978,0.999977,1.0,0.999994,0.999982,0.999994,0.999744,0.999743,0.999716,0.999732,0.999668
122,2,ari,1,0.999848,0.999938,0.999982,0.999837,0.999945,0.99737,0.997569,0.996819,0.994985,0.99815,0.996868,0.999517,0.996623,0.998484,0.998901,0.999535,0.999135,0.99951,0.99942,0.999408,0.999903,0.999799,0.999969,0.999661,0.999734,0.999589,0.999756,0.999966,0.999656,0.999809,0.99906,0.999476,0.9999,0.99967,0.999934,0.999445,0.999488,0.999744,0.999611,0.999461
123,2,han,0,0.000675,0.000608,0.000961,0.000596,0.000659,0.000824,0.000688,0.002375,0.001519,0.00109,0.00245,0.000447,0.000384,0.000217,0.00032,0.000125,8.2e-05,0.000953,0.000126,3.2e-05,0.000614,0.001681,6.8e-05,0.000949,0.001178,0.008116,0.000659,0.002336,0.001404,0.000338,0.000452,0.000575,0.002567,0.001171,0.000828,0.000247,0.000395,0.000318,0.000526,0.000887
124,1,aus,0,0.002859,0.024729,0.002423,0.017684,0.031228,0.037045,0.165564,0.01095,0.031583,0.008904,0.01709,0.002465,0.031583,0.01143,0.033444,0.000118,0.000313,0.003271,0.000915,0.001175,0.151251,0.006187,0.070255,0.002324,0.003536,0.026166,0.006029,0.001513,0.010071,0.003416,0.031117,0.009974,0.005913,0.034815,0.002196,0.000162,0.000207,0.000164,0.000176,0.000286
125,2,ril,0,0.001983,0.000512,0.007412,0.000823,0.001742,0.030705,0.025085,0.003173,0.003313,0.007698,0.01069,0.000978,0.002833,0.007043,0.007122,0.004533,0.018552,0.023411,0.004185,0.001069,2.3e-05,4.4e-05,5e-06,8.6e-05,5e-05,0.000104,4.7e-05,1.9e-05,2.6e-05,0.000967,1.1e-05,5.1e-05,3.2e-05,5e-06,0.000162,0.000419,0.000232,0.000213,0.000199,0.000688
126,2,tra,0,0.001194,0.000695,0.001411,9e-06,0.013077,0.002405,0.002091,0.0008,0.033906,0.000101,0.000581,2.2e-05,0.006595,0.000305,0.001569,0.000129,0.000587,0.045296,0.000106,0.005124,0.000911,0.00028,0.022645,0.001634,0.001287,0.003186,5.1e-05,0.000987,0.000168,0.000109,0.000181,1.6e-05,0.002327,0.000258,0.000358,0.000278,0.000179,0.000163,0.000112,0.000715
127,2,ati,1,0.999935,0.999979,0.999931,0.999908,0.999757,0.999696,0.99989,0.999756,0.999824,0.999878,0.999701,0.99996,0.999852,0.999555,0.999804,0.999958,0.99996,0.999941,0.999973,0.99997,0.99999,0.999999,0.999999,0.999992,0.999992,0.999998,1.0,1.0,0.999999,0.999997,0.999999,1.0,0.999999,0.999999,0.999998,0.999745,0.99974,0.999706,0.999768,0.999681
128,2,man,0,0.000224,0.00175,0.000679,0.001366,0.005274,0.007021,0.00108,0.002081,0.000855,0.000357,0.003609,7e-05,0.001667,0.000938,0.00066,2.9e-05,7.2e-05,0.000195,0.000122,2.7e-05,4.5e-05,0.000184,4.6e-05,0.000164,4e-06,0.000137,6e-06,3.7e-05,3.6e-05,4.1e-05,9.4e-05,2.3e-05,6.6e-05,8.3e-05,2e-06,0.000168,0.00017,0.000134,0.000111,0.000427
129,3,iwi,0,0.997426,0.998227,0.999126,0.997347,0.998855,0.999727,0.999781,0.999926,0.999455,0.999934,0.999319,0.999665,0.99787,0.999924,0.99989,0.999848,0.99989,0.99994,0.999823,0.99992,0.999997,0.999989,0.999992,0.999975,0.999938,0.999974,0.999998,1.0,0.999993,0.999998,1.0,0.999999,0.999999,0.999988,0.99999,0.999698,0.999634,0.999753,0.999774,0.999614
130,2,sha,0,0.001955,0.006519,0.024292,0.017709,0.006682,0.018483,0.01537,0.021366,0.058829,0.031596,0.014774,0.018517,0.004397,0.094085,0.005043,0.00899,0.000919,0.063986,0.033727,0.000485,0.000174,7.5e-05,7.9e-05,0.001197,0.000226,0.001963,9.3e-05,5.5e-05,0.001662,1.2e-05,0.000326,0.000107,0.000388,0.00044,1.2e-05,0.000197,0.000185,0.000161,0.000111,0.000666
131,4,ion,0,0.001573,0.006767,0.000675,0.001323,0.020014,0.00103,0.007767,0.002219,0.000727,0.000701,0.010158,0.000124,0.001137,0.002553,0.001109,0.067503,0.019206,0.08651,0.006391,0.196006,3e-06,4e-06,2e-06,4.2e-05,1.7e-05,0.0,0.0,0.0,0.0,0.0,0.0,0.0,0.0,0.0,0.0,0.000185,0.000249,0.000177,0.00011,0.000264
132,2,dho,0,0.003696,0.022011,0.001977,0.007807,0.031486,0.027957,0.011503,0.003034,0.015029,0.021434,0.021764,0.007392,0.008236,0.159397,0.004241,0.000615,0.002236,0.002688,0.000704,0.001276,0.004164,0.00445,0.005544,0.037683,0.023276,0.031111,0.0012,0.015189,0.004255,0.000203,0.037806,0.000201,0.095176,0.002536,5.1e-05,0.000404,0.000826,0.000154,0.000123,0.884988
133,3,nti,1,0.999881,0.999949,0.999971,0.999915,0.99997,0.99994,0.999959,0.999905,0.999921,0.999898,0.999839,0.999994,0.999629,0.999519,0.999715,0.999921,0.999925,0.99992,0.999916,0.999944,0.999999,0.999997,0.999997,0.999997,0.999978,0.999997,1.0,1.0,1.0,0.999999,1.0,1.0,1.0,1.0,1.0,0.999712,0.999734,0.999777,0.999778,0.999604
134,3,yat,0,5e-06,3.8e-05,2.4e-05,6.8e-05,2.8e-05,2.6e-05,5.5e-05,2.9e-05,0.000116,1e-05,3.9e-05,6e-06,0.000103,4.6e-05,3.1e-05,1e-05,1.3e-05,1.5e-05,2e-05,9e-06,4e-06,4e-06,1e-06,1.3e-05,3e-06,1e-06,0.0,0.0,0.0,0.0,0.0,0.0,0.0,0.0,0.0,0.000156,0.00017,0.000158,9.8e-05,0.00021
135,1,ati,1,0.999864,0.999815,0.999955,0.999955,0.999945,0.999455,0.999853,0.99932,0.99962,0.998364,0.999851,0.999318,0.999233,0.994345,0.998967,0.999596,0.9992,0.999229,0.999301,0.999502,0.654147,0.569431,0.594292,0.543425,0.512678,0.619452,0.578886,0.541518,0.548238,0.586202,0.518062,0.593684,0.573601,0.516451,0.642789,0.538217,0.567588,0.569592,0.558031,0.522966
136,2,rna,0,0.003262,0.002315,0.004482,0.009707,0.007102,0.003269,0.011685,0.010446,0.01743,0.000797,0.018678,0.001315,0.027697,0.001094,0.011018,0.005996,0.000287,0.012206,0.004105,0.000585,0.580008,0.55234,0.626053,0.582574,0.519549,0.606422,0.577788,0.540547,0.53322,0.610678,0.570624,0.587211,0.612958,0.504852,0.623406,0.539257,0.562371,0.571446,0.55591,0.536121
137,2,man,0,0.005073,0.001152,0.004857,0.01074,0.044582,0.001355,0.0035,0.002867,0.003052,0.000697,0.013674,0.001453,0.012133,0.002064,0.000508,0.000643,0.005889,0.000482,0.01169,0.000652,0.000294,0.000238,2e-06,0.001691,0.000232,0.007714,0.000931,1e-05,0.000191,1.1e-05,0.007221,0.001265,8.4e-05,0.000342,1.7e-05,0.000175,0.00017,0.000155,0.000113,0.000379
138,2,uti,1,0.999849,0.999742,0.999975,0.999945,0.999887,0.997981,0.998956,0.997707,0.996518,0.999419,0.997671,0.999939,0.998964,0.996508,0.999167,0.999827,0.99976,0.999806,0.999814,0.999776,0.999994,0.999965,0.999997,0.998599,0.998373,0.999762,0.999986,0.999998,0.999979,0.999963,0.999966,0.999989,0.99998,0.999908,0.999986,0.999669,0.999645,0.999705,0.999728,0.999465
139,2,lia,1,0.998882,0.997227,0.881146,0.995864,0.996465,0.934006,0.996372,0.996094,0.953325,0.996384,0.991553,0.989986,0.852545,0.997048,0.963464,0.978883,0.975836,0.96038,0.992872,0.991573,0.994016,0.987927,0.999989,0.89431,0.984855,0.964191,0.992397,0.999851,0.8009,0.9895,0.992893,0.980599,0.996696,0.801862,0.984099,0.999534,0.999416,0.995373,0.999706,0.998998
140,3,ari,1,0.055691,0.177547,0.798904,0.983738,0.430042,0.557521,0.468351,0.915521,0.762099,0.931479,0.669069,0.026226,0.773045,0.766445,0.901774,0.147245,0.596647,0.241749,0.497396,0.303989,0.069601,0.753125,0.50025,0.575562,0.044316,0.081576,0.5011,0.012418,0.128489,0.022839,0.034521,0.261683,0.059535,0.607093,0.000326,0.959424,0.004751,0.122141,0.126618,0.977866
141,3,nda,1,0.999342,0.999967,0.999624,0.99933,0.999925,0.998224,0.997876,0.999208,0.949138,0.988134,0.996803,0.999806,0.99693,0.99573,0.997471,0.999391,0.999577,0.999596,0.999506,0.999371,0.999896,0.999879,0.999882,0.998498,0.999973,0.999952,0.998991,0.999875,0.99919,0.999875,0.999681,0.999577,0.999858,0.99627,0.999289,0.999528,0.999643,0.999732,0.99975,0.99954
142,2,ani,1,0.999893,0.999616,0.99987,0.999829,0.999711,0.999746,0.999844,0.99989,0.998952,0.998881,0.999182,0.999624,0.983784,0.99962,0.999092,0.999886,0.999825,0.999798,0.999702,0.999909,0.999922,0.999826,0.999983,0.999244,0.999944,0.999891,0.999954,0.99999,0.999905,0.999814,0.999912,0.999705,0.999961,0.999963,0.999976,0.999588,0.999509,0.999785,0.999783,0.99958
143,2,wan,0,0.000165,2.7e-05,0.000178,0.000295,0.000136,4.2e-05,7.4e-05,0.00012,6e-05,4.8e-05,0.000256,2e-05,0.000342,0.000116,0.000108,2.9e-05,4e-05,3.3e-05,4.4e-05,1.3e-05,1.6e-05,5.5e-05,2e-06,1.1e-05,1.2e-05,2e-05,2e-06,1e-06,1e-06,1e-06,1.7e-05,1e-06,2e-06,6e-06,1e-06,0.000147,0.000144,0.000132,9.7e-05,0.000225
144,2,iha,1,0.999571,0.999744,0.999981,0.999836,0.999824,0.999798,0.999945,0.999205,0.99982,0.999806,0.996865,0.999923,0.99949,0.999661,0.999697,0.999933,0.999865,0.999929,0.999909,0.999903,0.999631,0.999989,0.999999,0.999917,0.999974,0.99989,1.0,1.0,0.999998,0.999954,0.999997,0.999999,0.999999,0.999996,0.999968,0.999622,0.999707,0.999715,0.999798,0.999598
145,3,han,1,0.95753,0.974526,0.986663,0.985508,0.951834,0.995353,0.995602,0.99975,0.996781,0.999414,0.99115,0.999196,0.995984,0.999194,0.989842,0.918958,0.995106,0.948455,0.973034,0.998924,0.998105,0.999156,0.999962,0.999981,0.999173,0.921139,0.999998,0.944857,0.996392,0.999771,0.989335,1.0,0.712825,0.99967,0.997198,0.998664,0.998732,0.999658,0.992064,0.999209
146,2,gga,0,0.746076,0.213176,0.159337,0.009035,0.073912,0.129536,0.01683,0.157104,0.04875,0.03446,0.167968,0.055652,0.136776,0.350769,0.031441,0.1109,0.050242,0.019266,0.296942,0.011759,0.580008,0.55234,0.626053,0.582574,0.519549,0.606422,0.577788,0.540547,0.53322,0.610678,0.570624,0.587211,0.612958,0.504852,0.623406,0.539257,0.562371,0.571446,0.55591,0.536121
147,3,wan,0,0.001542,0.001109,0.000773,0.000344,0.00151,0.000646,0.015311,0.001338,0.004268,0.005017,0.004887,0.000367,0.002655,0.000504,0.0008,0.000473,0.001462,0.011043,0.010309,0.00401,0.000115,5.9e-05,9e-06,0.00021,4.6e-05,0.000282,0.000117,1e-06,5.7e-05,9e-06,6.7e-05,2.2e-05,6e-06,0.000218,0.0,0.000169,0.000168,0.000189,0.000122,0.000447
148,3,ari,1,0.997797,0.997012,0.999356,0.998757,0.999578,0.990708,0.994417,0.986768,0.982831,0.982089,0.986828,0.993575,0.996706,0.994133,0.993151,0.998292,0.994061,0.998895,0.998675,0.999323,0.99961,0.999506,0.999997,0.999378,0.999985,0.999987,0.999997,1.0,0.999995,0.999968,0.999981,0.999982,1.0,0.999982,0.999995,0.999716,0.999702,0.999687,0.999738,0.999575
149,2,ion,0,0.008054,0.008851,0.059026,0.00727,0.006899,0.012329,0.005905,0.024353,0.011721,0.001269,0.004574,0.012444,0.016993,0.013996,0.070166,0.000253,0.001344,0.001321,0.004467,0.000214,0.580008,0.55234,0.626053,0.582574,0.519549,0.606422,0.577788,0.540547,0.53322,0.610678,0.570624,0.587211,0.612958,0.504852,0.623406,0.539257,0.562371,0.571446,0.55591,0.536121
150,2,man,0,0.000586,0.001686,0.000188,0.000151,0.011852,0.002618,0.004523,0.008426,0.030024,0.02713,0.003328,0.000479,0.006067,0.009928,0.079225,0.000198,0.000392,0.000183,0.00035,0.000247,0.022509,0.032654,0.013084,0.05607,0.015558,0.057671,0.071935,0.044535,0.07811,0.074935,0.054961,0.046233,0.088643,0.12383,0.031244,0.049065,0.014571,0.062312,0.067892,0.03734
151,2,tra,0,7.9e-05,0.000216,5.4e-05,1.1e-05,0.000479,2.3e-05,3.9e-05,4.7e-05,0.000137,9e-06,0.000103,8e-06,0.001672,4e-05,9.4e-05,2.2e-05,3.9e-05,7.9e-05,2.3e-05,1.2e-05,3e-06,4e-06,1e-06,1.2e-05,3e-06,0.0,0.0,0.0,0.0,0.0,0.0,0.0,0.0,0.0,0.0,0.000155,0.00017,0.000139,9.9e-05,0.000244
152,1,nto,0,0.000121,0.000158,0.000406,0.000212,0.000613,0.000567,0.000165,0.00023,0.000279,0.000188,0.00071,6.2e-05,0.001324,0.000196,0.000188,2.6e-05,3.4e-05,8.4e-05,3.4e-05,1.9e-05,0.003529,0.000365,0.000329,0.00035,0.061782,0.009202,0.000505,0.000477,0.001234,0.007197,0.007306,0.000548,0.013825,0.000882,0.008507,0.000155,0.000142,0.000137,0.000122,0.000718
153,3,ono,0,0.000702,0.000432,0.000476,0.000281,0.000533,0.000127,0.000379,0.000668,0.000233,0.000564,0.001026,9.2e-05,0.000284,0.000342,0.000263,3.4e-05,8.6e-05,0.000164,3.4e-05,1.7e-05,2.2e-05,6.5e-05,2.6e-05,0.000122,8e-06,0.000207,1e-05,2e-06,2e-05,0.0,2.9e-05,1.2e-05,7e-06,1e-06,0.0,0.000264,0.000173,0.000201,0.000257,0.000619
154,2,ama,0,0.000754,0.002157,0.000551,0.00273,0.001827,0.000851,0.00073,0.000941,0.002993,0.002035,0.00139,0.001357,0.00198,0.00106,0.000182,9.4e-05,4.2e-05,0.000151,8.9e-05,2.2e-05,5e-05,4.3e-05,1.4e-05,7e-05,0.00013,0.000503,0.000635,1.9e-05,9e-06,0.00021,0.000118,0.000669,2.6e-05,2e-06,2.2e-05,0.000181,0.000137,0.000143,0.000104,0.000236
155,3,ini,1,0.999967,0.999617,0.999985,0.999724,0.999179,0.999044,0.999611,0.999104,0.997159,0.999639,0.999119,0.999345,0.998061,0.999821,0.999895,0.999814,0.999787,0.999809,0.999817,0.999866,0.997429,0.999011,0.999948,0.893234,0.998728,0.998793,0.999973,1.0,0.999791,0.999908,0.99935,0.997183,0.999992,0.994591,0.999484,0.9995,0.999584,0.999607,0.999416,0.998667
156,3,ani,1,0.999891,0.999844,0.999948,0.999932,0.999636,0.999863,0.999519,0.999961,0.999646,0.999909,0.999747,0.999812,0.999723,0.999769,0.999937,0.99992,0.9999,0.999932,0.999959,0.999942,0.999993,0.999995,0.999996,0.999913,0.999996,1.0,1.0,1.0,0.999999,1.0,1.0,1.0,1.0,0.999996,1.0,0.999734,0.999733,0.999754,0.999732,0.999618
157,3,ari,1,0.99987,0.999886,0.999953,0.999896,0.99994,0.999908,0.999933,0.999944,0.999757,0.99998,0.999952,0.999923,0.999619,0.999812,0.99997,0.999962,0.999933,0.999942,0.999952,0.999968,0.999994,0.999986,0.999997,0.999957,0.999996,1.0,1.0,1.0,1.0,1.0,1.0,1.0,0.999999,0.999998,1.0,0.999741,0.99974,0.999763,0.999726,0.999619
158,3,ati,1,0.999947,0.999984,0.999987,0.999973,0.999985,0.999991,0.999996,0.999999,0.99998,0.999984,0.999865,0.999842,0.9996,0.999995,0.999996,0.999955,0.99995,0.999957,0.999958,0.999968,0.999978,0.999995,0.999997,0.999957,0.999997,0.999981,0.999999,0.999998,0.999999,0.999998,0.999999,0.999999,0.999996,0.999999,0.999998,0.999654,0.999712,0.999693,0.999727,0.999458
159,1,aus,0,0.002859,0.024729,0.002423,0.017684,0.031228,0.037045,0.165564,0.01095,0.031583,0.008904,0.01709,0.002465,0.031583,0.01143,0.033444,0.000118,0.000313,0.003271,0.000915,0.001175,0.151251,0.006187,0.070255,0.002324,0.003536,0.026166,0.006029,0.001513,0.010071,0.003416,0.031117,0.009974,0.005913,0.034815,0.002196,0.000162,0.000207,0.000164,0.000176,0.000286
160,3,wan,1,0.005049,0.004564,0.002152,0.007856,0.023517,0.002767,0.004769,0.034012,0.001765,0.015802,0.013131,0.000727,0.004822,0.008342,0.005889,0.001276,0.000311,0.001701,0.000292,0.000305,7.6e-05,0.000868,4.7e-05,0.000792,0.000806,0.001291,0.000125,6.2e-05,0.000214,0.001779,0.000461,0.000303,0.00098,1.2e-05,1.6e-05,0.00025,0.000403,0.00016,0.000178,0.002277
161,2,sha,1,0.999915,0.999959,0.999806,0.999941,0.999895,0.99908,0.999415,0.998848,0.999103,0.999663,0.999815,0.999903,0.997953,0.999411,0.999521,0.999737,0.99985,0.999716,0.999746,0.99984,0.998784,0.999599,0.999946,0.994656,0.999877,0.997864,0.99476,0.999794,0.999038,0.996385,0.999418,0.997822,0.999868,0.998646,0.999726,0.999492,0.99937,0.999531,0.999724,0.999083
162,3,i r,1,0.023816,0.71975,0.243909,0.176081,0.253211,0.124388,0.03905,0.076788,0.262645,0.222414,0.225747,0.829696,0.235473,0.083449,0.761122,0.03271,0.033154,0.066545,0.006109,0.318111,0.079672,0.083569,0.390032,0.47832,0.955919,0.036095,0.997244,0.07228,0.110846,0.002785,0.005507,0.954047,0.027227,0.196261,0.014954,0.04672,0.99807,0.001254,0.000804,0.990235
163,2,ani,1,0.999966,0.999891,0.999816,0.999971,0.99987,0.999776,0.999836,0.999705,0.999523,0.999889,0.999536,0.999991,0.999634,0.999906,0.999838,0.999824,0.999895,0.999827,0.999922,0.999924,0.999997,0.999993,0.999998,0.999986,0.999996,0.999999,0.999999,1.0,0.999998,0.999999,1.0,0.999998,0.999999,0.999998,1.0,0.99973,0.999739,0.99977,0.999723,0.999647
164,2,dri,0,7e-06,1.9e-05,1.4e-05,7.1e-05,4.5e-05,0.000116,3.4e-05,4.8e-05,0.000239,6.5e-05,2.8e-05,4.6e-05,0.000143,2.4e-05,7.7e-05,1.5e-05,1.2e-05,1.7e-05,2.1e-05,1e-05,2e-06,2e-06,0.0,1e-05,1e-06,0.0,0.0,0.0,0.0,0.0,0.0,0.0,0.0,0.0,0.0,0.000142,0.000148,0.00013,9.7e-05,0.000219
165,2,ubi,0,1.5e-05,8.5e-05,2.1e-05,5.4e-05,0.000191,7.1e-05,0.000113,0.000129,0.000612,0.000431,5.5e-05,0.000153,0.000422,0.001314,0.000172,1.5e-05,1.3e-05,2.7e-05,2.5e-05,8e-06,1.3e-05,1.2e-05,2e-06,5.1e-05,2.2e-05,4e-05,2e-06,1e-06,6e-06,9e-06,7e-06,2e-06,2e-06,1.8e-05,9e-06,0.000278,0.000226,0.000208,0.000152,0.000348
166,2,nti,1,0.999392,0.999706,0.998267,0.999866,0.997349,0.998026,0.999679,0.999874,0.993647,0.999437,0.999575,0.999941,0.997689,0.999896,0.999701,0.999777,0.999779,0.999564,0.999677,0.999738,0.984563,0.759724,0.993139,0.842544,0.049544,0.964049,0.327554,0.161818,0.87626,0.325886,0.993755,0.93445,0.256193,0.960035,0.4579,0.997639,0.948489,0.905401,0.994249,0.998828
167,2,ati,1,0.999868,0.999865,0.99579,0.999638,0.999925,0.999567,0.999773,0.999842,0.999597,0.999697,0.999013,0.998493,0.999545,0.998234,0.999814,0.999924,0.999867,0.999864,0.999932,0.999905,0.990859,0.920424,0.999653,0.99821,0.973527,0.971406,0.969704,0.991451,0.990475,0.967912,0.995615,0.992519,0.99655,0.938825,0.966584,0.999222,0.994818,0.998729,0.992888,0.99887
168,4,eza,1,0.999983,0.999907,0.999779,0.999954,0.996145,0.999456,0.99959,0.996961,0.999535,0.999881,0.99628,0.999996,0.993685,0.99992,0.999578,0.999745,0.999852,0.999792,0.99977,0.999903,0.999968,0.999781,0.999931,0.999956,0.999891,0.99992,0.999997,0.999998,1.0,0.999942,0.999965,0.999999,0.999994,0.999982,0.999982,0.999711,0.999703,0.999501,0.999726,0.999302
169,2,nes,0,0.001289,0.026687,0.005831,0.003396,0.049286,0.004348,0.00402,0.002857,0.006157,0.004056,0.01325,0.000824,0.001895,0.013064,0.00227,0.000536,0.000726,0.00052,0.000804,0.000119,1.7e-05,9.2e-05,2e-06,7e-06,1.5e-05,7.4e-05,2e-06,0.0,8.1e-05,9e-06,3.9e-05,2.7e-05,6e-06,0.000282,9e-06,0.000206,0.000166,0.000128,0.000104,0.000322
170,1,ari,1,0.446295,0.651952,0.965719,0.994359,0.975194,0.934207,0.971332,0.937031,0.857035,0.849726,0.853504,0.458872,0.939958,0.384274,0.812951,0.904188,0.973601,0.857113,0.701689,0.936412,0.654147,0.569431,0.594292,0.543425,0.512678,0.619452,0.578886,0.541518,0.548238,0.586202,0.518062,0.593684,0.573601,0.516451,0.642789,0.538217,0.567588,0.569592,0.558031,0.522966
171,2,zal,0,0.161801,0.302227,0.023026,0.054406,0.540876,0.441356,0.172647,0.279549,0.249449,0.69084,0.641232,0.670496,0.70731,0.524257,0.90814,0.337464,0.339203,0.300162,0.275413,0.067454,0.580008,0.55234,0.626053,0.582574,0.519549,0.606422,0.577788,0.540547,0.53322,0.610678,0.570624,0.587211,0.612958,0.504852,0.623406,0.539257,0.562371,0.571446,0.55591,0.536121
172,2,ana,1,0.99991,0.999919,0.999847,0.999236,0.999698,0.999049,0.999232,0.999212,0.997922,0.998851,0.999077,0.999831,0.996063,0.999201,0.999066,0.999896,0.999859,0.999814,0.999885,0.999908,0.996791,0.98922,0.997873,0.984421,0.989485,0.990208,0.99723,0.996356,0.986855,0.994684,0.992209,0.998791,0.992152,0.976287,0.993332,0.997675,0.994816,0.995412,0.99932,0.995928
173,3,rba,0,0.001915,0.001158,0.001014,0.000587,0.009548,0.002492,0.007267,0.006181,0.010532,0.034701,0.008096,0.001523,0.014327,0.008514,0.010143,0.000266,0.000958,0.000682,0.006208,0.000734,0.00278,0.00051,0.003847,0.00287,0.000785,0.001895,0.000625,0.001013,0.000524,0.000204,0.000537,4.1e-05,0.000282,0.000102,0.000192,0.000463,0.001403,0.000402,0.000315,0.010209
174,3, sp,0,1.3e-05,3.1e-05,3.9e-05,3.5e-05,5.1e-05,0.000135,6.9e-05,8.9e-05,0.000288,9e-05,5e-05,9e-06,4.4e-05,2.5e-05,5.4e-05,2.1e-05,1.3e-05,2e-05,2.9e-05,1.5e-05,5e-06,8e-06,1e-06,4.1e-05,0.000107,3e-06,0.0,0.0,0.0,1e-06,0.0,2e-06,0.0,4e-06,2e-06,0.000168,0.000228,0.00016,0.00011,0.000255
175,3,ari,1,0.999683,0.999988,0.999498,0.999863,0.999985,0.999899,0.999855,0.999747,0.999882,0.999893,0.99999,0.999936,0.999843,0.99987,0.999964,0.999943,0.999944,0.99995,0.999958,0.999972,0.999996,0.999996,0.999998,0.999988,0.999996,1.0,0.999997,1.0,1.0,1.0,1.0,0.999999,1.0,1.0,1.0,0.999736,0.999745,0.999751,0.999736,0.999565
176,2,lia,1,0.999906,0.999952,0.999976,0.999754,0.999835,0.998949,0.999887,0.999507,0.999087,0.999418,0.999658,0.999865,0.999884,0.999423,0.99946,0.999786,0.999705,0.999808,0.999626,0.999794,0.999998,0.999994,1.0,0.999992,0.999991,0.999999,1.0,1.0,0.999998,0.999997,1.0,0.999993,0.999999,0.999993,1.0,0.999712,0.999743,0.999797,0.999795,0.999644
177,2,uci,1,0.997658,0.984245,0.990883,0.997568,0.940065,0.999256,0.999034,0.978569,0.777972,0.994662,0.994704,0.996631,0.991391,0.987545,0.967988,0.992758,0.988361,0.986122,0.901322,0.992397,0.580008,0.55234,0.626053,0.582574,0.519549,0.606422,0.577788,0.540547,0.53322,0.610678,0.570624,0.587211,0.612958,0.504852,0.623406,0.539257,0.562371,0.571446,0.55591,0.536121
178,2,evi,0,0.002306,0.003422,0.002319,0.007709,0.002145,0.003248,0.020876,0.016477,0.013186,0.006124,0.01675,0.001061,0.010957,0.002184,0.012293,0.001299,0.001343,0.004563,0.00158,0.00032,0.000657,0.000598,1.1e-05,8.1e-05,9.2e-05,0.000366,1.5e-05,0.000486,0.000955,0.002988,0.000107,4.6e-05,0.000613,0.0013,0.003466,0.000185,0.000182,0.000222,0.000282,0.000495
179,2,aca,1,0.60172,0.63469,0.697269,0.639531,0.582422,0.36212,0.469294,0.833777,0.392187,0.418055,0.579984,0.561342,0.626576,0.427635,0.37181,0.662691,0.991869,0.960091,0.071811,0.755283,0.580008,0.55234,0.626053,0.582574,0.519549,0.606422,0.577788,0.540547,0.53322,0.610678,0.570624,0.587211,0.612958,0.504852,0.623406,0.539257,0.562371,0.571446,0.55591,0.536121
180,2,aya,0,0.000238,0.000424,0.000358,0.002899,0.000218,0.001924,0.002544,0.00064,0.003122,0.000728,0.003674,0.000143,0.002108,0.001165,0.000534,0.000171,8.4e-05,0.000229,0.000158,3.5e-05,7e-05,0.000618,9e-06,0.000249,0.000222,0.000232,0.000215,2.7e-05,0.000113,0.00016,0.000317,0.000257,8.7e-05,0.000583,7e-06,0.000167,0.000148,0.000144,0.000101,0.000317
181,3,lia,1,0.998393,0.998879,0.999887,0.999905,0.999574,0.998862,0.999829,0.995054,0.999611,0.996818,0.99767,0.999902,0.999541,0.998016,0.999213,0.999818,0.998841,0.999744,0.999159,0.999704,0.999972,0.999911,1.0,0.99991,0.999968,0.999963,1.0,1.0,0.999954,0.999997,1.0,0.999996,1.0,0.99998,1.0,0.999681,0.999735,0.999693,0.99967,0.999409
182,3,try,1,0.99862,0.998889,0.997226,0.99965,0.999985,0.999695,0.999498,0.999609,0.999452,0.999687,0.999602,0.999685,0.999784,0.999336,0.999579,0.999897,0.999899,0.999932,0.99991,0.999963,0.999998,0.999593,0.999997,0.99993,0.999996,0.999947,1.0,1.0,0.999993,0.99995,1.0,0.999996,1.0,0.999992,0.999998,0.999618,0.999643,0.999642,0.999668,0.999285
183,3,nur,1,0.999617,0.999238,0.999651,0.999698,0.999756,0.999505,0.999198,0.999173,0.998598,0.999133,0.998799,0.999959,0.998751,0.999643,0.99958,0.999907,0.999875,0.999829,0.999497,0.999912,0.999996,0.999933,0.999994,0.999947,0.999962,0.999961,0.999964,0.999993,0.999978,0.999856,0.999996,0.999991,0.999996,0.999988,0.999996,0.999599,0.999641,0.999625,0.9997,0.99936
184,3,rjo,0,0.000375,0.000606,0.000184,0.000115,0.000117,0.000606,0.000177,0.000519,0.000428,0.00032,0.000349,9.2e-05,0.000592,0.000355,0.000123,8.2e-05,0.00063,9.6e-05,7.8e-05,4.3e-05,0.000967,1.5e-05,2.3e-05,2.8e-05,5e-06,7.7e-05,3.2e-05,0.0,1e-06,1e-06,1.1e-05,6.8e-05,0.0,2e-06,0.0,0.000173,0.000191,0.000191,0.000129,0.000262
185,2,uti,1,0.999924,0.999951,0.999832,0.999934,0.999032,0.999378,0.999315,0.999744,0.999556,0.999597,0.998715,0.999981,0.999404,0.999405,0.999206,0.999943,0.999946,0.999936,0.999964,0.999963,0.999798,0.999939,0.999931,0.999817,0.999715,0.999568,0.999943,0.999999,0.999806,0.99988,0.999829,0.99991,0.999984,0.999695,0.999975,0.999372,0.999518,0.999574,0.9997,0.999077
186,2,sih,1,0.999891,0.99959,0.99984,0.999874,0.999886,0.999582,0.999588,0.999747,0.999361,0.999718,0.999886,0.999885,0.999632,0.999012,0.999917,0.999655,0.999784,0.999669,0.999618,0.999804,0.999996,0.999995,0.999999,0.999989,0.999994,0.999993,1.0,1.0,0.999999,1.0,0.999998,0.999997,0.999998,1.0,1.0,0.999711,0.999744,0.999779,0.99979,0.999616
187,2,ina,1,0.997823,0.999944,0.999501,0.99952,0.999822,0.990898,0.979393,0.971093,0.9938,0.995177,0.997865,0.985494,0.977414,0.997599,0.999727,0.995726,0.997294,0.998367,0.998928,0.99934,0.838,0.997141,0.973138,0.925449,0.964023,0.989164,0.968792,0.974335,0.919888,0.949532,0.956494,0.961581,0.981306,0.896233,0.929116,0.958433,0.989464,0.99008,0.952965,0.99001
188,3,hsb,1,0.99993,0.999822,0.997859,0.999526,0.999596,0.999575,0.999481,0.999491,0.999719,0.999522,0.99951,0.99876,0.999032,0.999819,0.999874,0.999892,0.999681,0.999794,0.999906,0.999812,0.999943,0.999959,0.999999,0.999932,0.999959,0.99936,0.999886,0.999995,0.999949,0.999945,0.999949,0.999854,0.999993,0.99997,0.999987,0.999399,0.999237,0.99945,0.999628,0.998773
189,3,ari,1,0.999977,0.999982,0.999994,0.999989,0.999981,0.999954,0.999902,0.999956,0.99993,0.99995,0.999971,0.999918,0.999803,0.999894,0.999984,0.999912,0.999941,0.999944,0.999944,0.999967,0.999997,0.999982,0.999999,0.99999,0.999998,0.999999,0.999998,1.0,1.0,1.0,1.0,0.999999,1.0,1.0,1.0,0.999739,0.999726,0.999774,0.999748,0.99965
190,3,ino,0,0.000198,0.001717,0.000411,0.000126,0.000201,0.000124,0.000262,0.000138,0.000133,9e-05,0.000155,4.3e-05,0.00278,0.000144,0.000149,2.6e-05,4.8e-05,6.3e-05,5.1e-05,1.3e-05,2.5e-05,5e-06,0.0,0.000101,1e-06,0.000131,9e-06,0.0,1e-06,0.0,1e-05,0.000279,2e-06,3e-06,0.0,0.000161,0.00015,0.000163,0.000109,0.000261
191,3,ama,0,0.16677,0.013471,0.021301,0.009319,0.008647,0.020346,0.036514,0.015843,0.033041,0.003141,0.004676,0.414421,0.06415,0.06026,0.001382,0.004686,0.003234,0.029053,0.016665,0.004488,0.349149,0.725947,0.94403,0.30869,0.365831,0.391297,0.571015,0.667474,0.46204,0.339385,0.736192,0.764845,0.239374,0.334137,0.664312,0.564348,0.543177,0.4768,0.491184,0.284379
192,2,dra,0,7.3e-05,0.001146,0.000205,0.000261,0.000585,0.000187,0.001836,0.000562,0.001822,0.00052,0.000342,4.6e-05,0.001943,0.001569,0.002086,2.7e-05,6.2e-05,0.000228,6.1e-05,3.3e-05,5e-06,7e-06,1e-06,4.8e-05,9e-06,3.6e-05,2e-06,0.0,0.0,2e-06,6e-06,0.0,0.0,0.0,0.0,0.000155,0.000166,0.000144,0.000114,0.000295
193,3,rdi,0,0.12834,0.423344,0.269522,0.518906,0.204328,0.41977,0.656607,0.106096,0.151182,0.218032,0.19651,0.045783,0.093835,0.424436,0.196579,0.002998,0.005907,0.052217,0.033689,0.003544,0.160481,0.640111,0.019026,0.387118,0.036762,0.899793,0.828123,0.301097,0.977276,0.240477,0.787922,0.795358,0.049585,0.471268,0.698937,0.056154,0.034965,0.119049,0.129065,0.508794
194,2,ani,1,0.991877,0.996767,0.997737,0.999291,0.995131,0.999177,0.997978,0.997238,0.987626,0.998866,0.998068,0.996982,0.99655,0.996452,0.990305,0.999558,0.998955,0.998223,0.999458,0.999363,0.999994,0.999642,0.999995,0.999903,0.999705,0.99991,0.999477,0.99997,0.999986,0.996922,0.999941,0.999541,0.99959,0.999962,0.99959,0.999689,0.999686,0.999734,0.999744,0.999685
195,2,rdi,1,0.009222,0.270242,0.025767,0.211752,0.068428,0.069931,0.425726,0.014104,0.080467,0.120871,0.034923,0.00617,0.056404,0.020753,0.05264,0.002316,0.002861,0.0061,0.003486,0.007421,0.057348,0.193122,0.149044,0.073971,0.101425,0.080363,0.180251,0.151656,0.135405,0.148149,0.154081,0.192267,0.136729,0.122853,0.0626,0.080005,0.045362,0.097891,0.032247,0.254052
196,2,ani,1,0.999788,0.999838,0.999965,0.999934,0.999908,0.99974,0.999521,0.999769,0.999081,0.999043,0.998894,0.999634,0.999203,0.999786,0.999497,0.999938,0.99991,0.999839,0.999871,0.999918,0.999668,0.999862,0.999871,0.999175,0.999728,0.999367,0.999943,0.999941,0.999334,0.999553,0.999618,0.999526,0.999701,0.999207,0.999854,0.999517,0.999556,0.999576,0.999686,0.999095
197,2,bib,0,0.001099,0.000503,0.001599,0.002888,0.077333,0.009132,0.004617,0.007415,0.002039,0.004508,0.006931,0.000297,0.008845,0.005215,0.014899,0.001422,0.002253,0.001098,0.002394,0.002962,0.03984,0.036532,0.006016,0.068569,0.195108,0.136593,0.05608,0.010875,0.004415,0.037513,0.007082,0.08554,0.020955,0.002941,0.049205,0.000177,0.000379,0.0002,0.000244,0.001564
198,4,ski,1,0.969302,0.939492,0.991894,0.954249,0.930147,0.901894,0.969016,0.910325,0.92844,0.956138,0.958925,0.972026,0.845728,0.980094,0.982986,0.97371,0.99819,0.993392,0.987747,0.990569,0.999795,0.999048,0.999834,0.999782,0.998213,0.999984,0.999953,0.999982,0.999812,0.999998,0.999997,0.999719,0.99987,0.999907,0.99985,0.999554,0.999334,0.998803,0.999254,0.999396
199,2,wan,0,0.000188,0.000149,0.000549,0.000482,0.00111,0.000118,9.2e-05,0.000173,4.6e-05,0.000123,0.000319,2.6e-05,0.000787,0.000229,0.000207,1.7e-05,3.4e-05,3.4e-05,8.2e-05,5.1e-05,0.004862,0.005677,0.008544,0.005016,0.001691,0.010352,0.018587,0.010302,0.005877,0.050547,0.012756,0.018091,0.008463,0.003942,0.005131,0.00847,0.008353,0.010176,0.006377,0.00956
200,3,tra,0,5.9e-05,0.000132,4.4e-05,6e-06,0.000189,8.2e-05,2.2e-05,1.9e-05,5.2e-05,5.7e-05,0.000287,2e-05,0.000875,2e-05,0.000436,2.7e-05,2.7e-05,4.4e-05,1.9e-05,1.2e-05,1e-06,2.4e-05,0.0,5e-06,6e-06,1e-06,0.0,0.0,0.0,0.0,0.0,0.0,0.0,0.0,0.0,0.000163,0.000162,0.000141,0.00012,0.000241
201,4,ana,0,7.2e-05,0.00056,3.7e-05,0.000212,0.000239,1e-05,1e-05,0.000198,6.9e-05,5.1e-05,6.8e-05,7.3e-05,0.000365,8.8e-05,4.5e-05,3.8e-05,3.4e-05,7.5e-05,5.3e-05,7.6e-05,1.9e-05,1.4e-05,2e-06,1.8e-05,1e-06,0.0,0.0,0.0,0.0,0.0,2e-06,0.0,0.0,0.0,0.0,0.000164,0.000228,0.00016,0.000114,0.000248
202,4,ami,0,2.1e-05,0.00091,0.000118,0.000431,0.00105,9.9e-05,0.000609,0.000737,0.000287,0.000219,8.5e-05,3.1e-05,0.001849,0.000292,0.000626,1.7e-05,2e-05,2e-05,2.3e-05,1e-05,3e-06,6e-06,1e-06,1.3e-05,4e-05,1e-06,0.0,0.0,0.0,0.0,0.0,0.0,0.0,0.0,0.0,0.000169,0.000193,0.000146,0.000108,0.000239
203,2,eer,0,7e-06,0.000217,1.5e-05,5.8e-05,0.00012,5.3e-05,1.6e-05,3.9e-05,0.00012,0.000103,0.000128,2e-05,0.000371,4.3e-05,7.4e-05,1.2e-05,1.2e-05,1.7e-05,2.2e-05,9e-06,1.3e-05,1.2e-05,2e-06,5.1e-05,2.2e-05,4e-05,2e-06,1e-06,6e-06,9e-06,7e-06,2e-06,2e-06,1.8e-05,9e-06,0.000278,0.000226,0.000208,0.000152,0.000348
204,2,oha,0,6.9e-05,2.5e-05,0.000168,5.1e-05,0.000553,0.000656,0.000374,0.00012,0.001366,0.00085,0.000108,1e-05,0.000121,5.6e-05,0.000105,1.9e-05,3.4e-05,2e-05,3.9e-05,7.5e-05,9.8e-05,2e-06,0.0,5.1e-05,0.000116,0.000424,0.0,1e-06,2e-06,6e-06,7e-06,0.0,3e-06,7e-06,1e-06,0.000157,0.000232,0.000143,9.5e-05,0.000252
205,2,ana,1,0.550262,0.783105,0.92362,0.981536,0.633184,0.789319,0.97966,0.919431,0.972017,0.987734,0.927974,0.969792,0.747126,0.947983,0.997448,0.985265,0.956997,0.977782,0.982597,0.992268,0.883413,0.827112,0.011586,0.879854,0.883285,0.432657,0.94285,0.557277,0.521614,0.776754,0.308085,0.957234,0.845164,0.726391,0.73997,0.977958,0.850552,0.943285,0.952564,0.988012
206,3,ari,1,0.999364,0.999685,0.99985,0.999914,0.999494,0.99936,0.999727,0.999769,0.999646,0.999865,0.999476,0.999823,0.998811,0.999734,0.999963,0.999834,0.999819,0.999849,0.999793,0.999878,0.999998,0.999981,0.999998,0.999939,0.999978,1.0,1.0,1.0,1.0,0.999999,1.0,0.999999,1.0,0.999992,1.0,0.999707,0.999715,0.999708,0.999701,0.99965
207,2,zal,0,0.000374,0.000793,9.2e-05,0.000206,0.000153,0.003221,0.002037,0.000325,0.002152,0.000184,0.000377,0.000123,0.000519,0.000979,0.000263,0.00014,0.000105,0.000111,0.000379,7.5e-05,3.2e-05,0.000928,0.000684,0.000876,0.000329,0.004596,0.01064,0.000866,0.001018,0.004549,0.002188,0.004827,0.002241,0.009681,0.000296,0.000359,0.000153,0.000542,0.000157,0.0017
208,2,uni,1,0.999384,0.999959,0.999436,0.999877,0.999904,0.999297,0.999108,0.999126,0.999072,0.999455,0.999957,0.999749,0.999854,0.999705,0.999757,0.999909,0.999919,0.999879,0.999922,0.999968,0.999989,0.999994,0.999998,0.999989,0.999996,0.999999,0.999997,0.99999,0.999996,0.999999,0.99998,0.999988,0.99999,0.999999,0.999992,0.999732,0.999714,0.999726,0.999775,0.999637
209,2,yat,0,9.9e-05,0.002238,0.000337,0.00043,0.000578,0.002306,0.000548,0.000651,0.000494,0.00041,0.001062,2.7e-05,8.3e-05,0.000221,0.000393,3.6e-05,3.2e-05,7.7e-05,2.9e-05,2.7e-05,4.9e-05,7.3e-05,3.2e-05,0.000101,3.3e-05,6.5e-05,1.7e-05,8e-06,1.1e-05,6.2e-05,1.9e-05,0.000322,0.000312,2e-06,3e-06,0.000202,0.000152,0.000153,0.00011,0.000353
210,2,eni,1,0.998087,0.998808,0.999192,0.996989,0.996651,0.998136,0.974106,0.997778,0.969679,0.99375,0.998122,0.9963,0.994657,0.998547,0.994061,0.999592,0.999525,0.998041,0.99874,0.999861,0.999968,0.999932,0.999958,0.999891,0.99981,0.999363,0.999841,0.999969,0.999749,0.999381,0.999837,0.999873,0.999884,0.999807,0.999697,0.999516,0.999399,0.999618,0.999704,0.999274
211,3,ani,0,0.022342,0.011617,0.013947,0.380699,0.003936,0.035421,0.005011,0.020112,0.018485,0.006397,0.048213,0.000505,0.030579,0.00243,0.016169,0.001039,0.006966,0.007337,0.011595,0.00018,0.001607,0.000208,0.00159,0.000819,0.005883,0.007368,9.5e-05,3.3e-05,0.001526,0.001434,9.2e-05,0.001514,0.000133,0.000111,1.2e-05,0.000209,0.000415,0.000829,0.000157,0.002782
212,2,lvi,0,0.138563,0.105331,0.882585,0.127438,0.074061,0.206135,0.436401,0.065343,0.049809,0.03196,0.375255,0.257694,0.646663,0.20169,0.030402,0.009887,0.001176,0.00205,0.019461,0.001878,0.009207,0.184544,0.124206,0.025923,0.191061,0.132603,0.121014,0.282984,0.056947,0.569541,0.137433,0.215997,0.282209,0.015966,0.175348,0.000813,0.990254,0.001693,0.093147,0.673946
213,1,nto,0,0.000487,0.00103,0.001327,0.000748,0.004908,0.002632,0.004281,0.001969,0.002419,0.001645,0.005754,0.001569,0.006197,0.001618,0.002404,3.8e-05,6.2e-05,7.6e-05,0.000201,5.6e-05,2.6e-05,0.000578,1e-06,0.002424,4.9e-05,0.002473,0.000472,6.5e-05,0.000949,0.000277,0.000885,0.000956,0.000607,0.004269,0.000161,0.000273,0.000153,0.000164,0.000122,0.000295
214,2,lva,1,0.76868,0.952266,0.94456,0.884586,0.987452,0.960266,0.953922,0.934426,0.899894,0.731315,0.902492,0.973067,0.981142,0.626847,0.983797,0.618447,0.975828,0.851472,0.934484,0.864649,0.998506,0.929377,0.994791,0.998113,0.999848,0.988415,0.993297,0.999616,0.998074,0.998403,0.961453,0.922274,0.999534,0.992122,0.998686,0.999073,0.995298,0.999519,0.996128,0.99909
215,2,sih,1,0.977152,0.989887,0.990184,0.993185,0.994108,0.983543,0.98755,0.994139,0.98444,0.993662,0.990841,0.972279,0.933366,0.985616,0.994897,0.998776,0.999572,0.999192,0.999653,0.999266,0.976114,0.986739,0.948322,0.894129,0.99589,0.907168,0.949024,0.974226,0.971476,0.92899,0.991307,0.918248,0.824192,0.986988,0.966309,0.999038,0.9969,0.998275,0.997574,0.999135
216,2,tra,0,3.3e-05,2.5e-05,3.1e-05,7e-06,0.000262,0.000167,5.1e-05,3.6e-05,0.000315,3e-06,7e-05,1.8e-05,0.002052,1.8e-05,2.7e-05,2.3e-05,7.5e-05,0.0001,7e-05,1.7e-05,0.00162,0.001562,4.3e-05,0.000477,0.000212,0.000745,0.001433,9.9e-05,0.000899,0.00015,0.000332,0.000139,0.000381,0.000671,0.00012,0.000878,0.00049,0.000383,0.000386,0.002663
217,2,wan,0,0.000649,0.001348,0.002708,0.000709,0.002699,0.000634,0.000769,0.001912,0.00029,0.002119,0.001734,5.2e-05,0.00069,0.001408,0.000188,0.000733,0.000154,0.000471,0.000282,0.000159,1.6e-05,0.00079,0.000864,0.00269,9.6e-05,0.000738,0.000723,7.8e-05,0.000158,5.1e-05,8.8e-05,0.000805,0.000256,0.000313,2.5e-05,0.000192,0.000229,0.000168,0.000124,0.000429
218,1,tun,1,0.999271,0.993256,0.998923,0.996735,0.993384,0.990887,0.972534,0.992899,0.991262,0.978143,0.997116,0.996265,0.987632,0.999544,0.997687,0.979863,0.990245,0.994693,0.993875,0.996952,0.654147,0.569431,0.594292,0.543425,0.512678,0.619452,0.578886,0.541518,0.548238,0.586202,0.518062,0.593684,0.573601,0.516451,0.642789,0.538217,0.567588,0.569592,0.558031,0.522966
219,2,nto,0,0.000485,0.002272,0.000671,0.000828,8.9e-05,0.000308,9.4e-05,0.000248,0.000651,0.000517,2e-05,0.000114,0.001861,0.001052,0.000135,3.5e-05,6.4e-05,6.1e-05,5.8e-05,3.5e-05,2.8e-05,0.003141,0.0002,0.000697,0.000459,0.001893,0.00336,0.000651,0.002632,0.000734,5.5e-05,0.00519,0.002288,0.001388,0.003562,0.00048,0.000295,0.000291,0.000241,0.000493
220,2,tra,0,0.000267,0.00093,0.000233,3.7e-05,0.000133,0.013298,0.005435,0.002535,0.009049,0.00565,0.001302,7.4e-05,0.001531,0.006698,0.000925,0.001406,0.030641,0.001401,0.001426,0.004763,2.2e-05,0.001675,1.3e-05,0.000251,6.5e-05,0.000291,0.000168,9e-06,1e-05,3e-06,0.000272,0.00028,0.000304,4e-05,2e-06,0.000471,0.000316,0.000453,0.000205,0.001227
221,3,ian,0,0.000509,0.000623,0.00175,0.017578,0.011791,0.000173,0.000224,0.000904,0.000387,0.000819,0.002937,0.001765,0.007445,0.000752,0.002473,0.001233,0.000163,0.000328,0.000239,0.000114,6.4e-05,0.009991,2.3e-05,0.002792,0.000897,0.003545,0.000212,0.000155,0.003907,0.000639,0.002778,0.00146,0.001954,7.3e-05,2e-06,0.001825,0.000422,0.000457,0.00019,0.005971
222,3,tra,0,5.7e-05,0.000394,0.000197,0.000148,9e-06,0.000421,5.3e-05,6.4e-05,7.6e-05,3.9e-05,0.000106,2.1e-05,0.000595,5e-06,2.3e-05,1.5e-05,2.7e-05,9.8e-05,4e-05,2.2e-05,1.7e-05,0.003575,1.3e-05,0.000135,7.1e-05,0.000908,0.000345,7e-06,5.3e-05,2e-06,0.000177,6.8e-05,0.000219,4.3e-05,3e-06,0.000394,0.000317,0.000377,0.000186,0.000794
223,2,tyo,0,9.6e-05,0.000424,9.8e-05,5.5e-05,0.000448,0.000199,4.6e-05,0.000344,0.000159,0.000199,0.000122,1.3e-05,0.000183,0.000165,0.000196,6.2e-05,4.2e-05,0.0001,5.9e-05,2.3e-05,0.000213,0.000897,7.2e-05,0.000215,0.000401,0.000784,0.000347,1.5e-05,6.7e-05,0.000558,0.000172,0.000491,0.000124,3.7e-05,0.000136,0.00061,0.000262,0.000249,0.000215,0.000748
224,3,ria,0,0.000836,0.000159,0.000232,0.000123,0.00525,0.001208,0.000423,0.003448,0.000804,0.000336,0.000281,0.000129,0.000299,0.000184,0.000334,0.000138,0.000229,0.000312,0.000226,5.9e-05,0.000202,0.048371,2.3e-05,1.9e-05,0.000112,0.000293,7e-06,8e-06,0.0,2.8e-05,1.3e-05,8e-06,3.6e-05,2e-06,3e-05,0.000171,0.000157,0.000156,0.000109,0.000273
225,2,ana,1,0.997621,0.989187,0.990468,0.95125,0.995874,0.997363,0.997508,0.997688,0.99734,0.996603,0.987978,0.991279,0.992297,0.997244,0.99557,0.998731,0.999398,0.998988,0.99739,0.999359,0.878128,0.976276,0.998312,0.948308,0.990733,0.991162,0.999159,0.998894,0.998133,0.901253,0.986246,0.997779,0.995672,0.971253,0.995117,0.998269,0.998939,0.999329,0.999674,0.999112
226,2,dra,0,0.057045,0.195165,0.02321,0.016498,0.567656,0.014881,0.085196,0.081837,0.025504,0.005579,0.061872,0.00148,0.023457,0.013178,0.057347,0.735059,0.048409,0.84291,0.283031,0.070005,0.878798,0.951791,0.994337,0.953976,0.977732,0.974112,0.993167,0.993828,0.981785,0.955615,0.987449,0.986329,0.98875,0.946823,0.984419,0.982015,0.918785,0.994544,0.945718,0.982691
227,2,aty,0,0.998888,0.999886,0.99996,0.999618,0.999926,0.999762,0.999974,0.999961,0.999946,0.999758,0.999911,0.999974,0.999643,0.999943,0.999851,0.999975,0.999933,0.999922,0.99996,0.999979,0.999949,0.999629,0.99997,0.999402,0.999799,0.999796,0.999762,0.999953,0.998431,0.99923,0.999952,0.999645,0.999724,0.999615,0.999916,0.999523,0.999527,0.999522,0.999702,0.999169
228,1,ani,1,0.958314,0.175195,0.387477,0.101347,0.620534,0.567221,0.313307,0.595768,0.802063,0.497506,0.761145,0.534826,0.454364,0.704043,0.526498,0.312727,0.266874,0.588095,0.193521,0.609364,0.654147,0.569431,0.594292,0.543425,0.512678,0.619452,0.578886,0.541518,0.548238,0.586202,0.518062,0.593684,0.573601,0.516451,0.642789,0.538217,0.567588,0.569592,0.558031,0.522966
229,2,man,0,8.2e-05,0.000215,0.000876,0.0001,0.002539,0.000526,0.000565,0.000467,0.000743,0.005191,0.000356,0.000137,0.000218,0.000322,0.002957,5.9e-05,4.9e-05,0.000103,8.5e-05,3.3e-05,2.8e-05,7e-05,5e-06,0.000148,4.9e-05,0.000391,0.000246,3.1e-05,9.8e-05,4e-06,0.000718,0.001758,8.7e-05,6.1e-05,7e-06,0.000173,0.000157,0.000153,0.0001,0.000286
230,2,ati,1,0.999858,0.999912,0.999958,0.999881,0.999821,0.999455,0.999623,0.99965,0.998827,0.99874,0.999829,0.999631,0.999488,0.994994,0.999644,0.999952,0.99994,0.99992,0.999938,0.999966,0.999958,0.999986,0.999977,0.999944,0.999996,0.999987,0.999998,0.999997,0.999997,0.999991,0.999925,0.99998,0.999717,0.999964,0.999994,0.999718,0.999715,0.999746,0.999764,0.999624
231,3,ana,0,0.000354,8.7e-05,0.000355,0.002142,6.4e-05,2.2e-05,6.9e-05,4e-05,0.000137,0.000201,0.000169,9.8e-05,0.000464,0.000127,0.000182,1.8e-05,3.7e-05,5.2e-05,3.6e-05,1.7e-05,8e-06,0.000192,1.9e-05,4.1e-05,4.2e-05,7e-06,0.0,0.0,1e-06,2e-06,0.0,2e-06,7e-06,0.0,1.8e-05,0.000167,0.000171,0.000165,9.6e-05,0.000233
232,2,ani,1,0.999815,0.999376,0.999824,0.999458,0.996655,0.998004,0.997025,0.997596,0.996336,0.995591,0.997259,0.999888,0.998289,0.997828,0.993288,0.999804,0.999823,0.999548,0.99979,0.999572,0.999888,0.938024,0.999132,0.999652,0.993818,0.997927,0.998598,0.999227,0.999876,0.992752,0.999601,0.976418,0.998738,0.999799,0.994774,0.999634,0.999614,0.99976,0.999759,0.999508
233,2,aya,0,0.00013,0.001778,0.000623,0.000445,0.000345,0.000532,0.0019,0.001215,0.002704,0.000439,0.002219,0.000213,0.002218,0.00066,0.000329,0.000467,0.000178,0.000118,0.000148,2.7e-05,3e-06,1.7e-05,2e-06,3.6e-05,5e-06,3.5e-05,1.1e-05,0.0,2e-06,4.2e-05,4e-06,1.9e-05,4e-06,5e-06,2e-06,0.000171,0.000145,0.000135,0.000108,0.000338
234,2,nti,1,0.999866,0.999974,0.999985,0.999793,0.999956,0.999785,0.999877,0.999907,0.999528,0.999785,0.99982,0.999982,0.999916,0.999101,0.999818,0.999953,0.999937,0.999899,0.999957,0.999942,0.999939,0.999997,1.0,0.999971,0.999998,0.999994,1.0,1.0,0.999999,0.999999,0.999992,0.999999,0.999998,0.999995,1.0,0.999735,0.999712,0.999751,0.999769,0.999678
235,3,tra,0,6.7e-05,0.001406,0.000812,8.6e-05,0.000132,4.4e-05,6.2e-05,0.000105,0.000221,5e-06,3.9e-05,1.3e-05,0.001815,1.8e-05,6.6e-05,3.5e-05,0.00012,4.5e-05,3.3e-05,2.4e-05,3e-06,3e-06,0.0,9e-06,3e-06,0.0,0.0,0.0,0.0,0.0,0.0,0.0,0.0,0.0,0.0,0.000162,0.000174,0.000174,0.00011,0.000274
236,3,fur,0,3.4e-05,0.000109,5.3e-05,3.6e-05,0.000126,0.000277,0.000126,0.000295,0.000386,0.000237,0.000255,0.000281,0.000879,0.000346,0.000334,2.1e-05,3.2e-05,5.3e-05,3.3e-05,2.6e-05,3e-06,5.3e-05,4e-06,1e-05,1.5e-05,1e-06,1e-06,2.5e-05,0.0,0.0,3.8e-05,1.4e-05,1e-06,0.0,0.0,0.000159,0.000171,0.000144,0.000121,0.000256
237,2,ail,0,0.146191,0.027752,0.017901,0.235556,0.162266,0.178577,0.642071,0.147164,0.252883,0.20001,0.242625,0.017999,0.218873,0.098348,0.297188,0.096808,0.089352,0.123983,0.02291,0.011754,8.7e-05,1e-05,4.6e-05,3.8e-05,7.1e-05,0.002016,1.5e-05,4e-06,0.000196,0.000107,3.9e-05,0.000465,0.000147,7.4e-05,7.3e-05,0.000171,0.000142,0.000136,0.000105,0.000401
238,3,n a,0,0.001174,0.000298,0.000344,0.000746,0.003472,0.001049,0.003092,0.002481,0.001561,0.015672,0.006597,5e-05,0.002743,0.005583,0.002436,0.000145,0.000103,0.000139,0.000114,0.000102,0.003313,0.004888,0.000408,0.004074,0.013703,0.011539,0.001889,0.005238,0.00181,0.001352,0.000556,0.003668,0.054584,0.001065,0.0011,0.00049,0.000285,0.000728,0.000283,0.001341
239,2,zmy,0,1e-05,0.000115,1.4e-05,6.6e-05,0.000193,0.000133,6.4e-05,5.6e-05,0.000249,0.000239,9e-05,1.2e-05,0.000527,6.3e-05,7.3e-05,1.3e-05,1.3e-05,2.1e-05,2.4e-05,1.4e-05,2e-05,8e-06,2e-06,1.7e-05,7.1e-05,1.3e-05,0.0,1e-06,1e-06,4e-06,9e-06,0.0,1e-06,4e-06,3e-06,0.00015,0.000187,0.00015,9.8e-05,0.000222
240,2,ham,0,9e-06,3e-06,7e-06,4e-05,6.3e-05,3e-05,7.5e-05,1.8e-05,8.8e-05,4.5e-05,1.5e-05,2e-06,5.3e-05,1.1e-05,1e-05,1.3e-05,1e-05,1.4e-05,1.5e-05,1e-05,2e-06,2e-06,0.0,8e-06,1e-06,0.0,0.0,0.0,0.0,0.0,0.0,0.0,0.0,0.0,0.0,0.000143,0.000149,0.000131,9.5e-05,0.000222
241,2,han,0,5.3e-05,0.000435,4e-05,0.00011,0.000348,7.7e-05,0.000107,5.2e-05,7.1e-05,2e-05,0.000124,0.000164,0.000271,3.5e-05,3.5e-05,1.1e-05,1.4e-05,1.7e-05,2.3e-05,1.3e-05,1.3e-05,1.2e-05,2e-06,5.1e-05,2.2e-05,4e-05,2e-06,1e-06,6e-06,9e-06,7e-06,2e-06,2e-06,1.8e-05,9e-06,0.000278,0.000226,0.000208,0.000152,0.000348
242,2,ewi,1,0.999907,0.999951,0.99999,0.999973,0.999971,0.99966,0.999565,0.999609,0.999444,0.999752,0.999767,0.999866,0.999732,0.999693,0.999868,0.99989,0.999882,0.999828,0.999916,0.999883,0.999988,0.999997,0.999959,0.999923,0.999998,0.999999,1.0,1.0,0.999997,0.99999,1.0,0.999998,0.999999,0.999986,0.999999,0.999704,0.999734,0.999726,0.999721,0.999665
243,3,tra,0,0.000482,0.000628,0.000513,3e-06,0.000461,0.002294,0.033138,0.000268,0.010908,0.009478,0.000316,7.3e-05,0.010669,8e-05,0.001148,0.00016,0.000208,0.002096,0.000236,0.000195,0.003099,4e-06,1e-05,2.2e-05,1.2e-05,0.001448,3e-06,5e-06,1e-06,1.3e-05,0.000105,2e-06,4.7e-05,2e-06,1e-06,0.000338,0.000247,0.000236,0.000146,0.001744
244,2,ari,0,6.6e-05,0.000369,0.000227,0.000946,0.001045,0.000945,0.000226,0.000912,0.000401,0.004,0.002408,0.000132,0.00585,0.000178,0.001007,0.000888,0.000372,0.000455,0.000588,0.000357,9e-06,0.000155,1.1e-05,0.000889,0.000856,0.000353,0.000333,5e-06,2.7e-05,0.006427,1.3e-05,6.6e-05,0.00056,1.4e-05,0.000213,0.000181,0.000137,0.000132,0.000118,0.000268
245,3,ziz,1,0.916978,0.950365,0.996778,0.994855,0.969781,0.98379,0.434033,0.961887,0.878738,0.950911,0.968481,0.903362,0.812309,0.931764,0.959315,0.987777,0.990626,0.995922,0.970406,0.99593,0.014856,0.802697,0.208624,0.02389,0.878699,0.013354,0.037847,0.031951,0.031694,0.939361,0.000486,0.015115,0.0035,0.206421,0.37131,0.049119,0.000725,0.057165,0.003051,0.979453
246,1,dho,0,0.001983,0.000272,0.000736,0.020933,0.039401,0.043084,0.034785,0.010045,0.015528,0.013367,0.017316,0.016947,0.00229,0.007443,0.001202,9.3e-05,0.000117,4.8e-05,0.010028,0.000261,0.000579,0.105384,0.001555,0.002043,0.001455,0.009247,0.025501,0.006376,0.001542,0.001683,0.007625,0.020401,0.002507,0.006745,0.000252,0.000178,0.000152,0.000127,0.000215,0.000406
247,2,jri,0,0.000273,0.000547,0.000693,0.00559,0.004785,0.001184,0.000261,0.000377,0.001773,0.000956,0.00173,0.004154,0.003076,0.001042,0.000726,5.5e-05,4.7e-05,5.2e-05,0.000119,3.6e-05,0.00012,0.000272,0.000342,0.000658,0.000626,0.000892,0.001304,0.000609,0.001542,0.00083,0.000306,0.001732,0.000504,0.000187,0.001268,0.000204,0.000181,0.000146,0.000175,0.000409
248,2,nda,0,0.00592,0.01084,0.00236,0.038634,0.05877,0.002785,0.002684,0.0024,0.013997,0.008734,0.010142,0.023131,0.018286,0.092139,0.011433,0.000658,0.000201,0.000175,0.002551,0.000109,0.001156,0.001576,0.003383,0.00358,0.003689,0.00688,0.010342,0.011527,0.025842,0.010637,0.004099,0.011897,0.005744,0.002135,0.032522,0.001037,0.002556,0.000838,0.00372,0.001113
249,2,dra,0,0.000735,0.006159,0.004671,0.001805,0.000972,0.000397,0.000954,0.000756,0.001241,0.000816,0.000916,0.000104,0.001601,0.001917,0.000844,0.000147,0.000154,0.000292,0.000124,4.1e-05,0.000224,0.000301,7e-05,0.000114,0.000273,0.000236,0.00082,6.4e-05,0.000305,0.001543,0.000619,0.000673,0.000473,8.3e-05,0.000324,0.000162,0.000198,0.000174,0.000122,0.000287
250,1,ina,1,0.98908,0.993248,0.99594,0.992821,0.998249,0.983979,0.978172,0.972849,0.982492,0.994658,0.987799,0.992394,0.977911,0.986576,0.988061,0.996882,0.994418,0.995154,0.98916,0.997787,0.654147,0.569431,0.594292,0.543425,0.512678,0.619452,0.578886,0.541518,0.548238,0.586202,0.518062,0.593684,0.573601,0.516451,0.642789,0.538217,0.567588,0.569592,0.558031,0.522966
251,1,adi,0,5.4e-05,0.000756,0.001243,0.000378,0.000754,0.006333,0.004721,0.009243,0.004597,0.002113,0.0018,7.3e-05,0.006324,0.000924,0.001051,0.000224,0.000106,0.000272,7.1e-05,5.5e-05,0.001261,0.001507,0.000289,0.000987,0.000315,0.024537,0.010336,0.001029,0.001127,0.001716,0.007639,0.009688,0.017656,0.000215,0.000947,0.000167,0.000139,0.00018,0.000406,0.000638
252,1,ani,1,0.997276,0.997942,0.999958,0.999673,0.99346,0.999013,0.9933,0.991611,0.988344,0.995917,0.992335,0.996939,0.997203,0.992058,0.989786,0.995658,0.997779,0.997626,0.996202,0.998528,0.654147,0.569431,0.594292,0.543425,0.512678,0.619452,0.578886,0.541518,0.548238,0.586202,0.518062,0.593684,0.573601,0.516451,0.642789,0.538217,0.567588,0.569592,0.558031,0.522966
253,3,yat,0,0.000307,0.000987,0.000433,0.001668,9.9e-05,0.000549,0.001467,0.000603,0.001773,0.001849,0.000341,8.1e-05,0.00019,0.000485,0.00031,9.7e-05,7.9e-05,0.000151,5.4e-05,7.7e-05,4e-06,4e-06,1e-06,2.5e-05,7e-06,1e-05,2e-06,0.0,0.0,0.0,7e-06,1e-05,1e-06,0.0,0.0,0.00018,0.000179,0.000169,0.000144,0.000223
254,2,ani,1,0.998664,0.999925,0.999899,0.999905,0.9996,0.999426,0.999229,0.999578,0.999415,0.999754,0.999191,0.999918,0.999382,0.999555,0.999752,0.999505,0.999612,0.999729,0.999404,0.999219,0.999957,0.999926,0.999999,0.999887,0.999976,0.999992,0.999982,0.999968,0.999982,0.999831,0.999995,0.999992,0.999907,0.999963,0.99992,0.999735,0.999651,0.999786,0.999785,0.99959
255,2,rmi,1,0.400848,0.916768,0.697985,0.993443,0.309587,0.565241,0.935574,0.854698,0.655691,0.992746,0.757849,0.999466,0.876576,0.709264,0.980523,0.883461,0.959385,0.953488,0.932792,0.907268,0.941629,0.987501,0.995052,0.997542,0.983252,0.959752,0.963742,0.990793,0.977779,0.954767,0.93203,0.982758,0.98735,0.984469,0.882599,0.869681,0.960004,0.992431,0.892205,0.975197
256,3,uti,1,0.999054,0.999703,0.999818,0.99996,0.999779,0.999612,0.999722,0.999052,0.999562,0.999754,0.999729,0.999759,0.999378,0.99965,0.99984,0.999831,0.999838,0.999861,0.999808,0.999912,0.999989,0.999709,0.999982,0.999481,0.999995,0.999969,0.999997,1.0,0.999998,0.999997,0.999984,0.999998,0.999997,0.999993,0.999998,0.99955,0.999711,0.999674,0.999774,0.999548
257,2,man,0,0.10283,0.267759,0.129836,0.169809,0.194352,0.176868,0.360653,0.152309,0.368599,0.201063,0.191957,0.200821,0.28345,0.283157,0.304904,0.014006,0.011831,0.03145,0.020755,0.006377,0.083539,0.028171,0.033552,0.080209,0.025128,0.140483,0.085503,0.114645,0.021007,0.048612,0.360155,0.250081,0.104978,0.050624,0.043891,0.02205,0.000755,0.010231,0.001265,0.000968
258,2,wan,0,0.000139,6.8e-05,0.000115,1.8e-05,0.000469,2.7e-05,7.1e-05,0.000229,0.000125,0.000208,0.000441,1.9e-05,0.000441,0.000305,0.000347,4e-05,6.7e-05,3.4e-05,6.2e-05,1.7e-05,5.2e-05,3.5e-05,1e-06,1.6e-05,1.9e-05,7.2e-05,3e-06,8e-06,1e-06,1e-06,4e-06,6e-06,2.7e-05,3.3e-05,1e-05,0.000155,0.000147,0.000128,0.000108,0.000247
259,3,usi,0,0.000968,0.000121,0.000171,0.001217,0.000339,0.000848,0.009409,0.004859,0.000596,0.00404,0.000812,7.4e-05,0.001217,0.000151,0.000862,5.5e-05,9.4e-05,9.3e-05,9e-05,6.3e-05,2.1e-05,9e-06,5e-06,0.000288,9.7e-05,1e-06,0.0,0.0,0.0,1e-06,0.0,1e-06,1e-06,0.0,0.0,0.000235,0.000257,0.000199,0.000131,0.000493
260,4,uko,0,0.589734,0.012664,0.218505,0.223152,0.263159,0.752631,0.281144,0.110598,0.406722,0.22782,0.016905,0.186459,0.027649,0.306598,0.34384,0.729157,0.967574,0.443716,0.836771,0.564035,0.232407,0.15303,0.343101,0.160155,0.019669,0.322939,0.245665,0.248652,0.251213,0.319255,0.52273,0.496276,0.510081,0.04564,0.187572,0.384484,0.392608,0.42252,0.481672,0.136399
261,2,ira,1,0.946895,0.987438,0.995624,0.969038,0.978437,0.989195,0.952918,0.953893,0.977137,0.998532,0.983729,0.999223,0.978014,0.996504,0.994445,0.99868,0.999364,0.999808,0.998464,0.999877,0.999961,0.999924,0.999995,0.999965,0.999953,0.999986,0.999987,0.999999,0.99998,0.999937,0.999999,0.999964,0.99999,0.99996,0.999993,0.999703,0.999735,0.999688,0.999783,0.999555
262,4,rta,1,0.987101,0.99979,0.999539,0.997461,0.996953,0.994795,0.995884,0.996372,0.996198,0.980516,0.989722,0.999968,0.989827,0.999569,0.998298,0.999833,0.999674,0.999517,0.998701,0.999153,0.999989,0.999988,0.999991,0.999982,0.999975,0.999998,0.999998,1.0,0.999993,0.999999,1.0,0.999999,1.0,0.999983,1.0,0.999656,0.999715,0.999664,0.999757,0.999583
263,2,nas,0,0.046331,0.033414,0.023452,0.001513,0.027147,0.034414,0.014042,0.015721,0.017136,0.031859,0.008811,0.001187,0.021346,0.028457,0.068821,0.000611,0.00053,0.004338,0.00134,0.002084,6e-06,8e-06,0.000104,0.000129,5.6e-05,0.000516,0.000309,4e-06,0.00032,5e-06,2.1e-05,0.00072,0.000409,0.000219,5e-06,0.000183,0.000148,0.000141,0.000133,0.000527
264,3,nda,0,0.000295,0.000605,0.000261,0.000193,0.001586,0.00109,0.001992,0.001699,0.002421,0.002419,0.001976,0.000816,0.003891,0.002396,0.002817,7.5e-05,0.000244,0.000539,0.000212,0.000107,0.007461,0.005957,0.00873,0.1062,0.009675,0.0284,0.033798,0.025562,0.02904,0.246486,0.093951,0.071198,0.135121,0.066434,0.369624,0.019856,0.02476,0.24584,0.080087,0.022026
265,2,wan,0,0.000111,6.3e-05,0.000127,0.000407,0.000217,0.000706,0.001236,0.000279,0.000494,0.001116,0.000229,6.5e-05,0.000187,0.00068,0.000312,7.5e-05,5.7e-05,0.000213,6.7e-05,4.7e-05,0.000327,0.000776,0.000254,0.000175,0.001024,0.000717,2.8e-05,7.5e-05,0.000305,0.000493,0.000472,9.2e-05,0.001338,0.000427,0.000421,0.000194,0.000184,0.000228,0.000129,0.000594
266,2,ani,1,0.999898,0.997128,0.999797,0.996545,0.99949,0.995334,0.985494,0.997706,0.997284,0.992248,0.998023,0.999347,0.994426,0.997372,0.98214,0.99934,0.999662,0.99942,0.999574,0.999852,0.999981,0.999876,0.99999,0.999469,0.999992,0.999886,0.999975,0.999997,0.999974,0.999899,0.999837,0.999988,0.999988,0.999857,0.999996,0.999706,0.999671,0.999752,0.999749,0.999629
267,2,uti,1,0.999696,0.999164,0.999619,0.999775,0.99992,0.999472,0.99968,0.999213,0.997722,0.999423,0.997611,0.999733,0.999586,0.998768,0.99968,0.999921,0.999911,0.999943,0.999953,0.999926,0.998879,0.999887,0.999984,0.999418,0.999925,0.999686,0.999846,0.999983,0.999956,0.999674,0.999727,0.999969,0.999928,0.99994,0.999972,0.999667,0.999565,0.99972,0.999632,0.99954
268,2,rin,0,0.005882,0.005754,0.014215,0.048819,0.023903,0.181893,0.094447,0.042593,0.071372,0.109447,0.215837,0.012261,0.222681,0.11706,0.137031,0.017181,0.007187,0.057523,0.00111,0.006991,0.003755,0.001426,7.1e-05,0.000419,0.000398,0.011268,0.00315,0.000257,0.000288,0.002059,0.002626,0.00273,0.001126,0.000162,0.001356,0.000951,0.000301,0.00031,0.000233,0.004025
269,2,dri,0,0.936661,0.900186,0.43889,0.529089,0.809776,0.258004,0.179216,0.281627,0.278084,0.921273,0.717339,0.01922,0.675814,0.411448,0.415272,0.39946,0.52138,0.144602,0.846714,0.290903,0.996093,0.987449,0.968928,0.991302,0.992276,0.970307,0.967049,0.970641,0.929576,0.929044,0.974662,0.862335,0.970762,0.951294,0.98952,0.994541,0.992243,0.998106,0.998119,0.992879
270,4,khu,0,0.003295,0.002037,0.005437,0.001453,0.006525,0.003351,0.006562,0.000891,0.000672,0.000813,0.001823,0.001641,0.002333,0.001964,0.00053,0.000361,0.00018,0.000424,0.00021,9e-05,1.4e-05,6e-06,2e-06,0.000198,2e-05,1e-06,0.0,0.0,1e-06,0.0,0.0,0.0,0.0,0.0,0.0,0.000167,0.000216,0.000175,0.000112,0.000319
271,2,sfa,0,0.000949,0.013687,0.014096,0.086849,0.002316,0.002263,0.015096,0.00221,0.000828,0.008223,0.012291,0.004222,0.021133,0.002304,0.03914,0.018028,0.00294,0.01138,0.025324,0.019022,0.003815,0.036132,0.002106,0.144378,0.209537,0.188108,0.018086,0.01233,0.041029,0.022439,0.008852,0.032187,0.06765,0.03431,0.009823,0.007261,0.000392,0.001564,0.019231,0.065242
272,2,ndi,0,0.000245,6.2e-05,0.000209,0.000243,0.002576,0.000183,0.000289,0.000658,0.000454,0.000649,0.000574,0.000384,0.001293,8.3e-05,0.000119,4.2e-05,9.6e-05,0.000109,4.7e-05,1.9e-05,0.000102,0.000463,7.7e-05,0.000524,0.001367,0.001446,0.001124,8.3e-05,0.000193,0.000431,0.000501,0.004508,0.000203,0.000193,0.000263,0.000171,0.000163,0.000149,0.00013,0.000495
273,4,i p,0,0.001426,0.000168,0.069082,0.023074,0.00114,0.000456,0.000532,0.001642,0.002281,0.000925,0.000578,0.000885,0.001575,0.000345,0.000605,0.001992,0.000394,0.000623,0.00033,8.5e-05,0.000901,0.025383,0.015533,0.014453,0.015065,0.126561,0.004392,0.009299,0.188356,0.116003,0.013683,0.072805,0.020353,0.008205,0.001297,0.009152,0.000848,0.06682,0.001572,0.009435
274,2,nti,1,0.999551,0.999478,0.998571,0.999922,0.999037,0.998816,0.999699,0.999501,0.996594,0.999764,0.992588,0.999654,0.998417,0.999681,0.999351,0.999839,0.999881,0.999206,0.999857,0.999866,0.999991,0.999974,0.999999,0.999991,0.999994,0.99993,0.999999,1.0,0.999952,0.99991,0.999905,0.999998,0.999998,0.999992,0.999999,0.999727,0.999729,0.999731,0.999761,0.999662
275,2,ati,1,0.98604,0.980879,0.998376,0.999334,0.999782,0.991938,0.99595,0.997106,0.998159,0.9911,0.989899,0.99978,0.992954,0.993951,0.992498,0.999144,0.999254,0.999471,0.999547,0.99943,0.999986,0.999966,0.999997,0.999926,0.999996,0.999581,0.999982,0.999981,0.999974,0.999885,0.999898,0.999997,0.999243,0.999994,0.99999,0.999729,0.999681,0.999676,0.999808,0.999635
276,2,oki,0,7e-06,1.9e-05,1e-05,9.9e-05,0.000165,0.000172,0.000197,2.5e-05,0.00033,0.000138,3.3e-05,6e-06,0.000173,2e-05,0.000117,1.8e-05,1.7e-05,2.8e-05,2.8e-05,1.6e-05,9.5e-05,4e-06,1e-06,1.4e-05,3e-06,5e-06,0.0,1e-06,1e-06,0.0,8e-06,0.0,1e-06,3e-06,0.0,0.000156,0.000168,0.000135,9.9e-05,0.000224
277,3,nis,0,4e-06,1e-05,1.1e-05,7.7e-05,2e-05,3.8e-05,9e-05,3.3e-05,0.000255,0.000164,2.4e-05,1.1e-05,5.2e-05,2.3e-05,5.7e-05,1.4e-05,1.4e-05,2.1e-05,3.3e-05,1.1e-05,3e-06,3e-06,1e-06,2.1e-05,2.4e-05,5e-06,0.0,0.0,0.0,0.0,1e-06,0.0,0.0,0.0,0.0,0.000229,0.000193,0.000187,0.00012,0.000299
278,3,qin,0,1.6e-05,0.000145,2.5e-05,6.2e-05,3.6e-05,9e-06,1.1e-05,1.8e-05,6.9e-05,3e-05,0.000119,4e-06,0.000244,1.9e-05,1.1e-05,1e-05,1.5e-05,1.9e-05,1.8e-05,1.1e-05,3e-06,2e-06,1e-06,1.2e-05,6e-06,0.0,0.0,0.0,0.0,0.0,0.0,0.0,0.0,0.0,0.0,0.000159,0.000191,0.000158,9.9e-05,0.000223
279,2,tyo,0,1e-06,5e-06,1.3e-05,1.5e-05,2.7e-05,2.8e-05,3.7e-05,3.8e-05,7.8e-05,4.6e-05,4.4e-05,7e-06,4.5e-05,2.3e-05,4e-05,1e-05,1e-05,1.1e-05,1.8e-05,8e-06,4e-06,4e-06,1e-06,2.1e-05,3e-05,1e-06,1e-06,0.0,0.0,0.0,0.0,0.0,0.0,0.0,0.0,0.000157,0.000172,0.000137,0.000103,0.000227
280,3,nah,1,0.999943,0.999516,0.999541,0.999864,0.999752,0.999778,0.999814,0.999527,0.999287,0.998992,0.999758,0.999876,0.99962,0.999974,0.999775,0.999927,0.999868,0.999804,0.999744,0.999705,0.999995,0.999948,0.999995,0.999794,0.999935,0.999874,0.999935,0.999999,0.99923,0.999966,0.999992,0.999978,0.999997,0.999948,0.999984,0.999661,0.999608,0.999706,0.999684,0.999397
281,1,nti,1,0.999928,0.999951,0.999988,0.999849,0.999676,0.999812,0.999803,0.99988,0.999397,0.99943,0.999747,0.999793,0.998542,0.999533,0.999827,0.999836,0.999677,0.999435,0.999922,0.999833,0.654147,0.569431,0.594292,0.543425,0.512678,0.619452,0.578886,0.541518,0.548238,0.586202,0.518062,0.593684,0.573601,0.516451,0.642789,0.538217,0.567588,0.569592,0.558031,0.522966
282,2,ami,0,0.084415,0.02613,0.453308,0.194162,0.88095,0.091609,0.073752,0.331945,0.260133,0.36049,0.633985,0.629685,0.652885,0.079458,0.949462,0.006969,0.007441,0.019038,0.011681,0.010974,0.788266,0.723478,0.822326,0.728218,0.894609,0.74285,0.85561,0.887728,0.781328,0.652124,0.77583,0.91694,0.846746,0.677155,0.923735,0.984253,0.82517,0.995908,0.884322,0.947612
283,1,kal,0,0.002,0.026588,0.000451,0.005688,0.011991,0.034694,0.032724,0.032233,0.04433,0.029115,0.019007,0.001156,0.025275,0.017102,0.01892,0.016092,0.042849,0.007986,0.002502,0.001584,0.654147,0.569431,0.594292,0.543425,0.512678,0.619452,0.578886,0.541518,0.548238,0.586202,0.518062,0.593684,0.573601,0.516451,0.642789,0.538217,0.567588,0.569592,0.558031,0.522966
284,2,yat,0,0.000678,0.000347,0.000202,0.00104,0.000815,0.002492,0.002585,0.004241,0.001962,0.000631,0.00132,1.7e-05,0.000465,0.000544,0.000364,0.000117,8.1e-05,0.000303,0.000194,4.6e-05,0.001481,0.000272,0.00014,0.000237,7.3e-05,0.001548,0.001208,0.000296,0.000326,0.00037,0.001062,0.003219,0.00028,0.000323,0.000128,0.000223,0.000175,0.000153,0.000128,0.000298
285,2,ama,0,0.004361,0.091396,0.011968,0.004301,0.013405,0.010867,0.024453,0.022617,0.024525,0.05688,0.010316,0.068492,0.022575,0.018342,0.109738,0.004233,0.00833,0.04123,0.003635,0.01076,0.206962,0.401326,0.232724,0.314507,0.205624,0.173155,0.224676,0.223187,0.188226,0.233459,0.317657,0.196772,0.248183,0.196192,0.19681,0.276333,0.343831,0.34373,0.317373,0.152867
286,2,zah,1,0.579282,0.990276,0.969362,0.853736,0.477124,0.702532,0.611898,0.701248,0.850613,0.854182,0.261609,0.974894,0.904369,0.824275,0.804701,0.988881,0.9962,0.992604,0.979253,0.891811,0.178272,0.248599,0.723531,0.652874,0.171845,0.404872,0.494699,0.077579,0.584102,0.027782,0.103055,0.332534,0.705255,0.505993,0.021948,0.182294,0.041859,0.37695,0.973962,0.323453
287,2,bar,0,0.000149,0.000401,0.000158,0.00074,0.001098,0.00288,0.000446,0.001326,0.003183,0.004161,0.004802,0.000196,0.006508,0.003762,0.000492,5.3e-05,0.000286,0.000333,0.000105,6.8e-05,1.1e-05,7e-06,5e-06,1.4e-05,2.3e-05,0.000181,5e-06,7e-06,1e-06,2.9e-05,0.000122,3.3e-05,3.4e-05,0.0,0.0,0.000164,0.000168,0.000141,9.7e-05,0.000231
288,3,yan,0,0.08039,0.263924,0.536848,0.352479,0.458527,0.938422,0.732562,0.192768,0.971249,0.14442,0.275348,0.683033,0.189682,0.934226,0.059674,0.304562,0.080068,0.270413,0.27281,0.432237,0.062565,0.024862,0.74029,0.148271,0.301288,0.395051,0.083157,0.539804,0.109796,0.374599,0.011951,0.367676,0.63845,0.215982,0.101001,0.36583,0.50107,0.014944,0.027592,0.11534
289,1,rah,0,0.997892,0.995654,0.999736,0.998927,0.999732,0.995421,0.997992,0.994848,0.997742,0.995961,0.999139,0.999798,0.998676,0.998083,0.990155,0.999282,0.999698,0.999005,0.999394,0.999549,0.654147,0.569431,0.594292,0.543425,0.512678,0.619452,0.578886,0.541518,0.548238,0.586202,0.518062,0.593684,0.573601,0.516451,0.642789,0.538217,0.567588,0.569592,0.558031,0.522966
290,2,man,0,0.000583,0.004173,0.000917,0.000692,0.005402,0.000559,0.003722,0.003536,0.007947,0.002527,0.002433,0.000635,0.003334,0.006078,0.000635,0.000211,0.000169,0.000389,0.001423,0.000164,0.005365,0.015654,0.000701,0.005467,0.009186,0.033921,0.002098,0.000644,0.008548,0.027786,0.023024,0.018117,0.004282,0.003458,0.005811,0.000178,0.00034,0.000188,0.00018,0.000631
291,1,nto,0,9.6e-05,0.00038,0.000736,0.000196,0.000885,0.00258,0.001484,0.000714,0.001353,0.001168,0.001051,0.000291,0.000643,0.001992,0.001396,6.7e-05,6.3e-05,0.000493,0.000105,3.5e-05,0.654147,0.569431,0.594292,0.543425,0.512678,0.619452,0.578886,0.541518,0.548238,0.586202,0.518062,0.593684,0.573601,0.516451,0.642789,0.538217,0.567588,0.569592,0.558031,0.522966
292,1,rah,0,0.997892,0.995654,0.999736,0.998927,0.999732,0.995421,0.997992,0.994848,0.997742,0.995961,0.999139,0.999798,0.998676,0.998083,0.990155,0.999282,0.999698,0.999005,0.999394,0.999549,0.654147,0.569431,0.594292,0.543425,0.512678,0.619452,0.578886,0.541518,0.548238,0.586202,0.518062,0.593684,0.573601,0.516451,0.642789,0.538217,0.567588,0.569592,0.558031,0.522966
293,2,udi,0,0.000519,0.002527,0.000971,0.000784,8.1e-05,0.000932,0.003038,0.000602,0.00049,0.000572,0.000627,9.2e-05,0.000835,0.000583,0.000428,4.3e-05,5e-05,4.2e-05,7.4e-05,1.8e-05,9.4e-05,0.000191,3.7e-05,0.000662,0.000105,0.001169,4e-06,7.8e-05,9.7e-05,0.000685,0.000174,3.1e-05,0.000284,0.000103,0.000138,0.000195,0.000152,0.000143,0.000103,0.000333
294,1,iyo,0,0.00061,0.00113,0.000149,0.026969,0.006736,0.005864,0.04273,0.003263,0.011143,0.005768,0.003364,0.000638,0.006495,0.003208,0.007016,0.000134,0.000115,0.000356,0.000407,0.000187,0.654147,0.569431,0.594292,0.543425,0.512678,0.619452,0.578886,0.541518,0.548238,0.586202,0.518062,0.593684,0.573601,0.516451,0.642789,0.538217,0.567588,0.569592,0.558031,0.522966
295,2,ini,0,0.969316,0.97527,0.99989,0.999745,0.998476,0.972837,0.984084,0.966428,0.982081,0.974853,0.974729,0.974576,0.988684,0.986558,0.978672,0.99882,0.999287,0.999479,0.999034,0.998273,0.652763,0.68086,0.733896,0.600935,0.637471,0.707761,0.723386,0.764445,0.816095,0.829432,0.752796,0.736796,0.79044,0.785573,0.8136,0.68493,0.711731,0.79617,0.703755,0.612392
296,2,kah,0,0.99504,0.935329,0.997658,0.996233,0.982042,0.971535,0.957949,0.982234,0.998495,0.99796,0.987002,0.999088,0.962734,0.990418,0.998305,0.99558,0.999362,0.985572,0.997074,0.956069,0.999768,0.9997,0.999839,0.999063,0.999534,0.992847,0.99604,0.999982,0.995021,0.992112,0.997768,0.994494,0.998536,0.998991,0.999794,0.999413,0.999122,0.999556,0.99922,0.997328
297,2,oho,0,0.000691,0.000775,0.000414,0.000218,0.000681,0.00083,0.001727,0.000564,0.002343,0.000621,0.001086,5e-05,0.001052,0.001337,0.001393,2.3e-05,3e-05,4.7e-05,7.1e-05,4.2e-05,1.1e-05,6e-06,1e-06,1.3e-05,5e-06,3e-06,0.0,0.0,1e-06,6e-06,1e-06,1e-06,0.0,1e-06,1e-06,0.000156,0.000149,0.000138,9.3e-05,0.000236
298,3,ani,0,0.999927,0.999682,0.999842,0.999966,0.999576,0.999781,0.999751,0.999904,0.999468,0.999766,0.999756,0.999947,0.99961,0.999841,0.999948,0.999917,0.999902,0.999855,0.999887,0.999896,0.999906,0.99986,0.999998,0.999822,0.999983,0.99997,0.999978,0.999998,0.999998,0.999991,1.0,0.999999,0.999988,1.0,0.999954,0.999557,0.999682,0.999681,0.99977,0.999509
299,4,oho,0,8.8e-05,0.000146,0.000102,0.000128,0.000113,6.6e-05,2.1e-05,3.1e-05,0.000132,1.6e-05,7.9e-05,2.7e-05,0.000394,7e-06,8.6e-05,2.2e-05,4.3e-05,0.0001,3.3e-05,2.3e-05,1.1e-05,1.3e-05,5e-06,8e-06,1e-06,0.0,0.0,0.0,0.0,0.0,0.0,0.0,0.0,0.0,0.0,0.000167,0.000176,0.000194,0.000101,0.000261
300,2,ono,0,0.000527,0.00374,0.000733,0.007703,0.0059,0.002057,0.001617,0.005479,0.001137,0.004087,0.007686,0.000171,0.01574,0.001667,0.004876,0.000117,6.2e-05,3.2e-05,9.5e-05,8.2e-05,6e-06,0.000158,8e-06,0.001007,9.4e-05,0.000423,9.8e-05,5e-06,0.000175,0.004715,0.000174,0.001524,0.000144,0.000119,0.000737,0.000208,0.000193,0.000214,0.000112,0.00035
301,1,nah,0,0.999957,0.999984,0.999976,0.999998,0.999852,0.999615,0.999653,0.999827,0.999378,0.99975,0.999646,0.999993,0.999566,0.999781,0.999474,0.999818,0.999625,0.999404,0.999594,0.999409,0.654147,0.569431,0.594292,0.543425,0.512678,0.619452,0.578886,0.541518,0.548238,0.586202,0.518062,0.593684,0.573601,0.516451,0.642789,0.538217,0.567588,0.569592,0.558031,0.522966
302,2,nti,0,0.998398,0.998832,0.999926,0.999978,0.997955,0.998996,0.997463,0.99934,0.997919,0.999635,0.99729,0.999596,0.998827,0.999078,0.999697,0.999856,0.999881,0.999856,0.999849,0.999941,0.999142,0.999639,0.999993,0.999992,0.999998,0.999732,0.99982,0.999955,0.99992,0.999882,0.999863,0.99992,0.999786,0.999926,0.999974,0.999676,0.999664,0.999652,0.999759,0.999621
303,1,tra,0,5e-05,0.000109,6.1e-05,1.9e-05,0.000338,0.001224,0.002702,0.000202,0.005575,0.000181,0.000582,7.5e-05,0.004685,0.000176,0.00121,0.004846,0.000189,0.00099,0.000452,0.001451,7.6e-05,2.2e-05,2e-06,2.9e-05,4.3e-05,0.000161,0.000172,8e-06,3.5e-05,3.8e-05,0.00011,6.6e-05,4e-05,3.9e-05,3.3e-05,0.000179,0.000148,0.000157,0.000112,0.000293
304,1,ani,1,0.998649,0.999561,0.999216,0.999139,0.994728,0.995184,0.995053,0.965347,0.981209,0.972506,0.992721,0.998854,0.995058,0.971884,0.985889,0.990715,0.996613,0.995279,0.994139,0.993256,0.654147,0.569431,0.594292,0.543425,0.512678,0.619452,0.578886,0.541518,0.548238,0.586202,0.518062,0.593684,0.573601,0.516451,0.642789,0.538217,0.567588,0.569592,0.558031,0.522966
305,2,dea,1,0.725981,0.892885,0.533489,0.280553,0.978885,0.884587,0.957452,0.33247,0.946156,0.91859,0.905222,0.971481,0.370516,0.96526,0.972458,0.996227,0.97362,0.93982,0.844305,0.928152,0.580008,0.55234,0.626053,0.582574,0.519549,0.606422,0.577788,0.540547,0.53322,0.610678,0.570624,0.587211,0.612958,0.504852,0.623406,0.539257,0.562371,0.571446,0.55591,0.536121
306,2,tin,1,0.99908,0.999924,0.998914,0.999097,0.9997,0.99886,0.998866,0.995298,0.996401,0.999771,0.999629,0.99949,0.998444,0.998472,0.999191,0.999621,0.99972,0.99967,0.999368,0.999497,0.999936,0.999987,0.999997,0.999954,0.999874,0.99983,0.999992,0.999979,0.999986,0.999758,0.999966,0.999997,0.999995,0.999979,0.99999,0.999684,0.999682,0.99974,0.999735,0.999635
307,3,hma,1,0.999016,0.999553,0.999532,0.999804,0.999317,0.999757,0.999979,0.999832,0.999389,0.999406,0.996116,0.999993,0.99847,0.999399,0.999422,0.999664,0.999652,0.999836,0.999821,0.999874,0.999975,0.999895,0.99999,0.999964,0.999993,0.999993,0.999995,1.0,1.0,0.999998,1.0,0.999999,1.0,0.999994,1.0,0.999673,0.999657,0.999719,0.999769,0.999617
308,3,ana,0,1e-05,2e-05,1.1e-05,4.4e-05,9e-06,2e-06,5e-06,5.3e-05,2.7e-05,3.7e-05,1.5e-05,3e-06,7.7e-05,4e-06,1.4e-05,1.1e-05,1.5e-05,1.6e-05,2e-05,9e-06,3e-06,2e-06,1e-06,1.9e-05,5e-06,0.0,0.0,0.0,0.0,0.0,1e-06,0.0,0.0,0.0,0.0,0.000157,0.000157,0.000134,9.6e-05,0.000215
309,1,adi,0,0.000478,0.000253,0.001497,0.001346,0.000103,0.000985,0.007354,0.001873,0.024233,0.003327,0.001429,7e-05,0.012388,0.000579,0.000898,0.000188,0.000398,0.000264,0.000482,0.000118,0.162112,0.006759,0.000353,0.00488,0.038928,0.583931,0.003627,0.008703,0.028663,0.038996,0.189352,0.002314,0.029497,0.051827,0.063258,0.00016,0.000251,0.000128,0.000132,0.001262
310,1,ati,1,0.99994,0.998762,0.999943,0.999968,0.999903,0.999014,0.99969,0.999245,0.998129,0.999389,0.998954,0.999913,0.999398,0.996652,0.998149,0.999674,0.999649,0.999555,0.999735,0.999805,0.999651,0.999858,0.965443,0.896295,0.984751,0.99937,0.998309,0.889925,0.506137,0.896368,0.999286,0.994881,0.542285,0.772047,0.956741,0.994064,0.999605,0.995063,0.999741,0.999453
311,2,tra,0,6.1e-05,0.000111,8.2e-05,1.1e-05,0.000305,6.4e-05,5.3e-05,6.4e-05,5.2e-05,1e-05,7.1e-05,1.2e-05,0.000908,1.3e-05,5.3e-05,1.1e-05,2.9e-05,8.8e-05,4.3e-05,1.2e-05,0.00162,0.001562,4.3e-05,0.000477,0.000212,0.000745,0.001433,9.9e-05,0.000899,0.00015,0.000332,0.000139,0.000381,0.000671,0.00012,0.000878,0.00049,0.000383,0.000386,0.002663
312,1,nda,0,0.164455,0.498841,0.192438,0.24491,0.080162,0.139124,0.201373,0.144842,0.157036,0.056748,0.199619,0.2548,0.160745,0.162181,0.329169,0.652711,0.16579,0.078238,0.111741,0.130898,0.000757,0.010049,0.002817,0.046893,0.010434,0.030351,0.052512,0.107733,0.066547,0.018702,0.008658,0.046852,0.124497,0.077078,0.04192,0.023438,0.000193,0.000135,0.000163,0.000536
313,2,ani,0,0.057303,0.429908,0.111192,0.414579,0.524642,0.289111,0.078463,0.674178,0.34297,0.19247,0.786142,0.085495,0.041418,0.211303,0.487698,0.148023,0.618237,0.096449,0.493997,0.124635,0.022423,0.037582,0.005146,0.020695,0.007229,0.05367,0.016546,0.012959,0.023135,0.005683,0.01613,0.009349,0.036568,0.009774,0.018961,0.000361,0.000249,0.000375,0.000157,0.009476
314,1,dri,0,0.027462,0.06379,0.065175,0.011952,0.011829,0.064042,0.048962,0.023397,0.025592,0.039224,0.036027,0.004522,0.056315,0.042673,0.014646,0.007044,0.001411,0.000829,0.003788,0.004328,0.006193,0.031376,7.4e-05,0.001001,0.023514,0.048393,0.104097,0.001909,0.001586,0.261457,0.02527,0.081038,0.001754,0.031237,0.034988,0.001067,0.000159,0.000138,0.000112,0.000415
315,3,ari,1,0.999924,0.999976,0.999412,0.999975,0.999916,0.998934,0.999878,0.999671,0.998137,0.999824,0.999844,0.999959,0.999774,0.999126,0.999906,0.999926,0.999925,0.999924,0.999939,0.999931,0.999995,0.999988,0.999997,0.999956,0.999995,1.0,1.0,1.0,1.0,1.0,1.0,0.999999,0.999999,0.999999,1.0,0.999743,0.99973,0.999755,0.99974,0.99966
316,3,han,0,0.001547,0.000955,0.003288,0.0023,0.002581,0.00207,0.000758,0.001091,0.001163,0.001829,0.002008,0.000121,0.001437,0.000798,0.00236,0.000415,0.001044,0.000505,0.000217,0.000248,0.000506,0.000243,4.9e-05,0.000162,0.000107,0.000961,1.4e-05,0.000226,0.000396,5e-06,7.7e-05,8.8e-05,0.000321,0.00014,2.5e-05,0.000212,0.000183,0.000164,0.00016,0.000687
317,1,met,0,0.072717,0.261831,0.040299,0.021105,0.261895,0.375769,0.659055,0.14766,0.646531,0.147924,0.277161,0.109936,0.104556,0.277615,0.515731,0.000241,0.003684,0.003749,0.001987,0.00083,0.00126,0.019454,0.006543,0.032376,0.000401,0.001953,0.018111,0.0026,0.065509,0.017432,0.001146,0.010206,0.011947,0.060402,0.006037,0.000229,0.00014,0.000263,9.6e-05,0.000341
318,1,rna,1,0.784785,0.960895,0.846136,0.988229,0.957857,0.92941,0.949008,0.958362,0.943306,0.98653,0.948054,0.973299,0.871272,0.971866,0.951953,0.988131,0.997297,0.995395,0.992979,0.998742,0.999908,0.999976,0.999987,0.999897,0.999934,0.997658,0.999866,0.99936,0.998806,0.999697,0.998731,0.999962,0.998129,0.997684,0.999976,0.999716,0.999689,0.999644,0.999814,0.999679
319,2,tia,0,0.007874,0.003287,0.000634,0.009067,0.002906,0.034412,0.057931,0.078985,0.058203,0.065203,0.028977,0.008622,0.023827,0.047838,0.018781,0.00938,0.003906,0.003786,0.007132,0.002876,0.007086,0.005975,0.000927,0.019242,0.009871,0.056626,0.007319,0.035992,0.006674,0.007782,0.036612,0.008466,0.03213,0.02161,0.005129,0.000349,0.001225,0.000323,0.000226,0.002847
320,1,nto,0,0.00069,0.002301,0.000222,0.000489,0.003701,0.003859,0.003045,0.001315,0.000453,0.001014,0.002818,0.002757,0.005041,0.003221,0.001676,7.6e-05,4.6e-05,0.00012,6.6e-05,4.6e-05,0.654147,0.569431,0.594292,0.543425,0.512678,0.619452,0.578886,0.541518,0.548238,0.586202,0.518062,0.593684,0.573601,0.516451,0.642789,0.538217,0.567588,0.569592,0.558031,0.522966
321,1,nti,1,0.999849,0.999954,0.999841,0.999976,0.999541,0.998545,0.998417,0.99356,0.993577,0.997007,0.996659,0.999784,0.995082,0.99657,0.997206,0.998987,0.998489,0.997139,0.99597,0.996073,0.991129,0.987367,0.99849,0.981323,0.986184,0.897153,0.943685,0.993963,0.92604,0.801364,0.913343,0.981449,0.969592,0.890516,0.977507,0.999232,0.999608,0.999554,0.9997,0.998858
322,3,tra,0,0.000101,0.000168,0.000135,8.4e-05,1.8e-05,1.7e-05,3.7e-05,5.6e-05,2.2e-05,7e-06,0.000364,1.5e-05,0.000572,5.4e-05,5.2e-05,2e-05,3.8e-05,3.9e-05,2.5e-05,8e-06,8.6e-05,1.2e-05,1e-06,8e-06,4e-06,1e-06,0.0,0.0,0.0,0.0,0.0,0.0,0.0,0.0,0.0,0.000157,0.000154,0.000139,0.000124,0.000237
323,1,lla,1,0.987481,0.995528,0.98198,0.983031,0.992207,0.948421,0.974633,0.985492,0.972432,0.99046,0.981683,0.993397,0.981105,0.968274,0.980796,0.996959,0.994877,0.998208,0.985919,0.999327,0.998418,0.99607,0.99395,0.924901,0.992265,0.979455,0.987694,0.997151,0.97807,0.990646,0.828217,0.99521,0.98661,0.98218,0.998436,0.998954,0.999608,0.999261,0.999786,0.999124
324,2,iro,0,0.000152,0.002667,0.000678,0.035464,0.000224,0.005346,0.000892,0.00266,0.000909,0.000161,0.000347,0.000263,0.002547,0.002501,0.002879,1.8e-05,6.9e-05,6.7e-05,4.1e-05,2.3e-05,0.002863,0.001253,0.000478,0.004181,0.001356,0.011016,0.001975,0.001692,0.010544,0.004532,0.000586,0.000119,0.013497,0.002244,0.010767,0.000232,0.000507,0.000236,0.000656,0.005378
325,1,iah,1,0.98928,0.96697,0.999022,0.997237,0.990973,0.984261,0.997874,0.980581,0.9917,0.987071,0.975071,0.999934,0.962873,0.998692,0.997214,0.997494,0.999192,0.996134,0.996718,0.999471,0.654147,0.569431,0.594292,0.543425,0.512678,0.619452,0.578886,0.541518,0.548238,0.586202,0.518062,0.593684,0.573601,0.516451,0.642789,0.538217,0.567588,0.569592,0.558031,0.522966
326,3,oko,0,0.005892,0.045164,0.171419,0.005751,0.005377,0.002009,0.00384,0.003182,0.001581,0.006975,0.009118,0.000456,0.008358,0.002374,0.003178,0.000175,0.001824,0.002819,0.001774,0.000361,0.003202,2.7e-05,1e-05,3.4e-05,3.8e-05,0.000308,0.000107,1e-06,5e-06,1.6e-05,3.1e-05,0.000205,2.7e-05,0.000261,5e-06,0.000222,0.00018,0.000139,0.000173,0.000266
327,3,rya,0,0.001941,0.000118,0.001057,0.001519,0.001789,0.000288,0.000144,0.00318,0.009156,0.00124,0.0017,4.1e-05,0.002016,0.000456,0.000266,8.7e-05,6.9e-05,0.000195,6.4e-05,2.2e-05,3.5e-05,7.1e-05,3.8e-05,0.000325,6.6e-05,6e-06,0.000161,5e-06,2e-05,1.3e-05,4.3e-05,0.002195,2.5e-05,2e-06,2e-06,0.000168,0.000148,0.000152,0.00011,0.000296
328,3,ata,0,0.0021,0.014046,0.090527,0.062299,0.053258,0.043969,0.085398,0.117646,0.030709,0.158524,0.161789,0.005526,0.097967,0.038752,0.053996,0.020087,0.003082,0.005515,0.004386,0.004823,0.953331,0.841458,0.991594,0.620435,0.962175,0.574773,0.585704,0.989853,0.586175,0.257025,0.854169,0.80611,0.99452,0.717122,0.996138,0.99744,0.973661,0.998819,0.986403,0.085567
329,3,lva,1,0.982085,0.988161,0.983189,0.999691,0.980988,0.921713,0.989531,0.965408,0.990253,0.982921,0.971812,0.99792,0.987486,0.997766,0.936506,0.999631,0.993309,0.998726,0.999148,0.99782,0.984048,0.999493,0.999135,0.682554,0.995602,0.902276,0.99291,0.99556,0.994455,0.991651,0.967284,0.997453,0.923788,0.996044,0.998944,0.996835,0.988903,0.995489,0.999266,0.99297
330,1,oso,0,0.00051,0.001547,0.000781,0.000944,0.000539,0.015609,0.022488,0.047,0.009536,0.001639,0.004086,0.003094,0.029306,0.013316,0.011254,0.005846,0.000715,0.007476,0.001768,0.038678,0.00013,0.062078,0.006899,0.014885,0.002389,0.004314,0.070227,0.015946,0.144804,0.015716,0.00177,0.0186,0.029101,0.164763,0.008353,0.000206,0.000152,0.000173,0.002076,0.000331
331,1,ati,1,0.99868,0.979906,0.995302,0.798838,0.452499,0.554338,0.949169,0.745556,0.774068,0.82692,0.918132,0.996632,0.972912,0.782824,0.691388,0.995595,0.987194,0.962858,0.908521,0.984472,0.654147,0.569431,0.594292,0.543425,0.512678,0.619452,0.578886,0.541518,0.548238,0.586202,0.518062,0.593684,0.573601,0.516451,0.642789,0.538217,0.567588,0.569592,0.558031,0.522966
332,3,adi,0,0.006112,0.001852,0.001231,0.006618,0.013573,0.001387,0.007096,0.014983,0.007417,0.014965,0.007116,0.000699,0.001484,0.001077,0.003284,0.000463,0.009987,0.002712,0.003732,0.000119,0.001699,0.006532,0.000246,0.000418,0.001863,0.009459,4e-05,1.5e-05,3.8e-05,0.000189,0.000234,0.000422,0.001872,4.6e-05,6.7e-05,0.002479,0.002878,0.000579,0.000236,0.071655
333,2,nah,1,0.999875,0.999924,0.999942,0.999991,0.999507,0.998611,0.999963,0.999585,0.999218,0.999854,0.999769,0.99984,0.999661,0.999819,0.999872,0.99992,0.999938,0.99994,0.999836,0.999949,0.999997,0.999975,0.999999,0.999991,0.999985,0.999521,0.999999,1.0,0.999999,0.999878,0.999914,1.0,0.999999,0.999977,0.999991,0.999688,0.999706,0.999714,0.999787,0.999534
334,1,oro,0,0.000282,3.9e-05,0.000259,0.000208,0.000629,0.001588,0.000513,0.001953,0.000487,0.000558,0.000308,0.000398,0.002928,0.000925,0.000772,4.1e-05,0.000181,0.000586,0.00014,0.000137,0.654147,0.569431,0.594292,0.543425,0.512678,0.619452,0.578886,0.541518,0.548238,0.586202,0.518062,0.593684,0.573601,0.516451,0.642789,0.538217,0.567588,0.569592,0.558031,0.522966
335,2,eni,1,0.998214,0.999111,0.999754,0.986961,0.999579,0.977249,0.988239,0.985562,0.992364,0.99321,0.997718,0.999647,0.996183,0.987446,0.995654,0.997823,0.99892,0.995825,0.999147,0.999729,0.999797,0.997281,0.999928,0.990287,0.999232,0.997203,0.979258,0.993484,0.996086,0.992748,0.993397,0.993586,0.992331,0.998811,0.981871,0.999732,0.999601,0.999395,0.999761,0.999535
336,3,ata,0,6e-06,3.5e-05,8e-06,2.4e-05,6.6e-05,1.6e-05,1.7e-05,0.000119,6.8e-05,3.7e-05,6.7e-05,9e-06,8.4e-05,1.1e-05,9e-05,1.1e-05,1.4e-05,1.7e-05,2.2e-05,1.3e-05,2e-06,2e-06,0.0,1.2e-05,1e-06,0.0,0.0,0.0,0.0,0.0,0.0,0.0,0.0,0.0,0.0,0.000152,0.000152,0.000154,9.4e-05,0.000219
337,2,ono,0,0.000339,0.000307,0.001883,0.000488,0.001033,0.000471,0.000718,0.000426,0.000361,0.000312,0.003089,8.8e-05,0.000804,0.00032,0.000502,2.6e-05,3.9e-05,0.000147,8e-05,2e-05,4e-05,0.001308,0.000761,5e-05,5.3e-05,5.3e-05,0.000206,5e-06,7e-06,0.000491,8.5e-05,0.000928,2.2e-05,1.7e-05,6e-06,0.000166,0.000213,0.000148,0.000104,0.000235
338,2,ani,1,0.99745,0.997848,0.998619,0.999733,0.99969,0.998768,0.997716,0.998222,0.995831,0.998983,0.99667,0.9991,0.996252,0.997178,0.995011,0.999768,0.999858,0.999713,0.999435,0.999896,0.999976,0.999677,0.999881,0.999957,0.999633,0.99933,0.999788,0.999818,0.999624,0.998408,0.999525,0.999838,0.99789,0.998972,0.999863,0.999681,0.999585,0.999755,0.999797,0.999616
339,2,kti,0,0.08082,0.292311,0.005283,0.082784,0.031777,0.072858,0.334825,0.136166,0.13448,0.065271,0.035682,0.004092,0.179225,0.087421,0.056523,0.004644,0.007736,0.013452,0.004623,0.003929,0.028677,0.075925,0.007118,0.060008,0.003652,0.040266,0.019737,0.074285,0.011044,0.014886,0.014563,0.010108,0.056533,0.031014,0.013043,0.00111,0.055818,0.001569,0.000816,0.012488
340,2,wan,0,0.000395,0.000621,0.002525,0.00029,0.002086,0.000137,0.000278,0.001416,0.001631,0.004325,0.005533,2.8e-05,0.001344,0.000558,0.002369,0.008605,0.002654,0.004795,0.002385,0.000611,0.000187,0.000163,8e-05,0.002233,6.2e-05,0.001482,0.005638,0.001346,0.000145,4e-05,0.003248,0.002751,0.000281,0.000356,0.000243,0.00017,0.000155,0.000168,0.000119,0.000283
341,2,ina,1,0.993813,0.999687,0.979311,0.989831,0.997902,0.988971,0.998683,0.974954,0.998212,0.997525,0.996416,0.996054,0.982104,0.999114,0.999201,0.998282,0.999532,0.999133,0.999517,0.999043,0.941628,0.987595,0.983963,0.994007,0.975215,0.992391,0.993803,0.983917,0.977024,0.938713,0.990207,0.994227,0.989295,0.974521,0.993501,0.991329,0.844428,0.898531,0.989563,0.987599
342,1,met,0,0.072717,0.261831,0.040299,0.021105,0.261895,0.375769,0.659055,0.14766,0.646531,0.147924,0.277161,0.109936,0.104556,0.277615,0.515731,0.000241,0.003684,0.003749,0.001987,0.00083,0.00126,0.019454,0.006543,0.032376,0.000401,0.001953,0.018111,0.0026,0.065509,0.017432,0.001146,0.010206,0.011947,0.060402,0.006037,0.000229,0.00014,0.000263,9.6e-05,0.000341
343,1,rmi,1,0.228146,0.900161,0.65959,0.92115,0.088995,0.166352,0.641863,0.593524,0.662843,0.582815,0.220673,0.712686,0.682764,0.715539,0.553514,0.815198,0.397821,0.647512,0.373546,0.513117,0.654147,0.569431,0.594292,0.543425,0.512678,0.619452,0.578886,0.541518,0.548238,0.586202,0.518062,0.593684,0.573601,0.516451,0.642789,0.538217,0.567588,0.569592,0.558031,0.522966
344,3,ilo,0,0.002157,0.000859,0.004068,0.000137,0.003899,0.034146,0.046127,0.018218,0.018345,0.002783,0.006068,0.000899,0.004454,0.006058,0.012041,0.000664,0.000368,0.001218,0.000375,0.000455,0.000127,0.000323,0.002099,0.001689,0.001902,0.000577,0.000418,4e-05,0.000522,3.6e-05,0.015951,0.000264,0.000295,0.00017,9.7e-05,0.00019,0.000224,0.00019,0.000144,0.000577
345,1,eri,0,0.076768,0.007039,0.00825,0.057024,0.058068,0.08779,0.169816,0.053232,0.153561,0.15904,0.456703,0.002179,0.127513,0.008682,0.091098,0.048877,0.124174,0.094533,0.448887,0.005771,0.654147,0.569431,0.594292,0.543425,0.512678,0.619452,0.578886,0.541518,0.548238,0.586202,0.518062,0.593684,0.573601,0.516451,0.642789,0.538217,0.567588,0.569592,0.558031,0.522966
346,1,ono,0,0.00026,0.004706,0.000281,0.00029,0.001011,0.003922,0.001157,0.000949,0.002144,0.000393,0.003023,0.002027,0.002815,0.002048,0.000367,0.00018,7.4e-05,0.000161,0.000291,8.1e-05,0.002364,0.002336,0.001952,0.09847,0.00206,0.029058,0.009534,0.019311,0.095024,0.026006,0.004509,0.005688,0.010959,0.017541,0.032458,0.004149,0.000155,0.00022,0.00063,0.006089
347,1,yem,1,0.910412,0.81824,0.155431,0.892324,0.370572,0.365303,0.53684,0.01937,0.194673,0.279619,0.269749,0.864078,0.477162,0.940008,0.074822,0.390648,0.789717,0.435076,0.730885,0.505349,0.654147,0.569431,0.594292,0.543425,0.512678,0.619452,0.578886,0.541518,0.548238,0.586202,0.518062,0.593684,0.573601,0.516451,0.642789,0.538217,0.567588,0.569592,0.558031,0.522966
348,2,wan,0,0.000717,3.3e-05,9.4e-05,0.000288,0.000869,0.000115,0.000311,0.000872,0.000311,0.00011,0.000886,8.7e-05,0.00013,0.000405,0.000415,3.2e-05,3.7e-05,0.000118,9.4e-05,1.8e-05,0.000174,0.000158,0.000302,0.000444,0.000234,0.0001,2.2e-05,1.6e-05,3.2e-05,0.00035,2.3e-05,1e-05,0.000212,2.3e-05,2.8e-05,0.000176,0.000151,0.000135,0.000113,0.000302
349,3,ani,1,0.999807,0.99974,0.999982,0.999862,0.999763,0.999754,0.999222,0.999941,0.999753,0.999809,0.999406,0.999953,0.995635,0.998896,0.999883,0.999895,0.99989,0.999747,0.999921,0.999807,0.998438,0.995268,0.999886,0.992537,0.998307,0.973622,0.993647,0.999961,0.996545,0.994366,0.99757,0.997431,0.999185,0.998094,0.999836,0.949119,0.999409,0.997377,0.999172,0.996785
350,1,min,0,0.002505,0.000807,0.015503,0.000609,0.011074,0.003688,0.045396,0.012788,0.006613,0.021484,0.016929,0.000505,0.020115,0.023032,0.045586,0.067657,0.220521,0.381675,0.230743,0.16169,0.654147,0.569431,0.594292,0.543425,0.512678,0.619452,0.578886,0.541518,0.548238,0.586202,0.518062,0.593684,0.573601,0.516451,0.642789,0.538217,0.567588,0.569592,0.558031,0.522966
351,1,tun,1,0.988697,0.997755,0.987016,0.998468,0.912586,0.971111,0.739107,0.978031,0.962834,0.879114,0.916659,0.997333,0.93953,0.953245,0.973325,0.980629,0.995325,0.956771,0.984974,0.981849,0.654147,0.569431,0.594292,0.543425,0.512678,0.619452,0.578886,0.541518,0.548238,0.586202,0.518062,0.593684,0.573601,0.516451,0.642789,0.538217,0.567588,0.569592,0.558031,0.522966
352,2,tri,1,0.999573,0.999944,0.999809,0.99986,0.999914,0.999843,0.999828,0.999859,0.999305,0.999884,0.99993,0.999925,0.999836,0.999889,0.999905,0.999928,0.99994,0.999924,0.999953,0.99996,0.999996,0.999996,0.999998,0.999973,0.999998,1.0,1.0,1.0,1.0,1.0,1.0,1.0,0.999999,1.0,1.0,0.99974,0.999748,0.999773,0.999753,0.999636
353,4,ati,1,0.999637,0.999834,0.994595,0.999709,0.998365,0.998911,0.990859,0.990639,0.978924,0.92518,0.979481,0.996532,0.981684,0.941307,0.998058,0.999494,0.998494,0.999628,0.982284,0.999334,0.953437,0.999822,0.999853,0.998784,0.999756,0.999464,0.999981,0.999994,0.999904,0.999543,0.999635,0.999998,0.999998,0.998664,0.999222,0.990185,0.998284,0.999655,0.999624,0.998637
354,4,man,0,0.011032,0.00116,0.020692,0.006423,0.002142,0.002136,0.000687,0.000465,0.00319,0.004467,0.004457,0.000147,0.052474,0.019737,0.011079,0.000127,0.000287,0.0003,0.00097,0.000239,0.000526,0.000723,0.001654,0.000707,0.000255,0.000849,0.000116,1.3e-05,0.000134,0.000299,3e-06,9e-06,3.5e-05,0.000134,0.00042,0.00068,0.000407,0.000727,0.000752,0.002793
355,1,din,0,0.002758,0.000983,0.000558,0.018921,0.008725,0.038884,0.067565,0.080934,0.014092,0.096036,0.025203,0.001884,0.093649,0.010465,0.08193,0.000334,0.000789,0.001012,0.007627,0.003649,0.000733,0.004384,0.000528,0.143375,5.9e-05,0.037491,0.015202,0.017073,0.043839,5.6e-05,0.004185,0.017209,0.220672,0.065559,0.002039,0.000295,0.000236,0.000138,0.000312,0.000373
356,1,rti,1,0.99986,0.999795,0.999625,0.997703,0.994174,0.997753,0.997457,0.998437,0.991567,0.997665,0.959622,0.999879,0.997536,0.99627,0.987911,0.999244,0.998698,0.998663,0.998985,0.998823,0.982106,0.497529,0.886464,0.997582,0.120937,0.768624,0.482735,0.934766,0.961287,0.341376,0.534407,0.810468,0.946184,0.987271,0.749084,0.978119,0.992828,0.999721,0.999792,0.873845
357,2,uzi,0,3.2e-05,0.000318,0.000103,0.000361,0.001217,0.001589,0.000484,0.000372,0.000467,0.001028,0.000674,0.000115,0.001528,0.000111,0.000127,0.000464,0.000641,0.001055,0.000526,0.00052,0.013906,0.008997,0.018208,0.017889,0.037737,0.026341,0.045989,0.013535,0.016759,0.043963,0.029212,0.138046,0.027711,0.040319,0.022286,0.001448,0.000994,0.001827,0.000767,0.0167
358,3,iah,1,0.999758,0.998926,0.991448,0.999454,0.998291,0.998445,0.987698,0.996394,0.978987,0.996663,0.995302,0.999167,0.987289,0.999088,0.994136,0.999778,0.999063,0.999189,0.999545,0.999465,0.999988,0.999973,0.999984,0.999983,0.999993,0.999999,0.99999,1.0,0.999895,0.999982,1.0,0.999999,1.0,0.999875,1.0,0.999674,0.999651,0.999649,0.999759,0.99954
359,3,ati,1,0.998997,0.99406,0.986512,0.999651,0.999809,0.999913,0.999502,0.99996,0.99987,0.999788,0.998982,0.999019,0.998597,0.99977,0.999159,0.999826,0.999794,0.999704,0.9999,0.999661,0.996442,0.989345,0.999512,0.997414,0.997908,0.991517,0.998362,0.999792,0.999615,0.995016,0.99989,0.998384,0.997798,0.99725,0.999472,0.99942,0.995392,0.998813,0.999455,0.994683
360,4,udi,0,0.004856,0.010035,0.017154,0.003354,0.000655,0.001038,0.002431,0.000886,0.000387,0.002235,0.002411,0.00034,0.002185,0.000418,0.000247,0.000265,0.000161,0.000705,0.000211,0.000103,5.5e-05,0.000213,0.000134,2.5e-05,5.9e-05,0.000471,1.5e-05,5e-05,3e-06,4e-05,0.030909,1.9e-05,7e-06,0.0,1e-06,0.000182,0.000233,0.000276,0.000118,0.000373
361,2,koh,1,0.932267,0.94061,0.937117,0.998716,0.987513,0.979173,0.994982,0.975964,0.970289,0.937242,0.90706,0.918648,0.888252,0.994679,0.960531,0.965524,0.996612,0.995389,0.987161,0.998195,0.993594,0.983548,0.986437,0.981044,0.98562,0.951486,0.978729,0.980776,0.969408,0.948668,0.9926,0.983347,0.963364,0.973215,0.983066,0.979523,0.982224,0.985865,0.996204,0.996702
362,2,owi,0,4.2e-05,0.004319,0.000208,0.001145,0.001279,0.000455,0.001289,0.001936,0.000655,0.00116,0.000335,0.000204,0.002161,0.000978,0.000862,5.8e-05,8.3e-05,7.2e-05,9.4e-05,7.4e-05,0.000694,0.000685,0.000274,0.000654,0.000272,0.001558,0.000884,0.000682,0.00042,0.002879,0.000749,0.000659,0.001337,0.000275,0.000944,0.000504,0.000295,0.000311,0.000289,0.001368
363,3,ono,0,0.000276,0.000296,0.000762,0.000787,0.000921,0.000665,3.3e-05,0.001813,0.00011,0.000278,0.000247,0.000308,0.001204,0.000132,0.000425,3.9e-05,4.2e-05,7.7e-05,3.3e-05,3.4e-05,0.0,1e-06,1e-06,7e-06,5e-06,1e-06,0.0,0.0,0.0,0.0,0.0,0.0,0.0,0.0,0.0,0.000158,0.000163,0.000135,0.0001,0.00027
364,3,udi,0,6e-06,4.7e-05,3.1e-05,6.3e-05,1.9e-05,2.9e-05,6e-05,3.1e-05,4.2e-05,3.5e-05,5.6e-05,2.1e-05,0.000109,6.1e-05,3.4e-05,1e-05,1.6e-05,2e-05,1.8e-05,1e-05,2.1e-05,5.5e-05,1.6e-05,3.4e-05,1.7e-05,5e-06,2e-06,0.0,0.0,0.0,3e-06,2.1e-05,0.0,0.0,0.0,0.00017,0.000202,0.000144,9.8e-05,0.000257
365,2,lim,0,0.000344,4.1e-05,0.000644,0.002025,0.000231,0.009093,0.001935,0.005202,0.005389,0.003174,0.008302,0.000314,0.000877,0.000134,0.002042,0.000243,0.000363,0.000344,0.000323,0.000226,0.028531,0.000438,8.6e-05,0.001606,0.006964,0.001969,0.003421,0.001281,0.001638,0.000895,0.00176,0.001459,0.00079,0.000841,0.000268,0.00031,0.00025,0.000721,0.000212,0.001079
366,1,ana,1,0.956638,0.893707,0.937718,0.92809,0.80641,0.777003,0.778097,0.540704,0.933402,0.96491,0.606621,0.958218,0.579639,0.871464,0.940741,0.960244,0.906557,0.983362,0.957883,0.988127,0.962272,0.961765,0.999046,0.984549,0.939488,0.984397,0.902339,0.98408,0.993847,0.891931,0.922452,0.926393,0.977097,0.991802,0.972475,0.999457,0.999661,0.999613,0.999781,0.941438
367,2,ari,1,0.998501,0.997237,0.998398,0.998897,0.992748,0.993604,0.990286,0.998159,0.994035,0.999044,0.993847,0.999803,0.997591,0.994794,0.999298,0.998514,0.998691,0.994416,0.997583,0.998609,0.999944,0.999918,0.999699,0.999939,0.999513,0.999467,0.999805,0.999706,0.999563,0.999482,0.999729,0.999608,0.999261,0.998963,0.999961,0.999602,0.999643,0.999755,0.999797,0.999612
368,2,rni,1,0.999976,0.99995,0.999952,0.999975,0.999469,0.998932,0.996559,0.996921,0.997816,0.998572,0.998026,0.999827,0.998845,0.999474,0.999414,0.999619,0.999805,0.999184,0.999258,0.999836,0.999409,0.999828,0.999986,0.999912,0.999484,0.995249,0.999932,0.999972,0.999766,0.999647,0.999942,0.999944,0.999982,0.999755,0.999547,0.999694,0.999579,0.999622,0.999789,0.999645
369,2,ari,0,1.7e-05,0.000379,7e-06,0.00012,7e-05,6.8e-05,4e-05,0.00016,7.7e-05,0.000156,9.3e-05,1.9e-05,0.00051,2.1e-05,6.8e-05,1.4e-05,1.2e-05,2.2e-05,2e-05,1.6e-05,1.3e-05,1.2e-05,2e-06,5.1e-05,2.2e-05,4e-05,2e-06,1e-06,6e-06,9e-06,7e-06,2e-06,2e-06,1.8e-05,9e-06,0.000278,0.000226,0.000208,0.000152,0.000348
370,2,rya,1,0.04126,0.109661,0.056169,0.021867,0.547015,0.017864,0.130311,0.091463,0.158478,0.052338,0.217964,0.010347,0.027072,0.558989,0.493473,0.109953,0.064706,0.006655,0.264127,0.005655,0.941808,0.927902,0.022056,0.94329,0.999083,0.452924,0.242539,0.986026,0.674868,0.981258,0.912643,0.442176,0.955992,0.88943,0.992576,0.720019,0.671769,0.008188,0.82992,0.991768
371,1,rdi,0,0.000729,0.002873,0.000309,0.019514,0.002275,0.00645,0.014586,0.011872,0.014544,0.013651,0.004595,0.001527,0.015934,0.014682,0.007201,0.000583,0.000613,0.001886,0.000358,0.000719,0.003917,0.00091,0.012632,0.00194,0.002431,0.034884,0.007233,0.000935,0.038996,0.054462,0.00493,0.005836,0.06836,0.007724,0.005685,0.000279,0.000162,0.000136,0.000111,0.001383
372,1,rni,1,0.768806,0.97909,0.995962,0.996089,0.395683,0.921181,0.779354,0.832542,0.755228,0.750623,0.906446,0.988995,0.912751,0.945109,0.842951,0.785728,0.972187,0.971481,0.873277,0.933887,0.654147,0.569431,0.594292,0.543425,0.512678,0.619452,0.578886,0.541518,0.548238,0.586202,0.518062,0.593684,0.573601,0.516451,0.642789,0.538217,0.567588,0.569592,0.558031,0.522966
373,2,tno,0,0.000593,0.000154,0.000879,0.001243,0.007361,0.000465,0.000947,0.000181,0.000154,0.002963,0.000459,0.000589,0.001825,0.000577,0.000447,0.000151,5.7e-05,6.1e-05,6.6e-05,1.8e-05,0.00127,0.002363,0.000723,0.013211,0.000755,0.007514,0.000557,0.002576,0.004218,0.000443,0.00366,0.001315,0.006292,0.004936,0.000391,0.000206,0.000417,0.000189,0.000112,0.001778
374,1,ati,1,0.99898,0.98264,0.994953,0.778786,0.992835,0.997155,0.998016,0.998336,0.991921,0.997098,0.992589,0.972978,0.993283,0.998762,0.966333,0.980086,0.910842,0.996339,0.984052,0.997193,0.654147,0.569431,0.594292,0.543425,0.512678,0.619452,0.578886,0.541518,0.548238,0.586202,0.518062,0.593684,0.573601,0.516451,0.642789,0.538217,0.567588,0.569592,0.558031,0.522966
375,2,ari,1,0.999937,0.999941,0.999874,0.999729,0.999908,0.99963,0.999104,0.999297,0.998346,0.99946,0.999823,0.999528,0.99936,0.999521,0.999742,0.999824,0.999776,0.99976,0.999853,0.999897,0.99998,0.999992,0.999999,0.999983,0.999949,0.999979,0.999677,0.999995,0.999981,0.999979,0.999973,0.998851,0.999993,0.999941,0.999994,0.999693,0.999716,0.999765,0.999787,0.999635
376,1,man,0,0.000856,0.003186,0.010984,0.001907,0.025021,0.039391,0.014118,0.012792,0.011693,0.008655,0.010944,0.00656,0.017457,0.050412,0.006444,0.002186,0.003671,0.01012,0.002527,0.003147,0.654147,0.569431,0.594292,0.543425,0.512678,0.619452,0.578886,0.541518,0.548238,0.586202,0.518062,0.593684,0.573601,0.516451,0.642789,0.538217,0.567588,0.569592,0.558031,0.522966
377,2,sih,1,0.99747,0.998411,0.99834,0.999866,0.999738,0.999055,0.998879,0.999592,0.998462,0.999416,0.999528,0.998896,0.996433,0.998957,0.999771,0.997374,0.999291,0.99838,0.999375,0.999522,0.999831,0.999919,0.999983,0.999879,0.99987,0.999538,0.999978,0.999967,0.99996,0.999752,0.999807,0.999957,0.999976,0.999986,0.999946,0.999684,0.999744,0.999764,0.999787,0.999492
378,3,tra,0,0.000187,0.000136,0.001913,7e-06,0.002849,0.005461,0.001828,9.3e-05,0.001264,0.002448,0.003658,3.3e-05,0.007043,1.4e-05,8.8e-05,0.000104,0.000144,0.000335,0.000107,0.000201,3.3e-05,3e-06,4.8e-05,0.000865,8e-06,0.000533,3.4e-05,0.002761,7.7e-05,2.6e-05,0.000332,0.001271,0.004763,0.004833,0.0,0.000293,0.000224,0.000229,0.000167,0.004717
379,3,ila,0,0.987742,0.994496,0.998713,0.995822,0.998695,0.999577,0.996911,0.998819,0.999618,0.99893,0.998126,0.986501,0.998068,0.997671,0.997992,0.999748,0.997555,0.99925,0.99978,0.999758,0.99966,0.999957,0.999996,0.999485,0.999917,0.998818,0.999771,0.999994,0.999588,0.999608,0.999864,0.999951,0.999988,0.9999,0.999099,0.999582,0.999448,0.999626,0.999484,0.999338
380,2,yas,0,0.004894,0.00022,0.000439,0.000714,0.000615,0.002009,0.011655,0.002352,0.007408,0.004396,0.001116,4e-06,0.004249,0.025774,0.00187,0.000108,0.000338,0.001241,0.000255,0.000268,0.000737,0.051134,0.002683,0.004,0.000144,0.010195,0.047025,0.05277,0.005682,0.01382,0.002855,0.037859,0.035503,0.011333,0.003013,0.079526,0.047415,0.009242,0.000476,0.022193
381,1,ora,0,0.760772,0.9432,0.655578,0.886864,0.934405,0.870363,0.739425,0.915627,0.901365,0.974373,0.817563,0.669073,0.786859,0.958692,0.929702,0.972287,0.983916,0.982933,0.99415,0.998377,0.989219,0.678831,0.936623,0.954667,0.949511,0.982591,0.83087,0.975472,0.968482,0.96355,0.958258,0.926823,0.924183,0.907504,0.946667,0.999694,0.998549,0.999394,0.999743,0.99938
382,2,ina,0,0.999958,0.999993,0.999988,0.999993,0.999938,0.99941,0.999817,0.999709,0.999294,0.999186,0.999246,0.999784,0.99991,0.999844,0.999772,0.999549,0.999566,0.998539,0.999245,0.999617,0.997871,0.995858,0.998174,0.995058,0.997776,0.995487,0.999211,0.999431,0.988298,0.996268,0.998388,0.99914,0.996321,0.989891,0.997507,0.99897,0.996766,0.998451,0.998388,0.997228
383,2,ani,0,0.998481,0.999766,0.999704,0.999614,0.999251,0.999322,0.999099,0.999084,0.997481,0.998598,0.999414,0.999915,0.994258,0.997844,0.999427,0.999746,0.999782,0.999685,0.999566,0.999784,0.99913,0.998779,0.999905,0.99994,0.999261,0.997717,0.998675,0.999464,0.998548,0.999661,0.99649,0.998997,0.997692,0.999543,0.9999,0.998715,0.999466,0.995506,0.999604,0.999364
384,1,ono,0,0.000748,0.000647,0.000425,0.001874,0.000835,0.006027,0.005384,0.005594,0.004149,0.001634,0.00196,0.001261,0.005249,0.005145,0.005527,0.000185,0.000402,0.000219,0.000203,0.000219,0.654147,0.569431,0.594292,0.543425,0.512678,0.619452,0.578886,0.541518,0.548238,0.586202,0.518062,0.593684,0.573601,0.516451,0.642789,0.538217,0.567588,0.569592,0.558031,0.522966
385,2,aki,0,0.000992,0.001727,0.018302,0.014187,8.2e-05,0.007039,0.005764,0.004838,0.009044,0.003749,0.008764,0.001456,0.021947,0.003124,0.001567,0.00035,0.001927,0.000822,0.001149,0.000853,0.001371,0.001731,0.001269,5.8e-05,5.3e-05,0.0021,0.004213,5.5e-05,0.000161,0.000104,0.000507,0.005514,5e-05,8.1e-05,0.000304,0.000171,0.000162,0.000176,0.0001,0.000642
386,1,ini,0,0.999469,0.990117,0.999572,0.999823,0.99449,0.968673,0.96718,0.972811,0.96179,0.985912,0.996648,0.995807,0.995641,0.984551,0.987694,0.99129,0.984851,0.987338,0.890606,0.944566,0.654147,0.569431,0.594292,0.543425,0.512678,0.619452,0.578886,0.541518,0.548238,0.586202,0.518062,0.593684,0.573601,0.516451,0.642789,0.538217,0.567588,0.569592,0.558031,0.522966
387,4,aki,0,0.002691,0.001396,0.000934,0.004025,0.002228,0.000413,0.000196,0.001735,0.002346,0.001404,0.001587,0.000493,0.006072,0.001854,0.000454,8.3e-05,8.4e-05,0.000197,9.6e-05,0.000153,0.000456,0.000326,1.7e-05,4.9e-05,2.9e-05,0.000372,4.8e-05,1e-06,3.7e-05,2e-06,3.5e-05,0.000341,3e-06,1e-06,0.0,0.000311,0.000274,0.000265,0.000228,0.001315
388,1,ono,0,0.02893,0.010685,0.004712,0.01056,0.017223,0.024189,0.031319,0.006698,0.030226,0.007773,0.014829,0.008942,0.014133,0.015141,0.017157,0.001205,0.000335,0.002094,0.001432,0.001249,0.013259,0.000262,0.00026,0.001208,0.020797,0.081067,0.06241,0.007133,0.003117,0.044614,0.035743,0.017814,0.021981,0.023849,0.01067,0.000201,0.000154,0.000241,0.000169,0.000787
389,2,lis,0,0.000861,0.097989,0.000188,0.001965,0.001029,0.007899,0.010115,0.0063,0.004159,0.028954,0.007036,0.000767,0.001776,0.005835,0.002179,0.000126,0.000865,0.001718,0.000746,0.000606,0.580008,0.55234,0.626053,0.582574,0.519549,0.606422,0.577788,0.540547,0.53322,0.610678,0.570624,0.587211,0.612958,0.504852,0.623406,0.539257,0.562371,0.571446,0.55591,0.536121
390,1,nto,0,0.00244,0.688941,0.001072,0.002907,0.01262,0.042647,0.013939,0.009215,0.016681,0.007313,0.012264,0.008401,0.018585,0.006413,0.00945,0.000269,0.0001,0.000107,0.000206,5.5e-05,0.654147,0.569431,0.594292,0.543425,0.512678,0.619452,0.578886,0.541518,0.548238,0.586202,0.518062,0.593684,0.573601,0.516451,0.642789,0.538217,0.567588,0.569592,0.558031,0.522966
391,1,ini,0,0.999137,0.999641,0.999938,0.999647,0.999321,0.982511,0.991885,0.987941,0.962683,0.977937,0.994562,0.995747,0.996927,0.995851,0.97697,0.992252,0.991474,0.996872,0.990903,0.993382,0.654147,0.569431,0.594292,0.543425,0.512678,0.619452,0.578886,0.541518,0.548238,0.586202,0.518062,0.593684,0.573601,0.516451,0.642789,0.538217,0.567588,0.569592,0.558031,0.522966
392,2,nto,0,6e-05,0.000396,0.000199,4.4e-05,0.000327,0.000807,0.001582,0.000694,0.000164,0.001683,0.000726,0.001249,0.000348,0.000833,0.000107,8.4e-05,8.7e-05,0.000208,6.4e-05,2.4e-05,0.580008,0.55234,0.626053,0.582574,0.519549,0.606422,0.577788,0.540547,0.53322,0.610678,0.570624,0.587211,0.612958,0.504852,0.623406,0.539257,0.562371,0.571446,0.55591,0.536121
393,3,uti,0,0.999448,0.999649,0.999958,0.99983,0.999889,0.999935,0.999976,0.999975,0.99976,0.999973,0.999821,0.999925,0.999809,0.999785,0.999971,0.999922,0.999914,0.999941,0.999909,0.999957,1.0,0.999995,0.999998,0.999994,0.999999,1.0,1.0,1.0,1.0,1.0,1.0,1.0,1.0,1.0,1.0,0.999705,0.999712,0.999744,0.999746,0.999574
394,2,ika,0,0.98262,0.974826,0.969286,0.980969,0.955198,0.740553,0.836762,0.797415,0.887364,0.935311,0.969713,0.977136,0.847858,0.972711,0.9605,0.935593,0.98206,0.974884,0.988236,0.783432,0.739389,0.507257,0.948586,0.911882,0.596848,0.604038,0.656443,0.72656,0.532139,0.585458,0.626655,0.442413,0.677078,0.57806,0.731567,0.745071,0.831561,0.721697,0.676666,0.55036
395,1,din,0,0.000127,0.000198,7.1e-05,0.000326,0.000182,0.002445,0.003864,0.001648,0.003512,0.004977,0.000362,0.002318,0.002139,0.00042,0.00103,0.000104,0.000174,0.000185,0.000214,0.00018,0.084664,0.004892,0.999861,0.157729,0.127058,0.006708,0.250689,0.978823,0.082352,0.002568,0.004756,0.163504,0.987059,0.330949,0.240235,0.91796,0.000193,0.0047,0.011319,0.007139
396,1,nti,0,0.999956,0.999961,0.999996,0.99999,0.999966,0.999755,0.999958,0.99992,0.999817,0.999884,0.999812,0.999922,0.999468,0.999815,0.999836,0.999744,0.999835,0.999717,0.999862,0.999912,0.999426,0.979472,0.999985,0.991804,0.997046,0.957635,0.998149,0.999081,0.980365,0.957577,0.977902,0.99363,0.993669,0.983962,0.991914,0.999677,0.999409,0.998662,0.999792,0.999436
397,2,ari,0,0.999879,0.999821,0.999794,0.99982,0.999833,0.999322,0.999263,0.999314,0.998877,0.999669,0.999513,0.999955,0.997929,0.998822,0.999561,0.999565,0.999825,0.999645,0.999546,0.999638,0.999994,0.999996,0.999999,0.999986,0.999994,0.999991,0.999971,0.999998,0.99995,0.999992,0.999993,0.999975,0.999999,0.999955,1.0,0.999723,0.99971,0.999728,0.999746,0.999639
398,2,loh,0,0.002087,0.000212,0.004188,0.000383,0.001626,0.000274,0.000607,0.000189,0.000932,8.5e-05,9.6e-05,3.8e-05,0.000266,8.8e-05,7.5e-05,0.000101,0.000294,0.00228,0.000123,0.000212,0.000606,2e-06,0.000102,0.000574,4.2e-05,0.000838,5e-06,0.00567,0.00226,0.000565,9.4e-05,1.9e-05,0.027147,0.000463,0.00013,0.000718,0.000174,0.000186,0.000134,0.000389
399,1,nto,0,0.000456,0.000841,0.000577,0.000158,0.000421,0.001807,0.001509,0.00018,0.000459,0.000892,0.004518,0.000559,0.004158,0.001532,0.000805,0.000168,0.000133,0.000302,0.000533,0.000147,0.654147,0.569431,0.594292,0.543425,0.512678,0.619452,0.578886,0.541518,0.548238,0.586202,0.518062,0.593684,0.573601,0.516451,0.642789,0.538217,0.567588,0.569592,0.558031,0.522966
400,1,ati,0,0.999481,0.997778,0.999812,0.961003,0.997752,0.962853,0.986055,0.973014,0.989891,0.990001,0.983987,0.995198,0.977609,0.985335,0.980318,0.994599,0.99491,0.996058,0.997356,0.994039,0.654147,0.569431,0.594292,0.543425,0.512678,0.619452,0.578886,0.541518,0.548238,0.586202,0.518062,0.593684,0.573601,0.516451,0.642789,0.538217,0.567588,0.569592,0.558031,0.522966
401,3,tyo,0,5.2e-05,0.000136,6e-05,0.000434,0.000139,5.5e-05,7e-06,6.5e-05,0.000124,2.6e-05,0.000144,1.7e-05,0.000525,8.6e-05,0.000238,3.6e-05,4.2e-05,5.2e-05,2.7e-05,2.1e-05,8e-06,2.4e-05,2e-06,1.7e-05,2e-06,8.5e-05,0.0,0.0,1e-06,0.0,6e-06,1e-06,4e-06,1e-06,0.0,0.000166,0.000157,0.000139,0.000109,0.000268
402,3,zky,0,0.110295,0.052628,0.269217,0.052322,0.042957,0.028409,0.205019,0.056464,0.022414,0.081168,0.134388,0.006605,0.091447,0.083405,0.135318,0.014605,0.004231,0.512628,0.088914,0.021154,0.30193,0.523192,0.205515,0.341184,0.446582,0.936956,0.540709,0.518178,0.116988,0.930819,0.04886,0.993493,0.92729,0.151346,0.99218,0.000449,0.000973,0.109193,0.002256,0.763114
403,1,rjo,0,1.6e-05,7.7e-05,2.2e-05,7.7e-05,2.5e-05,0.001877,0.001551,0.000958,0.009371,0.001898,0.000259,0.000785,0.000767,0.005425,0.000269,0.004086,0.000846,9.6e-05,0.002065,0.011685,0.654147,0.569431,0.594292,0.543425,0.512678,0.619452,0.578886,0.541518,0.548238,0.586202,0.518062,0.593684,0.573601,0.516451,0.642789,0.538217,0.567588,0.569592,0.558031,0.522966
404,1,yah,0,0.9999,0.999635,0.999922,0.999999,0.999876,0.990943,0.999593,0.997817,0.997164,0.997497,0.998991,0.999995,0.999173,0.999235,0.99968,0.99968,0.998876,0.998768,0.999213,0.999417,0.654147,0.569431,0.594292,0.543425,0.512678,0.619452,0.578886,0.541518,0.548238,0.586202,0.518062,0.593684,0.573601,0.516451,0.642789,0.538217,0.567588,0.569592,0.558031,0.522966
405,2,rni,0,0.999216,0.998779,0.999782,0.999793,0.9992,0.999085,0.997872,0.996609,0.990395,0.998027,0.997882,0.999841,0.997651,0.998208,0.999489,0.999775,0.999862,0.999893,0.999851,0.999917,0.999929,0.99998,0.999992,0.999898,0.999994,0.999995,0.999999,0.999992,0.99999,0.999985,0.999953,0.999872,0.999964,0.999913,0.999997,0.999732,0.999723,0.999754,0.999753,0.999605
406,2,tri,0,0.996815,0.999595,0.999644,0.99984,0.997509,0.999466,0.999738,0.997397,0.997374,0.999421,0.999012,0.99878,0.990075,0.998836,0.999395,0.999715,0.999812,0.998661,0.998752,0.999671,0.99977,0.999156,0.999779,0.999068,0.999382,0.993937,0.999951,0.999436,0.998265,0.996883,0.998731,0.999577,0.998563,0.992885,0.998965,0.999576,0.9996,0.999406,0.99968,0.999591
407,1,mun,0,0.000875,0.004772,0.008722,0.03343,0.011815,0.064791,0.018454,0.006689,0.024378,0.046449,0.037991,0.016882,0.020245,0.011488,0.007674,0.025466,0.052653,0.046594,0.124754,0.23339,0.654147,0.569431,0.594292,0.543425,0.512678,0.619452,0.578886,0.541518,0.548238,0.586202,0.518062,0.593684,0.573601,0.516451,0.642789,0.538217,0.567588,0.569592,0.558031,0.522966
408,1,rah,0,0.994941,0.991681,0.977694,0.997653,0.999603,0.990086,0.98491,0.949906,0.966786,0.980747,0.981475,0.998158,0.980714,0.957203,0.976515,0.996494,0.828464,0.991975,0.985935,0.998322,0.654147,0.569431,0.594292,0.543425,0.512678,0.619452,0.578886,0.541518,0.548238,0.586202,0.518062,0.593684,0.573601,0.516451,0.642789,0.538217,0.567588,0.569592,0.558031,0.522966
409,2,tri,0,0.999652,0.999832,0.999719,0.999902,0.999754,0.999168,0.999529,0.99934,0.998882,0.999722,0.99984,0.999904,0.998967,0.999722,0.999856,0.999693,0.999866,0.999414,0.999812,0.999788,0.999996,0.999914,0.999999,0.999747,0.99999,0.999981,0.999911,0.999999,0.99999,0.999964,0.999995,0.999986,0.999998,0.99999,0.999991,0.999684,0.999728,0.999757,0.999798,0.999587
410,1,rno,0,0.000333,0.001608,0.000299,0.002843,0.000635,0.005967,0.007608,0.003251,0.005782,0.003771,0.002736,0.000807,0.008356,0.007218,0.007852,0.00079,0.000126,0.000608,0.000534,0.000276,0.356443,0.040607,0.004624,0.002862,0.004046,0.08835,0.032053,0.146687,0.050911,0.0254,0.065937,0.049561,0.063923,0.199444,0.034066,0.009477,0.000159,0.000205,0.000129,0.005197
411,1,mah,0,0.999986,0.999982,0.999992,0.999988,0.999984,0.999008,0.999801,0.999695,0.999277,0.999666,0.999122,0.999992,0.999317,0.999909,0.999857,0.999076,0.999661,0.999206,0.999651,0.999805,0.654147,0.569431,0.594292,0.543425,0.512678,0.619452,0.578886,0.541518,0.548238,0.586202,0.518062,0.593684,0.573601,0.516451,0.642789,0.538217,0.567588,0.569592,0.558031,0.522966
412,2,eni,0,0.999551,0.999865,0.999966,0.999927,0.999916,0.999344,0.999353,0.999861,0.999545,0.999541,0.999711,0.999689,0.99835,0.999348,0.999778,0.999769,0.999747,0.999752,0.999318,0.999663,0.999998,0.999952,0.999992,0.999986,0.999985,0.99993,0.999859,0.999995,0.999879,0.999956,0.999966,0.999953,0.999918,0.999904,0.999959,0.999722,0.999723,0.999694,0.99981,0.999679
413,3,kia,0,0.868013,0.99171,0.97589,0.962692,0.716763,0.989613,0.974117,0.931864,0.762393,0.995737,0.949913,0.994191,0.944702,0.993854,0.965827,0.996676,0.996643,0.994723,0.998891,0.995639,0.833742,0.638009,0.838898,0.619919,0.501348,0.659662,0.648286,0.815382,0.817349,0.768068,0.751502,0.523618,0.791385,0.832755,0.882077,0.620188,0.70567,0.745892,0.643851,0.612828
414,1,iri,0,0.005682,0.13347,0.061331,0.001525,0.295323,0.110496,0.046252,0.049431,0.063313,0.085855,0.14075,0.142507,0.213399,0.053205,0.081181,0.001057,0.008806,0.002839,0.00241,0.000913,0.002414,0.271295,0.019488,0.033209,0.001005,0.006742,0.015788,0.00418,0.048518,0.061265,0.002986,0.061545,0.037969,0.309312,0.011155,0.001195,0.00015,0.000171,0.000221,0.002263
415,2,ani,0,0.997552,0.999211,0.999842,0.999844,0.99652,0.996395,0.997062,0.99443,0.990804,0.990842,0.999216,0.999906,0.99638,0.998424,0.99907,0.999095,0.99543,0.992578,0.997236,0.996484,0.999325,0.99988,0.999991,0.999932,0.99996,0.998323,0.999993,0.999853,0.99994,0.999517,0.997891,0.99994,0.996757,0.999874,0.999561,0.999626,0.999687,0.999737,0.999787,0.999583
416,2,ama,0,0.001581,0.008508,0.005804,0.002775,0.001704,0.004664,0.005811,0.004278,0.008745,0.012398,0.002092,0.007975,0.004554,0.005672,0.019648,0.001302,0.000745,0.001427,0.000226,0.000668,0.003118,0.004975,0.001191,0.003865,0.001714,0.002494,0.001581,0.003317,0.003037,0.006069,0.00109,0.001544,0.005797,0.001314,0.001013,0.000312,0.000358,0.000341,0.000209,0.000679
417,1,nto,0,0.000225,0.000554,0.000585,0.000467,0.001397,0.00216,0.009037,0.001658,0.005412,0.001573,0.001808,0.000429,0.001754,0.000877,0.00207,8.3e-05,0.000217,0.000131,0.000868,4e-05,0.001342,4e-06,4e-06,0.000754,2.5e-05,0.002641,7e-06,0.000117,0.002333,2.7e-05,0.002148,4.2e-05,0.002721,0.001311,6.3e-05,0.000232,0.000151,0.000137,0.00011,0.000273
418,2,ari,1,0.99984,0.999883,0.999939,0.999602,0.999848,0.994879,0.996329,0.996991,0.996536,0.99867,0.995882,0.999639,0.992259,0.998035,0.997894,0.999527,0.998627,0.997261,0.997754,0.998602,0.998898,0.995199,0.99995,0.997745,0.997666,0.998972,0.993388,0.999352,0.997538,0.999692,0.99925,0.994259,0.999304,0.995922,0.998966,0.998702,0.99964,0.999264,0.99946,0.999454
419,3,sih,1,0.999927,0.99993,0.99946,0.999971,0.999847,0.999651,0.999645,0.999819,0.998814,0.999374,0.99973,0.999945,0.999753,0.999349,0.999844,0.999904,0.999906,0.999949,0.999954,0.999913,0.999995,0.999998,0.999998,0.999962,0.999992,1.0,1.0,1.0,1.0,1.0,1.0,1.0,1.0,1.0,1.0,0.99973,0.999734,0.999747,0.999716,0.999615
420,3,nia,0,0.411319,0.034024,0.021577,0.281979,0.135417,0.129957,0.223589,0.056548,0.083856,0.09634,0.148316,0.029778,0.035882,0.093511,0.108215,0.404407,0.396869,0.291923,0.161023,0.102832,0.00081,0.004874,0.00665,0.010528,0.240475,0.048385,0.363502,0.000761,0.015446,0.000445,0.000321,0.663249,0.00021,0.275733,0.000622,0.001696,0.000306,0.000268,0.001647,0.017859
421,3,gia,1,0.999566,0.999638,0.999464,0.999834,0.998748,0.999399,0.999641,0.999581,0.999543,0.994214,0.997788,0.999708,0.997778,0.998812,0.999346,0.999272,0.999642,0.999618,0.998928,0.999154,0.999991,0.999986,0.999999,0.999989,0.999996,0.999992,0.999997,1.0,0.999988,0.999993,0.999998,0.999999,1.0,0.999997,0.999999,0.999592,0.999595,0.999655,0.999724,0.999455
422,1,nto,0,0.000215,0.000476,0.000433,0.000265,0.001501,0.001377,0.001648,0.001319,0.000941,0.000959,0.00276,0.000233,0.002228,0.002213,0.00092,0.000248,6.5e-05,0.000354,7.7e-05,0.0001,7.9e-05,0.000592,0.000296,0.002491,0.00541,0.000532,0.012629,0.000575,0.000811,0.040558,0.000358,0.01408,0.004413,0.00384,0.001326,0.000216,0.000171,0.000155,0.000263,0.005397
423,1,tin,1,0.838852,0.915261,0.953792,0.799757,0.907229,0.948838,0.946793,0.84556,0.904144,0.915201,0.90938,0.909037,0.928642,0.871544,0.920429,0.967842,0.969492,0.991158,0.993184,0.979904,0.959592,0.979989,0.996812,0.982569,0.831498,0.906383,0.900238,0.956468,0.951664,0.941251,0.845594,0.943134,0.946336,0.965474,0.843946,0.985323,0.998085,0.999525,0.998566,0.991825
424,2,ada,0,0.002554,0.048358,0.264866,0.023246,0.004564,0.010011,0.043758,0.031588,0.019812,0.006023,0.011753,0.014551,0.046669,0.010658,0.004948,0.054198,0.03382,0.009739,0.005068,0.001677,0.001334,0.000945,4.3e-05,0.000198,0.000356,0.007103,0.003157,0.000184,0.000574,0.00058,0.004879,0.002514,0.001872,0.001687,0.000141,0.000159,0.000193,0.000156,0.000116,0.000417
425,3,lia,1,0.999862,0.998564,0.999937,0.999673,0.999433,0.998396,0.997767,0.999754,0.998314,0.999206,0.995757,0.997365,0.997817,0.998267,0.999058,0.998905,0.998669,0.998689,0.999726,0.999273,0.99978,0.999714,0.999658,0.999972,0.99972,0.99945,0.999986,0.999996,0.999666,0.984735,0.999991,0.99924,0.999966,0.999932,0.999854,0.999506,0.999433,0.999482,0.999704,0.999394
426,1,uri,0,0.987158,0.615812,0.957547,0.948466,0.955968,0.830269,0.738416,0.568005,0.442363,0.978469,0.864275,0.96474,0.423626,0.733579,0.789529,0.532177,0.843081,0.45961,0.443992,0.727435,0.654147,0.569431,0.594292,0.543425,0.512678,0.619452,0.578886,0.541518,0.548238,0.586202,0.518062,0.593684,0.573601,0.516451,0.642789,0.538217,0.567588,0.569592,0.558031,0.522966
427,1,ran,0,0.003476,0.000257,0.043542,0.00045,0.017306,0.003132,0.011305,0.007363,0.022907,0.014538,0.004052,0.005135,0.002835,0.021329,0.003075,0.100315,0.004639,0.477798,0.055339,0.004739,0.654147,0.569431,0.594292,0.543425,0.512678,0.619452,0.578886,0.541518,0.548238,0.586202,0.518062,0.593684,0.573601,0.516451,0.642789,0.538217,0.567588,0.569592,0.558031,0.522966
428,1,sih,1,0.984344,0.977538,0.971222,0.993996,0.95995,0.993199,0.979395,0.933369,0.970848,0.990404,0.968481,0.998966,0.970214,0.997403,0.995521,0.99916,0.997318,0.994466,0.997249,0.99559,0.654147,0.569431,0.594292,0.543425,0.512678,0.619452,0.578886,0.541518,0.548238,0.586202,0.518062,0.593684,0.573601,0.516451,0.642789,0.538217,0.567588,0.569592,0.558031,0.522966
429,3,ari,1,0.999257,0.999603,0.999593,0.999392,0.999072,0.999516,0.999787,0.999452,0.998587,0.999919,0.999462,0.998595,0.998537,0.999067,0.999838,0.999917,0.999859,0.999872,0.999884,0.999868,0.999891,0.999744,0.999355,0.999338,0.999616,0.999711,0.999935,0.999959,0.999982,0.99992,0.999787,0.999782,0.999908,0.999664,0.999915,0.999623,0.99965,0.999712,0.999681,0.999505
430,2,ani,0,6.6e-05,3.2e-05,0.000277,0.00013,0.000131,0.001552,0.000315,0.004127,0.001675,0.000293,0.000141,4.1e-05,0.00019,0.000272,0.00013,0.000232,0.00041,0.000609,0.00027,8.1e-05,1.5e-05,8e-06,2.1e-05,6.1e-05,4.2e-05,0.001777,5.3e-05,4e-06,0.000242,0.000445,0.001037,4.5e-05,1.3e-05,6.6e-05,4.4e-05,0.000193,0.000183,0.000149,9.6e-05,0.000803
431,2,hin,0,0.003182,0.001425,0.003937,0.003221,0.005128,0.126212,0.067648,0.154951,0.143392,0.069027,0.043422,0.002731,0.066824,0.133158,0.020006,0.071119,0.003114,0.084607,0.020497,0.031554,0.397508,0.003295,0.038106,0.893269,0.006599,0.31424,0.012101,0.024728,0.576302,0.163788,0.235096,0.020935,0.014296,0.442202,0.019434,0.017884,0.001862,0.83328,0.000558,0.317309
432,1,ati,1,0.999958,0.999254,0.999961,0.999797,0.998569,0.997526,0.998953,0.997702,0.992927,0.995487,0.999074,0.999835,0.999411,0.997017,0.995222,0.99854,0.998048,0.997836,0.999222,0.998232,0.985004,0.994521,0.992514,0.990044,0.961741,0.915956,0.985954,0.989235,0.941776,0.99527,0.991233,0.993233,0.971042,0.97611,0.989828,0.999414,0.999651,0.999699,0.999763,0.999374
433,3,wan,0,0.000101,0.000218,9.6e-05,2.6e-05,0.001112,8e-06,1.8e-05,0.001105,5.7e-05,2.8e-05,0.000116,1e-05,0.000183,9.7e-05,7.2e-05,4.9e-05,8.8e-05,0.000172,6.2e-05,4.6e-05,2.3e-05,0.000633,3e-06,0.00019,7e-06,0.000264,1.3e-05,8e-06,7e-06,0.0,4e-05,6.4e-05,2.9e-05,1e-06,0.0,0.000423,0.000534,0.000383,0.00018,0.001857
434,3,ewi,1,0.999632,0.999877,0.999556,0.999925,0.999321,0.999461,0.999746,0.997834,0.999504,0.999933,0.997737,0.999939,0.998977,0.998439,0.999692,0.99982,0.999838,0.999818,0.999912,0.999788,0.999976,0.99999,0.999978,0.986194,0.99975,0.99994,0.999996,1.0,0.99999,0.999425,0.999999,0.999999,0.999986,0.999838,0.999954,0.999693,0.999689,0.999692,0.999703,0.999322
435,4,dho,0,0.000212,3.9e-05,0.000663,0.000635,0.000463,0.000312,0.00016,0.000407,0.000809,0.000377,0.0007,0.000639,0.000976,0.000783,7.8e-05,0.00048,0.000207,0.005916,0.000236,0.000185,2.3e-05,0.000261,8e-05,1.1e-05,3e-05,0.000163,2e-06,1e-06,1e-06,0.0,1e-06,4e-06,0.000372,0.0,0.0,0.000194,0.000158,0.000162,0.000115,0.00047
436,1,oho,0,0.000446,0.001198,0.000136,0.000203,0.004703,0.011821,0.020288,0.011755,0.01447,0.011654,0.004208,0.000412,0.002111,0.011497,0.002042,0.000576,0.008299,0.001004,0.00115,0.000272,0.000797,5.9e-05,7.4e-05,0.00045,6.6e-05,0.000161,0.000263,4.7e-05,0.000264,0.002948,0.000265,0.000591,0.000592,0.000811,0.002938,0.000159,0.000145,0.000142,0.000106,0.000421
437,1,ati,1,0.998957,0.99228,0.99962,0.999831,0.999594,0.996039,0.997448,0.989972,0.975981,0.996752,0.993982,0.999831,0.999216,0.992018,0.994548,0.999742,0.999494,0.999144,0.999665,0.999795,0.654147,0.569431,0.594292,0.543425,0.512678,0.619452,0.578886,0.541518,0.548238,0.586202,0.518062,0.593684,0.573601,0.516451,0.642789,0.538217,0.567588,0.569592,0.558031,0.522966
438,4,. a,1,0.999956,0.999645,0.985923,0.999574,0.999436,0.996976,0.999069,0.995848,0.998578,0.991712,0.998277,0.999416,0.99767,0.998453,0.999264,0.999801,0.999697,0.999774,0.997043,0.999605,0.998165,0.999826,0.999894,0.999988,0.999928,0.99997,1.0,0.999988,0.999996,0.999994,0.99992,0.999998,0.999991,0.999997,0.999993,0.999601,0.999665,0.99961,0.999727,0.999564
439,3,ani,1,0.985508,0.999807,0.999935,0.992201,0.946014,0.999182,0.999357,0.999723,0.998912,0.999186,0.999372,0.999598,0.994684,0.998678,0.997641,0.999581,0.999292,0.998102,0.999098,0.999514,0.99534,0.947472,0.999928,0.992963,0.999838,0.996756,0.997811,0.99932,0.99338,0.993643,0.998102,0.999752,0.996804,0.99749,0.999748,0.99688,0.999217,0.995071,0.999113,0.99913
440,2,oso,0,0.000544,0.001227,0.00057,0.001083,0.002522,0.003447,0.007397,0.007603,0.00869,0.005929,0.000369,0.00793,0.007441,0.003183,0.014929,0.001251,0.001844,0.006427,0.000246,0.001023,0.017285,0.068963,0.00533,0.00264,0.008538,0.039305,0.006262,0.001706,0.005858,0.040688,0.009296,0.031333,0.002384,0.03609,0.024667,0.000433,0.000217,0.000349,0.000258,0.002844
441,1,nto,0,0.001397,0.003187,0.002456,0.002673,0.01414,0.004252,0.023033,0.003548,0.006448,0.00482,0.006238,0.000761,0.004949,0.001139,0.00857,0.00873,0.006031,0.005005,0.068609,0.102131,0.654147,0.569431,0.594292,0.543425,0.512678,0.619452,0.578886,0.541518,0.548238,0.586202,0.518062,0.593684,0.573601,0.516451,0.642789,0.538217,0.567588,0.569592,0.558031,0.522966
442,1,yah,1,0.999839,0.999073,0.999792,0.998014,0.999575,0.998054,0.998793,0.997321,0.998772,0.986737,0.999107,0.999769,0.99735,0.999615,0.996262,0.99861,0.999583,0.998862,0.999649,0.9995,0.654147,0.569431,0.594292,0.543425,0.512678,0.619452,0.578886,0.541518,0.548238,0.586202,0.518062,0.593684,0.573601,0.516451,0.642789,0.538217,0.567588,0.569592,0.558031,0.522966
443,2,ama,0,0.001684,0.004619,0.002368,0.001625,0.001415,0.003245,0.001165,0.002443,0.006996,0.001276,0.006238,0.003906,0.002194,0.002955,0.001534,0.000218,0.000298,4.1e-05,5.1e-05,6.2e-05,0.001343,0.002104,0.000156,0.001194,0.003839,0.000946,0.000333,0.002706,0.001196,0.011468,0.000133,0.000395,0.002019,0.000297,0.001414,0.000264,0.0002,0.000243,0.000177,0.000454
444,3,nda,1,0.966561,0.998691,0.998866,0.998945,0.99911,0.995404,0.998624,0.996406,0.997211,0.996124,0.998633,0.999741,0.997684,0.999254,0.999065,0.9993,0.999454,0.999083,0.999531,0.999365,0.999947,0.999898,0.999995,0.99977,0.999803,0.999129,0.999998,1.0,0.999988,0.999979,0.99998,0.999998,0.999997,0.999968,0.999979,0.999598,0.999672,0.999678,0.999728,0.998782
445,1,uri,0,0.190956,0.415745,0.020974,0.107898,0.113492,0.483745,0.665548,0.453857,0.500212,0.446491,0.136162,0.009987,0.53679,0.140706,0.436089,0.174115,0.14255,0.067893,0.226419,0.089719,0.008567,0.00159,0.007797,0.000864,0.001047,0.020869,0.054042,0.033771,0.002394,8.5e-05,0.028001,0.009088,0.052533,0.01116,0.000213,0.008754,0.000262,0.000163,0.000139,0.000809
446,2,lah,1,0.999444,0.998735,0.999003,0.999793,0.99928,0.99722,0.998831,0.998309,0.996742,0.993618,0.998357,0.999833,0.99725,0.99755,0.99774,0.99991,0.9998,0.999867,0.999862,0.999849,0.999872,0.999966,0.999999,0.999989,0.999998,0.999987,1.0,1.0,1.0,0.999998,0.999998,0.999998,0.999998,0.999999,0.999996,0.999719,0.999737,0.999741,0.999771,0.99968
447,2,oga,0,0.000392,0.000412,6.6e-05,0.002231,8.4e-05,0.000132,0.000322,0.000458,0.001909,0.000407,0.000749,0.000146,0.000866,0.00027,0.000779,1.8e-05,3.5e-05,6e-05,5.6e-05,9e-06,1e-06,2e-06,0.0,2.2e-05,3e-06,2e-06,0.0,0.0,0.0,1e-06,4e-06,0.0,1e-06,1e-06,0.0,0.000148,0.000168,0.000144,0.000103,0.000232
448,3,iza,1,0.998044,0.999244,0.999374,0.997962,0.999848,0.999481,0.999103,0.999586,0.999853,0.998351,0.99945,0.999778,0.996176,0.999193,0.999015,0.999184,0.999425,0.99988,0.998634,0.999689,0.999993,0.99999,1.0,0.999998,0.999425,0.999999,1.0,1.0,0.999999,0.999999,0.999999,1.0,1.0,1.0,0.999988,0.999731,0.999709,0.999739,0.999752,0.999626
449,2,lik,0,0.000187,9e-06,4.6e-05,8.9e-05,0.000183,0.000835,0.000825,0.0004,0.001408,0.000174,0.000249,5e-05,0.000318,0.000682,0.000147,5e-05,5.2e-05,0.000101,7.5e-05,3.8e-05,0.00011,0.000135,7.9e-05,0.000353,0.00011,0.000128,3.6e-05,1e-06,1e-06,6e-06,2.5e-05,1.8e-05,1.7e-05,2e-06,3e-06,0.000166,0.000145,0.000151,0.000114,0.000551
450,1,rdi,0,0.005778,0.043895,0.019376,0.016536,0.003578,0.008726,0.005668,0.004142,0.020656,0.007292,0.005315,0.110784,0.032668,0.002438,0.010654,0.003451,0.003267,0.005857,0.015802,0.001191,0.654147,0.569431,0.594292,0.543425,0.512678,0.619452,0.578886,0.541518,0.548238,0.586202,0.518062,0.593684,0.573601,0.516451,0.642789,0.538217,0.567588,0.569592,0.558031,0.522966
451,1,ini,1,0.741924,0.99531,0.999932,0.999777,0.971692,0.981685,0.99169,0.98856,0.960168,0.971738,0.991028,0.992086,0.997467,0.973204,0.972279,0.986662,0.972441,0.98348,0.965555,0.989678,0.654147,0.569431,0.594292,0.543425,0.512678,0.619452,0.578886,0.541518,0.548238,0.586202,0.518062,0.593684,0.573601,0.516451,0.642789,0.538217,0.567588,0.569592,0.558031,0.522966
452,2,tra,0,5.7e-05,0.001429,0.000161,0.000121,0.001064,6.4e-05,5.7e-05,2.1e-05,0.000143,1.6e-05,3.3e-05,1.8e-05,0.001906,2.8e-05,4.2e-05,3.6e-05,5.3e-05,0.000138,3.2e-05,2.4e-05,3.3e-05,0.000231,0.00018,6.7e-05,5.3e-05,1.2e-05,1.4e-05,3e-06,6e-06,2e-06,2e-06,1e-06,2e-06,7e-06,2e-06,0.000161,0.000147,0.000148,0.000101,0.000277
453,2,man,0,0.000341,0.000311,0.000287,0.000121,6.5e-05,5.6e-05,0.00039,0.000711,0.000191,0.001612,0.000432,7.8e-05,0.001772,0.001236,0.000569,4.7e-05,6.5e-05,0.000128,0.000197,2.6e-05,0.00015,0.878817,0.115261,0.000598,0.000987,0.020025,0.028162,0.007467,0.002999,0.000534,0.001624,0.023154,0.00602,0.007891,0.004717,0.000237,0.000523,0.00018,0.000159,0.000653
454,2,ari,1,0.999748,0.999728,0.999946,0.999736,0.999864,0.997689,0.996332,0.997549,0.994329,0.999112,0.995154,0.999486,0.994629,0.998219,0.999474,0.999725,0.999604,0.999643,0.999461,0.999886,0.999751,0.99999,0.999998,0.999992,0.999954,0.999874,0.999912,0.999988,0.999922,0.999886,0.99972,0.999884,0.999982,0.999804,0.999948,0.999669,0.99959,0.999732,0.999791,0.999664
455,3,nam,0,0.004388,0.001691,0.002557,0.00027,0.001024,0.002715,0.003388,0.004746,0.004644,0.00357,0.004271,0.004795,0.0015,0.000958,0.000392,9.7e-05,7.6e-05,0.000227,9.2e-05,8.8e-05,0.000188,0.001813,0.000919,2e-05,0.000312,0.004639,0.000465,6.6e-05,0.000116,0.005881,0.000133,0.000294,8.1e-05,4.4e-05,0.000918,0.000488,0.000389,0.000647,0.000341,0.005492
456,2,dah,1,0.999978,0.999584,0.999864,0.999944,0.999852,0.998966,0.99964,0.998578,0.999703,0.999687,0.99994,0.999201,0.998792,0.999865,0.999835,0.999923,0.99979,0.999792,0.999595,0.999596,0.959899,0.998101,0.997731,0.980455,0.996417,0.980376,0.986778,0.994848,0.986523,0.936195,0.934529,0.97626,0.993496,0.994534,0.989328,0.996211,0.997766,0.982934,0.999597,0.96527
457,1,ram,0,0.210301,0.233527,0.035298,0.092857,0.226986,0.089403,0.199434,0.027825,0.045838,0.120444,0.116111,0.020857,0.294128,0.017433,0.270975,0.857031,0.268757,0.066938,0.069755,0.004309,0.654147,0.569431,0.594292,0.543425,0.512678,0.619452,0.578886,0.541518,0.548238,0.586202,0.518062,0.593684,0.573601,0.516451,0.642789,0.538217,0.567588,0.569592,0.558031,0.522966
458,1,mah,1,0.999966,0.998402,0.999839,0.99992,0.996733,0.952101,0.998699,0.994804,0.996038,0.980848,0.97519,0.999732,0.97926,0.9869,0.996401,0.999568,0.998634,0.997018,0.99824,0.997634,0.998731,0.999128,0.999422,0.997667,0.999673,0.989504,0.997868,0.998654,0.979885,0.978576,0.993715,0.994209,0.994567,0.97904,0.998392,0.999034,0.999546,0.999634,0.998679,0.999572
459,2,wan,0,4.2e-05,3.5e-05,6.6e-05,5.6e-05,0.000256,7.1e-05,0.000337,0.001156,0.000678,0.000442,0.001847,2.1e-05,0.000683,0.000588,0.001969,4.5e-05,0.000102,0.000122,5.3e-05,7.9e-05,3.1e-05,3.5e-05,1.7e-05,4.6e-05,1.4e-05,0.000113,5.1e-05,7e-06,7e-06,9e-06,3e-05,3.1e-05,5e-06,2e-05,6e-06,0.000158,0.000146,0.000142,0.000124,0.000268
460,3,yat,0,0.000806,0.003307,0.000333,0.002046,0.001117,0.000347,0.00028,0.000488,0.001135,0.000784,0.000493,1e-05,0.000269,0.001042,0.00019,8.6e-05,9.6e-05,0.000158,0.00012,5.2e-05,0.000882,0.00139,0.001874,0.001443,0.098256,2.9e-05,0.001141,0.990014,0.000514,0.016179,8e-06,0.746731,0.065547,0.009782,0.004514,0.00212,0.000254,0.000328,0.003115,0.000676
461,2,iah,1,0.99998,0.999729,0.999996,0.999975,0.99994,0.999825,0.999994,0.999734,0.999946,0.999911,0.99991,0.999989,0.99995,0.999968,0.999666,0.99996,0.999938,0.999945,0.99995,0.99995,0.999881,0.99993,0.999997,0.999659,0.99996,0.999974,0.999999,0.999998,0.999979,0.999966,0.999989,0.99997,0.99997,0.999962,0.999982,0.999566,0.99961,0.999617,0.999709,0.999305
462,4,nto,0,4.8e-05,0.00077,0.000455,0.000119,0.001154,0.001898,0.000269,0.000766,0.000648,0.000235,0.000541,1e-05,0.001066,0.001764,0.000123,6.6e-05,0.000119,8.4e-05,7.6e-05,5e-05,0.000212,0.002023,0.00029,0.000292,0.000162,0.001647,1.1e-05,1.5e-05,9e-06,1.9e-05,0.000353,1.3e-05,2.6e-05,5e-06,1e-06,0.000579,0.000256,0.000204,0.000154,0.001318
463,3,rum,1,0.999993,0.999993,0.999985,0.999988,0.999992,0.999475,0.999762,0.999637,0.999522,0.999565,0.999774,1.0,0.999796,0.99986,0.999563,0.999703,0.999887,0.999793,0.999913,0.999897,0.999999,0.999995,1.0,0.999992,0.999997,0.999998,1.0,1.0,1.0,1.0,1.0,1.0,1.0,0.999999,1.0,0.999688,0.999698,0.99971,0.999755,0.999583
464,1,ono,0,0.000681,0.002,0.009096,0.005048,0.000181,0.007286,0.016747,0.003258,0.008037,0.00195,0.007472,0.002161,0.006986,0.004816,0.003339,0.000134,0.00018,8.6e-05,0.000208,4.3e-05,0.049135,0.002079,0.193853,0.003899,0.023943,0.025789,0.050517,0.005555,0.025969,0.191277,0.0191,0.061519,0.019854,0.055767,0.018681,0.001936,0.030513,0.000145,0.000102,0.005038
465,2,uti,1,0.999246,0.999858,0.999333,0.999691,0.999986,0.999927,0.99997,0.999956,0.999865,0.999891,0.999769,0.999679,0.999628,0.999941,0.999938,0.999774,0.999892,0.999731,0.99989,0.999925,0.994794,0.994074,0.987615,0.957948,0.997001,0.967756,0.998832,0.991855,0.8692,0.992254,0.988969,0.993671,0.906769,0.829195,0.998286,0.99839,0.99768,0.994816,0.835893,0.997686
466,2,tra,0,2.9e-05,0.000232,5.7e-05,5.2e-05,0.00309,8.6e-05,3.3e-05,3e-06,0.000278,1.2e-05,2.4e-05,1.6e-05,0.00173,1e-05,0.0002,2.7e-05,0.000125,0.000406,4.4e-05,3.3e-05,0.00162,0.001562,4.3e-05,0.000477,0.000212,0.000745,0.001433,9.9e-05,0.000899,0.00015,0.000332,0.000139,0.000381,0.000671,0.00012,0.000878,0.00049,0.000383,0.000386,0.002663
467,1,iah,1,0.997222,0.99661,0.999829,0.990582,0.904747,0.988411,0.994861,0.98895,0.982233,0.995989,0.974282,0.996386,0.982972,0.98155,0.994703,0.997857,0.999014,0.997121,0.99739,0.999164,0.654147,0.569431,0.594292,0.543425,0.512678,0.619452,0.578886,0.541518,0.548238,0.586202,0.518062,0.593684,0.573601,0.516451,0.642789,0.538217,0.567588,0.569592,0.558031,0.522966
468,2,ani,1,0.998496,0.999925,0.99853,0.998788,0.999819,0.999514,0.999477,0.99949,0.999067,0.998692,0.999437,0.999788,0.999394,0.998981,0.999722,0.999854,0.999769,0.999683,0.999804,0.999912,0.99987,0.999825,0.999949,0.999817,0.999795,0.999741,0.999407,0.99977,0.999419,0.998536,0.998449,0.999407,0.999744,0.998735,0.998478,0.999642,0.999708,0.999616,0.999753,0.999562
469,2,ana,0,0.012685,0.005285,0.011718,0.010585,0.003358,0.008416,0.007039,0.039481,0.009886,0.00521,0.007923,0.0008,0.020077,0.005955,0.008463,0.001116,0.003907,0.007596,0.003536,0.00382,0.000144,3.8e-05,5.1e-05,0.000119,0.000147,0.000396,0.001756,1.7e-05,0.000102,0.000914,8.9e-05,0.000939,0.000745,0.000138,0.000403,0.000204,0.000171,0.000146,0.000104,0.000346
470,2,ana,0,0.000139,0.000343,0.00012,0.000123,7.9e-05,0.000169,0.000265,0.000388,0.001079,0.00067,6.8e-05,5.3e-05,0.000531,2.1e-05,0.000157,0.0001,0.000266,8.6e-05,9.6e-05,2.3e-05,6e-06,9e-06,1e-05,0.000112,3.3e-05,1.6e-05,2.1e-05,3e-06,2.3e-05,1.6e-05,8e-06,3.6e-05,8e-06,7e-06,4e-06,0.000165,0.000145,0.000129,0.00011,0.000262
471,1,adi,0,0.000335,0.000805,7.5e-05,0.00153,0.00016,0.003752,0.005424,0.005606,0.002777,0.002066,0.001291,1e-05,0.003369,0.000741,0.002634,9.6e-05,5.6e-05,0.000225,3.7e-05,0.000137,5e-05,0.002482,2.6e-05,0.000781,0.045549,0.002386,0.012476,0.000352,0.000389,0.036528,0.001349,0.049811,0.004484,0.002987,0.037557,0.000146,0.000142,0.00013,0.000106,0.000567
472,1,yah,1,0.999703,0.999881,0.999965,0.999476,0.998638,0.99745,0.998727,0.995956,0.997416,0.996718,0.998202,0.999952,0.998884,0.999185,0.99731,0.998718,0.999016,0.997725,0.998598,0.999369,0.654147,0.569431,0.594292,0.543425,0.512678,0.619452,0.578886,0.541518,0.548238,0.586202,0.518062,0.593684,0.573601,0.516451,0.642789,0.538217,0.567588,0.569592,0.558031,0.522966
473,2,ndi,0,0.000405,0.001915,0.000271,0.003299,0.001911,0.000895,0.001148,0.001957,0.004132,0.001005,0.00266,0.000311,0.00764,0.000622,0.003145,0.000125,0.000236,0.000813,0.000632,8.2e-05,0.721655,0.010105,0.007179,0.000475,0.028181,0.064397,0.004096,0.011178,0.001052,0.050132,0.093967,0.013609,0.03239,0.000822,0.289514,0.002804,0.000243,0.000846,0.002695,0.005567
474,2,din,0,6.3e-05,0.0002,0.000119,9.8e-05,2.9e-05,1.5e-05,4.8e-05,0.000336,6.3e-05,0.000205,0.000138,0.000134,0.000339,9.4e-05,4.1e-05,1.6e-05,2.9e-05,3.5e-05,3.7e-05,1.7e-05,8e-06,9e-06,1e-06,5.1e-05,1.4e-05,4e-06,5e-06,1e-06,3e-06,0.0,1e-06,1e-06,2e-05,0.0,0.0,0.000148,0.000205,0.000185,0.000107,0.00032
475,2,leh,0,0.004339,0.003257,0.005427,0.002441,0.078904,0.036456,0.02718,0.035857,0.054208,0.029723,0.008039,0.002121,0.015816,0.017227,0.008314,0.00022,0.000125,0.022711,0.000842,0.003167,4.1e-05,0.000157,0.000225,0.000104,0.000389,0.000452,2.7e-05,6.2e-05,0.000136,0.000714,7.6e-05,0.000165,0.001378,9.9e-05,0.000208,0.000188,0.000176,0.000568,0.000104,0.000332
476,2,mah,1,0.999993,0.999942,0.999973,0.999987,0.999884,0.998106,0.999981,0.999502,0.999947,0.999302,0.999567,0.999998,0.999732,0.999934,0.999945,0.999894,0.999797,0.999813,0.999792,0.999688,0.999754,0.999921,0.999984,0.999823,0.999985,0.998325,0.999992,0.999992,0.999588,0.999102,0.999808,0.999984,0.999891,0.999059,0.999924,0.9997,0.999676,0.999754,0.999785,0.999492
477,2,ani,1,0.999674,0.999916,0.999593,0.999455,0.999787,0.999183,0.99973,0.998981,0.998548,0.998481,0.999718,0.999579,0.98951,0.998583,0.999736,0.999726,0.999529,0.999531,0.999661,0.99946,0.999966,0.999965,0.999823,0.99944,0.999989,0.999469,0.999984,0.999982,0.999914,0.999851,0.999935,0.999915,0.999874,0.999941,0.999945,0.99974,0.999635,0.999665,0.999757,0.999548
478,2,ati,1,0.999675,0.997837,0.999867,0.999859,0.99986,0.999918,0.999982,0.999968,0.999953,0.999814,0.999724,0.999928,0.999552,0.999534,0.999927,0.999955,0.999911,0.999934,0.99995,0.999972,0.999995,0.992244,0.998643,0.965125,0.999482,0.999707,0.882599,0.995168,0.999591,0.998478,0.999886,0.998956,0.999502,0.992272,0.999637,0.998098,0.999692,0.999693,0.999794,0.999625
479,1,oso,0,8e-05,0.000285,0.001183,0.000522,0.001607,0.002379,0.00446,0.003236,0.001339,0.000986,0.000831,0.001764,0.004912,0.000769,0.002539,0.001845,0.000266,0.000483,0.00093,6.7e-05,0.005735,0.002892,0.000559,0.010393,0.003514,0.015089,0.063285,0.003057,0.005617,0.02742,0.023393,0.037315,0.016087,0.010239,0.03317,0.000192,0.000161,0.000176,0.002557,0.000711
480,1,umi,1,0.886974,0.980709,0.974501,0.997178,0.978344,0.585772,0.605907,0.829332,0.743532,0.501566,0.890711,0.992469,0.974322,0.844759,0.881448,0.982862,0.990153,0.814495,0.934954,0.778407,0.654147,0.569431,0.594292,0.543425,0.512678,0.619452,0.578886,0.541518,0.548238,0.586202,0.518062,0.593684,0.573601,0.516451,0.642789,0.538217,0.567588,0.569592,0.558031,0.522966
481,2,ika,1,0.994708,0.995893,0.997778,0.998814,0.994937,0.998534,0.999618,0.993527,0.998308,0.99729,0.998746,0.999687,0.999365,0.999187,0.999098,0.999673,0.999789,0.999784,0.999798,0.999872,0.99997,0.999983,0.999998,0.999981,0.999954,0.99987,0.999989,0.999997,0.999979,0.999994,0.999977,0.999976,0.999997,0.999964,0.999998,0.999703,0.999736,0.999742,0.999757,0.999612
482,2,oto,0,0.000104,0.000397,0.002223,0.00166,9.4e-05,0.000843,0.00417,0.000844,0.001271,9e-05,0.000623,0.000457,0.000529,0.00104,0.000429,2.2e-05,3.1e-05,8.1e-05,0.000129,4.4e-05,0.000366,0.00017,0.000378,0.000608,0.000532,0.00232,0.000232,3.4e-05,0.00052,0.001298,0.000133,0.000137,0.000174,7.4e-05,0.000194,0.000411,0.000269,0.000263,0.000228,0.001164
483,3,esi,1,0.997259,0.995613,0.999381,0.999177,0.977662,0.989596,0.996812,0.995245,0.998744,0.985457,0.996442,0.995765,0.998316,0.998214,0.99424,0.999079,0.99935,0.998119,0.997823,0.99296,0.998922,0.997099,0.999998,0.997529,0.999637,0.999974,0.999656,0.999998,0.999712,0.999885,0.999995,0.999923,0.999975,0.999296,0.999786,0.999374,0.999549,0.999565,0.999059,0.998931
484,3,ama,0,0.002163,0.002522,0.00344,0.000106,0.060844,0.001976,0.001157,0.001285,0.002431,0.000269,0.002826,0.00317,0.005811,0.000715,0.001756,0.000214,0.000607,0.002291,0.000649,0.001529,0.000137,1.6e-05,9.5e-05,0.00667,0.000257,0.003544,0.000113,4.2e-05,0.00022,0.000546,0.00697,0.000246,0.004193,7.8e-05,1.4e-05,0.001098,0.000348,0.000377,0.000196,0.006593
485,1,mah,1,0.999981,0.999894,0.999851,0.999887,0.998556,0.999033,0.999724,0.999481,0.999877,0.999539,0.99977,0.999984,0.997937,0.999902,0.999417,0.999723,0.999632,0.999389,0.999777,0.99965,0.654147,0.569431,0.594292,0.543425,0.512678,0.619452,0.578886,0.541518,0.548238,0.586202,0.518062,0.593684,0.573601,0.516451,0.642789,0.538217,0.567588,0.569592,0.558031,0.522966
486,1,wan,0,0.001975,0.000284,0.000879,0.001031,0.007826,0.010172,0.020361,0.003033,0.005634,0.009531,0.006242,0.000431,0.000887,0.001856,0.00397,9e-05,0.000111,0.000245,0.000152,2.4e-05,0.000183,0.001191,1.4e-05,0.001963,0.130802,0.00198,0.000693,0.000126,0.000324,0.004295,0.001608,0.001972,0.00141,0.001072,0.001099,0.000192,0.000145,0.000148,0.00012,0.000389
487,1,ono,0,0.000488,0.000612,0.000922,0.001392,0.000291,0.003334,0.009415,0.002105,0.00133,0.00232,0.002963,0.001539,0.003351,0.006719,0.001276,3.7e-05,4e-05,2.2e-05,9.4e-05,2.8e-05,0.002658,0.002197,0.008062,0.00033,0.002684,0.083572,0.008077,0.019272,0.003184,0.002484,0.015154,0.012154,0.103751,0.00432,0.006532,0.000198,0.004731,0.000132,0.000145,0.001212
488,1,ati,1,0.999935,0.999783,0.999941,0.999899,0.999805,0.998929,0.998915,0.999338,0.998471,0.997788,0.99864,0.999818,0.998785,0.994712,0.998536,0.999832,0.999805,0.999492,0.999891,0.999906,0.99943,0.999898,0.996135,0.998955,0.999701,0.997166,0.997546,0.996836,0.992319,0.988728,0.995591,0.998346,0.990167,0.998053,0.996817,0.999694,0.999568,0.999745,0.999825,0.999497
489,3,tra,0,5.7e-05,0.000976,0.000271,1.4e-05,0.001807,0.000304,0.000268,6.2e-05,0.000253,0.00012,0.000629,9.5e-05,0.004395,0.000118,7.1e-05,3.7e-05,0.000585,0.000134,0.000174,2.8e-05,0.000454,2.4e-05,1e-06,8e-06,9e-06,1.2e-05,1e-06,1e-06,2e-05,1e-05,6e-06,1e-06,2.4e-05,1e-06,4e-06,0.000163,0.000164,0.00016,0.000101,0.000362
490,2,ior,0,2.4e-05,6.5e-05,0.000198,0.000789,9.1e-05,0.000108,0.000103,0.000549,7.6e-05,8.9e-05,0.000213,6.3e-05,0.004974,0.00047,3.3e-05,4e-05,0.000102,9.1e-05,0.000184,3.1e-05,0.033999,0.16518,0.000453,0.049774,0.013862,0.020355,0.016479,0.000412,0.021413,0.029523,0.05361,0.064421,0.004466,0.808677,0.017567,0.000393,0.00021,0.000165,0.000176,0.001037
491,1,tno,0,0.00201,0.001811,0.001703,0.003219,0.009413,0.006013,0.018284,0.001392,0.009068,0.004944,0.00148,0.002019,0.022459,0.01019,0.002507,0.005148,0.000128,0.003068,0.004473,0.005346,0.654147,0.569431,0.594292,0.543425,0.512678,0.619452,0.578886,0.541518,0.548238,0.586202,0.518062,0.593684,0.573601,0.516451,0.642789,0.538217,0.567588,0.569592,0.558031,0.522966
492,2,sah,1,0.999828,0.999598,0.999971,0.999967,0.999976,0.99977,0.999964,0.999782,0.999933,0.999853,0.999923,0.999761,0.999693,0.99962,0.999913,0.99993,0.999904,0.999944,0.999926,0.999952,0.999881,0.99993,0.999997,0.999659,0.99996,0.999974,0.999999,0.999998,0.999979,0.999966,0.999989,0.99997,0.99997,0.999962,0.999982,0.999566,0.99961,0.999617,0.999709,0.999305
493,2,yid,0,5e-05,3.6e-05,3.7e-05,0.000152,1.4e-05,3.8e-05,3.1e-05,0.000152,0.000277,0.000105,0.000143,8.4e-05,0.000141,4.4e-05,3.3e-05,2.2e-05,2.6e-05,4.2e-05,3.9e-05,1.8e-05,1.1e-05,5e-06,3e-06,4.9e-05,2.1e-05,7e-06,1e-06,2e-06,0.0,0.0,1e-06,3e-06,7e-06,1e-06,0.0,0.000152,0.000187,0.000147,0.000106,0.000279
494,3,kti,0,0.027226,0.259984,0.009628,0.040787,0.346051,0.206217,0.129515,0.052163,0.067588,0.062416,0.042658,0.027267,0.103426,0.123326,0.225008,0.011724,0.018062,0.006164,0.00523,0.017437,0.002686,0.026222,0.054425,0.317565,0.279925,0.285402,0.007789,0.024709,0.020705,0.007722,0.005956,0.004929,0.062613,0.027936,0.000988,0.005486,0.011901,0.000579,0.000312,0.212112
495,2,tno,0,0.021075,0.00106,0.001361,0.000495,0.000777,0.000232,0.000708,0.000836,0.002141,0.000692,0.001861,0.000556,0.001353,0.00846,0.000324,5.3e-05,6e-05,0.000511,0.000105,2.6e-05,2e-06,0.000968,9e-06,0.000804,0.002475,0.002295,0.003828,1.8e-05,0.002168,0.076326,0.002921,0.003244,0.000703,0.005736,0.007114,0.000586,0.000157,0.000612,0.000114,0.001157
496,1,pah,1,0.999953,0.993462,0.999875,0.999824,0.996265,0.989783,0.999046,0.981671,0.990404,0.996101,0.993752,0.999084,0.990732,0.992693,0.998704,0.998493,0.998312,0.999,0.994603,0.998682,0.654147,0.569431,0.594292,0.543425,0.512678,0.619452,0.578886,0.541518,0.548238,0.586202,0.518062,0.593684,0.573601,0.516451,0.642789,0.538217,0.567588,0.569592,0.558031,0.522966
497,2,lik,0,0.000134,6.1e-05,7e-05,7.8e-05,0.000858,0.001205,0.000748,0.000418,0.00068,0.000259,0.000317,2.6e-05,0.000917,0.000378,0.000264,4.2e-05,4.6e-05,0.000161,0.000103,4.4e-05,1.5e-05,0.000191,2.2e-05,0.000246,2.1e-05,6.1e-05,7.4e-05,0.0,2e-06,2e-06,5e-06,0.000235,0.0,2e-05,0.0,0.000152,0.000139,0.000151,0.000125,0.000255
498,2,nto,0,0.000477,0.001009,0.00208,0.000652,7.1e-05,0.001216,0.000947,0.001019,0.001082,0.0003,0.001024,0.000113,0.001265,0.001008,0.000403,5.3e-05,0.00021,8.1e-05,7.8e-05,3.8e-05,0.010851,0.001777,0.000742,0.000787,0.002468,0.077096,0.001594,0.00119,0.003995,0.005147,0.001245,0.012679,0.000688,0.00701,0.005098,0.00052,0.000375,0.000193,0.000107,0.000866
499,3,yah,1,0.941197,0.887705,0.98034,0.840265,0.721138,0.438066,0.765903,0.912204,0.911674,0.756548,0.941726,0.912819,0.756407,0.939175,0.545038,0.996209,0.989576,0.989596,0.997914,0.998396,0.932652,0.894769,0.999343,0.854012,0.9946,0.984824,0.999965,0.901553,0.999821,0.945366,0.998623,0.97501,0.851501,0.995456,0.959247,0.999631,0.998698,0.999466,0.999285,0.998846
500,1,ofa,0,0.01109,0.02266,0.050267,0.146801,0.056994,0.021463,0.056391,0.13353,0.031506,0.031426,0.026289,0.001223,0.033782,0.019143,0.050333,0.019435,0.006312,0.00845,0.021411,0.043407,0.001344,0.000241,5.8e-05,0.000921,0.000166,0.007774,0.00945,3.5e-05,0.000587,0.000123,0.002911,0.004716,0.000155,0.002689,6.2e-05,0.000185,0.000158,0.000141,0.000123,0.000766
501,2,wan,0,0.006278,0.000569,0.000772,0.000645,0.003695,0.003023,0.002079,0.00484,0.00443,0.019804,0.015187,0.000226,0.002358,0.006508,0.000273,0.000708,0.000423,0.008581,0.000684,7.2e-05,0.000185,9e-05,0.00444,0.002325,0.001107,0.00321,0.003117,0.003076,0.003613,0.046972,0.001778,0.004475,0.010621,0.002546,0.003638,0.000209,0.000164,0.000279,0.000189,0.000462
502,2,sih,1,0.388501,0.495781,0.684568,0.019837,0.16688,0.356836,0.827003,0.405098,0.698429,0.225884,0.677104,0.060287,0.329219,0.372914,0.80702,0.992025,0.993094,0.998217,0.992789,0.895413,0.639176,0.526604,0.635393,0.587051,0.508196,0.729195,0.756574,0.671747,0.710646,0.553921,0.680799,0.750704,0.741922,0.684327,0.718781,0.560169,0.672813,0.628274,0.631663,0.578066
503,1,sem,1,0.98369,0.484606,0.253647,0.991784,0.745773,0.736043,0.515672,0.339423,0.845813,0.918816,0.408842,0.982119,0.520658,0.978403,0.992824,0.588006,0.969466,0.679148,0.873065,0.91032,0.654147,0.569431,0.594292,0.543425,0.512678,0.619452,0.578886,0.541518,0.548238,0.586202,0.518062,0.593684,0.573601,0.516451,0.642789,0.538217,0.567588,0.569592,0.558031,0.522966
504,2,odo,0,0.001457,3.9e-05,0.000178,0.000375,0.000139,0.00313,0.001912,0.003203,0.005221,0.003337,0.003413,0.000663,0.002179,0.007419,0.004266,0.000133,0.000114,0.000513,4.6e-05,0.000711,0.001237,0.000278,2.7e-05,0.013701,0.002453,0.001244,3.4e-05,0.000554,0.001137,0.000228,4.9e-05,2.5e-05,0.000192,0.001976,0.001234,0.00029,0.000196,0.000139,0.000115,0.000322
505,1,nto,0,0.000107,0.000957,0.000198,0.000642,0.001817,0.002292,0.004284,0.000644,0.001686,0.002587,0.000996,0.000413,0.002509,0.000511,0.000808,0.000148,5.5e-05,0.000144,4.7e-05,4.7e-05,0.039725,0.002971,0.007655,0.03839,0.039137,0.15934,0.020484,0.029403,0.038779,0.055005,0.103858,0.037582,0.085822,0.037691,0.030387,0.002877,0.000222,0.00266,0.000137,0.01469
506,2,ari,1,0.999124,0.999126,0.999807,0.999712,0.997445,0.995705,0.985587,0.997491,0.98948,0.987542,0.988601,0.99968,0.985908,0.995583,0.996337,0.999439,0.999141,0.998701,0.999818,0.998405,0.999442,0.992792,0.99915,0.998337,0.997253,0.999107,0.995244,0.997629,0.997063,0.998146,0.996963,0.989566,0.997168,0.998339,0.9994,0.999081,0.999545,0.999472,0.999531,0.999516
507,3,ami,0,0.000398,0.000126,0.000212,0.001685,0.00015,0.000345,0.000497,0.000773,0.000719,0.002887,0.002218,7.9e-05,0.003749,0.002009,0.001859,0.000121,0.000105,0.000328,0.000133,9.3e-05,0.001115,6e-05,1.1e-05,0.00012,0.000309,0.000469,7e-06,5e-06,0.000153,7e-06,4e-06,1.6e-05,9e-06,3.8e-05,4e-06,0.000169,0.000213,0.000168,0.000119,0.000268
508,2,tri,0,0.999802,0.999628,0.996084,0.999446,0.998762,0.995453,0.996433,0.984698,0.916938,0.987267,0.994265,0.997964,0.966024,0.989856,0.994517,0.998902,0.999727,0.999669,0.999515,0.999685,0.994722,0.996584,0.999136,0.999266,0.98497,0.992242,0.979357,0.999909,0.976834,0.998042,0.997069,0.974577,0.999789,0.959053,0.997109,0.999572,0.999489,0.999499,0.974212,0.99965
509,1,uro,0,0.0012,0.007861,0.022584,0.001502,7e-05,0.01653,0.022663,0.016686,0.021622,0.014274,0.023577,0.147997,0.033493,0.028784,0.008048,0.103861,0.049909,0.005334,0.019967,0.409255,0.654147,0.569431,0.594292,0.543425,0.512678,0.619452,0.578886,0.541518,0.548238,0.586202,0.518062,0.593684,0.573601,0.516451,0.642789,0.538217,0.567588,0.569592,0.558031,0.522966
510,1,mah,1,0.889222,0.982859,0.898442,0.854761,0.727556,0.703592,0.96897,0.917378,0.987522,0.950652,0.902052,0.876769,0.889745,0.932597,0.93083,0.998002,0.99867,0.996383,0.980612,0.997914,0.965513,0.999777,0.989404,0.991561,0.997309,0.931956,0.995336,0.592843,0.966715,0.976786,0.97637,0.991956,0.7372,0.785862,0.986808,0.999422,0.999547,0.998026,0.999597,0.997434
511,3,zah,1,0.999567,0.999976,0.999939,0.999968,0.999594,0.999896,0.999851,0.999875,0.999911,0.999577,0.999874,0.999784,0.999828,0.999948,0.999961,0.999932,0.999932,0.999905,0.999896,0.999924,0.999966,0.999919,0.999998,0.999902,0.99982,0.999752,0.999992,0.99999,0.999994,0.999843,0.999991,1.0,0.999999,0.999996,0.999989,0.999596,0.99954,0.999632,0.999728,0.99925
512,2,win,0,2e-06,2.2e-05,1.2e-05,5.3e-05,0.000109,7.6e-05,1.2e-05,8.5e-05,0.000363,0.000189,4.1e-05,5e-06,0.000314,0.000179,7.8e-05,1.2e-05,1.1e-05,1.6e-05,1.9e-05,1.2e-05,2e-06,5e-06,0.0,1.6e-05,2e-06,1e-06,0.0,0.0,2e-06,0.0,0.0,0.0,0.0,1e-06,0.0,0.000153,0.000165,0.000133,9.3e-05,0.000218
513,2,mri,0,0.04309,0.587033,0.099448,0.77191,0.092168,0.088674,0.236501,0.209949,0.645924,0.261803,0.034427,0.02308,0.118824,0.061604,0.114946,0.867722,0.707189,0.608063,0.429406,0.708935,0.051933,0.000172,0.001778,0.013018,0.000909,0.091286,0.000395,0.00068,0.003436,0.008585,0.023195,0.001174,0.079136,0.001263,0.000264,0.000333,0.000241,0.000267,0.000122,0.00292
514,2,kah,1,0.945586,0.771623,0.949946,0.997108,0.932499,0.710434,0.947938,0.863794,0.980471,0.99256,0.824274,0.954413,0.923624,0.975999,0.993985,0.992442,0.998661,0.855375,0.988191,0.972396,0.515305,0.965793,0.970441,0.999369,0.999717,0.975657,0.996691,0.281928,0.999753,0.999726,0.955421,0.955715,0.53044,0.999868,0.998433,0.999169,0.998663,0.999692,0.999721,0.999446
515,3,tri,1,0.999981,0.999969,0.999992,0.999981,0.99997,0.999881,0.99999,0.999972,0.999955,0.999988,0.999787,0.99999,0.999877,0.99999,0.999976,0.999891,0.999921,0.999922,0.999943,0.999946,0.999996,0.999975,0.99996,0.999974,0.999985,0.999988,0.999999,1.0,0.999997,0.999984,0.999994,0.999996,0.999996,0.9999,0.999909,0.999531,0.999599,0.999572,0.999619,0.999293
516,1,rno,0,2.2e-05,0.0001,0.000373,0.000107,0.00105,0.003068,0.001466,0.004626,0.007376,0.002208,0.000707,0.001062,0.002698,0.002535,0.0029,0.018676,0.002129,0.001245,0.107652,0.000195,0.002331,0.003149,0.001074,0.000768,0.000176,0.281258,0.00402,0.001329,0.041172,0.024567,0.02415,0.010621,0.004629,0.001407,0.007879,0.000285,0.000278,0.000209,0.000446,0.005684
517,1,nah,1,0.982698,0.99825,0.871507,0.641766,0.998758,0.966248,0.978698,0.890308,0.989413,0.970488,0.974222,0.99672,0.988271,0.997419,0.99312,0.873914,0.994181,0.920904,0.977642,0.980363,0.654147,0.569431,0.594292,0.543425,0.512678,0.619452,0.578886,0.541518,0.548238,0.586202,0.518062,0.593684,0.573601,0.516451,0.642789,0.538217,0.567588,0.569592,0.558031,0.522966
518,3,nda,0,0.010326,0.008318,0.010771,0.028029,0.015375,0.008024,0.016246,0.030716,0.031656,0.004473,0.07624,0.003624,0.007548,0.138328,0.001358,0.002614,0.01469,0.005446,0.001037,0.004284,0.000619,0.00012,3e-06,0.000927,0.000872,0.000137,1.7e-05,4e-06,0.000121,0.000424,3e-06,2.4e-05,0.000188,0.000113,0.000112,0.000298,0.000164,0.000169,0.000114,0.000565
519,2,uda,0,0.000567,0.003375,0.00084,0.003808,0.03043,0.022399,0.025778,0.014757,0.010024,0.023845,0.018584,0.002052,0.005973,0.018091,0.013745,0.000197,0.001668,0.001935,0.000862,0.000175,2.5e-05,0.000346,2e-06,0.000399,1.3e-05,0.000325,0.000132,1e-06,0.000258,3.8e-05,6e-06,0.001092,8e-05,0.000876,7.6e-05,0.000154,0.000148,0.000167,0.000112,0.000241
520,1,rah,1,0.982329,0.999051,0.996748,0.999986,0.999957,0.995793,0.998856,0.998289,0.99821,0.996922,0.999018,0.999223,0.999398,0.999569,0.995741,0.999231,0.999624,0.998993,0.999384,0.999607,0.654147,0.569431,0.594292,0.543425,0.512678,0.619452,0.578886,0.541518,0.548238,0.586202,0.518062,0.593684,0.573601,0.516451,0.642789,0.538217,0.567588,0.569592,0.558031,0.522966
521,2,nah,1,0.999979,0.999791,0.999826,0.999987,0.996515,0.998383,0.998081,0.998532,0.998274,0.996864,0.998591,0.999829,0.994965,0.99974,0.999702,0.9996,0.999676,0.999408,0.999171,0.999698,0.831534,0.883012,0.863497,0.938092,0.944268,0.88756,0.880788,0.860043,0.798901,0.907994,0.85185,0.869828,0.889938,0.794237,0.907174,0.865963,0.878822,0.878034,0.852065,0.774329
522,3,stu,0,0.018531,0.030328,0.013143,0.009615,0.070924,0.010932,0.045697,0.006419,0.009367,0.038009,0.054067,0.002955,0.035812,0.007288,0.017542,0.00595,0.002396,0.006627,0.001666,0.002175,0.047989,0.003556,0.003895,0.004312,0.000431,0.002851,0.000872,0.001719,0.011882,0.000108,0.000571,0.000118,0.000686,0.00297,0.00016,0.000479,0.000244,0.00024,0.000138,0.000849
523,2,nus,0,0.001831,0.001109,0.007272,0.000213,0.000656,0.000614,0.000941,0.000323,0.000336,0.000845,0.000454,0.023972,0.002765,0.005014,0.000474,0.000153,0.000151,0.000522,5.5e-05,8.5e-05,0.000363,0.00152,0.000205,0.000136,0.000118,0.002765,0.004673,0.000447,0.000756,0.001534,0.000676,0.005925,0.000789,0.000171,0.00207,0.000276,0.0002,0.000167,0.000124,0.000289
524,1,nah,1,0.999823,0.999966,0.999973,0.999832,0.999956,0.99859,0.999433,0.999345,0.998627,0.99916,0.998834,0.999955,0.99966,0.999756,0.999726,0.99935,0.999646,0.999407,0.999677,0.999538,0.654147,0.569431,0.594292,0.543425,0.512678,0.619452,0.578886,0.541518,0.548238,0.586202,0.518062,0.593684,0.573601,0.516451,0.642789,0.538217,0.567588,0.569592,0.558031,0.522966
525,2,ani,1,0.998854,0.999067,0.99412,0.999071,0.99343,0.996881,0.997842,0.994183,0.987188,0.99633,0.993351,0.996123,0.994148,0.99313,0.997184,0.999653,0.99971,0.999674,0.99971,0.999802,0.987049,0.995147,0.99778,0.99942,0.996813,0.985386,0.99279,0.999509,0.998671,0.995394,0.985969,0.992611,0.998132,0.997812,0.996307,0.9996,0.999546,0.999635,0.999599,0.999328
526,2,ani,1,0.996349,0.991208,0.998605,0.996846,0.995697,0.996733,0.998445,0.989602,0.991993,0.996432,0.989524,0.999744,0.987386,0.99717,0.996272,0.98864,0.998555,0.998948,0.998009,0.998206,0.580008,0.55234,0.626053,0.582574,0.519549,0.606422,0.577788,0.540547,0.53322,0.610678,0.570624,0.587211,0.612958,0.504852,0.623406,0.539257,0.562371,0.571446,0.55591,0.536121
527,2,tra,0,5.3e-05,0.000585,9.3e-05,2e-05,0.000313,0.001275,0.001577,0.000451,0.004424,0.000462,0.001247,3.8e-05,0.002056,0.000391,0.004292,0.000114,0.000376,0.000223,0.000131,0.000713,1.4e-05,0.001081,3e-06,7.3e-05,3e-05,5.7e-05,5.3e-05,2e-06,1e-06,1e-06,2.5e-05,6e-05,2.4e-05,6e-06,0.0,0.000193,0.000161,0.000173,0.000112,0.000336
528,2,ini,1,0.996895,0.999416,0.999924,0.999856,0.999493,0.999806,0.999889,0.99959,0.999418,0.999911,0.998019,0.997605,0.998587,0.999503,0.999701,0.99984,0.999921,0.9999,0.999912,0.999929,0.999892,0.999384,0.999864,0.999973,0.999925,0.99872,0.999541,0.99992,0.999926,0.9997,0.999719,0.999156,0.999793,0.999874,0.999379,0.999686,0.999531,0.999794,0.999781,0.999571
529,2,ani,1,0.979575,0.994855,0.675667,0.969745,0.961347,0.94095,0.981645,0.767364,0.884795,0.915927,0.977747,0.9912,0.936635,0.870673,0.973163,0.933769,0.959392,0.926522,0.902377,0.919454,0.940834,0.935895,0.931126,0.790358,0.287493,0.93947,0.995472,0.89923,0.90401,0.95292,0.856956,0.990965,0.953041,0.866013,0.731085,0.987804,0.997074,0.971343,0.891204,0.974706
530,3,pta,0,0.080691,0.039608,0.026523,0.005009,0.010072,0.109626,0.233497,0.140467,0.02872,0.038156,0.04531,0.048007,0.010722,0.019355,0.003358,0.009882,0.002247,0.008348,0.005338,0.003462,0.000297,0.004486,0.000926,0.004741,0.007376,0.00901,0.00013,0.000958,0.003907,0.018197,0.02123,0.002896,0.0068,0.007681,0.023444,0.001842,0.00026,0.000295,0.00074,0.000786
531,1,nah,1,0.999969,0.999863,0.999996,0.999991,0.999989,0.999745,0.999909,0.999909,0.999904,0.999862,0.999911,0.999998,0.999677,0.999962,0.999948,0.999686,0.99974,0.999376,0.999901,0.99982,0.654147,0.569431,0.594292,0.543425,0.512678,0.619452,0.578886,0.541518,0.548238,0.586202,0.518062,0.593684,0.573601,0.516451,0.642789,0.538217,0.567588,0.569592,0.558031,0.522966
532,2,ana,0,0.000701,0.000721,0.000969,0.00103,0.000818,0.000719,0.00225,0.000361,0.006079,0.001454,0.00031,0.000324,0.004415,0.000985,0.003738,0.005667,0.00108,0.003256,0.003683,0.000926,1.4e-05,0.001943,0.001419,0.00019,0.000166,0.001749,0.004645,6.7e-05,0.000567,0.001796,0.000839,0.000873,0.000327,0.000955,0.00077,0.000226,0.000167,0.000151,0.000117,0.000393
533,1,sri,0,0.927948,0.962548,0.529966,0.983428,0.848592,0.4119,0.384455,0.31201,0.231499,0.576426,0.685123,0.826634,0.730342,0.270712,0.276944,0.308215,0.057695,0.193995,0.138802,0.187138,0.654147,0.569431,0.594292,0.543425,0.512678,0.619452,0.578886,0.541518,0.548238,0.586202,0.518062,0.593684,0.573601,0.516451,0.642789,0.538217,0.567588,0.569592,0.558031,0.522966
534,1,ami,1,0.118768,0.152967,0.868707,0.686706,0.443345,0.547806,0.761019,0.438387,0.460875,0.432594,0.528368,0.71833,0.416965,0.23916,0.574529,0.899032,0.395664,0.793352,0.46117,0.68953,0.654147,0.569431,0.594292,0.543425,0.512678,0.619452,0.578886,0.541518,0.548238,0.586202,0.518062,0.593684,0.573601,0.516451,0.642789,0.538217,0.567588,0.569592,0.558031,0.522966
535,2,nto,0,0.000122,0.000285,0.000231,0.000338,2.6e-05,0.000159,0.000781,0.00057,0.000459,0.000318,0.000447,0.000189,0.000721,0.000609,0.000129,4.6e-05,5.4e-05,4.5e-05,5.2e-05,3.8e-05,0.000456,0.000128,0.000295,0.000203,0.000531,0.003011,0.000296,0.0003,4e-05,0.000179,0.001255,0.000235,0.000631,0.000131,0.000136,0.000264,0.000165,0.00016,0.000128,0.000761
536,2,nti,1,0.999885,0.999962,0.999971,0.99961,0.999868,0.999853,0.999798,0.999802,0.99838,0.999681,0.999809,0.999757,0.999566,0.99916,0.99987,0.999941,0.999889,0.999888,0.999825,0.999931,0.999997,0.999998,0.999997,0.999985,0.999978,0.999997,0.999999,1.0,0.999999,0.999998,0.999995,0.999999,0.999999,0.999991,0.999999,0.999715,0.999731,0.999769,0.999794,0.999654
537,1,tin,0,0.986701,0.990326,0.979645,0.995386,0.673399,0.582568,0.806027,0.16621,0.417176,0.718452,0.488302,0.959724,0.766503,0.77871,0.494565,0.924965,0.749763,0.909087,0.289091,0.917317,0.654147,0.569431,0.594292,0.543425,0.512678,0.619452,0.578886,0.541518,0.548238,0.586202,0.518062,0.593684,0.573601,0.516451,0.642789,0.538217,0.567588,0.569592,0.558031,0.522966
538,1,yah,1,0.999999,0.999996,0.999996,1.0,1.0,0.998038,0.999406,0.998922,0.998875,0.99639,0.999916,1.0,0.999041,0.999864,0.999731,0.999219,0.999696,0.999062,0.999732,0.999752,0.654147,0.569431,0.594292,0.543425,0.512678,0.619452,0.578886,0.541518,0.548238,0.586202,0.518062,0.593684,0.573601,0.516451,0.642789,0.538217,0.567588,0.569592,0.558031,0.522966
539,2,din,0,1.8e-05,0.000144,9.3e-05,0.000447,0.00061,0.000787,0.000372,9.3e-05,0.00076,0.000363,0.000129,1.2e-05,0.000476,0.000308,0.00033,1.7e-05,8.1e-05,0.000133,0.000154,3.5e-05,1e-05,4.4e-05,2.6e-05,0.000418,0.000188,0.002559,3.4e-05,1.7e-05,0.000355,0.000181,6e-05,7.3e-05,6.3e-05,0.00017,0.000243,0.000689,0.000282,0.000247,0.000258,0.002681
540,2,nto,0,0.000154,0.000446,0.001612,0.001291,0.000337,0.000837,0.003006,0.000824,0.000872,4.9e-05,0.000366,0.000268,0.00106,0.001396,0.000293,5.5e-05,3.7e-05,0.000128,9.7e-05,8.7e-05,4e-06,2.1e-05,9e-05,2.5e-05,2.7e-05,1.9e-05,3e-06,1e-06,3e-06,1.1e-05,4e-06,2e-06,7e-06,1e-06,0.0,0.000167,0.00016,0.000159,0.000102,0.000373
541,1,nto,0,0.000862,0.001314,0.00154,0.000776,0.002318,0.002731,0.002923,0.002107,0.000781,0.002031,0.000943,0.001267,0.001768,0.001303,0.001479,3e-05,3.7e-05,0.000128,3.3e-05,3e-05,0.001783,0.001184,0.01048,0.004134,0.000283,0.132846,0.012826,0.031595,0.004957,0.00815,0.026401,0.041284,0.126347,0.003115,0.006125,0.000245,0.00015,0.000196,0.001417,0.000293
542,1,ter,0,0.027152,0.014915,0.047914,0.006425,0.18724,0.005279,0.02487,0.017486,0.008814,0.033919,0.005417,0.006289,0.027104,0.012062,0.007097,0.000535,0.000999,0.114528,0.002379,0.002047,0.654147,0.569431,0.594292,0.543425,0.512678,0.619452,0.578886,0.541518,0.548238,0.586202,0.518062,0.593684,0.573601,0.516451,0.642789,0.538217,0.567588,0.569592,0.558031,0.522966
543,1,sih,1,0.951107,0.851995,0.849398,0.976042,0.915224,0.995482,0.987575,0.987717,0.983326,0.992934,0.970608,0.99919,0.956217,0.997853,0.996804,0.996788,0.922998,0.992903,0.926295,0.970181,0.654147,0.569431,0.594292,0.543425,0.512678,0.619452,0.578886,0.541518,0.548238,0.586202,0.518062,0.593684,0.573601,0.516451,0.642789,0.538217,0.567588,0.569592,0.558031,0.522966
544,2,ani,1,0.999956,0.999951,0.999765,0.999958,0.999923,0.999776,0.999814,0.999829,0.999313,0.99977,0.999453,0.999859,0.999111,0.999519,0.999824,0.999898,0.999859,0.99987,0.999816,0.999938,0.9951,0.999987,0.999943,0.999941,0.999976,0.998009,0.999993,0.999954,0.998209,0.99955,0.99964,0.999995,0.997972,0.998849,0.999617,0.998853,0.999646,0.999748,0.999784,0.999525
545,3,ari,1,0.999738,0.999457,0.997813,0.999815,0.998928,0.999754,0.999651,0.999867,0.998368,0.999677,0.999918,0.999544,0.996728,0.999596,0.999868,0.99986,0.99985,0.999891,0.999527,0.999896,0.999962,0.999944,0.999991,0.999989,0.999996,0.999901,0.999845,0.999999,0.999997,0.999949,0.999996,0.999991,0.999947,0.999748,0.999999,0.999652,0.999697,0.999666,0.999679,0.999397
546,2,min,0,0.010387,0.026952,0.022321,0.079166,0.007494,0.05459,0.051412,0.060786,0.06498,0.076432,0.7766,0.280408,0.025844,0.009916,0.602339,0.033382,0.087742,0.018814,0.005715,0.050148,0.580008,0.55234,0.626053,0.582574,0.519549,0.606422,0.577788,0.540547,0.53322,0.610678,0.570624,0.587211,0.612958,0.504852,0.623406,0.539257,0.562371,0.571446,0.55591,0.536121
547,1,yah,1,0.999651,0.998868,0.999961,0.99982,0.999903,0.993842,0.998664,0.985989,0.992822,0.986638,0.997173,0.999716,0.997112,0.997945,0.996964,0.999069,0.999521,0.998857,0.999277,0.999592,0.654147,0.569431,0.594292,0.543425,0.512678,0.619452,0.578886,0.541518,0.548238,0.586202,0.518062,0.593684,0.573601,0.516451,0.642789,0.538217,0.567588,0.569592,0.558031,0.522966
548,2,leh,0,2.2e-05,1.3e-05,0.00019,0.000115,6.6e-05,0.000852,0.001675,0.001233,0.001803,0.000656,0.000614,8e-05,0.000137,4.7e-05,0.000174,4.3e-05,0.000116,0.000243,0.000158,2.8e-05,1.2e-05,1.9e-05,1e-06,7.4e-05,2.6e-05,5e-06,1e-06,0.0,1e-06,2e-06,1e-06,1e-06,5e-06,0.0,7e-06,0.000147,0.000235,0.000161,0.000113,0.000299
549,1,jri,0,0.004385,0.362467,0.14763,0.258046,0.04171,0.136397,0.135613,0.076644,0.123522,0.062633,0.111834,0.055992,0.122907,0.039084,0.081368,0.23357,0.01044,0.007744,0.00375,0.019586,0.125811,0.840881,0.001056,0.000689,0.999046,0.29806,0.356989,0.006873,0.000184,0.136088,0.074613,0.132323,0.006268,0.012614,0.243261,0.0002,0.000611,0.000331,0.000742,0.001785
550,2,nah,1,0.999671,0.999109,0.999464,0.999556,0.99778,0.99917,0.999869,0.999104,0.999503,0.999369,0.999269,0.9999,0.997122,0.999883,0.999684,0.999747,0.999774,0.999281,0.99883,0.999743,0.993594,0.983548,0.986437,0.981044,0.98562,0.951486,0.978729,0.980776,0.969408,0.948668,0.9926,0.983347,0.963364,0.973215,0.983066,0.979523,0.982224,0.985865,0.996204,0.996702
551,3,afa,0,0.001058,0.000618,0.001145,0.000806,0.010011,0.001685,0.008336,0.01334,0.003665,0.006152,0.019576,0.000442,0.010762,0.01116,0.00463,0.000435,0.000612,0.000488,0.00102,0.000652,0.000157,0.001947,0.000334,0.000523,0.000335,5e-05,3.2e-05,2e-06,2e-05,0.00041,1e-06,1.2e-05,2.2e-05,1.6e-05,6.7e-05,0.000372,0.000221,0.000288,0.000149,0.002837
552,1,yah,0,0.000372,0.000711,0.000149,0.007978,0.044887,0.033667,0.066808,0.029226,0.041147,0.013563,0.015611,0.000271,0.013275,0.001693,0.010446,0.000374,0.000371,0.000325,6.6e-05,9.4e-05,0.000309,0.001697,0.001236,0.001126,7.6e-05,0.087383,0.019512,0.000857,0.003701,0.013208,0.004944,0.0199,0.0089,0.007618,0.000907,0.000521,0.000149,0.000299,0.000101,0.097413
553,2,nti,1,0.999875,0.999971,0.999992,0.999944,0.999915,0.999753,0.999422,0.999764,0.999447,0.999706,0.999703,0.999967,0.999782,0.997725,0.999491,0.999792,0.999888,0.999862,0.999849,0.999915,0.999936,0.999992,0.999992,0.99983,0.999996,0.999909,0.99999,0.999991,0.999969,0.999899,0.99993,0.999996,0.999866,0.999988,0.999991,0.999726,0.999675,0.999779,0.999789,0.999638
554,3,ssa,1,0.997925,0.999661,0.999964,0.999827,0.999801,0.999224,0.999419,0.997165,0.998914,0.99713,0.997463,0.999969,0.996082,0.999019,0.99923,0.999697,0.999881,0.999854,0.999908,0.999803,0.999993,0.99992,0.999865,0.998312,0.997623,0.999856,0.999999,0.999996,0.999926,0.999652,0.999994,0.999998,0.99998,0.999668,0.999868,0.99936,0.999496,0.999555,0.999474,0.998905
555,1,sal,0,0.010609,0.003786,0.003658,0.007192,0.018557,0.029317,0.047838,0.049088,0.021411,0.028475,0.032816,0.00291,0.034322,0.014219,0.047199,0.000162,0.000363,0.002443,0.00079,0.000525,0.000188,0.000384,0.043006,0.002125,0.015878,0.001351,0.005606,0.006476,0.00073,0.00157,0.002328,0.00333,0.011834,0.005347,0.002663,0.000215,0.00015,0.000144,0.000114,0.000253
556,2,asa,1,0.978477,0.992103,0.972067,0.981532,0.99035,0.992021,0.991223,0.983598,0.980101,0.963947,0.990881,0.995346,0.940786,0.991466,0.9936,0.998922,0.998457,0.999459,0.994514,0.999462,0.052098,0.645386,0.33158,0.472972,0.87632,0.027407,0.201633,0.618593,0.408094,0.676963,0.074673,0.625869,0.36697,0.509608,0.821313,0.004388,0.627319,0.021001,0.983325,0.613436
557,1,ram,0,0.000437,0.008837,0.059909,0.001611,0.078464,0.063757,0.126716,0.105379,0.140933,0.264777,0.081618,0.02608,0.018765,0.058846,0.039161,0.053084,0.717761,0.785331,0.705566,0.110979,0.654147,0.569431,0.594292,0.543425,0.512678,0.619452,0.578886,0.541518,0.548238,0.586202,0.518062,0.593684,0.573601,0.516451,0.642789,0.538217,0.567588,0.569592,0.558031,0.522966
558,1,jah,1,0.976389,0.99957,0.99996,0.999999,0.999938,0.995829,0.995642,0.980289,0.982886,0.983529,0.995923,0.998563,0.997539,0.995977,0.998249,0.99973,0.999332,0.999308,0.999382,0.998182,0.997472,0.999811,0.766227,0.933043,0.041167,0.790146,0.943758,0.779426,0.721428,0.945308,0.950042,0.985429,0.351636,0.79385,0.989792,0.229219,0.974958,0.912705,0.999766,0.736981
559,2,iti,1,0.98795,0.991963,0.884124,0.995073,0.999507,0.998343,0.99938,0.999198,0.99113,0.999316,0.99792,0.99806,0.995545,0.99566,0.996753,0.999894,0.999856,0.999826,0.99973,0.999743,0.998699,0.075857,0.999997,0.995815,0.997134,0.900623,0.80932,0.999344,0.944042,0.960424,0.982453,0.847363,0.994338,0.783154,0.957001,0.999616,0.999421,0.99542,0.999552,0.998982
560,2,uti,1,0.999806,0.999942,0.999903,0.999938,0.999929,0.999901,0.999954,0.999853,0.999814,0.999759,0.999638,0.999822,0.999564,0.999112,0.999802,0.999918,0.999912,0.999929,0.999916,0.999957,0.999868,0.999905,0.999997,0.99999,0.999958,0.999974,0.999993,1.0,0.99999,0.999937,0.999995,0.99997,0.999993,0.99998,0.999992,0.999704,0.999621,0.999708,0.999793,0.999533
561,2,sim,0,0.002552,3.3e-05,0.000121,0.000217,0.000885,0.001973,0.002409,0.001859,0.002664,0.005869,0.00102,0.000779,0.001756,0.000372,0.000489,0.00042,0.000282,0.000812,0.00021,0.000278,0.000133,0.004866,2e-06,0.000964,0.002126,0.017967,0.001259,0.000728,0.000757,0.00548,0.002439,0.010511,0.001584,0.001193,0.002186,0.000681,0.000306,0.060645,0.001355,0.002582
562,1,iti,1,0.99701,0.99767,0.998796,0.998861,0.998284,0.997617,0.996397,0.988806,0.995115,0.991689,0.999528,0.999283,0.99787,0.97819,0.990261,0.997881,0.998559,0.998858,0.998636,0.993826,0.654147,0.569431,0.594292,0.543425,0.512678,0.619452,0.578886,0.541518,0.548238,0.586202,0.518062,0.593684,0.573601,0.516451,0.642789,0.538217,0.567588,0.569592,0.558031,0.522966
563,2,ari,1,0.999758,0.99991,0.999822,0.999783,0.999954,0.999601,0.999686,0.999277,0.999239,0.999431,0.998558,0.999806,0.998422,0.998712,0.999572,0.999853,0.999783,0.99981,0.999754,0.999943,0.999995,0.999976,0.999992,0.999987,0.999992,0.999988,0.999965,0.999995,0.99999,0.999977,0.999993,0.999991,0.999991,0.999983,0.999999,0.999724,0.999741,0.999778,0.999749,0.999432
564,1,jam,0,0.00833,0.00066,0.004344,0.019692,0.029544,0.01346,0.029292,0.034584,0.045089,0.013877,0.067086,0.000136,0.037459,0.036647,0.009162,0.133528,0.116042,0.616312,0.011308,0.044262,0.654147,0.569431,0.594292,0.543425,0.512678,0.619452,0.578886,0.541518,0.548238,0.586202,0.518062,0.593684,0.573601,0.516451,0.642789,0.538217,0.567588,0.569592,0.558031,0.522966
565,1,ati,1,0.999991,0.999119,0.99998,0.999958,0.999372,0.99775,0.99916,0.999131,0.995035,0.993895,0.998676,0.999935,0.999468,0.993911,0.998194,0.998552,0.998967,0.99811,0.99878,0.998832,0.654147,0.569431,0.594292,0.543425,0.512678,0.619452,0.578886,0.541518,0.548238,0.586202,0.518062,0.593684,0.573601,0.516451,0.642789,0.538217,0.567588,0.569592,0.558031,0.522966
566,3,rif,0,0.001583,0.000147,0.001037,0.000599,0.000721,0.002239,0.000724,0.008934,0.002578,0.004316,0.004258,4.1e-05,0.001512,0.000364,0.000573,6.8e-05,0.000117,9.6e-05,0.000156,9.4e-05,0.000136,3.6e-05,4e-06,1.8e-05,6e-06,5.8e-05,0.000132,0.0,2e-06,0.0,1.9e-05,6.3e-05,6e-06,1e-06,0.0,0.00017,0.000164,0.000159,0.00011,0.000339
567,2,min,0,0.00013,0.000632,0.000114,0.0003,0.001654,0.0188,0.039852,0.00672,0.004033,0.014745,0.009415,0.000449,0.004035,0.004781,0.002494,5.4e-05,0.001475,0.000881,0.000345,0.000433,0.220375,0.114841,0.005297,0.072,0.016351,0.279171,0.092228,0.05224,0.075603,0.013006,0.082372,0.103206,0.07613,0.094019,0.036771,0.007345,0.14106,0.017566,0.000479,0.015319
568,1,sin,0,0.148706,0.226045,0.001177,0.73224,0.108716,0.026087,0.205389,0.101647,0.030358,0.064151,0.034591,0.00251,0.070668,0.05412,0.141294,0.023,0.018671,0.00692,0.007952,0.047318,0.654147,0.569431,0.594292,0.543425,0.512678,0.619452,0.578886,0.541518,0.548238,0.586202,0.518062,0.593684,0.573601,0.516451,0.642789,0.538217,0.567588,0.569592,0.558031,0.522966
569,1,gah,1,0.999892,0.999964,0.999997,0.999983,0.999933,0.810895,0.993965,0.984404,0.986062,0.963612,0.976722,0.999325,0.971203,0.991663,0.990247,0.998964,0.995554,0.99607,0.998984,0.998922,0.654147,0.569431,0.594292,0.543425,0.512678,0.619452,0.578886,0.541518,0.548238,0.586202,0.518062,0.593684,0.573601,0.516451,0.642789,0.538217,0.567588,0.569592,0.558031,0.522966
570,2,ron,0,9e-06,7.1e-05,1.3e-05,0.000107,0.000135,4.9e-05,4e-05,7.4e-05,0.000153,6.9e-05,4.2e-05,6e-06,0.00015,2.4e-05,4.4e-05,1e-05,1.4e-05,1.5e-05,2.7e-05,1e-05,1.3e-05,1.2e-05,2e-06,5.1e-05,2.2e-05,4e-05,2e-06,1e-06,6e-06,9e-06,7e-06,2e-06,2e-06,1.8e-05,9e-06,0.000278,0.000226,0.000208,0.000152,0.000348
571,2,rom,0,0.256742,0.001984,0.035653,0.009434,0.070808,0.027098,0.022967,0.015983,0.018125,0.019834,0.214418,0.350481,0.081009,0.019607,0.008626,0.000812,0.010048,0.005319,0.042203,0.103444,0.081611,0.032522,0.005706,0.003509,0.067038,0.391841,0.347507,0.009163,0.016596,0.073423,0.199031,0.056873,0.022019,0.00169,0.011395,0.000629,0.029408,0.000647,0.113265,0.007173
572,2,din,0,0.0002,0.000569,0.002821,0.000384,4e-05,0.000175,0.000465,0.000547,0.000216,0.000558,0.000179,6.4e-05,0.000563,0.000139,0.000229,5.2e-05,3.1e-05,3.4e-05,6.7e-05,2.3e-05,0.001314,0.003865,0.004362,0.004109,0.002971,0.053476,0.014164,0.006913,0.010809,0.02714,0.006529,0.005875,0.006414,0.006163,0.011545,0.000675,0.000713,0.000648,0.000796,0.004351
573,3,jah,1,0.999961,0.999926,0.999946,0.999997,0.999971,0.999886,0.999973,0.99996,0.999879,0.999874,0.999893,0.99997,0.999945,0.999978,0.999944,0.999953,0.999946,0.999944,0.999945,0.999954,0.99975,0.999998,0.999998,0.99975,0.999991,0.999966,0.999999,1.0,0.999964,0.999994,0.999998,1.0,0.999999,0.999873,0.999999,0.999641,0.999721,0.999747,0.99979,0.999618
574,2,nto,0,0.000154,2.8e-05,8.2e-05,9.6e-05,0.000301,0.000131,0.000142,0.000527,0.000292,0.000396,0.001022,0.000196,0.000787,0.0003,0.000125,3.6e-05,6.8e-05,6.2e-05,4.4e-05,2.7e-05,3.2e-05,0.000122,2.4e-05,0.000205,3.5e-05,0.000111,7.9e-05,4e-05,4.1e-05,1.5e-05,3.1e-05,6.3e-05,0.00019,1.4e-05,2.3e-05,0.000178,0.000168,0.000143,0.000138,0.000294
575,2,yah,1,0.999986,0.999735,0.999962,0.999937,0.999808,0.998588,0.999651,0.996991,0.999602,0.999321,0.999718,0.99972,0.999808,0.999806,0.998255,0.999938,0.999889,0.999929,0.999944,0.999951,0.999999,0.999986,0.999995,0.999619,0.999996,0.999997,1.0,1.0,0.99998,0.999983,1.0,1.0,0.999998,0.99993,0.999993,0.999667,0.99974,0.999734,0.999795,0.999639
576,3,a'i,0,0.000857,0.022488,0.00978,0.003715,0.001241,0.004969,0.010219,0.014595,0.001491,0.006192,0.012628,0.000826,0.005894,0.001456,0.000885,0.001169,0.001154,0.001343,0.000583,0.000147,2e-06,1.9e-05,1.4e-05,1.1e-05,4.2e-05,4.8e-05,1e-06,0.0,0.000219,3e-06,2e-06,4e-06,9e-06,0.000186,0.0,0.000195,0.000275,0.000184,0.000101,0.003748
577,3,man,0,0.000318,0.000333,0.002793,0.023771,0.000635,0.000127,0.001005,0.001755,0.00017,0.00052,0.000973,0.000396,0.007208,0.000577,0.001822,0.001148,0.000394,0.000247,0.00015,0.000204,0.003498,0.038646,6.1e-05,0.051829,0.003826,0.014869,0.003009,0.003661,0.006304,0.012833,0.001927,0.005433,0.006843,0.003209,0.000478,0.159019,0.000949,0.001434,0.000263,0.014707
578,2,afa,1,0.900188,0.797121,0.996091,0.993557,0.966329,0.997035,0.988767,0.995764,0.998305,0.929198,0.984777,0.995885,0.966184,0.995598,0.977611,0.999093,0.997918,0.998646,0.995672,0.997611,0.580008,0.55234,0.626053,0.582574,0.519549,0.606422,0.577788,0.540547,0.53322,0.610678,0.570624,0.587211,0.612958,0.504852,0.623406,0.539257,0.562371,0.571446,0.55591,0.536121
579,2,ari,0,0.01692,0.00087,0.000844,0.00621,0.004054,0.010646,0.001692,0.003226,0.005137,0.067042,0.09067,0.000233,0.042225,0.00172,0.073944,0.000251,0.002783,0.00282,0.007739,0.001822,0.10827,0.000482,5.9e-05,0.007694,0.003402,0.0938,0.002751,0.024079,0.000456,0.005866,0.019974,0.00148,0.038011,0.001417,0.010836,0.000869,0.000473,0.000421,0.003695,0.016254
580,3,diq,0,0.037085,0.03172,0.518719,0.063225,0.067772,0.402593,0.339001,0.086222,0.115152,0.038328,0.330786,0.007124,0.35459,0.072701,0.155759,0.003475,0.028625,0.007768,0.0397,0.051294,0.006452,0.003959,0.005088,0.005977,0.005347,0.002962,0.001108,0.028107,0.007268,0.001009,3e-06,0.000447,0.004955,0.0169,0.002874,0.000379,0.000427,0.001189,0.000321,0.074369
581,1,nto,0,0.001698,0.009276,0.000696,0.003743,0.003426,0.006364,0.013453,0.001219,0.003422,0.004737,0.003453,0.002045,0.010647,0.001623,0.004232,0.000174,0.000196,0.000405,0.000123,0.000278,0.654147,0.569431,0.594292,0.543425,0.512678,0.619452,0.578886,0.541518,0.548238,0.586202,0.518062,0.593684,0.573601,0.516451,0.642789,0.538217,0.567588,0.569592,0.558031,0.522966
582,1,adi,0,0.000209,0.000683,0.000132,0.000422,0.000228,0.00586,0.004343,0.005783,0.010365,0.00252,0.000721,6.8e-05,0.011187,0.000496,0.005336,0.000324,0.001036,0.000788,0.000212,0.000321,0.0656,0.014327,0.029215,0.205851,0.056407,0.196764,0.075152,0.03372,0.074998,0.034188,0.166958,0.228459,0.103435,0.075661,0.000629,0.000589,0.000348,0.000161,0.002298,0.057399
583,2,yib,0,8.3e-05,7.1e-05,1.8e-05,0.000358,5e-05,9.1e-05,5e-05,9e-05,0.000351,0.000334,0.000128,3.1e-05,0.000184,5.7e-05,2e-05,2.7e-05,2e-05,4.7e-05,4.7e-05,1.7e-05,7.4e-05,0.002545,2e-06,0.000243,0.000448,4e-06,0.000278,2e-06,3e-06,8e-06,2e-06,9.3e-05,1e-05,2.4e-05,1.2e-05,0.000158,0.000186,0.000181,0.000101,0.000344
584,2,ail,0,0.000437,0.000353,6.9e-05,0.000166,0.001044,0.000891,0.002433,0.001023,0.001294,0.002647,0.003777,9.4e-05,0.000889,0.002193,0.000963,0.000363,0.00029,0.000244,0.000102,0.000134,0.000189,6e-06,6e-06,3.4e-05,3.2e-05,0.000174,1.4e-05,5e-06,5.2e-05,9e-06,4.5e-05,3.5e-05,2.8e-05,1.4e-05,1e-06,0.000171,0.000146,0.000149,0.000129,0.000284
585,1,din,0,0.006119,0.000847,0.009768,0.000763,0.112617,0.024017,0.010413,0.012635,0.0322,0.008747,0.00944,0.000405,0.029204,0.001559,0.014004,0.000171,0.000788,0.006358,0.001585,0.001397,0.654147,0.569431,0.594292,0.543425,0.512678,0.619452,0.578886,0.541518,0.548238,0.586202,0.518062,0.593684,0.573601,0.516451,0.642789,0.538217,0.567588,0.569592,0.558031,0.522966
586,2,boh,1,0.999555,0.996112,0.9992,0.999323,0.99225,0.992779,0.990704,0.991552,0.999017,0.990901,0.994814,0.9976,0.990262,0.998383,0.996873,0.987121,0.985359,0.993435,0.973666,0.9978,0.580008,0.55234,0.626053,0.582574,0.519549,0.606422,0.577788,0.540547,0.53322,0.610678,0.570624,0.587211,0.612958,0.504852,0.623406,0.539257,0.562371,0.571446,0.55591,0.536121
587,3,dah,1,0.999799,0.998975,0.999994,0.999978,0.999752,0.99986,0.999963,0.999783,0.999923,0.999883,0.999671,0.999986,0.999747,0.999962,0.999886,0.999977,0.999907,0.999931,0.999936,0.999966,0.999338,0.999936,0.999987,0.999489,0.999954,0.99997,0.999998,0.999999,0.999984,0.999997,0.999997,0.999998,0.999999,0.999988,1.0,0.999591,0.999671,0.999671,0.999744,0.999434
588,1,dik,0,0.003964,0.01599,0.002643,0.029188,0.001613,0.010415,0.023928,0.00793,0.007667,0.006478,0.008469,0.001303,0.002916,0.004678,0.003249,0.000696,7.3e-05,0.003784,0.013842,0.005874,0.654147,0.569431,0.594292,0.543425,0.512678,0.619452,0.578886,0.541518,0.548238,0.586202,0.518062,0.593684,0.573601,0.516451,0.642789,0.538217,0.567588,0.569592,0.558031,0.522966
589,2,ina,1,0.999731,0.998213,0.996088,0.999864,0.995056,0.875205,0.988393,0.982963,0.950633,0.990696,0.998639,0.981858,0.983545,0.990982,0.996655,0.997634,0.99475,0.996051,0.994472,0.991304,0.999864,0.999744,0.999962,0.999256,0.999953,0.999921,0.999994,0.999984,0.999882,0.999767,0.999793,0.999967,0.999815,0.999835,0.999958,0.999714,0.999687,0.999645,0.999764,0.999549
590,1,tra,0,5e-05,0.000109,6.1e-05,1.9e-05,0.000338,0.001224,0.002702,0.000202,0.005575,0.000181,0.000582,7.5e-05,0.004685,0.000176,0.00121,0.004846,0.000189,0.00099,0.000452,0.001451,7.6e-05,2.2e-05,2e-06,2.9e-05,4.3e-05,0.000161,0.000172,8e-06,3.5e-05,3.8e-05,0.00011,6.6e-05,4e-05,3.9e-05,3.3e-05,0.000179,0.000148,0.000157,0.000112,0.000293
591,2,ika,0,0.002714,0.017372,0.022137,0.032339,0.035536,0.014206,0.058141,0.032687,0.069962,0.062669,0.006627,0.011614,0.040873,0.01577,0.019861,0.000795,0.00084,0.001388,0.003538,0.000189,0.000516,0.000397,1.2e-05,2.8e-05,0.000688,0.030926,0.00919,4e-06,6.3e-05,9.4e-05,0.000125,0.000269,4.1e-05,3.5e-05,0.000251,0.000217,0.00015,0.000276,0.00013,0.0003
592,2,weh,0,9.4e-05,0.000833,0.000809,0.002756,0.021859,0.024108,0.008014,0.002634,0.010275,0.019166,0.018679,0.005,0.019895,0.000878,0.011694,4.5e-05,0.001732,0.000267,0.000139,0.001685,0.000171,0.000324,5e-06,0.000146,0.000387,0.000548,0.000106,4e-06,5.6e-05,8.7e-05,2.2e-05,0.000255,1.6e-05,5.3e-05,2.8e-05,0.000435,0.000254,0.000225,0.000174,0.00057
593,2,nah,1,0.999946,0.999479,0.998968,0.999455,0.99868,0.994967,0.996809,0.998611,0.971376,0.99896,0.987629,0.999974,0.997304,0.999775,0.998013,0.999377,0.999377,0.997761,0.994899,0.999381,0.997906,0.993469,0.997358,0.883044,0.940296,0.958857,0.982965,0.999073,0.967932,0.984407,0.983709,0.990129,0.998453,0.929976,0.973632,0.987784,0.993136,0.999318,0.998744,0.998317
594,2,dzi,0,0.00089,0.005555,0.001049,0.023764,0.011456,0.000379,0.000657,0.002603,0.001825,0.001813,0.000292,0.000297,0.001272,0.000573,0.000561,4.1e-05,4.9e-05,0.000249,7.1e-05,5.1e-05,2e-06,1.7e-05,1e-06,5.6e-05,7e-06,1.4e-05,2.1e-05,1e-06,8e-06,3e-06,1e-06,1.4e-05,5e-06,1.2e-05,1e-06,0.000173,0.000142,0.000144,9.8e-05,0.000331
595,2,hah,1,0.943382,0.378669,0.715409,0.992764,0.910776,0.89135,0.918927,0.876261,0.976862,0.918464,0.987338,0.830549,0.675711,0.366125,0.993474,0.918656,0.995117,0.844044,0.989366,0.81288,0.980529,0.741707,0.903728,0.121984,0.980137,0.121713,0.10834,0.625384,0.830291,0.874549,0.125021,0.315554,0.251372,0.877982,0.98427,0.997588,0.997328,0.989196,0.99124,0.999387
596,1,din,0,0.000118,0.000661,0.00124,0.002262,0.000752,0.00116,0.004243,0.00113,0.005886,0.006084,0.000442,0.000272,0.002915,0.001817,0.000895,0.001207,0.00489,0.001936,0.002405,0.001605,0.003739,0.009384,5.2e-05,0.004652,0.013259,0.044234,0.006533,0.00061,0.011579,0.02442,0.042091,0.008026,0.002387,0.008619,0.035621,0.000312,0.000209,0.00013,0.000325,0.004834
597,2,nto,0,0.000123,0.000147,0.000225,0.000113,0.000369,0.000356,0.000117,0.000264,0.000278,0.000542,0.000959,0.000264,0.00021,0.000384,0.000226,4.3e-05,0.000101,5.9e-05,6.6e-05,2e-05,0.000839,0.000117,0.000107,0.000121,0.000231,0.000864,0.000769,0.000108,0.000268,0.0001,0.000544,0.000855,0.000303,0.000112,0.000135,0.000184,0.000205,0.00015,0.00012,0.000363
598,4,ari,0,0.001086,0.000927,0.007792,0.001636,0.000305,0.006354,0.000654,0.00395,0.005103,0.001357,0.009663,0.0004,0.012212,0.000669,0.002396,0.000352,0.022865,0.001154,0.030441,0.008258,3.8e-05,7.5e-05,0.000174,0.000283,0.000242,7.5e-05,0.0,1e-06,3e-06,2e-06,3e-06,0.0,4e-06,2e-06,0.0,0.000187,0.000235,0.000507,0.000131,0.000378
599,3,ari,1,0.999358,0.999753,0.999678,0.999805,0.999736,0.999842,0.999768,0.999625,0.999299,0.999912,0.999349,0.999924,0.999438,0.999752,0.99967,0.999911,0.99993,0.999913,0.999942,0.99995,0.999979,0.999981,0.999998,0.999977,0.999985,0.999998,0.999999,0.999998,0.999994,0.999972,0.999997,0.999999,1.0,0.999996,0.999985,0.999726,0.999726,0.999739,0.999766,0.99964
600,2,ido,0,6e-05,0.001365,3.9e-05,4.2e-05,7.2e-05,3e-05,2.6e-05,3.5e-05,1.1e-05,9e-06,4.7e-05,2.3e-05,0.000197,1.4e-05,4.3e-05,3.6e-05,4.6e-05,3.8e-05,2.9e-05,2.1e-05,0.000616,0.00093,0.001394,0.003329,0.001778,0.019703,0.019839,0.007112,0.004311,0.010132,0.00184,0.011501,0.010738,0.000922,0.004618,0.001871,0.001267,0.000507,0.000619,0.022465
601,2,udi,0,0.000288,0.002996,3.8e-05,0.00169,0.000471,0.000209,0.002405,0.000303,0.000147,0.001971,0.000202,1.2e-05,0.000278,0.000482,0.000257,6.8e-05,4.5e-05,0.000293,0.000131,4.6e-05,0.000118,0.596443,0.010386,0.000795,0.527318,0.00205,0.874054,0.015094,0.002236,0.028781,0.00017,0.409876,0.004356,0.034812,0.041072,0.000922,0.001958,0.000247,0.003537,0.018197
602,1,rno,0,0.000333,0.001608,0.000299,0.002843,0.000635,0.005967,0.007608,0.003251,0.005782,0.003771,0.002736,0.000807,0.008356,0.007218,0.007852,0.00079,0.000126,0.000608,0.000534,0.000276,0.356443,0.040607,0.004624,0.002862,0.004046,0.08835,0.032053,0.146687,0.050911,0.0254,0.065937,0.049561,0.063923,0.199444,0.034066,0.009477,0.000159,0.000205,0.000129,0.005197
603,2,ana,1,0.999438,0.997853,0.999602,0.999777,0.999283,0.99821,0.999412,0.990907,0.998845,0.99611,0.996469,0.999776,0.997122,0.998326,0.998153,0.999877,0.999654,0.999822,0.999674,0.999854,0.999881,0.99993,0.999997,0.999659,0.99996,0.999974,0.999999,0.999998,0.999979,0.999966,0.999989,0.99997,0.99997,0.999962,0.999982,0.999566,0.99961,0.999617,0.999709,0.999305
604,2,qih,0,6e-06,1.2e-05,6e-06,2e-05,0.000106,0.000102,0.000133,4.5e-05,0.000165,0.000211,6.2e-05,6e-06,0.000132,5.6e-05,0.000162,2.8e-05,1.9e-05,1.7e-05,2.2e-05,1.1e-05,6e-06,9e-06,0.0,4.6e-05,2e-05,4e-06,3e-06,0.0,2e-06,0.0,4e-06,1e-06,0.0,4e-06,0.0,0.00015,0.000169,0.000145,9.6e-05,0.00033
605,1,iyo,0,4.2e-05,0.000349,0.000111,0.000191,0.003814,0.008028,0.009482,0.00293,0.011951,0.005014,0.00351,6.3e-05,0.004889,0.001866,0.004184,0.000214,7.1e-05,0.000382,0.000978,0.000192,0.654147,0.569431,0.594292,0.543425,0.512678,0.619452,0.578886,0.541518,0.548238,0.586202,0.518062,0.593684,0.573601,0.516451,0.642789,0.538217,0.567588,0.569592,0.558031,0.522966
606,2,nti,1,0.999702,0.999726,0.999818,0.9995,0.99849,0.996983,0.993013,0.997771,0.99613,0.997968,0.996882,0.999618,0.997879,0.99798,0.997619,0.999575,0.999497,0.99969,0.999434,0.99978,0.986943,0.999964,0.99999,0.983737,0.999958,0.995217,0.999804,0.999919,0.99769,0.998904,0.991132,0.999969,0.999796,0.999924,0.999805,0.999416,0.999397,0.99966,0.999666,0.997752
607,2,ari,1,0.999888,0.999952,0.999966,0.999629,0.999924,0.999833,0.999831,0.999843,0.998977,0.999926,0.999846,0.999895,0.998838,0.999578,0.999947,0.99953,0.999921,0.999817,0.9999,0.999856,0.999995,0.999998,0.999998,0.999985,0.999996,0.999992,0.999888,1.0,0.999997,0.999997,0.999986,0.999924,0.999998,0.999998,1.0,0.999723,0.999728,0.999738,0.999763,0.999607
608,2,uti,1,0.998738,0.998511,0.994308,0.987898,0.998533,0.986235,0.989049,0.96973,0.987079,0.9971,0.991779,0.999587,0.997153,0.978939,0.99401,0.999709,0.999547,0.997751,0.999184,0.999408,0.999979,0.983626,0.999986,0.999649,0.99727,0.998947,0.999763,0.999984,0.999427,0.999118,0.99961,0.999465,0.999927,0.999504,0.999941,0.999628,0.999303,0.999689,0.99972,0.999104
609,2,tri,1,0.999925,0.999972,0.999946,0.999977,0.999964,0.999845,0.999804,0.999803,0.998349,0.999228,0.999504,0.999745,0.998463,0.999608,0.999843,0.999672,0.999805,0.9998,0.9999,0.999897,0.999999,0.999981,1.0,0.999848,0.999995,0.999976,0.999997,1.0,1.0,0.999991,0.999982,0.999932,0.999999,0.999998,0.999999,0.999686,0.999724,0.99975,0.999731,0.999693
610,1,aim,0,0.003632,0.000343,0.030603,0.005938,0.083747,0.020757,0.062755,0.025128,0.071401,0.043022,0.020024,0.047583,0.009315,0.006776,0.014338,0.165003,0.5573,0.752652,0.006585,0.004751,0.654147,0.569431,0.594292,0.543425,0.512678,0.619452,0.578886,0.541518,0.548238,0.586202,0.518062,0.593684,0.573601,0.516451,0.642789,0.538217,0.567588,0.569592,0.558031,0.522966
611,1,tun,1,0.978799,0.921152,0.987229,0.955717,0.996253,0.963632,0.983165,0.862289,0.921464,0.858175,0.974772,0.96464,0.950566,0.932782,0.956426,0.973597,0.989077,0.979214,0.846504,0.978897,0.654147,0.569431,0.594292,0.543425,0.512678,0.619452,0.578886,0.541518,0.548238,0.586202,0.518062,0.593684,0.573601,0.516451,0.642789,0.538217,0.567588,0.569592,0.558031,0.522966
612,2,ani,1,0.027959,0.616419,0.292054,0.97589,0.613522,0.802907,0.409472,0.76928,0.778394,0.222587,0.557481,0.067769,0.406634,0.675606,0.78487,0.261791,0.73177,0.058141,0.413182,0.578022,0.192352,0.921062,0.816169,0.34236,0.65577,0.819969,0.898531,0.657557,0.563268,0.631712,0.496595,0.806243,0.595329,0.886828,0.599931,0.539808,0.969004,0.398071,0.217077,0.607085
613,1,roh,1,0.890436,0.99919,0.917232,0.989591,0.901429,0.979028,0.993342,0.972809,0.977394,0.96959,0.975564,0.99217,0.968969,0.984115,0.987407,0.999288,0.997871,0.997779,0.999353,0.997451,0.998173,0.999926,0.999767,0.99964,0.999551,0.993275,0.998203,0.997467,0.999329,0.989527,0.996987,0.997655,0.987982,0.997723,0.999112,0.999445,0.999721,0.999663,0.999789,0.999518
614,2,leh,0,0.003014,0.002129,0.002613,0.005093,0.007804,0.089111,0.022779,0.082935,0.014766,0.003587,0.016645,0.000733,0.009734,0.01451,0.00295,0.002923,0.000391,0.067602,0.009384,0.006263,0.556199,0.233039,0.314017,0.308082,0.355398,0.290571,0.350641,0.526289,0.296241,0.24334,0.476045,0.520467,0.30763,0.383962,0.506324,0.474673,0.340706,0.367651,0.590741,0.358537
615,1,dah,1,0.867006,0.972751,0.992932,0.994664,0.979429,0.93121,0.963613,0.966565,0.956768,0.93507,0.932666,0.945734,0.923776,0.976296,0.96601,0.998918,0.99143,0.990092,0.980926,0.997832,0.654147,0.569431,0.594292,0.543425,0.512678,0.619452,0.578886,0.541518,0.548238,0.586202,0.518062,0.593684,0.573601,0.516451,0.642789,0.538217,0.567588,0.569592,0.558031,0.522966
616,1,nto,0,0.000926,0.002927,0.002539,0.000617,0.00285,0.00133,0.00093,0.000501,0.001092,0.000499,0.003133,0.000345,0.006295,0.001321,0.000772,4.2e-05,2.7e-05,7.3e-05,0.000121,4.3e-05,0.654147,0.569431,0.594292,0.543425,0.512678,0.619452,0.578886,0.541518,0.548238,0.586202,0.518062,0.593684,0.573601,0.516451,0.642789,0.538217,0.567588,0.569592,0.558031,0.522966
617,2,uni,1,0.998153,0.999564,0.999855,0.999691,0.999429,0.999376,0.998483,0.99837,0.998757,0.999173,0.997683,0.999456,0.995357,0.99648,0.99882,0.999803,0.999778,0.999175,0.999394,0.999899,0.999951,0.999926,0.99987,0.999673,0.999973,0.999806,0.999824,0.999867,0.999735,0.999786,0.999905,0.999834,0.999363,0.999864,0.99979,0.999688,0.999527,0.999747,0.999767,0.99966
618,3,wan,0,0.002922,0.000979,0.006803,0.004096,0.007647,0.000554,0.002252,0.00236,0.000215,0.001205,0.003837,0.000132,0.000739,0.001418,0.013358,0.000109,0.001191,0.00015,0.000332,0.00025,0.000431,0.000781,0.000211,1.9e-05,0.000181,0.0001,1e-06,1e-06,3e-06,0.002669,8.2e-05,1e-05,5e-06,2e-05,6.7e-05,0.000167,0.000158,0.000148,0.000105,0.000293
619,1,nto,0,0.000332,0.001068,0.001304,0.001115,0.003872,0.002109,0.002574,0.001107,0.00144,0.001469,0.003906,0.003533,0.006136,0.002405,0.003122,0.000201,0.000148,0.000128,0.000256,4.5e-05,8e-05,0.000336,3.8e-05,0.002412,0.000432,0.006162,0.003075,0.000595,0.013035,0.004425,0.000697,0.001522,0.002162,0.005285,0.002856,0.000401,0.000172,0.000134,0.000122,0.001373
620,2,ayu,1,0.999612,0.999685,0.99994,0.99996,0.999653,0.998862,0.997194,0.993209,0.9969,0.997118,0.998164,0.999945,0.999657,0.999299,0.999197,0.999907,0.999869,0.9999,0.999898,0.999928,0.999326,0.999985,0.999994,0.999868,0.999272,0.999705,0.999876,0.999988,0.999729,0.999817,0.999945,0.999775,0.99983,0.99962,0.999983,0.999676,0.999655,0.999789,0.999797,0.999681
621,3,ica,1,0.998141,0.99995,0.999736,0.999772,0.976466,0.996693,0.998795,0.99697,0.994064,0.997052,0.999496,0.99963,0.99865,0.999698,0.997799,0.998537,0.99955,0.998162,0.999409,0.999329,0.99999,0.999896,0.999998,0.999992,0.99999,0.999999,0.999998,1.0,0.999989,0.999991,0.999993,0.999985,1.0,0.9999,0.999983,0.999641,0.99969,0.999729,0.999697,0.999637
622,3,nto,0,1.8e-05,4.7e-05,3.1e-05,8.6e-05,5.8e-05,1e-06,1e-06,8e-06,9e-06,6e-06,3.2e-05,7e-06,9.5e-05,1e-05,1e-05,8e-06,1.2e-05,1.6e-05,1.6e-05,8e-06,0.000197,3e-06,1e-06,1.2e-05,1e-05,1e-06,0.0,0.0,6e-06,0.0,0.0,0.0,0.0,0.0,0.0,0.000159,0.000148,0.000148,0.000104,0.000221
623,2,uri,0,5.2e-05,0.000426,0.001148,0.000325,0.000282,0.000317,0.000578,0.000636,0.000395,0.000229,0.000592,3.9e-05,0.000849,0.000222,0.000461,4.7e-05,9e-05,0.00011,9.5e-05,5.2e-05,1.4e-05,5e-06,1e-06,8.3e-05,1.6e-05,3.4e-05,2e-06,1e-06,0.0,1e-06,0.0,1e-06,6.2e-05,0.0,1e-06,0.00015,0.000189,0.000172,0.000112,0.000262
624,2,nto,0,0.001685,0.002375,0.002062,0.002434,0.011999,0.00087,0.000913,0.001459,0.001044,0.001549,0.00227,0.004177,0.003707,0.003145,0.001236,5.6e-05,0.000102,0.000421,4.5e-05,3.5e-05,0.184144,0.118927,0.12429,0.063607,0.123273,0.379628,0.11129,0.171049,0.180267,0.199734,0.120465,0.140499,0.107257,0.187003,0.269137,0.24753,0.183723,0.309447,0.203686,0.091787
625,2,ari,0,0.002959,0.000559,0.016123,0.031484,0.018908,0.02618,0.003448,0.001648,0.028064,0.022343,0.060586,0.00012,0.016552,0.003131,0.285059,0.056973,0.514691,0.017505,0.323851,0.010821,0.033522,0.001196,0.032774,0.000357,0.000338,0.043431,6.4e-05,0.015164,9.2e-05,0.018679,0.02564,0.000328,0.017033,0.005983,0.037535,0.000317,0.000595,0.000319,0.000179,0.049216
626,1,tno,0,0.863057,0.016872,0.096103,0.065882,0.020493,0.067858,0.064137,0.048687,0.040188,0.043241,0.03154,0.002362,0.205269,0.105338,0.075672,0.000512,0.000164,0.001398,0.00026,7e-05,0.654147,0.569431,0.594292,0.543425,0.512678,0.619452,0.578886,0.541518,0.548238,0.586202,0.518062,0.593684,0.573601,0.516451,0.642789,0.538217,0.567588,0.569592,0.558031,0.522966
627,1,nti,1,0.999973,0.999955,0.999888,0.999678,0.999541,0.998032,0.994664,0.993058,0.975508,0.987313,0.99736,0.999896,0.998664,0.988947,0.994614,0.999058,0.996333,0.99745,0.999077,0.998783,0.999746,0.999938,0.999983,0.999892,0.99839,0.998682,0.999363,0.999862,0.998561,0.994338,0.995398,0.999609,0.998536,0.997255,0.999099,0.999404,0.999716,0.999726,0.999813,0.99968
628,2,gat,0,0.002196,0.077898,0.032693,0.012293,0.003616,0.000816,0.027493,0.001252,0.004385,0.002288,0.016593,0.001763,0.005831,0.001327,0.004935,0.001182,0.00029,0.005392,0.000242,0.000317,0.001314,0.003865,0.004362,0.004109,0.002971,0.053476,0.014164,0.006913,0.010809,0.02714,0.006529,0.005875,0.006414,0.006163,0.011545,0.000675,0.000713,0.000648,0.000796,0.004351
629,1,ari,0,0.050964,0.76316,0.190662,0.809798,0.543901,0.414232,0.587644,0.681148,0.417218,0.762601,0.91003,0.884573,0.891361,0.414608,0.495748,0.492857,0.108783,0.509283,0.228921,0.57129,0.654147,0.569431,0.594292,0.543425,0.512678,0.619452,0.578886,0.541518,0.548238,0.586202,0.518062,0.593684,0.573601,0.516451,0.642789,0.538217,0.567588,0.569592,0.558031,0.522966
630,1,ten,1,0.261835,0.243362,0.880498,0.52734,0.595946,0.131181,0.863502,0.665462,0.642847,0.750938,0.937685,0.215663,0.86636,0.89293,0.401552,0.874886,0.333155,0.446063,0.469194,0.733232,0.654147,0.569431,0.594292,0.543425,0.512678,0.619452,0.578886,0.541518,0.548238,0.586202,0.518062,0.593684,0.573601,0.516451,0.642789,0.538217,0.567588,0.569592,0.558031,0.522966
631,2,nti,1,0.999889,0.999962,0.999915,0.999589,0.999854,0.999805,0.999662,0.9987,0.997575,0.9994,0.999491,0.999891,0.999718,0.997424,0.999636,0.999941,0.999872,0.999799,0.999825,0.999937,0.999997,0.999983,0.999999,0.999985,0.999989,0.999987,0.999999,1.0,0.999999,0.999979,0.999999,1.0,0.999985,0.999997,0.999995,0.999732,0.999738,0.999784,0.999777,0.999524
632,2,nto,0,1.4e-05,4.2e-05,4.2e-05,2.9e-05,0.000217,1.1e-05,1.8e-05,0.000118,1.7e-05,9.5e-05,0.000225,3.9e-05,0.000136,5.9e-05,2.1e-05,1.2e-05,3.6e-05,2.9e-05,4.6e-05,9e-06,1e-06,6e-06,0.0,1.1e-05,1.5e-05,2e-06,0.0,0.0,1e-06,5e-06,0.0,1e-06,1e-06,0.0,0.0,0.000177,0.000153,0.000143,0.000104,0.000247
633,2,iah,1,0.999986,0.999965,0.999996,0.999996,0.999984,0.999683,0.999914,0.999962,0.999971,0.99992,0.999869,0.99998,0.99963,0.999996,0.999947,0.999894,0.99987,0.999805,0.99988,0.999861,0.996401,0.993205,0.999297,0.995845,0.995669,0.979933,0.998864,0.99962,0.994572,0.987712,0.992294,0.998712,0.996763,0.995454,0.995207,0.999298,0.996922,0.99912,0.999225,0.999151
634,3,ita,1,0.998076,0.998511,0.985184,0.986547,0.992061,0.99691,0.99847,0.998064,0.999518,0.994658,0.998675,0.998477,0.997972,0.999751,0.999109,0.99965,0.998768,0.999356,0.999519,0.98379,0.967453,0.641849,0.968293,0.863073,0.823277,0.934196,0.853555,0.967983,0.819608,0.898132,0.867298,0.762437,0.994419,0.861647,0.979575,0.991271,0.986687,0.985363,0.993122,0.989736
635,1,ino,0,0.00133,0.001629,0.000434,0.003215,0.000686,0.005808,0.010283,0.008124,0.01012,0.005149,0.00286,0.000701,0.015865,0.001912,0.019257,0.000336,0.000168,0.000298,0.001335,0.001564,0.654147,0.569431,0.594292,0.543425,0.512678,0.619452,0.578886,0.541518,0.548238,0.586202,0.518062,0.593684,0.573601,0.516451,0.642789,0.538217,0.567588,0.569592,0.558031,0.522966
636,1,ani,1,0.999472,0.898893,0.998771,0.884529,0.974347,0.897428,0.933292,0.707818,0.839,0.962088,0.983661,0.971514,0.954596,0.853122,0.920971,0.99387,0.958814,0.98791,0.928419,0.982637,0.654147,0.569431,0.594292,0.543425,0.512678,0.619452,0.578886,0.541518,0.548238,0.586202,0.518062,0.593684,0.573601,0.516451,0.642789,0.538217,0.567588,0.569592,0.558031,0.522966
637,3,nto,0,0.000103,0.000105,0.000109,0.000101,4.2e-05,5e-06,1e-06,1.1e-05,2.6e-05,2.5e-05,6.2e-05,2.5e-05,0.000183,5.2e-05,1.5e-05,1.3e-05,2.3e-05,4e-05,3.6e-05,1.5e-05,2.7e-05,0.00027,0.000191,1.5e-05,6.8e-05,0.000141,0.000113,2e-06,1.3e-05,2.3e-05,1.5e-05,1.4e-05,2e-06,0.0,1e-05,0.000285,0.000228,0.000312,0.000199,0.000584
638,2,ati,1,0.999931,0.999343,0.999945,0.999937,0.999791,0.999782,0.999902,0.999921,0.999812,0.999364,0.999498,0.999709,0.999446,0.999377,0.999933,0.999935,0.999941,0.999894,0.999936,0.999962,0.99999,0.999988,0.999996,0.999813,0.99999,0.999999,0.999991,0.999999,0.999897,0.999972,0.99999,0.999995,0.999994,0.999863,0.999996,0.999721,0.999733,0.99975,0.999771,0.999614
639,1,yur,0,0.00643,0.00057,0.033882,0.012898,0.038732,0.039479,0.050847,0.057767,0.039523,0.165716,0.058883,0.001647,0.031106,0.012681,0.007096,0.091923,0.192764,0.097392,0.180774,0.094638,0.004549,0.003805,0.00091,0.000418,0.023616,0.087956,0.080232,0.015467,0.017955,0.065954,0.064985,0.068762,0.042179,0.028362,0.163441,0.000613,0.026662,0.025804,0.000143,0.001744
640,1,sih,1,0.991043,0.99545,0.941418,0.999154,0.979468,0.993794,0.971224,0.686908,0.951916,0.953891,0.97778,0.999779,0.9325,0.990754,0.991244,0.828642,0.824566,0.368859,0.788414,0.656718,0.654147,0.569431,0.594292,0.543425,0.512678,0.619452,0.578886,0.541518,0.548238,0.586202,0.518062,0.593684,0.573601,0.516451,0.642789,0.538217,0.567588,0.569592,0.558031,0.522966
641,3,tri,1,0.999939,0.999884,0.999984,0.999906,0.999918,0.997979,0.999053,0.997572,0.998513,0.999442,0.998558,0.999946,0.998608,0.999446,0.999338,0.999569,0.999704,0.999613,0.999503,0.999747,0.999981,0.999997,0.999991,0.999904,0.99997,0.999981,1.0,1.0,0.999999,0.999999,0.999986,0.999997,0.999996,0.999111,0.999991,0.999667,0.999633,0.9997,0.999707,0.999503
642,3,tri,1,0.99995,0.999766,0.999986,0.999966,0.999931,0.999708,0.999941,0.999943,0.999859,0.999868,0.99938,0.999982,0.999711,0.999846,0.999965,0.99988,0.999883,0.999859,0.999858,0.99993,0.999986,0.999997,0.999997,0.999989,0.999996,0.999998,1.0,1.0,1.0,1.0,0.999994,0.999999,0.999999,0.999995,0.99999,0.999701,0.999721,0.999692,0.999748,0.999526
643,3,i'i,0,4.5e-05,0.000269,0.000624,5.6e-05,0.00025,0.000184,0.000493,0.000203,5.1e-05,6.3e-05,0.000254,4.1e-05,0.000938,0.001253,0.000152,1.7e-05,2.9e-05,2.5e-05,3.1e-05,1.5e-05,3.9e-05,0.001125,4.7e-05,0.000328,0.002271,0.002131,5.3e-05,8e-06,0.000491,0.000218,5.5e-05,0.000149,8.4e-05,0.000285,5e-06,0.000549,0.000396,0.000276,0.000173,0.000933
644,1,ini,1,0.999469,0.990117,0.999572,0.999823,0.99449,0.968673,0.96718,0.972811,0.96179,0.985912,0.996648,0.995807,0.995641,0.984551,0.987694,0.99129,0.984851,0.987338,0.890606,0.944566,0.654147,0.569431,0.594292,0.543425,0.512678,0.619452,0.578886,0.541518,0.548238,0.586202,0.518062,0.593684,0.573601,0.516451,0.642789,0.538217,0.567588,0.569592,0.558031,0.522966
645,3,han,0,0.000941,0.001944,0.001703,0.001263,0.002725,0.000235,0.000381,0.002159,0.000846,0.001829,0.001808,0.000723,0.001432,0.000322,0.000151,6.6e-05,6.3e-05,0.000186,6.7e-05,0.000175,0.000367,0.000394,3e-06,4e-05,6.2e-05,0.000482,7.9e-05,8e-06,6.6e-05,3e-06,0.000501,0.000418,5e-06,4.5e-05,5e-06,0.000247,0.00019,0.00015,0.000149,0.00035
646,1,eri,0,0.646753,0.943618,0.996284,0.994221,0.906582,0.675592,0.90744,0.77906,0.855029,0.806819,0.959304,0.805662,0.956063,0.353808,0.969917,0.45917,0.720583,0.271461,0.503583,0.28464,0.654147,0.569431,0.594292,0.543425,0.512678,0.619452,0.578886,0.541518,0.548238,0.586202,0.518062,0.593684,0.573601,0.516451,0.642789,0.538217,0.567588,0.569592,0.558031,0.522966
647,1,nah,1,1.0,0.999996,1.0,1.0,0.999996,0.999463,0.999689,0.999622,0.9993,0.999794,0.999967,0.999999,0.999932,0.999859,0.999703,0.999818,0.999508,0.999324,0.999704,0.999322,0.654147,0.569431,0.594292,0.543425,0.512678,0.619452,0.578886,0.541518,0.548238,0.586202,0.518062,0.593684,0.573601,0.516451,0.642789,0.538217,0.567588,0.569592,0.558031,0.522966
648,2,nto,0,0.000194,0.000167,0.000283,0.000253,0.000808,0.000167,0.000245,0.000298,0.000157,0.000394,0.00139,9.9e-05,0.000449,0.000454,0.000103,3.2e-05,6.9e-05,4.4e-05,5.9e-05,2.5e-05,0.000483,0.000294,2.5e-05,6.3e-05,0.000496,0.008613,0.001728,0.000108,0.000105,0.000402,0.000325,0.000876,0.000325,0.000205,0.000472,0.000218,0.000234,0.000182,0.000182,0.00065
649,2,nto,0,0.001422,0.000922,0.00191,0.00039,0.000571,0.000812,0.000355,0.001513,0.000242,1.3e-05,0.001923,0.00095,0.002907,0.002047,0.000269,3.6e-05,6.3e-05,4.5e-05,8.5e-05,2.6e-05,2.3e-05,1.7e-05,7e-06,1e-05,1.2e-05,5.3e-05,2e-06,4e-06,1.8e-05,2e-05,2e-06,3e-05,2.7e-05,3.4e-05,1e-05,0.000152,0.000162,0.000137,0.000106,0.000278
650,2,ana,0,0.001042,0.001976,0.001593,0.003475,0.001511,0.001089,0.000867,0.002832,0.002546,0.002329,0.002467,0.001231,0.001952,0.009763,0.001967,0.000274,0.000498,0.002791,0.000846,0.000511,0.00111,0.003324,0.009574,0.015354,0.022911,0.006832,0.02076,0.043878,0.011182,0.009434,0.007984,0.029993,0.052998,0.003816,0.004152,0.000212,0.000237,0.001297,0.000136,0.000295
651,1,nto,0,9e-05,0.000397,0.000743,0.000109,0.00126,0.000755,0.0009,0.000204,0.001161,0.000544,0.001109,0.000583,0.002308,0.000464,0.00033,4.2e-05,4.5e-05,7.5e-05,0.000136,2.2e-05,0.244389,0.000699,0.004589,6.8e-05,0.000968,0.387388,0.007512,0.019981,0.000193,0.002062,0.015372,0.020546,0.041116,0.002941,0.001824,0.004389,0.000202,0.000157,0.011378,0.035295
652,2,uti,1,0.999849,0.999742,0.999975,0.999945,0.999887,0.997981,0.998956,0.997707,0.996518,0.999419,0.997671,0.999939,0.998964,0.996508,0.999167,0.999827,0.99976,0.999806,0.999814,0.999776,0.999994,0.999965,0.999997,0.998599,0.998373,0.999762,0.999986,0.999998,0.999979,0.999963,0.999966,0.999989,0.99998,0.999908,0.999986,0.999669,0.999645,0.999705,0.999728,0.999465
653,3,ono,0,4.2e-05,6.7e-05,6.7e-05,7.7e-05,3.1e-05,5.1e-05,1.6e-05,8.2e-05,2.6e-05,2.5e-05,3.2e-05,5.3e-05,0.000242,5.8e-05,1.7e-05,1.7e-05,2.7e-05,2.4e-05,2.5e-05,1.8e-05,2e-06,6e-06,1e-06,2e-05,0.0,1e-06,0.0,0.0,0.0,0.0,0.0,0.0,0.0,0.0,0.0,0.000152,0.000213,0.00019,0.000103,0.00026
654,3,hyo,0,0.000794,0.154195,0.003075,0.001153,0.000578,0.065853,0.020818,0.007745,0.008661,0.00597,0.009625,0.000366,0.005259,0.002388,0.001341,0.000609,0.000719,0.000383,0.00045,0.000217,3.6e-05,3.6e-05,6e-06,0.002988,0.000278,0.000429,1e-06,6e-06,0.00057,0.000117,5.2e-05,1e-06,4e-06,0.000353,6e-06,0.000308,0.000347,0.000145,0.000161,0.008899
655,3,nur,1,0.999993,0.99994,0.999943,0.999985,0.999798,0.99898,0.999177,0.999194,0.997377,0.99958,0.99984,0.999705,0.999477,0.999156,0.999856,0.999811,0.999617,0.99989,0.999792,0.999757,0.998421,0.998834,0.999941,0.999453,0.998124,0.998647,0.999952,0.999933,0.995861,0.999168,0.99996,0.9998,0.999936,0.99891,0.995478,0.998892,0.999503,0.999474,0.999364,0.998452
656,1,idi,0,0.002856,0.001802,0.004708,0.00935,0.004081,0.006259,0.073106,0.163443,0.022673,0.057132,0.008243,0.003955,0.044566,0.006316,0.020399,0.001429,0.001506,0.003481,0.002091,0.005289,0.654147,0.569431,0.594292,0.543425,0.512678,0.619452,0.578886,0.541518,0.548238,0.586202,0.518062,0.593684,0.573601,0.516451,0.642789,0.538217,0.567588,0.569592,0.558031,0.522966
657,1,ini,1,0.997498,0.926373,0.866553,0.913811,0.895322,0.917596,0.834003,0.72185,0.928519,0.950815,0.975704,0.59679,0.941819,0.95993,0.95073,0.994949,0.923434,0.994357,0.969703,0.991697,0.654147,0.569431,0.594292,0.543425,0.512678,0.619452,0.578886,0.541518,0.548238,0.586202,0.518062,0.593684,0.573601,0.516451,0.642789,0.538217,0.567588,0.569592,0.558031,0.522966
658,3,ara,0,0.01086,0.025535,0.068064,0.000191,0.038591,0.146864,0.296956,0.574813,0.039019,0.0476,0.176542,0.029834,0.006875,0.028729,0.164628,0.068643,0.055516,0.065583,0.053831,0.000678,0.714462,0.250593,0.043829,0.45616,0.238403,0.235161,0.017139,0.031126,0.318598,0.074076,0.122476,0.687051,0.072122,0.133332,0.116574,0.08499,0.004089,0.019959,0.008178,0.982666
659,3,sti,1,0.995491,0.99961,0.999869,0.998976,0.999744,0.99897,0.999606,0.999871,0.998538,0.998567,0.998207,0.999035,0.998095,0.999738,0.999496,0.999623,0.999753,0.99965,0.999509,0.999878,0.999946,0.999488,0.999744,0.998389,0.999947,0.999997,0.999997,0.999999,0.999871,0.999837,0.999995,1.0,0.999999,0.999912,0.999984,0.999681,0.99966,0.99978,0.999769,0.999337
660,3,dah,1,0.999966,0.999123,0.99574,0.999994,0.999971,0.998849,0.999929,0.995503,0.999522,0.997663,0.999687,0.999951,0.997289,0.99993,0.999677,0.999741,0.999548,0.999797,0.999596,0.999631,0.999646,0.999878,0.999296,0.999868,0.999958,0.999866,0.999889,0.999932,0.999769,0.999991,0.999991,0.999985,0.999943,0.99994,0.999974,0.997757,0.999201,0.999302,0.999703,0.999155
661,4,dah,1,0.9996,0.999883,0.999985,0.999988,0.999983,0.999919,0.999916,0.999623,0.999858,0.999723,0.999929,0.999968,0.99934,0.999995,0.999972,0.999881,0.999893,0.999886,0.998977,0.999725,0.999981,0.999989,0.999997,0.999972,0.999995,0.999744,0.999855,0.99999,0.999977,0.999988,0.999992,0.999995,1.0,0.999998,0.999993,0.99954,0.999562,0.999548,0.999644,0.999016
662,1,man,0,0.456759,0.068749,0.226512,0.013132,0.341295,0.030385,0.039868,0.019575,0.017359,0.014942,0.047811,0.063597,0.030628,0.015683,0.014471,0.001069,0.00134,0.003384,0.001347,0.000481,0.654147,0.569431,0.594292,0.543425,0.512678,0.619452,0.578886,0.541518,0.548238,0.586202,0.518062,0.593684,0.573601,0.516451,0.642789,0.538217,0.567588,0.569592,0.558031,0.522966
663,1,rni,1,0.669407,0.997477,0.99243,0.86555,0.829676,0.819711,0.645762,0.476246,0.81167,0.650213,0.937619,0.998006,0.869814,0.905801,0.848039,0.825292,0.976876,0.884639,0.46476,0.892434,0.654147,0.569431,0.594292,0.543425,0.512678,0.619452,0.578886,0.541518,0.548238,0.586202,0.518062,0.593684,0.573601,0.516451,0.642789,0.538217,0.567588,0.569592,0.558031,0.522966
664,2,edi,0,0.012848,0.014088,0.016007,0.050567,0.010147,0.001204,0.044262,0.00204,0.003656,0.001116,0.000864,0.000619,0.008443,0.003638,0.001921,0.000156,0.000115,0.000372,9.9e-05,0.000125,0.624866,0.690124,0.563284,0.891108,0.981201,0.698679,0.445653,0.653088,0.650866,0.919961,0.930353,0.911083,0.442273,0.594748,0.761826,0.957547,0.961013,0.464636,0.972845,0.983552
665,1,rmi,1,0.219159,0.887517,0.005597,0.692022,0.145341,0.819553,0.790121,0.966484,0.788589,0.831584,0.329073,0.993623,0.837373,0.918754,0.76713,0.86054,0.571616,0.51352,0.332501,0.638461,0.654147,0.569431,0.594292,0.543425,0.512678,0.619452,0.578886,0.541518,0.548238,0.586202,0.518062,0.593684,0.573601,0.516451,0.642789,0.538217,0.567588,0.569592,0.558031,0.522966
666,1,rno,0,0.000276,0.000876,0.000227,0.000265,0.000168,0.002711,0.004642,0.002024,0.002575,0.001478,0.000707,0.000287,0.003542,0.001661,0.004144,0.000516,0.000153,0.000389,0.000217,0.000648,3.4e-05,0.026263,0.015683,0.236336,0.001001,0.008684,0.022897,0.049841,0.236705,0.008252,0.001568,0.035345,0.338515,0.216186,0.012593,0.000402,0.000237,0.000188,0.00015,0.00328
667,2,ria,1,0.999877,0.999813,0.999839,0.999925,0.999978,0.999577,0.999736,0.999859,0.99893,0.999703,0.998766,0.999892,0.999181,0.999354,0.999631,0.999855,0.999868,0.999914,0.999897,0.999909,0.999995,0.999998,0.999998,0.999975,0.999997,0.999999,0.999999,1.0,1.0,0.999999,0.999994,0.999988,0.99999,0.999999,1.0,0.999739,0.999734,0.999753,0.999744,0.999602
668,3,nah,1,0.999921,0.998736,0.998373,0.999729,0.984637,0.999383,0.999726,0.999322,0.998642,0.999771,0.997858,0.999296,0.999277,0.999503,0.998476,0.999447,0.99969,0.917629,0.996933,0.999097,0.122192,0.674886,0.006027,0.232731,0.4762,0.184308,0.005781,0.099369,0.224396,0.034791,0.69889,0.491467,0.020021,0.77429,0.053597,0.8216,0.14573,0.997255,0.001266,0.81253
669,4,riz,0,0.000676,0.01159,0.000449,0.001031,0.000577,0.002354,0.002476,0.000541,0.000991,0.000254,0.002086,0.000287,0.003426,0.000861,0.001913,0.000897,0.000614,0.000614,0.000334,0.002832,0.218702,0.454725,0.019483,0.500501,0.132908,0.116169,0.086929,0.00627,0.013991,0.043665,0.104443,0.045761,0.012003,0.025291,0.480878,0.011796,0.001602,0.002795,0.001552,0.033146
670,1,int,0,0.192284,0.342523,0.055543,0.159568,0.594135,0.527422,0.956309,0.776606,0.5986,0.714822,0.602704,0.914278,0.738176,0.960569,0.537824,0.964712,0.934868,0.337044,0.807321,0.766553,0.654147,0.569431,0.594292,0.543425,0.512678,0.619452,0.578886,0.541518,0.548238,0.586202,0.518062,0.593684,0.573601,0.516451,0.642789,0.538217,0.567588,0.569592,0.558031,0.522966
671,2,lia,1,0.999784,0.999539,0.999941,0.999942,0.999844,0.999326,0.999783,0.999483,0.999488,0.99958,0.99897,0.99999,0.999832,0.999826,0.999718,0.999628,0.999761,0.999815,0.999358,0.999771,0.999975,0.999887,0.999978,0.999968,0.999978,0.999645,0.999818,0.999996,0.9999,0.999958,0.999973,0.999944,0.999898,0.999868,0.999986,0.999678,0.999641,0.999763,0.999776,0.999655
672,3,qis,1,0.938278,0.963939,0.979492,0.816845,0.991036,0.917606,0.990785,0.975304,0.801624,0.97594,0.958343,0.991197,0.871494,0.97949,0.952199,0.993869,0.993375,0.981827,0.979352,0.989203,0.999982,0.999953,0.999893,0.999239,0.99974,0.999623,0.999999,1.0,0.999927,0.999834,0.999998,0.999995,0.999993,0.999802,0.999993,0.999355,0.99947,0.999626,0.999714,0.999323
673,3,fiz,0,0.01389,0.00886,0.129857,0.09281,0.440715,0.182933,0.076656,0.136313,0.011023,0.140859,0.131484,0.028968,0.179311,0.066083,0.131473,0.019531,0.236035,0.303649,0.039353,0.207159,0.012196,0.244414,0.006817,0.001837,0.00188,0.030079,0.014321,0.009561,0.000427,0.000322,0.014258,0.007103,0.037623,0.003978,2.3e-05,0.001951,0.00065,0.000559,0.00051,0.031333
674,2,dik,0,0.012914,0.007215,0.035894,0.009565,0.021497,0.199038,0.092027,0.028789,0.080593,0.091121,0.07888,0.001284,0.162043,0.086586,0.047641,0.003084,0.002371,0.007632,0.013166,0.002662,0.055482,0.060785,0.559465,0.270128,0.803009,0.270618,0.399543,0.752985,0.059017,0.964196,0.134995,0.04119,0.856464,0.04463,0.789195,0.005972,0.000155,0.199704,0.004532,0.00681
675,3,yah,1,0.999971,0.999905,0.999999,0.999978,0.998771,0.999721,0.999955,0.999742,0.999835,0.999873,0.999828,0.999979,0.999945,0.999848,0.999948,0.999968,0.999891,0.999927,0.999937,0.999949,0.999708,0.981904,0.993298,0.998876,0.99998,0.999983,0.999999,0.999987,0.999998,0.999982,0.999988,0.999997,0.99999,0.999997,0.999998,0.999681,0.999695,0.999597,0.99975,0.999611
676,2,iah,1,0.999743,0.996842,0.999966,0.999561,0.999213,0.994966,0.998981,0.999315,0.998422,0.99573,0.984245,0.999967,0.993812,0.999033,0.997081,0.998876,0.999614,0.999028,0.999592,0.999195,0.580008,0.55234,0.626053,0.582574,0.519549,0.606422,0.577788,0.540547,0.53322,0.610678,0.570624,0.587211,0.612958,0.504852,0.623406,0.539257,0.562371,0.571446,0.55591,0.536121
677,2,toh,1,0.999735,0.9991,0.999776,0.999805,0.999823,0.99962,0.999838,0.999058,0.996844,0.99601,0.998802,0.999969,0.999512,0.999885,0.99898,0.999802,0.999892,0.9999,0.999873,0.99993,0.999985,0.999987,0.999997,0.999953,0.999993,0.999978,0.999999,1.0,0.999998,0.999719,0.999993,0.999989,0.999993,0.999997,0.999977,0.999735,0.999746,0.999756,0.999755,0.999582
678,3,lwi,0,0.002999,0.00146,0.00552,0.031846,0.087882,0.010699,0.003887,0.000973,0.08582,0.007277,0.005102,0.011442,0.043963,0.008497,0.026855,7.3e-05,0.000265,0.000484,0.0019,0.00021,0.073965,0.162845,0.397659,0.259159,0.037184,0.068591,0.098792,0.25687,0.114554,0.392066,0.307886,0.22789,0.3252,0.20146,0.036513,0.502916,0.453173,0.419111,0.005837,0.096936
679,2,yah,1,0.999971,0.999384,0.999978,0.999926,0.999683,0.999195,0.99989,0.998858,0.999731,0.999316,0.999457,0.999886,0.999787,0.998306,0.999486,0.999938,0.999892,0.999921,0.999925,0.999924,0.999994,0.999997,1.0,0.999986,0.999997,0.999998,1.0,1.0,0.999999,0.999998,1.0,0.999996,0.999999,0.999997,0.999994,0.999716,0.999757,0.999743,0.9998,0.999641
680,3,lwi,0,2e-05,7e-06,1.9e-05,9.7e-05,0.00024,1.3e-05,4.2e-05,3.8e-05,6.5e-05,1.5e-05,4.7e-05,5e-06,0.000195,0.000153,1.6e-05,1.3e-05,1.4e-05,1.5e-05,2.4e-05,9e-06,6e-06,7e-06,1e-06,3.4e-05,6e-06,0.0,0.0,0.0,0.0,0.0,0.0,0.0,0.0,4e-06,0.0,0.000158,0.000166,0.000134,9.6e-05,0.000222
681,1,rno,0,0.000246,0.00011,0.002916,0.002176,0.002172,0.014361,0.020974,0.015651,0.016381,0.005137,0.01266,0.004666,0.012101,0.004814,0.008533,0.033761,0.000618,0.002313,0.016729,8.9e-05,0.654147,0.569431,0.594292,0.543425,0.512678,0.619452,0.578886,0.541518,0.548238,0.586202,0.518062,0.593684,0.573601,0.516451,0.642789,0.538217,0.567588,0.569592,0.558031,0.522966
682,1,yem,1,0.423217,0.290286,0.255177,0.607156,0.079134,0.022474,0.137262,0.017141,0.06234,0.173833,0.034926,0.42994,0.121141,0.645409,0.123338,0.231746,0.134561,0.252001,0.035809,0.076197,0.654147,0.569431,0.594292,0.543425,0.512678,0.619452,0.578886,0.541518,0.548238,0.586202,0.518062,0.593684,0.573601,0.516451,0.642789,0.538217,0.567588,0.569592,0.558031,0.522966
683,2,nah,1,0.999988,0.999867,0.999984,0.999973,0.999917,0.99989,0.999986,0.999706,0.999939,0.999896,0.999909,0.999991,0.999927,0.999977,0.999981,0.999962,0.999913,0.999911,0.999933,0.999957,0.999998,0.999995,1.0,0.999911,0.999998,1.0,1.0,1.0,0.999999,0.999999,1.0,1.0,1.0,0.999996,1.0,0.999724,0.999745,0.999735,0.999806,0.999634
684,1,nto,0,0.000121,0.000158,0.000406,0.000212,0.000613,0.000567,0.000165,0.00023,0.000279,0.000188,0.00071,6.2e-05,0.001324,0.000196,0.000188,2.6e-05,3.4e-05,8.4e-05,3.4e-05,1.9e-05,0.003529,0.000365,0.000329,0.00035,0.061782,0.009202,0.000505,0.000477,0.001234,0.007197,0.007306,0.000548,0.013825,0.000882,0.008507,0.000155,0.000142,0.000137,0.000122,0.000718
685,2,nti,1,0.998657,0.999308,0.999979,0.999924,0.999291,0.999176,0.998095,0.999223,0.997731,0.999148,0.996568,0.999711,0.998666,0.999436,0.999089,0.999876,0.999724,0.99986,0.999894,0.999917,0.998934,0.99564,0.999863,0.999814,0.999984,0.99938,0.999732,0.999889,0.99942,0.999636,0.999793,0.999621,0.998848,0.999651,0.999922,0.999594,0.999655,0.999717,0.999768,0.999602
686,3,fal,0,0.000974,0.000236,0.001258,0.000193,0.000573,0.000264,0.000336,0.000498,3.7e-05,8.1e-05,0.001971,4.3e-05,0.000156,0.000689,6e-05,7.2e-05,7.8e-05,0.000159,0.000101,3.6e-05,9.1e-05,6e-06,1e-05,0.001238,8e-06,0.000775,5e-06,3.4e-05,9.7e-05,3e-06,1.6e-05,7e-06,0.000184,0.0,1e-05,0.000169,0.000156,0.000157,9.7e-05,0.000251
687,1,idi,0,0.000366,0.001566,0.000307,0.001853,0.000157,0.010037,0.02543,0.001711,0.008894,0.00402,0.001196,0.000575,0.001912,0.001766,0.002535,0.000112,0.002213,0.000782,0.002124,0.001159,0.654147,0.569431,0.594292,0.543425,0.512678,0.619452,0.578886,0.541518,0.548238,0.586202,0.518062,0.593684,0.573601,0.516451,0.642789,0.538217,0.567588,0.569592,0.558031,0.522966
688,1,iah,1,0.965086,0.626771,0.992293,0.900461,0.802692,0.98224,0.988601,0.967154,0.979796,0.980047,0.996434,0.993041,0.912907,0.981569,0.986499,0.998832,0.99894,0.999126,0.996246,0.998938,0.654147,0.569431,0.594292,0.543425,0.512678,0.619452,0.578886,0.541518,0.548238,0.586202,0.518062,0.593684,0.573601,0.516451,0.642789,0.538217,0.567588,0.569592,0.558031,0.522966
689,1,aty,1,0.988195,0.979099,0.999433,0.998201,0.998779,0.999594,0.999746,0.995187,0.99954,0.999717,0.987471,0.989377,0.971229,0.999865,0.998526,0.999563,0.998996,0.998735,0.999784,0.999825,0.654147,0.569431,0.594292,0.543425,0.512678,0.619452,0.578886,0.541518,0.548238,0.586202,0.518062,0.593684,0.573601,0.516451,0.642789,0.538217,0.567588,0.569592,0.558031,0.522966
690,1,jan,0,0.014535,0.000424,0.004349,0.00368,0.012318,0.012791,0.03956,0.030654,0.015333,0.02267,0.017774,0.001321,0.014457,0.010795,0.008349,0.000502,0.006257,0.010339,0.004384,0.00845,0.654147,0.569431,0.594292,0.543425,0.512678,0.619452,0.578886,0.541518,0.548238,0.586202,0.518062,0.593684,0.573601,0.516451,0.642789,0.538217,0.567588,0.569592,0.558031,0.522966
691,1,rmi,1,0.219159,0.887517,0.005597,0.692022,0.145341,0.819553,0.790121,0.966484,0.788589,0.831584,0.329073,0.993623,0.837373,0.918754,0.76713,0.86054,0.571616,0.51352,0.332501,0.638461,0.654147,0.569431,0.594292,0.543425,0.512678,0.619452,0.578886,0.541518,0.548238,0.586202,0.518062,0.593684,0.573601,0.516451,0.642789,0.538217,0.567588,0.569592,0.558031,0.522966
692,2,nap,1,0.998192,0.998074,0.998132,0.994774,0.997768,0.997019,0.998957,0.979646,0.985296,0.992771,0.996261,0.999969,0.997047,0.982449,0.997477,0.999834,0.99977,0.999842,0.999869,0.999896,0.999881,0.99993,0.999997,0.999659,0.99996,0.999974,0.999999,0.999998,0.999979,0.999966,0.999989,0.99997,0.99997,0.999962,0.999982,0.999566,0.99961,0.999617,0.999709,0.999305
693,1,kin,0,0.000315,0.000946,0.00098,0.000214,0.001918,0.013566,0.021131,0.002583,0.01446,0.009368,0.003212,6.8e-05,0.016834,0.017493,0.01471,0.004808,0.002042,0.00077,0.004725,0.0022,0.018672,0.012543,0.010323,0.004169,0.000418,0.136455,0.113629,0.311313,0.00551,0.020453,0.061427,0.050073,0.441529,0.005224,0.00232,0.000199,0.000201,0.000163,0.000243,0.002227
694,2, ud,0,0.330761,0.50569,0.072724,0.724596,0.013286,0.127682,0.039377,0.076086,0.116051,0.140657,0.050921,0.361144,0.114664,0.039858,0.160819,0.229489,0.045393,0.146628,0.037299,0.000793,0.580008,0.55234,0.626053,0.582574,0.519549,0.606422,0.577788,0.540547,0.53322,0.610678,0.570624,0.587211,0.612958,0.504852,0.623406,0.539257,0.562371,0.571446,0.55591,0.536121
695,1,nem,1,0.961945,0.766544,0.987616,0.986298,0.501345,0.989352,0.943781,0.641459,0.769545,0.974883,0.937665,0.99659,0.970329,0.993174,0.930011,0.373801,0.528698,0.863344,0.929153,0.859486,0.654147,0.569431,0.594292,0.543425,0.512678,0.619452,0.578886,0.541518,0.548238,0.586202,0.518062,0.593684,0.573601,0.516451,0.642789,0.538217,0.567588,0.569592,0.558031,0.522966
696,2,i'i,0,2.7e-05,0.000263,0.000573,0.000157,8.2e-05,0.000267,0.000284,0.000624,0.000337,0.000123,0.000303,7.8e-05,0.001356,8.9e-05,5.1e-05,6.7e-05,5.6e-05,5.5e-05,0.000165,3.6e-05,2.9e-05,3.4e-05,1e-05,0.00043,0.000239,0.000106,2.3e-05,1.2e-05,2e-05,5.9e-05,7e-06,1.5e-05,6.8e-05,1.3e-05,1.7e-05,0.000352,0.000259,0.000254,0.000175,0.000666
697,2,him,0,0.000502,0.003749,0.00257,0.006716,0.001607,0.012084,0.012728,0.007547,0.001714,0.010492,0.013306,0.000864,0.021134,0.06978,0.055793,0.000302,0.001286,0.000694,0.005725,0.001775,0.00025,0.000745,6e-06,0.000127,3.2e-05,0.00527,0.00023,1.1e-05,0.000311,0.000387,0.001198,3.1e-05,0.000207,0.00296,0.000136,0.005078,0.000271,0.000191,0.000244,0.000363
698,2,kah,1,0.668503,0.237399,0.751994,0.683448,0.613791,0.792978,0.302941,0.48966,0.569609,0.984079,0.539046,0.016593,0.730827,0.565057,0.835359,0.660395,0.936987,0.15994,0.936707,0.745748,0.580008,0.55234,0.626053,0.582574,0.519549,0.606422,0.577788,0.540547,0.53322,0.610678,0.570624,0.587211,0.612958,0.504852,0.623406,0.539257,0.562371,0.571446,0.55591,0.536121
699,2,zah,1,0.990685,0.999471,0.998402,0.999498,0.997819,0.989367,0.992506,0.99681,0.994823,0.99794,0.989307,0.999672,0.994995,0.999051,0.985312,0.999731,0.999855,0.999768,0.999768,0.999606,0.999904,0.999886,0.999957,0.999399,0.98237,0.99986,0.999985,0.999994,0.999594,0.99719,0.998953,0.99999,0.999993,0.999762,0.992248,0.999632,0.999677,0.999759,0.999767,0.999541
700,1,lan,0,0.002603,3.3e-05,0.004687,0.001146,0.006767,0.008047,0.046976,0.063078,0.063533,0.021847,0.006887,0.002092,0.018945,0.010354,0.021638,0.001,0.00271,0.003699,0.006292,0.01529,0.241948,0.002048,0.007075,0.059444,0.172548,0.157027,0.016132,0.031594,0.003747,0.181214,0.164429,0.019336,0.227901,0.021448,0.25995,0.931268,0.000198,0.179079,0.005293,0.001839
701,1,tri,1,0.998079,0.999594,0.999906,0.999924,0.999056,0.998178,0.995032,0.992699,0.99152,0.998031,0.995725,0.999767,0.989035,0.996532,0.997836,0.993256,0.998538,0.995816,0.998229,0.99327,0.999792,0.999899,0.999946,0.996962,0.998963,0.98,0.998204,0.99875,0.982703,0.99819,0.993683,0.99876,0.996495,0.959213,0.998721,0.999708,0.999701,0.999696,0.999824,0.999654
702,2,ati,1,0.956345,0.979256,0.998165,0.999115,0.559354,0.87216,0.975646,0.952272,0.954477,0.490422,0.871454,0.992946,0.927861,0.956437,0.976921,0.956054,0.995066,0.670203,0.982946,0.905747,0.998467,0.991037,0.999956,0.983728,0.993915,0.998653,0.999558,0.99908,0.998752,0.999585,0.997968,0.999455,0.98504,0.999405,0.99986,0.999548,0.999292,0.999681,0.999749,0.999445
703,3,ati,1,0.992055,0.999584,0.999906,0.999894,0.999648,0.998359,0.999149,0.98957,0.999064,0.997343,0.998247,0.999959,0.999662,0.998424,0.999772,0.99992,0.999866,0.999884,0.99978,0.999913,0.999803,0.999998,0.999917,0.999728,0.99994,0.999943,0.999999,0.999999,0.999999,0.999991,0.999982,0.999994,0.999971,0.999996,0.999991,0.999699,0.999663,0.999631,0.999728,0.999578
704,1,ari,1,0.999943,0.999944,0.999965,0.999849,0.99992,0.997448,0.997035,0.997477,0.981773,0.997456,0.996043,0.999627,0.997146,0.995914,0.997929,0.998358,0.989505,0.996149,0.996609,0.991936,0.999961,0.999828,0.999989,0.999953,0.999849,0.99862,0.998422,0.999788,0.999242,0.99958,0.99746,0.998072,0.99943,0.999492,0.999468,0.999727,0.999658,0.999739,0.999836,0.999698
705,2,udi,0,4.4e-05,0.000245,0.000188,0.000527,0.000211,0.000522,0.001152,0.000612,0.001412,0.000734,0.000618,0.000101,0.004469,0.001226,0.001833,0.000324,8.7e-05,0.000204,0.000183,4.2e-05,0.01629,0.044192,0.002821,0.035705,0.04706,0.040856,0.015757,0.003339,0.025266,0.020457,0.023319,0.023539,0.013417,0.015123,0.00996,0.028218,0.002007,0.043234,0.002184,0.010308
706,2,ati,1,0.998656,0.983034,0.999348,0.942465,0.990567,0.988417,0.997673,0.99708,0.99879,0.992804,0.979877,0.998879,0.963996,0.997103,0.996552,0.999066,0.998806,0.99801,0.999188,0.995997,0.635991,0.802775,0.729688,0.787621,0.877214,0.829684,0.539675,0.72379,0.83726,0.787133,0.771396,0.666263,0.843729,0.783868,0.87188,0.570333,0.956434,0.705543,0.611479,0.567131
707,2,roh,1,0.999368,0.999294,0.999974,0.999727,0.999865,0.999307,0.999837,0.999583,0.998574,0.996896,0.999348,0.999983,0.998549,0.999618,0.997241,0.99978,0.999746,0.999796,0.999902,0.999259,0.580008,0.55234,0.626053,0.582574,0.519549,0.606422,0.577788,0.540547,0.53322,0.610678,0.570624,0.587211,0.612958,0.504852,0.623406,0.539257,0.562371,0.571446,0.55591,0.536121
708,2,kha,1,0.990312,0.996071,0.99847,0.996262,0.992405,0.997373,0.996774,0.956813,0.993162,0.995339,0.995228,0.997675,0.963352,0.99379,0.982328,0.996834,0.999097,0.989439,0.99651,0.996567,0.999784,0.998961,0.999683,0.998675,0.99985,0.998992,0.999863,0.999363,0.994609,0.99908,0.998412,0.998447,0.999053,0.999148,0.998223,0.999492,0.999509,0.999492,0.999685,0.999098
709,2,ono,0,0.001269,0.001799,0.00277,0.003116,0.001546,0.007597,0.002715,0.002191,0.001403,0.0006,0.00211,0.000284,0.00068,0.000791,0.001012,4.3e-05,0.000151,0.001082,0.00014,5.3e-05,0.027757,0.036168,0.028948,0.066681,0.030885,0.054289,0.028456,0.020842,0.04357,0.046307,0.02888,0.033142,0.065095,0.017611,0.015476,0.001687,0.026917,0.043268,0.063416,0.01278
710,2,eha,1,0.993774,0.997772,0.999846,0.999726,0.997078,0.997998,0.999057,0.995972,0.999312,0.997086,0.995638,0.999138,0.99849,0.99569,0.999457,0.999922,0.999567,0.999781,0.999811,0.999868,0.999594,0.999054,0.991788,0.999985,0.999741,0.973579,0.999298,0.999997,0.999945,0.999098,0.999669,0.993937,0.99993,0.999937,0.999878,0.999643,0.999703,0.999763,0.999799,0.999652
711,4,yza,0,0.007428,0.005015,0.004355,0.002055,0.001009,0.000762,0.001372,0.001701,0.00188,0.000255,0.001571,0.002243,0.002097,0.002263,0.000832,6.1e-05,0.000127,0.00011,0.000153,4.2e-05,0.000201,0.000269,1.4e-05,0.000175,0.000164,9.1e-05,1e-05,0.0,0.0,2.5e-05,3e-06,7.1e-05,2e-06,2e-06,5e-06,0.000745,0.000403,0.000268,0.00022,0.002463
712,2,oro,0,0.001607,0.000639,0.007464,0.002243,0.001035,0.007782,0.00248,0.003043,0.002681,0.001638,0.001332,0.00055,0.003897,0.000964,0.004716,0.000162,0.000523,0.000533,0.000438,7.8e-05,0.071577,0.001755,0.009604,0.070922,0.002806,0.322809,0.030016,0.010539,0.553568,0.026094,0.0328,0.006879,0.015649,0.174384,0.010778,0.000224,0.000384,0.008092,0.000441,0.010694
713,1,man,0,0.000724,0.000313,0.004302,0.01059,0.026466,0.00898,0.019346,0.012502,0.006057,0.003178,0.045218,0.000338,0.024955,0.005323,0.009528,0.001621,0.000116,0.006753,0.000147,0.000229,0.009335,0.002222,0.003556,0.001636,0.022628,0.115661,0.003918,0.008697,0.013609,0.008962,0.041636,0.018749,0.023715,0.015219,0.043649,0.000238,0.000138,0.00023,0.000155,0.000334
714,1,tun,1,0.583471,0.258197,0.545025,0.761912,0.801461,0.811738,0.458972,0.421402,0.74009,0.848933,0.826087,0.998926,0.868294,0.718507,0.871563,0.055279,0.717821,0.068827,0.022045,0.136813,0.654147,0.569431,0.594292,0.543425,0.512678,0.619452,0.578886,0.541518,0.548238,0.586202,0.518062,0.593684,0.573601,0.516451,0.642789,0.538217,0.567588,0.569592,0.558031,0.522966
715,2,nda,1,0.972944,0.919054,0.787246,0.998892,0.845402,0.934269,0.997767,0.99215,0.96565,0.94141,0.976868,0.795272,0.947346,0.893526,0.952611,0.965441,0.892293,0.996266,0.487697,0.993876,0.580008,0.55234,0.626053,0.582574,0.519549,0.606422,0.577788,0.540547,0.53322,0.610678,0.570624,0.587211,0.612958,0.504852,0.623406,0.539257,0.562371,0.571446,0.55591,0.536121
716,1,min,0,0.472715,0.049672,0.108892,0.070491,0.012223,0.048285,0.188191,0.342161,0.15056,0.322434,0.18783,0.163672,0.50362,0.332408,0.155904,0.010083,0.024976,0.006797,0.001361,0.142329,0.654147,0.569431,0.594292,0.543425,0.512678,0.619452,0.578886,0.541518,0.548238,0.586202,0.518062,0.593684,0.573601,0.516451,0.642789,0.538217,0.567588,0.569592,0.558031,0.522966
717,1,iri,1,0.092119,0.877935,0.114739,0.480244,0.445673,0.655521,0.533782,0.710276,0.422005,0.514534,0.70288,0.322004,0.404936,0.672168,0.650882,0.287192,0.88419,0.525765,0.304933,0.680711,0.654147,0.569431,0.594292,0.543425,0.512678,0.619452,0.578886,0.541518,0.548238,0.586202,0.518062,0.593684,0.573601,0.516451,0.642789,0.538217,0.567588,0.569592,0.558031,0.522966
718,2,dan,0,0.810224,0.734438,0.796547,0.902173,0.697872,0.662662,0.645741,0.370896,0.547802,0.431078,0.614299,0.906742,0.686481,0.494683,0.680467,0.705444,0.892785,0.853668,0.652375,0.556753,0.99524,0.735087,0.333312,0.696866,0.920768,0.913533,0.861305,0.559756,0.669642,0.714678,0.844767,0.575005,0.465296,0.506679,0.473934,0.99156,0.999552,0.082353,0.975379,0.98556
719,2,yat,0,0.000171,0.001191,0.00101,0.000395,0.001173,0.001449,0.003612,0.000595,0.001897,0.002968,0.00526,1.3e-05,0.000715,0.000425,0.002269,6.2e-05,3.5e-05,0.000363,0.000152,5.2e-05,6.8e-05,0.000336,1.2e-05,6.3e-05,0.000226,0.000325,3.3e-05,7e-06,3e-06,1.4e-05,9.5e-05,0.000291,1.6e-05,3e-06,7e-06,0.000181,0.00021,0.000134,0.000119,0.000406
720,2,adi,0,2.1e-05,0.000112,0.000149,4.1e-05,3.7e-05,2.2e-05,0.000227,0.000143,0.000367,6.2e-05,0.000134,2.8e-05,0.000177,2.2e-05,1.1e-05,1.8e-05,2.8e-05,2.5e-05,2.5e-05,1.1e-05,2.9e-05,3.4e-05,1e-05,0.00043,0.000239,0.000106,2.3e-05,1.2e-05,2e-05,5.9e-05,7e-06,1.5e-05,6.8e-05,1.3e-05,1.7e-05,0.000352,0.000259,0.000254,0.000175,0.000666
721,1,iah,1,0.999711,0.999625,0.999934,0.99996,0.999823,0.998851,0.99933,0.999147,0.998435,0.99952,0.99885,0.999978,0.999444,0.999951,0.999733,0.997385,0.999384,0.998857,0.999625,0.999778,0.985098,0.997171,0.983177,0.979439,0.999552,0.956708,0.936718,0.945004,0.907103,0.991202,0.957163,0.958521,0.962696,0.87689,0.996097,0.999273,0.999671,0.999503,0.999751,0.998798
722,2,ari,1,0.999645,0.999908,0.999586,0.999777,0.999913,0.999636,0.999012,0.999439,0.999573,0.999721,0.998403,0.999955,0.998528,0.999263,0.999751,0.999839,0.999902,0.99985,0.999863,0.999921,0.999994,0.999994,0.999998,0.999992,0.999997,0.999998,0.999995,1.0,0.999997,0.999998,0.999998,0.999997,1.0,0.999998,1.0,0.999711,0.999739,0.999752,0.999773,0.999611
723,2,fah,1,0.999479,0.99213,0.999947,0.999944,0.990261,0.997401,0.998529,0.978675,0.994857,0.995905,0.994993,0.999176,0.991626,0.999093,0.994665,0.999846,0.999857,0.999606,0.99966,0.999802,0.986927,0.953897,0.998279,0.998696,0.998596,0.993478,0.983223,0.995298,0.986072,0.997966,0.990918,0.947415,0.994427,0.989881,0.997457,0.999251,0.999612,0.99872,0.999677,0.998196
724,3,man,0,3e-06,9e-06,1e-05,7e-05,5.4e-05,9e-06,2.3e-05,2e-05,2.5e-05,3.9e-05,3.7e-05,1.2e-05,0.000112,2.9e-05,2.8e-05,1.3e-05,1.2e-05,1.3e-05,1.9e-05,1.2e-05,2e-06,2e-06,0.0,1.4e-05,3e-06,0.0,0.0,0.0,0.0,0.0,0.0,0.0,0.0,0.0,0.0,0.000152,0.000161,0.000145,9.8e-05,0.000225
725,2,tra,0,5.3e-05,7.7e-05,8.7e-05,8.4e-05,4.8e-05,0.000361,0.000243,2.3e-05,0.000299,3.6e-05,0.000368,2e-05,0.000857,1.6e-05,8.2e-05,0.000112,8.8e-05,6.8e-05,4.4e-05,4e-05,2.2e-05,0.001675,1.3e-05,0.000251,6.5e-05,0.000291,0.000168,9e-06,1e-05,3e-06,0.000272,0.00028,0.000304,4e-05,2e-06,0.000471,0.000316,0.000453,0.000205,0.001227
726,2,ati,1,0.999655,0.999537,0.999952,0.999885,0.999884,0.999866,0.999891,0.999919,0.999483,0.999747,0.999959,0.99961,0.999451,0.9995,0.999717,0.999955,0.999923,0.999907,0.999891,0.99996,0.999901,0.999926,0.999901,0.999743,0.99994,0.999067,0.999662,0.99992,0.999809,0.998994,0.999786,0.99972,0.999734,0.999877,0.999932,0.999523,0.999448,0.999569,0.999643,0.999139
727,2,tra,0,2e-05,5e-06,2.8e-05,8e-06,3.4e-05,0.000114,3.6e-05,1.2e-05,0.000155,6e-06,1.5e-05,1.1e-05,0.001419,1.3e-05,4e-05,1.8e-05,3.2e-05,4.5e-05,2.8e-05,9e-06,7e-06,3.6e-05,1e-06,3e-06,4e-06,1e-06,0.0,0.0,0.0,0.0,0.0,0.0,0.0,0.0,0.0,0.00015,0.000141,0.000135,9.1e-05,0.000236
728,3,ati,1,0.999502,0.999958,0.999832,0.999447,0.999826,0.999397,0.99978,0.999293,0.999172,0.999142,0.99968,0.996202,0.998994,0.998853,0.999553,0.999935,0.999901,0.999922,0.999922,0.999923,0.999969,0.999999,0.999999,0.99977,0.999787,0.999999,1.0,1.0,1.0,1.0,1.0,1.0,1.0,1.0,0.999999,0.999727,0.999739,0.99973,0.999734,0.999537
729,2,wan,0,0.000123,3.2e-05,9.8e-05,6.2e-05,0.000801,0.000263,0.000424,0.000346,0.00037,0.000238,0.001384,8.1e-05,9.9e-05,0.000333,0.00047,7.1e-05,7.6e-05,0.000138,5.3e-05,2.8e-05,3.9e-05,0.000109,1.2e-05,8.7e-05,0.000117,6.9e-05,2.6e-05,5e-06,6.2e-05,8.9e-05,8.8e-05,1.7e-05,0.000105,1.5e-05,2e-05,0.000176,0.000157,0.000142,0.000136,0.000335
730,2,ani,1,0.999953,0.999728,0.999974,0.99982,0.999788,0.998468,0.997365,0.997503,0.986652,0.996873,0.99839,0.995417,0.995462,0.999118,0.998701,0.998094,0.999098,0.997547,0.999399,0.99794,0.580008,0.55234,0.626053,0.582574,0.519549,0.606422,0.577788,0.540547,0.53322,0.610678,0.570624,0.587211,0.612958,0.504852,0.623406,0.539257,0.562371,0.571446,0.55591,0.536121
731,4,. s,1,0.99989,0.999749,0.999706,0.999943,0.999981,0.999972,0.999996,0.999984,0.99998,0.999992,0.99989,0.999975,0.999506,0.99996,0.999977,0.999948,0.999914,0.999898,0.999964,0.999943,0.997696,0.994909,0.991872,0.996834,0.966268,0.990954,0.998723,0.999917,0.990217,0.939957,0.999982,0.999799,0.998805,0.994681,0.95632,0.998666,0.996354,0.996604,0.998282,0.993601
732,1,man,0,0.021108,0.000453,0.071365,0.001059,0.013426,0.006911,0.05373,0.005778,0.026439,0.00513,0.002426,0.008241,0.004716,0.004236,0.002157,0.000371,0.08208,0.090573,0.017489,0.001621,0.654147,0.569431,0.594292,0.543425,0.512678,0.619452,0.578886,0.541518,0.548238,0.586202,0.518062,0.593684,0.573601,0.516451,0.642789,0.538217,0.567588,0.569592,0.558031,0.522966
733,1,rti,1,0.99787,0.957275,0.997106,0.99901,0.964454,0.97906,0.947607,0.969068,0.873655,0.899425,0.915698,0.927872,0.97486,0.881377,0.869769,0.995987,0.937992,0.994014,0.982408,0.991106,0.654147,0.569431,0.594292,0.543425,0.512678,0.619452,0.578886,0.541518,0.548238,0.586202,0.518062,0.593684,0.573601,0.516451,0.642789,0.538217,0.567588,0.569592,0.558031,0.522966
734,1,ati,1,0.999679,0.999973,0.999787,0.999924,0.99982,0.998214,0.999263,0.996531,0.998682,0.997411,0.998354,0.993396,0.99805,0.993437,0.991965,0.999395,0.998937,0.99928,0.999675,0.999058,0.654147,0.569431,0.594292,0.543425,0.512678,0.619452,0.578886,0.541518,0.548238,0.586202,0.518062,0.593684,0.573601,0.516451,0.642789,0.538217,0.567588,0.569592,0.558031,0.522966
735,1,ani,1,0.999755,0.999495,0.999809,0.999532,0.998029,0.998085,0.980221,0.993789,0.981307,0.943472,0.998488,0.999489,0.991953,0.973079,0.994753,0.997455,0.996621,0.991421,0.996919,0.996847,0.99999,0.998932,0.999988,0.999929,0.999849,0.9913,0.993103,0.999031,0.999977,0.996037,0.997755,0.994449,0.988767,0.999597,0.999272,0.998443,0.99957,0.999609,0.99983,0.999519
736,2,tra,0,0.000245,6.1e-05,0.000101,3e-05,0.001632,0.002754,0.001548,0.000224,0.001479,0.00026,0.000214,7.9e-05,0.003398,0.000267,0.002003,0.000121,0.000318,0.001272,5.4e-05,0.000213,3.2e-05,0.006649,0.000173,0.000581,0.011944,0.001443,0.017981,0.000112,0.000278,0.002084,0.000616,0.007872,0.00284,0.000143,0.001218,0.00016,0.000167,0.000172,0.000111,0.000419
737,1,ani,1,0.976359,0.996719,0.994118,0.99968,0.994523,0.999053,0.994188,0.996886,0.991576,0.996603,0.997988,0.997831,0.989878,0.95504,0.995437,0.993327,0.992077,0.993977,0.992183,0.99154,0.999449,0.99827,0.97688,0.999135,0.974466,0.986478,0.988096,0.97905,0.83698,0.94337,0.986859,0.996425,0.829161,0.976996,0.963784,0.99971,0.999673,0.999691,0.99978,0.997823
738,2,mar,0,0.055978,0.693233,0.134523,0.158919,0.81875,0.242452,0.104131,0.027797,0.295397,0.163072,0.386684,0.354914,0.525906,0.060024,0.527118,0.081365,0.008923,0.539966,0.081381,0.148157,0.928623,0.066667,0.051788,0.339569,0.009836,0.40751,0.030909,0.021733,0.452163,0.09363,0.142731,0.074315,0.277058,0.210208,0.008746,0.025414,0.002113,0.000955,0.010727,0.115109
739,1,man,0,0.000531,0.000544,0.005341,0.001807,0.011519,0.006362,0.005214,0.005123,0.002622,0.001327,0.010135,0.000845,0.010503,0.00463,0.010597,0.001158,0.000441,0.002272,0.002291,0.000558,0.006155,0.242187,0.25668,0.007981,8.1e-05,0.087865,0.334338,0.106922,0.003954,0.000401,0.008641,0.096239,0.100348,0.009081,0.000862,0.01418,0.006213,0.001648,0.00014,0.109359
740,2,hid,0,0.003985,0.005729,0.003021,0.000949,0.008006,0.011094,0.003748,0.004458,0.004704,0.022123,0.003686,0.000568,0.009196,0.004141,0.001193,0.000228,0.002115,0.000243,0.000278,0.000504,0.000477,3.5e-05,2e-06,0.000234,3.9e-05,0.00066,0.000192,1.4e-05,1.2e-05,0.000127,0.00015,0.000445,0.000104,6e-06,7e-06,0.000222,0.000163,0.000135,0.000124,0.000254
741,2,roh,1,0.99868,0.999477,0.999954,0.999859,0.999557,0.999865,0.999975,0.999621,0.999775,0.999828,0.999916,0.999974,0.999874,0.999649,0.999972,0.99995,0.999909,0.999914,0.999961,0.999946,0.999996,0.999986,1.0,0.999911,0.999982,0.999991,1.0,1.0,0.999988,0.99994,1.0,1.0,0.999999,0.999985,0.999959,0.999689,0.999744,0.999732,0.999819,0.999668
742,2,wan,0,0.000132,0.000166,0.000222,0.000142,0.000343,5.7e-05,6.3e-05,0.000443,9.2e-05,9.3e-05,0.000504,4.9e-05,0.00041,9.9e-05,0.000487,2.4e-05,4.2e-05,7.7e-05,9e-05,3.6e-05,1.7e-05,1.5e-05,3e-06,9.2e-05,9e-06,1e-05,3e-06,0.0,1e-06,1.1e-05,2e-05,3e-06,0.0,1e-06,2e-06,0.000149,0.000149,0.000141,0.0001,0.000244
743,2,ila,1,0.964005,0.995616,0.999759,0.999942,0.998722,0.995836,0.989096,0.997026,0.997106,0.997014,0.990125,0.988872,0.998258,0.999236,0.998508,0.999456,0.999222,0.999513,0.999651,0.99964,0.988005,0.982316,0.975629,0.989913,0.998383,0.988766,0.968217,0.995297,0.996071,0.996596,0.994771,0.981056,0.996486,0.982648,0.998871,0.999392,0.999181,0.999568,0.99858,0.997695
744,2,kir,0,1.4e-05,8e-05,0.000675,0.000321,0.000235,0.000203,0.000283,6.8e-05,9.4e-05,0.000189,0.000109,7.1e-05,0.000329,5.5e-05,0.000122,6.9e-05,0.000112,7.7e-05,4.5e-05,4.9e-05,0.004618,8e-06,0.001091,0.000185,4.3e-05,0.001099,7e-06,0.000306,2e-06,7.8e-05,0.002209,3.3e-05,0.002188,1e-05,2.8e-05,0.000151,0.000219,0.000242,0.000133,0.003355
745,2,sah,0,0.000601,0.001516,0.000103,0.000613,4.3e-05,0.000171,0.000282,3.9e-05,0.000148,4.3e-05,1.5e-05,3.2e-05,0.000145,0.000122,1.2e-05,0.000144,4.9e-05,8.4e-05,5.9e-05,5e-05,0.016704,0.001682,3.3e-05,0.000335,0.001083,0.002378,0.003442,0.000486,7e-06,0.0002,0.001109,0.032841,0.003575,1.9e-05,0.000481,0.000255,0.000199,0.000159,0.000154,0.000452
746,1,ziz,0,0.000415,0.000185,0.0002,0.003578,0.009895,0.007251,0.008726,0.003321,0.036015,0.00765,0.006746,6.1e-05,0.004096,0.000903,0.003214,0.011311,0.028399,0.032836,0.00242,0.003048,0.000417,0.001298,0.000517,0.000986,0.000752,0.003054,0.003905,0.000876,0.001596,0.00094,0.006335,0.002546,0.006929,0.002316,0.001473,0.000245,0.000158,0.000163,0.000145,0.00062
747,1,oto,0,0.000569,0.000858,0.001709,0.001356,0.000309,0.003363,0.012077,0.001891,0.0049,0.001376,0.00293,0.002295,0.002504,0.004458,0.004749,8.2e-05,0.000281,0.000191,0.000251,2.2e-05,0.654147,0.569431,0.594292,0.543425,0.512678,0.619452,0.578886,0.541518,0.548238,0.586202,0.518062,0.593684,0.573601,0.516451,0.642789,0.538217,0.567588,0.569592,0.558031,0.522966
748,1,nar,1,0.018717,0.060107,0.036389,0.042,0.261,0.0184,0.08535,0.084128,0.118401,0.161116,0.046205,0.094114,0.135291,0.009016,0.426032,0.085066,0.018546,0.004564,0.004077,0.02454,0.637114,0.60614,0.018579,0.001947,0.59559,0.830387,0.721758,0.31951,0.277415,0.721291,0.714466,0.595775,0.531327,0.156685,0.752352,0.826117,0.972126,0.997372,0.997169,0.998776
749,2,nto,0,0.001773,0.001927,0.007978,0.000829,0.007623,0.000668,0.00259,0.001443,0.011014,0.000414,0.001769,0.002706,0.00284,0.001332,0.002804,0.00044,0.000166,0.001289,0.000285,0.00013,4.2e-05,1.6e-05,0.000251,0.000138,0.000126,0.005352,2e-06,0.008632,3.6e-05,0.00056,0.00065,3e-06,0.039021,4.4e-05,0.00034,0.000168,0.000211,0.000157,0.00011,0.000765
750,2,nto,0,0.000519,0.000144,0.001392,0.001099,0.000596,0.000414,0.000374,0.001112,0.000239,0.000506,0.001459,0.000155,0.000494,0.001767,0.000771,8.2e-05,9.1e-05,0.000546,9.9e-05,4.7e-05,0.000656,0.00065,5.5e-05,0.00288,0.000541,0.001218,0.000824,3.1e-05,0.001413,0.000946,0.000557,0.003025,0.001788,0.000601,5.6e-05,0.000162,0.000152,0.000151,0.000109,0.00038
751,2,nab,1,0.999285,0.999114,0.999038,0.998453,0.999205,0.999394,0.999393,0.988548,0.995524,0.998584,0.997968,0.999941,0.997765,0.997734,0.998438,0.999902,0.999764,0.999713,0.999811,0.999802,0.99997,0.999966,0.999999,0.999979,0.999808,0.999996,1.0,1.0,0.999996,0.999992,0.999999,0.999998,0.999996,0.999966,0.999995,0.999687,0.999739,0.999734,0.999787,0.999637
752,3,aya,0,0.000281,7.3e-05,0.000139,0.000189,0.000102,0.000815,0.000643,0.000255,0.000423,9.5e-05,0.001254,1e-06,0.000275,0.000333,0.000109,4.3e-05,4.2e-05,2.8e-05,4.2e-05,3.8e-05,1.6e-05,3.1e-05,1.1e-05,0.000363,1.3e-05,2e-05,2e-06,0.0,2.5e-05,1e-06,2e-06,2e-06,6e-06,2e-05,0.0,0.000162,0.000153,0.000187,0.000108,0.000227
753,1,min,0,0.095993,0.837608,0.094314,0.16923,0.011086,0.01632,0.064539,0.134124,0.147585,0.220951,0.049845,0.004175,0.473852,0.159219,0.037861,0.001463,0.003475,0.004775,0.000262,0.256958,0.654147,0.569431,0.594292,0.543425,0.512678,0.619452,0.578886,0.541518,0.548238,0.586202,0.518062,0.593684,0.573601,0.516451,0.642789,0.538217,0.567588,0.569592,0.558031,0.522966
754,1,ari,1,0.999943,0.999944,0.999965,0.999849,0.99992,0.997448,0.997035,0.997477,0.981773,0.997456,0.996043,0.999627,0.997146,0.995914,0.997929,0.998358,0.989505,0.996149,0.996609,0.991936,0.999961,0.999828,0.999989,0.999953,0.999849,0.99862,0.998422,0.999788,0.999242,0.99958,0.99746,0.998072,0.99943,0.999492,0.999468,0.999727,0.999658,0.999739,0.999836,0.999698
755,3,fur,0,2.3e-05,0.00055,0.000294,0.000235,0.000201,0.000726,0.000892,0.003985,0.002084,0.001095,0.00065,0.000566,0.003327,0.001429,0.00064,0.000107,6.3e-05,5.8e-05,5.7e-05,2.5e-05,3e-06,5e-05,3e-06,2.2e-05,1e-05,1e-06,2e-06,0.0,1e-06,0.0,1e-06,4e-06,1e-06,0.0,0.0,0.000168,0.000168,0.000175,0.000108,0.000236
756,2,tra,0,0.021463,0.014444,0.033207,0.188093,0.312075,0.006534,0.00715,0.040239,0.011064,0.006807,0.007344,0.016082,0.04835,0.013921,0.017038,0.036881,0.207702,0.017014,0.011758,0.002123,0.00012,4.1e-05,9.4e-05,5e-05,0.000162,0.000814,0.000625,0.000356,0.000173,0.002459,0.000677,0.000107,0.004495,4.5e-05,0.002246,0.000717,0.000144,0.001693,0.00012,0.001697
757,2,ari,1,0.999926,0.999973,0.999985,0.999949,0.999939,0.999836,0.999929,0.999886,0.999512,0.999917,0.999762,0.999972,0.999664,0.999861,0.999951,0.999632,0.999892,0.999795,0.999888,0.9999,0.999998,0.999996,1.0,0.999992,0.999997,0.999997,0.999994,1.0,0.999999,0.999999,0.999996,0.999978,0.999999,1.0,1.0,0.999734,0.999723,0.99974,0.999788,0.999647
758,1,iur,0,0.004232,0.011915,0.005832,0.009414,0.079573,0.061376,0.046671,0.035152,0.019743,0.102221,0.035237,0.006872,0.063556,0.085746,0.027332,0.029137,0.179502,0.08077,0.012448,0.096177,0.654147,0.569431,0.594292,0.543425,0.512678,0.619452,0.578886,0.541518,0.548238,0.586202,0.518062,0.593684,0.573601,0.516451,0.642789,0.538217,0.567588,0.569592,0.558031,0.522966
759,2,nti,1,0.999962,0.999977,0.99977,0.999641,0.999722,0.999062,0.998552,0.999147,0.996107,0.998084,0.999512,0.999322,0.99914,0.99893,0.996329,0.99989,0.999901,0.999814,0.999782,0.999923,0.999991,0.999998,0.999999,0.999963,0.999966,0.99998,0.999995,1.0,0.999998,0.999978,0.999993,0.999997,0.999997,0.999991,0.999992,0.999719,0.999744,0.999759,0.99979,0.999642
760,3,ika,1,0.982026,0.999703,0.998909,0.999263,0.999081,0.997048,0.999533,0.999613,0.997812,0.999207,0.998539,0.999855,0.998417,0.999812,0.999093,0.999719,0.999852,0.998858,0.999445,0.999336,0.978881,0.977636,0.950338,0.988846,0.963267,0.977622,0.99229,0.767199,0.925973,0.757273,0.997911,0.848107,0.984082,0.924157,0.875729,0.964778,0.960387,0.993108,0.9105,0.992925
761,4,ens,0,0.00137,0.000662,8.3e-05,0.000159,0.000184,0.000117,7.3e-05,0.000106,8.1e-05,0.000208,0.000237,7e-05,0.001027,0.000131,7.1e-05,4.1e-05,4.2e-05,0.000125,0.000187,7.2e-05,0.032475,0.00241,0.033781,0.017782,0.000531,0.004956,0.000197,0.000297,0.00185,0.000745,0.001346,0.000786,0.000512,8.6e-05,2.2e-05,0.003158,0.002635,0.00409,0.003638,0.02379
762,2,lah,0,0.02617,0.033741,0.029528,0.133361,0.004192,0.006435,0.005721,0.012642,0.003359,0.002158,0.003065,0.012857,0.009051,0.005498,0.002405,0.016183,0.122333,0.091867,0.102242,0.001505,0.256935,0.011622,0.000313,0.216208,0.292723,0.093865,0.004665,0.008362,0.136709,0.040205,0.295663,0.01115,0.021384,0.038128,0.062607,0.000994,0.008234,0.000276,0.010776,0.00205
763,2,ini,1,0.999989,0.999857,0.999833,0.999976,0.999358,0.998552,0.997155,0.998358,0.995179,0.992773,0.997914,0.999706,0.999426,0.999402,0.996412,0.999617,0.999821,0.999788,0.999535,0.999851,0.9999,0.999868,0.999992,0.999944,0.999978,0.999981,0.999842,0.999988,0.999941,0.999931,0.99998,0.999663,0.99996,0.999917,0.999978,0.999562,0.99957,0.999513,0.999728,0.999316
764,1,man,0,0.000837,0.000876,0.008672,0.00186,0.006195,0.032407,0.028592,0.020546,0.027572,0.013701,0.009026,0.019709,0.015926,0.006577,0.024255,0.002259,0.003299,0.012656,0.019391,0.000472,0.002559,0.476772,2.2e-05,0.022111,0.01198,0.031337,0.351124,0.000832,0.004914,0.012446,0.012131,0.362638,0.011169,0.021711,0.014905,0.000458,0.00014,0.000163,0.000166,0.007059
765,3,tri,1,0.999843,0.999989,0.999826,0.999959,0.999938,0.999797,0.999834,0.999788,0.999573,0.99982,0.999673,0.999935,0.999331,0.999934,0.999841,0.999964,0.999926,0.999931,0.99995,0.999962,0.999935,0.99966,0.999994,0.999825,0.999985,0.999873,0.999963,0.999992,0.999946,0.999955,0.999996,0.999994,0.999993,0.999986,0.999998,0.999452,0.999635,0.99965,0.999747,0.999444
766,1,uyo,0,0.000251,8.6e-05,0.000567,0.000134,0.001988,0.009451,0.009627,0.005541,0.020938,0.001719,0.006107,0.001329,0.019124,0.002577,0.002775,0.005935,0.000196,0.00033,0.005711,0.001908,0.004224,0.109865,0.00078,0.00069,5.8e-05,0.014681,0.053866,0.007702,0.004466,0.00866,0.022366,0.056035,0.035361,0.005358,0.005417,0.000179,0.000228,0.000153,0.000276,0.000573
767,1,ini,1,0.998913,0.999233,0.999989,0.999582,0.998741,0.996845,0.993335,0.98514,0.979097,0.986233,0.998148,0.999553,0.986202,0.984972,0.993279,0.993442,0.991877,0.99456,0.996231,0.996928,0.999838,0.999306,0.99999,0.998486,0.999898,0.998613,0.994376,0.999984,0.999921,0.997832,0.999318,0.99495,0.999848,0.999808,0.999856,0.999647,0.999714,0.999652,0.999826,0.999606
768,2,eli,1,0.938463,0.695088,0.938154,0.434197,0.852509,0.71566,0.646523,0.83536,0.667064,0.546817,0.843443,0.792682,0.966867,0.767014,0.183949,0.69974,0.833814,0.380652,0.584776,0.943824,0.999578,0.994064,0.988915,0.989499,0.994109,0.991298,0.9845,0.989304,0.996282,0.993618,0.998323,0.92629,0.95265,0.989405,0.997912,0.994507,0.998617,0.999298,0.997328,0.998195
769,1,nto,0,0.000161,0.000848,0.000149,0.000473,9.3e-05,0.000604,0.000624,9.2e-05,0.000353,0.000189,0.000162,0.000177,0.00123,0.000171,5.5e-05,2.3e-05,2.7e-05,4.1e-05,8.4e-05,1.2e-05,0.005924,0.002796,0.000812,0.002194,0.070655,0.080599,0.0037,0.005643,0.002704,0.340327,0.003676,0.005765,0.029153,0.002254,0.041707,0.009585,0.000967,0.000543,0.000149,0.019036
770,1,ani,1,0.999411,0.995065,0.999842,0.999901,0.999419,0.999302,0.994087,0.996932,0.992901,0.985906,0.997004,0.999318,0.997407,0.989541,0.997226,0.993622,0.997639,0.996884,0.994771,0.998171,0.999302,0.994731,0.99996,0.977341,0.998794,0.987009,0.974163,0.999251,0.993436,0.885429,0.981139,0.992581,0.995789,0.891474,0.961552,0.99715,0.999303,0.998151,0.999698,0.999572
771,3,zka,1,0.243314,0.958925,0.786,0.822117,0.893455,0.724212,0.9593,0.479942,0.534504,0.901815,0.770604,0.921082,0.860928,0.548797,0.960908,0.937714,0.977798,0.958199,0.402029,0.631371,0.652655,0.987972,0.978869,0.958844,0.976363,0.992904,0.995443,0.953128,0.987911,0.989148,0.995223,0.991684,0.994375,0.987132,0.994483,0.998096,0.984742,0.924962,0.995084,0.935173
772,3,nah,1,0.999979,0.999866,0.999984,0.999964,0.999993,0.999964,0.999978,0.999976,0.99988,0.999918,0.999994,0.999995,0.999939,0.99999,0.999917,0.999941,0.99992,0.999904,0.999904,0.999956,0.999999,0.999999,0.999999,0.999967,0.999902,1.0,1.0,1.0,0.999999,1.0,0.999998,1.0,1.0,0.999993,0.999999,0.999736,0.99973,0.999766,0.999726,0.999554
773,3,tra,0,3e-05,2.8e-05,5e-05,1.1e-05,0.000155,0.000581,0.000177,0.000115,0.000767,0.000191,2.8e-05,2.1e-05,0.00185,2.1e-05,0.000256,2.4e-05,2.4e-05,4.1e-05,2.6e-05,1e-05,4e-06,3e-06,0.0,1.3e-05,7e-06,1e-06,1e-06,0.0,2e-06,0.0,0.0,0.0,0.0,0.0,0.0,0.000155,0.000169,0.000149,0.000102,0.00029
774,3,ani,1,0.999956,0.999942,0.999947,0.999953,0.999976,0.999987,0.999941,0.999943,0.999982,0.99992,0.999921,0.999631,0.999889,0.999799,0.999965,0.999951,0.999961,0.999926,0.999974,0.999972,0.999999,0.999997,0.999999,0.999992,0.999998,1.0,1.0,1.0,1.0,1.0,1.0,1.0,1.0,1.0,1.0,0.999743,0.999747,0.999766,0.999716,0.999584
775,3,oso,0,0.000969,0.000328,0.000199,0.000739,0.000627,0.003227,0.000742,0.001837,0.000454,0.001061,0.001412,6.7e-05,0.00166,0.001082,0.000447,5e-05,0.000298,0.000332,8.4e-05,6.4e-05,1.5e-05,2e-06,0.000122,0.000148,1.3e-05,4e-06,0.0,0.0,2.2e-05,3e-06,0.0,1e-06,1.6e-05,2.9e-05,0.0,0.000164,0.000143,0.00015,0.000106,0.000228
776,1,han,0,0.663646,0.037352,0.887625,0.653258,0.035659,0.209195,0.250777,0.097604,0.136915,0.082986,0.266284,0.12534,0.198614,0.006104,0.059404,0.001277,0.000839,0.002198,0.001334,0.000623,0.654147,0.569431,0.594292,0.543425,0.512678,0.619452,0.578886,0.541518,0.548238,0.586202,0.518062,0.593684,0.573601,0.516451,0.642789,0.538217,0.567588,0.569592,0.558031,0.522966
777,1,dah,1,0.999291,0.99847,0.999701,0.999931,0.99981,0.984244,0.997794,0.989066,0.994264,0.993151,0.993954,0.999939,0.986387,0.981116,0.996784,0.99974,0.999607,0.999383,0.999368,0.999325,0.654147,0.569431,0.594292,0.543425,0.512678,0.619452,0.578886,0.541518,0.548238,0.586202,0.518062,0.593684,0.573601,0.516451,0.642789,0.538217,0.567588,0.569592,0.558031,0.522966
778,3,tra,0,6.8e-05,0.001104,0.000753,0.000794,0.000678,0.001027,0.003847,0.00012,0.026079,0.000207,0.000899,8.4e-05,0.002911,0.001511,0.00385,0.000224,0.000353,0.000697,0.000523,0.000308,1e-05,0.018316,2e-06,2.5e-05,3.4e-05,8e-06,2e-06,1e-06,0.0,0.0,8e-06,3e-06,8e-06,0.0,0.0,0.000184,0.000193,0.000146,0.000156,0.000243
779,2,ela,1,0.972828,0.990051,0.925405,0.990239,0.99646,0.983555,0.990861,0.989399,0.974114,0.966572,0.991099,0.996628,0.995504,0.997436,0.995454,0.999581,0.99991,0.999678,0.9996,0.999843,0.999402,0.999808,0.999955,0.999791,0.999469,0.999138,0.999854,0.999989,0.999314,0.99919,0.999775,0.999726,0.999747,0.999095,0.999767,0.9995,0.999555,0.999586,0.999727,0.999142
780,1,han,0,0.663646,0.037352,0.887625,0.653258,0.035659,0.209195,0.250777,0.097604,0.136915,0.082986,0.266284,0.12534,0.198614,0.006104,0.059404,0.001277,0.000839,0.002198,0.001334,0.000623,0.654147,0.569431,0.594292,0.543425,0.512678,0.619452,0.578886,0.541518,0.548238,0.586202,0.518062,0.593684,0.573601,0.516451,0.642789,0.538217,0.567588,0.569592,0.558031,0.522966
781,1,ani,1,0.993513,0.996667,0.999083,0.998464,0.987072,0.991393,0.961267,0.942358,0.880946,0.975228,0.995175,0.994695,0.98601,0.98355,0.963166,0.985261,0.988295,0.99269,0.954819,0.997935,0.999843,0.999434,0.999993,0.999764,0.99988,0.999535,0.997281,0.999693,0.997124,0.994622,0.999544,0.993319,0.998251,0.954803,0.99947,0.99967,0.999732,0.999676,0.999838,0.999663
782,3,'in,0,6e-06,6.4e-05,0.000124,0.000236,0.000432,1.6e-05,7.9e-05,0.000318,2.8e-05,1.9e-05,5.9e-05,4.9e-05,0.000288,0.000321,1.3e-05,2.8e-05,1.8e-05,1.9e-05,2.1e-05,1.4e-05,3e-06,4e-06,3e-05,3.2e-05,7e-06,5e-06,0.0,1e-06,1e-06,1.3e-05,2e-06,0.0,1e-06,1e-06,0.0,0.000232,0.00021,0.000189,0.00012,0.000507
783,3,wan,0,1.4e-05,1e-05,1.1e-05,4.1e-05,5.4e-05,8e-06,5e-06,1.6e-05,3.4e-05,7e-06,2.8e-05,3e-06,7.1e-05,1.8e-05,1.7e-05,8e-06,1.1e-05,1.3e-05,1.8e-05,9e-06,3e-06,2e-06,0.0,1.1e-05,7e-06,1e-06,0.0,0.0,0.0,0.0,0.0,0.0,0.0,0.0,0.0,0.000151,0.000165,0.000152,0.000102,0.000207
784,3,ini,1,0.999958,0.999869,0.999901,0.99998,0.999755,0.999536,0.998383,0.999644,0.998894,0.999689,0.995793,0.999916,0.998942,0.998586,0.998912,0.999773,0.999854,0.999858,0.999842,0.999892,0.999996,0.999999,1.0,0.999966,0.999997,1.0,1.0,1.0,1.0,1.0,1.0,1.0,1.0,0.999999,1.0,0.99973,0.999727,0.999743,0.999765,0.99968
785,1,rno,0,0.000246,0.00011,0.002916,0.002176,0.002172,0.014361,0.020974,0.015651,0.016381,0.005137,0.01266,0.004666,0.012101,0.004814,0.008533,0.033761,0.000618,0.002313,0.016729,8.9e-05,0.654147,0.569431,0.594292,0.543425,0.512678,0.619452,0.578886,0.541518,0.548238,0.586202,0.518062,0.593684,0.573601,0.516451,0.642789,0.538217,0.567588,0.569592,0.558031,0.522966
786,1,ini,1,0.998945,0.997821,0.986307,0.931513,0.260609,0.792216,0.635786,0.841045,0.743178,0.668199,0.517996,0.994047,0.656176,0.473334,0.823568,0.952606,0.767395,0.720666,0.633029,0.905748,0.654147,0.569431,0.594292,0.543425,0.512678,0.619452,0.578886,0.541518,0.548238,0.586202,0.518062,0.593684,0.573601,0.516451,0.642789,0.538217,0.567588,0.569592,0.558031,0.522966
787,1,ito,0,0.101676,0.016999,0.045399,0.056714,0.203706,0.060494,0.47793,0.02962,0.056816,0.015239,0.196229,0.008741,0.723195,0.039744,0.088093,0.000921,0.000375,0.005332,0.001078,0.002793,0.654147,0.569431,0.594292,0.543425,0.512678,0.619452,0.578886,0.541518,0.548238,0.586202,0.518062,0.593684,0.573601,0.516451,0.642789,0.538217,0.567588,0.569592,0.558031,0.522966
788,3,sih,1,0.999629,0.999746,0.999686,0.999948,0.999827,0.999926,0.999852,0.999982,0.999876,0.999836,0.999894,0.999994,0.999734,0.999935,0.999966,0.999928,0.999936,0.999936,0.999953,0.999965,0.999996,0.999984,0.999999,0.999978,0.999972,0.999968,0.999997,0.999999,0.999999,0.99999,0.999999,0.999997,1.0,0.999998,0.999998,0.999618,0.999698,0.999698,0.99973,0.99939
789,1,kun,0,0.235915,0.025659,0.046253,0.055185,0.419257,0.088988,0.126437,0.135767,0.164459,0.029477,0.109742,0.266412,0.076947,0.049937,0.045639,0.469525,0.045281,0.063666,0.07925,0.397789,0.654147,0.569431,0.594292,0.543425,0.512678,0.619452,0.578886,0.541518,0.548238,0.586202,0.518062,0.593684,0.573601,0.516451,0.642789,0.538217,0.567588,0.569592,0.558031,0.522966
790,1,iti,1,0.990496,0.995862,0.999841,0.993172,0.999038,0.998595,0.998291,0.996167,0.985541,0.996143,0.998141,0.99954,0.997894,0.986724,0.995731,0.999319,0.999151,0.998916,0.998838,0.999324,0.654147,0.569431,0.594292,0.543425,0.512678,0.619452,0.578886,0.541518,0.548238,0.586202,0.518062,0.593684,0.573601,0.516451,0.642789,0.538217,0.567588,0.569592,0.558031,0.522966
791,2,adi,0,0.000115,0.001636,0.000108,0.001201,0.000223,0.000662,0.000973,0.000894,0.001075,0.000565,0.001872,4.7e-05,0.000208,0.000103,8.3e-05,4.2e-05,9.1e-05,0.000259,7.9e-05,4.2e-05,5.9e-05,7.6e-05,7e-06,2.7e-05,6.2e-05,0.00043,0.000335,8e-06,1e-06,0.000151,0.000102,0.00033,7e-05,2e-06,5e-06,0.000173,0.000187,0.000143,0.000121,0.00022
792,2,ani,1,0.995884,0.993714,0.999871,0.999343,0.996946,0.997034,0.998782,0.994315,0.991017,0.996647,0.997372,0.996802,0.991883,0.99759,0.998174,0.99986,0.999856,0.999766,0.999898,0.999863,0.999491,0.995815,0.996137,0.998886,0.998892,0.995547,0.998798,0.999987,0.997676,0.999064,0.995217,0.999466,0.997144,0.999055,0.999893,0.999288,0.999386,0.999668,0.999663,0.999261
793,3,odo,0,5.8e-05,0.000312,0.00109,0.000234,0.000275,0.000303,5.5e-05,0.000784,0.000136,0.00062,0.000468,6.9e-05,0.018256,0.000312,0.00127,0.000173,6.5e-05,0.000184,3.7e-05,6.2e-05,5.8e-05,0.000346,4e-06,0.000992,4.4e-05,0.000289,1.5e-05,0.0,0.000207,3e-06,2.8e-05,1.2e-05,1.7e-05,0.000114,0.0,0.000299,0.000233,0.000154,0.000154,0.000278
794,1,man,0,0.022609,0.086195,0.021698,0.02768,0.030573,0.015296,0.063065,0.007722,0.021141,0.038278,0.026382,0.010572,0.008777,0.01494,0.016366,0.005804,0.016243,0.006733,0.00218,0.002609,0.654147,0.569431,0.594292,0.543425,0.512678,0.619452,0.578886,0.541518,0.548238,0.586202,0.518062,0.593684,0.573601,0.516451,0.642789,0.538217,0.567588,0.569592,0.558031,0.522966
795,1,nem,1,0.983081,0.999726,0.996212,0.999883,0.998994,0.967823,0.970063,0.93784,0.954906,0.974068,0.989425,0.999979,0.993621,0.995728,0.998506,0.943254,0.98892,0.757797,0.888249,0.95112,0.654147,0.569431,0.594292,0.543425,0.512678,0.619452,0.578886,0.541518,0.548238,0.586202,0.518062,0.593684,0.573601,0.516451,0.642789,0.538217,0.567588,0.569592,0.558031,0.522966
796,1,ali,0,0.003633,0.008644,0.044948,0.001675,0.00715,0.052794,0.272723,0.289078,0.052782,0.056022,0.01772,0.006342,0.140001,0.036462,0.101068,0.000497,0.009234,0.000971,0.009766,0.022135,0.654147,0.569431,0.594292,0.543425,0.512678,0.619452,0.578886,0.541518,0.548238,0.586202,0.518062,0.593684,0.573601,0.516451,0.642789,0.538217,0.567588,0.569592,0.558031,0.522966
797,2,ani,1,0.999583,0.999675,0.999909,0.99985,0.999604,0.999834,0.99967,0.999519,0.999742,0.99984,0.999075,0.99994,0.998301,0.999866,0.999531,0.999916,0.999934,0.999933,0.999924,0.999967,0.999994,0.999993,0.999999,0.999987,0.999998,0.999986,0.999999,1.0,0.999999,0.999999,0.999999,1.0,1.0,1.0,1.0,0.999726,0.999735,0.999764,0.999747,0.999657
798,1,tno,0,0.008677,0.000618,0.00311,0.030141,0.011548,0.008718,0.010114,0.004445,0.004133,0.002605,0.006855,0.000476,0.027857,0.00882,0.00707,0.000762,7.7e-05,0.001676,0.000225,0.000133,0.02405,0.11609,0.002883,0.058641,0.031196,0.227968,0.307043,0.031046,0.065782,0.137006,0.149988,0.428473,0.111182,0.122111,0.104067,0.00703,0.002348,0.000292,0.000217,0.000603
799,1,sah,1,0.126211,0.02457,0.169405,0.183667,0.921699,0.262327,0.458224,0.179085,0.277067,0.064766,0.478974,0.124109,0.101561,0.125187,0.127235,0.979808,0.628887,0.983596,0.965386,0.864439,0.654147,0.569431,0.594292,0.543425,0.512678,0.619452,0.578886,0.541518,0.548238,0.586202,0.518062,0.593684,0.573601,0.516451,0.642789,0.538217,0.567588,0.569592,0.558031,0.522966
800,3,sah,1,0.997394,0.998442,0.999714,0.999653,0.999813,0.999893,0.999939,0.998878,0.999845,0.998987,0.999723,0.999708,0.997299,0.999487,0.998704,0.999911,0.999896,0.999875,0.99993,0.999936,0.997424,0.999437,0.999345,0.999325,0.99933,0.998555,0.997961,0.999943,0.998925,0.999658,0.999788,0.999792,0.999968,0.999494,0.999997,0.99929,0.999083,0.999615,0.999697,0.998907
801,3,tri,1,0.999951,0.99995,0.999837,0.999969,0.999904,0.999882,0.999943,0.999968,0.999734,0.999863,0.999939,0.999942,0.999549,0.999875,0.999933,0.999923,0.999919,0.999901,0.999915,0.999939,0.999997,0.999996,1.0,0.999992,0.999994,0.999982,0.999994,1.0,0.999997,0.999988,0.999993,0.999978,0.999999,0.999987,0.999997,0.999706,0.999658,0.999676,0.999738,0.999665
802,3,tra,0,1.6e-05,6e-06,6e-05,3e-06,1.9e-05,6e-06,1.4e-05,1.6e-05,2.5e-05,2e-06,1.2e-05,5e-06,0.0011,8e-06,2.7e-05,2.4e-05,2e-05,3.3e-05,1.5e-05,1.9e-05,1e-06,0.0,0.0,2e-06,2e-06,0.0,0.0,0.0,0.0,0.0,0.0,0.0,0.0,0.0,0.0,0.000154,0.000156,0.000139,0.000105,0.000237
803,1,din,0,0.01612,0.063918,0.835203,0.234957,0.230327,0.031663,0.044059,0.021085,0.054387,0.013756,0.167362,0.0376,0.255133,0.490455,0.076756,0.015409,0.049075,0.006397,0.338793,0.440747,0.654147,0.569431,0.594292,0.543425,0.512678,0.619452,0.578886,0.541518,0.548238,0.586202,0.518062,0.593684,0.573601,0.516451,0.642789,0.538217,0.567588,0.569592,0.558031,0.522966
804,1,rti,1,0.999612,0.999172,0.999899,0.999236,0.996582,0.995399,0.997515,0.998692,0.986684,0.996065,0.972521,0.999816,0.993656,0.988103,0.986124,0.99919,0.99919,0.998866,0.995337,0.998711,0.654147,0.569431,0.594292,0.543425,0.512678,0.619452,0.578886,0.541518,0.548238,0.586202,0.518062,0.593684,0.573601,0.516451,0.642789,0.538217,0.567588,0.569592,0.558031,0.522966
805,3,tra,0,5.5e-05,0.00113,0.000518,5.3e-05,0.001016,0.000546,0.000198,9.5e-05,0.000374,5.4e-05,0.000195,4.6e-05,0.001724,0.000676,4e-05,5.7e-05,8e-05,0.000143,4.2e-05,4.7e-05,0.000144,4.6e-05,1e-06,6e-06,6e-06,7e-06,1e-06,0.0,3e-06,0.0,4e-06,0.0,1e-06,0.0,0.0,0.000161,0.000158,0.000137,0.000109,0.000344
806,3,lah,0,0.004389,0.009624,0.011226,0.059047,0.003114,0.011659,0.030536,0.005143,0.006827,0.009619,0.00445,0.000645,0.049422,0.003757,0.003637,0.000978,0.000354,0.001077,0.002031,0.001658,0.001961,0.001673,0.003407,0.005043,0.013343,0.014123,0.002546,0.017632,0.008217,0.002552,0.000193,0.000209,0.001642,0.021608,0.006237,0.000389,0.000252,0.000306,0.000241,0.00048
807,3,tya,0,0.012368,0.008632,0.008502,0.001989,0.001619,0.011502,0.046531,0.005433,0.01506,0.001946,0.004225,0.005218,0.022237,0.006604,0.000891,0.00068,0.008542,0.012912,0.005149,0.022295,1e-06,0.001568,6e-06,0.003144,0.0001,6.5e-05,2.8e-05,1e-06,1e-05,2e-06,2e-05,7e-06,2.7e-05,1e-06,4e-06,0.000269,0.000159,0.000166,0.000153,0.002259
808,1,din,0,0.004229,0.003853,0.011186,0.019455,0.003528,0.023412,0.017366,0.017756,0.024737,0.024263,0.004466,0.005416,0.034936,0.015895,0.01663,0.001477,0.001353,0.003028,0.044055,0.001307,0.001977,0.017183,0.008174,0.030536,0.006579,0.130821,0.009065,0.035653,0.015979,0.15089,0.063916,0.079652,0.123021,0.011434,0.018841,0.008611,0.000171,0.000144,0.000174,0.001448
809,1,wen,1,0.227062,0.080073,0.842091,0.209913,0.045447,0.098298,0.547675,0.073519,0.41742,0.472728,0.121213,0.523361,0.372328,0.198656,0.487632,0.005941,0.001973,0.007222,0.0158,0.006776,0.654147,0.569431,0.594292,0.543425,0.512678,0.619452,0.578886,0.541518,0.548238,0.586202,0.518062,0.593684,0.573601,0.516451,0.642789,0.538217,0.567588,0.569592,0.558031,0.522966
810,4,' i,0,0.184742,0.006441,0.010552,0.000209,0.00129,0.026348,0.009069,0.0104,0.002034,0.032849,0.003456,0.005515,0.006054,0.004949,0.06537,0.004176,0.000154,0.00167,9.1e-05,0.024103,0.370611,0.266029,0.149301,0.506715,0.064707,0.579632,0.46019,0.413267,0.348145,0.214588,0.012868,0.162852,0.869864,0.443507,0.728387,0.076801,0.048257,0.069792,0.121694,0.286719
811,1,rti,1,0.999595,0.999815,0.99732,0.999509,0.999674,0.997325,0.999019,0.998665,0.993666,0.999506,0.996288,0.999915,0.998302,0.991961,0.998368,0.998158,0.99892,0.998942,0.99902,0.998644,0.999986,0.999884,0.999921,0.999665,0.997723,0.99652,0.984575,0.999348,0.999173,0.9451,0.99561,0.996853,0.995264,0.997986,0.996881,0.999081,0.999674,0.999658,0.999787,0.998897
812,2,ana,0,1.7e-05,0.00029,0.000987,9.6e-05,8.2e-05,0.000177,0.000172,0.000243,0.000469,0.000161,5.4e-05,4.2e-05,0.000729,4.2e-05,0.000226,4e-05,6.3e-05,8.9e-05,3.7e-05,1.5e-05,2e-06,4e-06,1e-06,1.7e-05,9e-06,2e-06,1e-05,0.0,0.0,1.6e-05,4e-06,3.8e-05,4e-06,1e-06,0.0,0.00018,0.000149,0.000152,0.000114,0.000261
813,3,a'i,0,0.000122,0.00177,0.000989,0.000388,0.001752,0.000582,0.002952,0.004199,0.002157,0.001616,0.000853,2.2e-05,0.005889,4.1e-05,0.000963,5.3e-05,6.7e-05,0.000257,8.3e-05,0.000111,4.3e-05,1e-06,5.9e-05,7.4e-05,9.9e-05,2.9e-05,8.4e-05,1e-06,1.3e-05,0.0,0.000206,4e-05,2e-06,4e-06,0.0,0.000184,0.000196,0.000159,0.000102,0.006595
814,1,idi,0,0.000104,0.000252,0.002776,0.018666,0.005617,0.007003,0.071311,0.027999,0.03434,0.006527,0.004923,0.000261,0.007987,0.003275,0.004271,0.000581,0.00051,0.00103,0.001634,0.002384,0.654147,0.569431,0.594292,0.543425,0.512678,0.619452,0.578886,0.541518,0.548238,0.586202,0.518062,0.593684,0.573601,0.516451,0.642789,0.538217,0.567588,0.569592,0.558031,0.522966
815,1,jem,1,0.158039,0.015339,0.013372,0.025668,0.013145,0.012095,0.019501,0.006558,0.110929,0.023626,0.021568,0.049615,0.011567,0.461038,0.073894,0.004862,0.058486,0.083767,0.018902,0.009355,0.654147,0.569431,0.594292,0.543425,0.512678,0.619452,0.578886,0.541518,0.548238,0.586202,0.518062,0.593684,0.573601,0.516451,0.642789,0.538217,0.567588,0.569592,0.558031,0.522966
816,1,lim,0,0.041892,0.007853,0.009311,0.040694,0.023495,0.082046,0.114203,0.066127,0.076984,0.048622,0.067043,0.0094,0.020329,0.008894,0.057451,0.001475,0.003484,0.016555,0.002594,0.0136,0.084884,0.007817,1e-05,0.059098,0.276194,0.118196,0.12015,0.005911,0.021502,0.135148,0.071071,0.091684,0.010948,0.051398,0.041987,0.005829,0.000568,0.001748,0.000523,0.001689
817,1,ini,1,0.999682,0.999268,0.998431,0.995128,0.856307,0.878947,0.869958,0.929379,0.908812,0.781725,0.933867,0.998436,0.991919,0.957036,0.986508,0.97837,0.977625,0.786751,0.96476,0.92901,0.654147,0.569431,0.594292,0.543425,0.512678,0.619452,0.578886,0.541518,0.548238,0.586202,0.518062,0.593684,0.573601,0.516451,0.642789,0.538217,0.567588,0.569592,0.558031,0.522966
818,1,met,0,0.072717,0.261831,0.040299,0.021105,0.261895,0.375769,0.659055,0.14766,0.646531,0.147924,0.277161,0.109936,0.104556,0.277615,0.515731,0.000241,0.003684,0.003749,0.001987,0.00083,0.00126,0.019454,0.006543,0.032376,0.000401,0.001953,0.018111,0.0026,0.065509,0.017432,0.001146,0.010206,0.011947,0.060402,0.006037,0.000229,0.00014,0.000263,9.6e-05,0.000341
819,2,ati,1,0.999485,0.999274,0.998451,0.999793,0.998639,0.998854,0.992154,0.999839,0.997658,0.995392,0.995386,0.999665,0.988659,0.980747,0.996724,0.999045,0.999183,0.998894,0.998553,0.999415,0.97041,0.996873,0.996927,0.989876,0.970001,0.963425,0.99384,0.995123,0.958386,0.990202,0.992816,0.997597,0.991961,0.923249,0.987385,0.910114,0.722047,0.997916,0.998933,0.99787
820,2,wan,0,0.00572,0.045991,0.066156,0.008073,0.008537,0.003085,0.005767,0.002723,0.013506,0.000553,0.097599,0.000343,0.003308,0.006463,0.005182,7.2e-05,7.4e-05,0.00043,0.0003,0.000324,0.002993,0.010557,0.003232,0.002299,0.024065,0.065348,0.006017,0.003825,0.001599,0.011441,0.00873,0.016231,0.018804,0.000793,0.00226,0.003015,0.00037,0.000293,0.000411,0.001172
821,4,ndi,0,0.02133,0.002729,0.004151,0.10235,0.012577,0.002725,0.001307,0.00627,0.016808,0.001282,0.01226,0.000211,0.020949,0.001562,0.006588,0.000588,0.000169,0.002873,0.000603,0.000681,0.000265,0.000447,0.000141,0.001195,0.000163,0.002332,0.000349,1e-05,0.00061,0.004662,4.7e-05,9.5e-05,2.8e-05,4e-05,0.000232,0.000629,0.000393,0.000374,0.000236,0.00091
822,1,nto,0,0.000984,0.000848,0.000289,0.000604,0.001364,0.000978,0.001367,0.000371,0.001081,0.001304,0.001142,0.000531,0.003171,0.001823,0.000343,2.3e-05,2.5e-05,7.4e-05,7.9e-05,2.6e-05,8.1e-05,0.003287,0.000111,0.004875,0.000262,0.00283,0.013988,0.00074,0.000519,0.002036,0.000339,0.003388,0.002793,0.000615,0.000255,0.000209,0.000206,0.000138,0.000131,0.00029
823,2,ini,1,0.99924,0.999478,0.999704,0.999938,0.997738,0.999162,0.999321,0.999048,0.997759,0.999762,0.998405,0.988407,0.998752,0.989091,0.999623,0.999707,0.999336,0.999106,0.999536,0.999735,0.999671,0.999727,0.999986,0.993409,0.999984,0.998574,0.999909,0.999993,0.997019,0.999525,0.999973,0.99999,0.999984,0.985672,0.999874,0.999697,0.99955,0.999681,0.999721,0.999409
824,2,ani,1,0.987924,0.995958,0.948146,0.973226,0.989269,0.974282,0.982817,0.975121,0.957035,0.960687,0.982005,0.993902,0.966167,0.988914,0.941536,0.998627,0.999824,0.99941,0.999568,0.998688,0.998953,0.999822,0.999647,0.999529,0.999958,0.974807,0.999902,0.998902,0.999657,0.997156,0.994234,0.999579,0.994694,0.999673,0.994347,0.999707,0.999709,0.999704,0.999748,0.999471
825,3,aqi,0,0.001288,0.02892,0.000307,0.000535,0.003322,0.002734,0.000803,0.000698,0.001061,0.000989,0.001064,3.9e-05,0.002732,0.002197,0.001301,0.00037,9.1e-05,0.000196,8.9e-05,0.000175,5e-06,5.5e-05,3e-06,1.7e-05,3.5e-05,1e-06,0.0,0.0,0.0,0.0,2e-06,1e-06,3e-06,0.0,0.0,0.000198,0.000177,0.000174,0.000118,0.00038
826,1,ono,0,0.000488,0.000612,0.000922,0.001392,0.000291,0.003334,0.009415,0.002105,0.00133,0.00232,0.002963,0.001539,0.003351,0.006719,0.001276,3.7e-05,4e-05,2.2e-05,9.4e-05,2.8e-05,0.002658,0.002197,0.008062,0.00033,0.002684,0.083572,0.008077,0.019272,0.003184,0.002484,0.015154,0.012154,0.103751,0.00432,0.006532,0.000198,0.004731,0.000132,0.000145,0.001212
827,1,ani,1,0.9999,0.999847,0.99998,0.999919,0.999696,0.999697,0.998691,0.99937,0.99859,0.992958,0.998609,0.999718,0.998255,0.998278,0.999483,0.996271,0.993088,0.996552,0.995581,0.998771,0.996025,0.992967,0.999934,0.999056,0.985604,0.993905,0.937266,0.999175,0.998551,0.988447,0.975146,0.97988,0.996106,0.996127,0.999354,0.999529,0.999742,0.999539,0.999803,0.999466
828,3,tra,0,5.2e-05,0.0,1.9e-05,1e-06,0.000107,1e-05,9e-06,4e-06,6e-05,1e-05,9.1e-05,6e-06,0.000628,4e-06,0.000239,1.6e-05,1.4e-05,3e-05,2e-05,1.2e-05,2.4e-05,6.9e-05,0.00025,0.002036,0.000251,0.000956,0.00016,1.9e-05,0.00015,0.000183,7e-06,1.4e-05,1.7e-05,5e-06,1.3e-05,0.000316,0.000293,0.000292,0.000226,0.000699
829,3,hra,1,0.999908,0.998412,0.999827,0.999806,0.999683,0.999825,0.998594,0.999468,0.999942,0.999656,0.998915,0.999984,0.999754,0.999763,0.999859,0.999887,0.99965,0.999763,0.999728,0.999707,0.998654,0.999992,0.999994,0.99945,0.999935,0.99996,0.999999,1.0,0.999975,0.999959,0.999995,1.0,1.0,0.999527,0.999984,0.999709,0.999669,0.999688,0.999764,0.999604
830,2,nus,0,0.001936,0.00195,0.034019,0.006454,0.00235,0.00364,0.018787,0.007142,0.00916,0.007773,0.015324,0.001986,0.082884,0.040693,0.020411,0.000201,0.000528,0.000138,0.000243,8.3e-05,0.002729,0.000567,0.000358,0.030165,0.007155,0.010334,0.00149,0.00083,0.033311,0.028753,0.001299,0.001966,0.005044,0.020061,0.035925,0.000663,0.000371,0.000689,0.000264,0.009971
831,2,eni,1,0.931028,0.439626,0.960764,0.731762,0.417708,0.939954,0.832022,0.959735,0.921873,0.992915,0.83488,0.912899,0.540295,0.672603,0.577817,0.990305,0.781318,0.865514,0.981535,0.990764,0.07067,0.017466,0.003612,0.035605,0.126629,0.04211,0.007556,0.013681,0.031251,0.008358,0.007112,0.218034,0.118876,0.103462,0.004841,0.002118,0.000208,0.597413,0.000149,0.767293
832,2,sya,1,0.98508,0.999751,0.995581,0.999256,0.994936,0.984191,0.995449,0.988163,0.939321,0.979698,0.993868,0.999731,0.966464,0.997657,0.989644,0.985889,0.996005,0.988462,0.994888,0.997454,0.519713,0.539587,0.693414,0.406974,0.426336,0.628645,0.447167,0.480506,0.440812,0.591322,0.725564,0.224712,0.443943,0.561402,0.5805,0.348053,0.354079,0.489695,0.471479,0.287453
833,3,ndo,0,0.00035,0.00547,0.000296,0.000627,0.006352,0.000247,0.000131,0.00013,5.3e-05,0.000301,0.001869,5.6e-05,0.002201,0.00026,0.00068,0.000114,0.000231,9.9e-05,4.5e-05,2.5e-05,0.000273,0.000756,2.5e-05,0.000145,1.4e-05,0.000164,8e-06,1e-06,4e-06,1.2e-05,3e-06,8e-05,6.1e-05,1e-06,0.0,0.000213,0.00017,0.000185,0.00019,0.000601
834,1,rni,1,0.972386,0.997924,0.980372,0.998797,0.955579,0.977868,0.87618,0.826817,0.873466,0.965942,0.991559,0.999682,0.986552,0.979672,0.966082,0.959689,0.78153,0.961732,0.942618,0.961784,0.998938,0.997943,0.999539,0.986775,0.989807,0.897481,0.995084,0.997338,0.913089,0.964318,0.919802,0.988874,0.987925,0.960548,0.976713,0.99927,0.998662,0.999633,0.999807,0.999514
835,2,ila,0,2.1e-05,7.9e-05,2.7e-05,0.000119,0.000401,0.000231,0.000571,0.001154,0.001501,0.000575,0.000164,0.000244,0.000347,0.000162,0.000338,1.4e-05,3.3e-05,6.8e-05,9.6e-05,0.00013,5e-06,0.000106,8e-06,4.3e-05,0.000274,4.3e-05,1e-06,7e-06,4e-06,8e-06,5e-06,3e-06,3e-06,2.2e-05,7e-06,0.000154,0.000209,0.000155,9.8e-05,0.000231
836,1,han,0,0.00033,0.000438,0.000346,0.000351,0.008774,0.003084,0.021794,0.008551,0.018856,0.018964,0.009986,0.003097,0.003753,0.008976,0.005732,0.000425,0.000427,0.001066,0.000317,0.001106,0.654147,0.569431,0.594292,0.543425,0.512678,0.619452,0.578886,0.541518,0.548238,0.586202,0.518062,0.593684,0.573601,0.516451,0.642789,0.538217,0.567588,0.569592,0.558031,0.522966
837,2,dia,1,0.996793,0.97433,0.996918,0.99491,0.978378,0.997418,0.996524,0.993423,0.999097,0.998502,0.988395,0.993375,0.995589,0.997732,0.997205,0.99944,0.999722,0.998459,0.999686,0.999741,0.580008,0.55234,0.626053,0.582574,0.519549,0.606422,0.577788,0.540547,0.53322,0.610678,0.570624,0.587211,0.612958,0.504852,0.623406,0.539257,0.562371,0.571446,0.55591,0.536121
838,2,ira,1,0.999687,0.998587,0.996571,0.99847,0.998872,0.998281,0.999243,0.99562,0.998759,0.997455,0.992693,0.999684,0.995427,0.99004,0.996654,0.999578,0.999429,0.999658,0.998959,0.999551,0.888228,0.998255,0.999749,0.781486,0.999024,0.92879,0.998466,0.997735,0.986027,0.97997,0.986756,0.998286,0.986407,0.988132,0.989498,0.998824,0.999235,0.993874,0.999151,0.997891
839,2,ndi,0,0.000235,0.000214,7.4e-05,0.000303,0.001275,0.000392,0.000943,0.000796,0.001137,0.001512,0.000844,0.001231,0.002941,0.000193,0.000641,2.6e-05,4.7e-05,9.7e-05,7.1e-05,4.6e-05,1.8e-05,0.000131,1.7e-05,0.000176,0.000101,0.000143,0.000192,6.1e-05,6.5e-05,3.2e-05,0.000121,0.000606,8.7e-05,3.8e-05,4e-06,0.000167,0.000172,0.000151,0.000107,0.000455
840,1,rto,0,0.000234,0.000783,0.000109,0.000221,0.001677,0.001824,0.004389,0.001074,0.002169,0.001398,0.00052,0.000756,0.004653,0.008323,0.000522,4.1e-05,3.4e-05,0.000102,5.9e-05,3.9e-05,0.034059,0.023931,0.000889,0.080651,0.000947,0.045348,0.09291,0.186537,0.141613,0.027647,0.075573,0.036276,0.14912,0.102378,0.014624,0.000496,0.010845,0.00014,0.001149,0.003515
841,1,ini,1,0.999952,0.997789,0.999981,0.999475,0.999904,0.990316,0.997037,0.993601,0.990934,0.991537,0.996959,0.99746,0.996088,0.997595,0.986252,0.983342,0.961686,0.994677,0.961103,0.983174,0.654147,0.569431,0.594292,0.543425,0.512678,0.619452,0.578886,0.541518,0.548238,0.586202,0.518062,0.593684,0.573601,0.516451,0.642789,0.538217,0.567588,0.569592,0.558031,0.522966
842,2,ari,1,0.999674,0.99988,0.99997,0.999682,0.999922,0.999421,0.999312,0.99923,0.99948,0.999619,0.998692,0.999901,0.99792,0.998823,0.999472,0.999827,0.999891,0.999804,0.999891,0.999868,0.999918,0.999794,0.999917,0.999915,0.999444,0.99947,0.998786,0.99968,0.999644,0.999502,0.999768,0.999523,0.999552,0.999551,0.999804,0.999649,0.999688,0.99976,0.999773,0.999621
843,2,din,0,0.000789,0.010503,0.001187,0.002989,0.011468,0.000808,0.000917,0.000597,0.005231,0.00326,0.023363,0.000364,0.126127,0.017036,0.002207,8.3e-05,0.000166,0.001335,0.000342,0.000571,0.019515,0.303479,0.026906,0.021023,0.083763,0.024098,0.013935,0.011249,0.012517,0.047241,0.005036,0.306829,0.014758,0.018024,0.033168,0.012374,0.000398,0.028273,0.004746,0.008003
844,1,adi,0,0.082309,0.016704,0.009062,0.002082,0.006646,0.023148,0.036246,0.005983,0.020185,0.02199,0.009773,0.010171,0.062343,0.010032,0.021141,0.000819,0.000657,0.010152,0.000414,0.000678,0.654147,0.569431,0.594292,0.543425,0.512678,0.619452,0.578886,0.541518,0.548238,0.586202,0.518062,0.593684,0.573601,0.516451,0.642789,0.538217,0.567588,0.569592,0.558031,0.522966
845,1,iah,1,0.989428,0.988295,0.998558,0.198402,0.980541,0.953628,0.982048,0.994802,0.992743,0.983106,0.979125,0.999866,0.999033,0.995414,0.994581,0.985192,0.998624,0.998702,0.993568,0.997782,0.654147,0.569431,0.594292,0.543425,0.512678,0.619452,0.578886,0.541518,0.548238,0.586202,0.518062,0.593684,0.573601,0.516451,0.642789,0.538217,0.567588,0.569592,0.558031,0.522966
846,2,nto,0,0.000109,0.000657,0.000149,0.000813,0.000237,6.7e-05,2.7e-05,8.6e-05,2.6e-05,0.000119,0.000306,0.000165,0.001591,0.000238,0.000112,4.3e-05,4.8e-05,3.8e-05,8e-05,2.2e-05,2e-06,5.2e-05,1e-06,3e-06,6e-06,1.1e-05,1e-06,0.0,0.0,1e-06,1e-06,1e-06,3e-06,0.0,0.0,0.000161,0.000148,0.000135,9.6e-05,0.000226
847,2,adi,0,0.000884,0.00881,0.042527,0.002664,0.001465,0.000463,0.002662,0.003509,0.001027,0.005207,0.003977,2.2e-05,0.009463,0.00192,0.000352,0.000585,0.000498,0.000337,0.000264,0.000762,2.3e-05,0.005721,0.002035,0.00438,0.000764,0.002597,0.007325,0.004104,0.002142,0.000926,0.000212,0.00489,0.004082,0.002278,0.000184,0.000567,0.000214,0.000196,0.000352,0.000446
848,1,man,0,0.000918,0.001133,0.009605,0.000582,0.007665,0.009678,0.06497,0.013178,0.007371,0.026472,0.029654,0.004533,0.016713,0.009347,0.003593,0.000293,0.001574,0.003624,0.000131,0.000105,0.654147,0.569431,0.594292,0.543425,0.512678,0.619452,0.578886,0.541518,0.548238,0.586202,0.518062,0.593684,0.573601,0.516451,0.642789,0.538217,0.567588,0.569592,0.558031,0.522966
849,1,ini,1,0.99991,0.99996,0.999986,0.99997,0.999772,0.997032,0.997053,0.995484,0.992484,0.990886,0.997217,0.996972,0.998383,0.997543,0.998197,0.982145,0.980637,0.992998,0.990487,0.9971,0.654147,0.569431,0.594292,0.543425,0.512678,0.619452,0.578886,0.541518,0.548238,0.586202,0.518062,0.593684,0.573601,0.516451,0.642789,0.538217,0.567588,0.569592,0.558031,0.522966
850,3,izi,0,2.5e-05,7.3e-05,3.7e-05,0.000376,4.7e-05,6.5e-05,2.1e-05,8e-05,0.000131,3.5e-05,0.000169,2.2e-05,0.000476,4.5e-05,3.2e-05,7.3e-05,4.7e-05,6.6e-05,4.1e-05,4.6e-05,1e-05,1.4e-05,2e-06,5e-06,0.000219,1.2e-05,0.0,0.0,0.0,1e-06,0.0,0.0,1e-06,0.0,0.0,0.000163,0.0002,0.000197,0.000134,0.000313
851,1,rul,0,0.003687,0.01229,0.054163,0.002036,0.016095,0.02644,0.031718,0.072151,0.014544,0.019162,0.04449,0.002738,0.013776,0.008875,0.032262,0.000101,0.00015,0.000159,0.000138,8.4e-05,0.001888,0.002649,4e-05,0.003571,0.00012,0.000992,0.002277,0.000142,0.000862,0.000694,0.001166,0.008608,0.001066,0.002919,0.001903,0.000188,0.000173,0.000142,0.000104,0.000288
852,1,nem,1,0.842843,0.279656,0.778184,0.862475,0.954394,0.825196,0.748657,0.32999,0.73055,0.67173,0.928597,0.694072,0.916428,0.973002,0.963026,0.021125,0.044665,0.421255,0.11541,0.119252,0.654147,0.569431,0.594292,0.543425,0.512678,0.619452,0.578886,0.541518,0.548238,0.586202,0.518062,0.593684,0.573601,0.516451,0.642789,0.538217,0.567588,0.569592,0.558031,0.522966
853,3,ari,1,0.994818,0.999024,0.998934,0.999396,0.998353,0.997604,0.999633,0.999482,0.999497,0.999926,0.998588,0.999525,0.984743,0.999538,0.999916,0.999682,0.999679,0.999574,0.999532,0.999635,0.999958,0.999956,0.999972,0.999715,0.999963,0.999983,0.999995,0.999999,0.999996,0.999958,0.999993,0.999905,0.999998,0.999926,0.999987,0.999706,0.999672,0.999725,0.999748,0.99967
854,4,zah,1,0.997815,0.999634,0.999425,0.998183,0.99753,0.996997,0.999345,0.999289,0.999424,0.997551,0.999427,0.999257,0.997846,0.999919,0.999544,0.999463,0.999711,0.999758,0.999239,0.999378,0.999647,0.999855,0.99997,0.999948,0.999986,0.999941,0.999996,0.99999,0.999802,0.999976,1.0,0.99999,1.0,0.999786,0.999998,0.999534,0.999529,0.99957,0.999661,0.999069
855,1,sin,0,0.000321,0.000639,0.000312,0.000227,0.01419,0.008232,0.030205,0.030843,0.064502,0.043162,0.009897,0.003057,0.018291,0.006163,0.056315,0.000615,0.000551,0.001271,0.001374,0.000793,0.015334,0.147096,0.010947,0.000305,0.08873,0.411732,0.013981,0.062602,0.007453,0.088326,0.134936,0.020603,0.071197,0.01461,0.005023,0.000268,0.000177,0.000359,0.000341,0.07164
856,1,ino,0,0.000301,0.000722,0.000408,0.000228,0.000525,0.00904,0.012001,0.001257,0.009513,0.001553,0.000831,6.3e-05,0.012195,0.000975,0.002669,0.000348,0.000156,0.000902,0.000271,0.000551,0.011571,0.000383,0.094799,0.017982,0.006018,0.09998,0.003086,0.111593,0.28819,0.019851,0.099785,0.004752,0.455095,0.232391,0.013046,0.000173,0.000148,0.000143,0.00013,0.001268
857,1,ati,1,0.999935,0.999783,0.999941,0.999899,0.999805,0.998929,0.998915,0.999338,0.998471,0.997788,0.99864,0.999818,0.998785,0.994712,0.998536,0.999832,0.999805,0.999492,0.999891,0.999906,0.99943,0.999898,0.996135,0.998955,0.999701,0.997166,0.997546,0.996836,0.992319,0.988728,0.995591,0.998346,0.990167,0.998053,0.996817,0.999694,0.999568,0.999745,0.999825,0.999497
858,2,nti,1,0.999442,0.999656,0.99981,0.999798,0.999441,0.999962,0.99996,0.999868,0.999913,0.999971,0.999826,0.99994,0.999763,0.999804,0.999923,0.999918,0.999813,0.99974,0.999726,0.99981,0.998164,0.999249,0.999856,0.999675,0.998909,0.992854,0.999535,0.999417,0.990839,0.991656,0.99563,0.999522,0.999687,0.993281,0.99872,0.999314,0.999481,0.999533,0.999642,0.998822
859,3,ari,1,0.999545,0.99981,0.999856,0.99942,0.999471,0.999817,0.994492,0.99986,0.999387,0.999677,0.999515,0.999603,0.997896,0.999111,0.999765,0.99976,0.999758,0.999884,0.999605,0.999849,0.999884,0.999935,0.999538,0.999522,0.999492,0.999923,0.999574,0.999671,0.999884,0.999944,0.999583,0.999843,0.999911,0.999889,0.999988,0.99968,0.999654,0.999669,0.999732,0.999578
860,1,sno,0,0.000513,0.00093,0.007028,0.002373,0.013565,0.034184,0.01654,0.027165,0.006912,0.004486,0.005508,0.005235,0.011048,0.006729,0.009639,0.00028,0.000399,0.001073,0.00027,0.000449,0.001774,0.905609,0.00051,0.037044,0.002287,0.159582,0.099887,0.001914,0.007292,0.01496,0.02031,0.166633,0.017473,0.02097,0.034105,0.000347,0.000322,0.000127,0.000123,0.000402
861,1,ena,1,0.975014,0.972953,0.992004,0.891791,0.971884,0.899976,0.805435,0.929898,0.930437,0.96342,0.948574,0.994345,0.800776,0.988729,0.776792,0.994754,0.95517,0.955638,0.930346,0.997331,0.999952,0.997755,0.999977,0.999067,0.999864,0.994547,0.954128,0.998825,0.99434,0.998759,0.995301,0.954708,0.988447,0.985481,0.999225,0.997643,0.999585,0.999576,0.999774,0.999348
862,2,lah,0,0.002836,0.000827,0.020227,0.003389,0.003401,0.012095,0.025852,0.003661,0.02806,0.003958,0.006974,0.001667,0.016836,0.006025,0.004864,0.001731,0.000924,0.000549,0.000368,0.000993,0.000465,7.2e-05,1e-05,0.000918,0.00031,0.000149,0.000815,8e-06,2.7e-05,8.5e-05,0.000135,0.000113,0.000153,4.5e-05,1.9e-05,0.000198,0.000152,0.000147,0.000111,0.000343
863,2,ara,1,0.943786,0.930824,0.908178,0.792095,0.701833,0.792147,0.578843,0.226695,0.74184,0.981457,0.638778,0.952056,0.744423,0.956322,0.865502,0.999437,0.988744,0.996965,0.995085,0.997619,0.999946,0.999921,0.99998,0.999415,0.999925,0.999636,0.999586,0.999617,0.999568,0.999808,0.999652,0.999382,0.998897,0.997268,0.999988,0.999656,0.999693,0.999714,0.999777,0.999477
864,1,pto,0,0.00537,0.006299,0.000789,0.00733,0.018225,0.018927,0.039371,0.005566,0.009967,0.022222,0.008808,0.005021,0.02383,0.020128,0.009777,0.000145,0.000165,0.000142,7.8e-05,0.000188,0.003704,0.014142,0.000418,0.009828,0.04333,0.053227,0.037953,0.001018,0.016496,0.025855,0.005163,0.037239,0.006459,0.055259,0.012307,0.000934,0.000374,0.000156,0.000121,0.000721
865,1,sih,1,0.789797,0.987787,0.957359,0.900318,0.923876,0.908481,0.820282,0.816306,0.854733,0.833731,0.975417,0.99388,0.911122,0.87238,0.937959,0.976913,0.917089,0.815512,0.926986,0.775283,0.999938,0.998793,0.999804,0.996289,0.999718,0.991829,0.995722,0.999126,0.992968,0.995643,0.98599,0.992352,0.994541,0.992251,0.999022,0.999428,0.999483,0.999673,0.999696,0.998915
866,2,ana,0,5e-06,4e-06,1.5e-05,6.4e-05,9.9e-05,5.8e-05,0.000155,0.000236,0.000366,0.00016,4.6e-05,1e-05,0.00014,0.000135,0.000111,1.4e-05,1.5e-05,2.6e-05,2.8e-05,2.1e-05,2e-06,1e-05,1e-05,1.4e-05,5e-06,1e-06,1e-06,2e-06,0.0,1e-06,2e-06,0.0,0.0,0.0,2e-06,0.000149,0.000169,0.000144,9.4e-05,0.00022
867,2,sah,1,0.999042,0.998693,0.999796,0.999962,0.999022,0.99858,0.999823,0.997417,0.999573,0.999148,0.998818,0.99961,0.997988,0.998987,0.997528,0.999887,0.999828,0.999843,0.999869,0.999904,0.997882,0.994981,0.999948,0.999032,0.994591,0.992115,0.999172,0.999748,0.989936,0.98554,0.999717,0.997573,0.99887,0.994604,0.995834,0.999346,0.999006,0.998187,0.999169,0.998845
868,2,lah,0,0.025157,0.120187,0.073126,0.238306,0.022303,0.02027,0.181705,0.036297,0.051524,0.132364,0.02523,0.12674,0.188892,0.029702,0.160443,0.19834,0.026123,0.274937,0.038514,0.005152,0.017096,0.032395,0.163574,0.023611,0.340789,0.022612,0.004395,0.002906,0.013875,0.012771,0.00409,0.000854,0.000538,0.052873,0.016004,0.002227,0.000638,0.000402,0.018784,0.004314
869,2,bah,1,0.999362,0.996965,0.998279,0.99943,0.995014,0.913455,0.99877,0.994733,0.999446,0.983347,0.992951,0.996679,0.969215,0.996938,0.998954,0.999702,0.999119,0.999512,0.999328,0.999683,0.999898,0.999777,0.999971,0.999644,0.999749,0.999261,0.999838,0.999973,0.998736,0.998828,0.999854,0.999838,0.999872,0.999698,0.999605,0.999434,0.999487,0.999515,0.999548,0.999142
870,3,ath,0,0.015943,0.008666,0.012918,0.000904,0.00384,0.009518,0.06929,0.010507,0.005145,0.008921,0.006859,0.036406,0.012442,0.009767,0.003106,0.000839,0.000255,0.000391,0.000366,0.000678,0.106242,0.03032,0.011911,0.020623,0.024559,0.19758,0.003351,0.014788,0.0371,0.013255,0.281008,0.001686,0.085239,0.149733,0.002334,0.032138,0.130202,0.000983,0.007089,0.041482
871,3,jib,0,0.000635,0.021575,0.001815,0.000261,0.000561,0.004389,0.000692,0.0012,0.001114,0.002648,0.000913,1.8e-05,0.002048,0.001656,0.000803,0.000101,0.00014,0.000485,7.6e-05,5.3e-05,3.7e-05,0.00091,0.000329,0.005678,0.000113,0.003054,6.4e-05,0.0001,0.002045,0.000531,0.001291,0.000428,4.8e-05,0.000919,4.3e-05,0.000414,0.000281,0.00046,0.000377,0.006329
872,1,sno,0,0.00096,0.002208,0.001719,0.004451,0.004842,0.018075,0.040766,0.029157,0.006017,0.011439,0.005441,0.001954,0.007989,0.019605,0.00565,7.2e-05,0.000107,8.8e-05,5.7e-05,2.8e-05,7.1e-05,0.004676,3.4e-05,0.007472,0.000324,0.01147,0.0009,0.000297,0.001628,0.00044,0.000757,0.002365,0.002195,0.004373,0.000236,0.000197,0.000157,0.000164,0.0001,0.00065
873,1,ati,1,0.999986,0.999964,0.999949,0.999951,0.999832,0.997447,0.999093,0.996959,0.997311,0.998331,0.997884,0.999664,0.998844,0.998573,0.994446,0.999347,0.998505,0.998952,0.999142,0.999105,0.999548,0.999974,0.999996,0.994426,0.999159,0.973014,0.998081,0.999424,0.992593,0.992744,0.994539,0.999059,0.997037,0.992618,0.999582,0.999736,0.999617,0.99976,0.9998,0.999643
874,2,yah,0,0.000176,3.6e-05,5.5e-05,0.000289,2e-06,2.5e-05,1.4e-05,2.4e-05,1.3e-05,7e-06,1.1e-05,2e-06,9.6e-05,1.3e-05,7e-06,2e-05,2e-05,3.8e-05,6.4e-05,1.7e-05,0.580008,0.55234,0.626053,0.582574,0.519549,0.606422,0.577788,0.540547,0.53322,0.610678,0.570624,0.587211,0.612958,0.504852,0.623406,0.539257,0.562371,0.571446,0.55591,0.536121
875,3,aki,1,0.998824,0.999162,0.99856,0.997814,0.998061,0.998729,0.99962,0.997616,0.997253,0.993406,0.994853,0.999711,0.997532,0.995215,0.99983,0.998885,0.999236,0.999512,0.99969,0.999577,0.999902,0.999925,0.999988,0.999841,0.99981,0.999672,0.999452,0.999986,0.999675,0.99967,0.99999,0.999953,0.99992,0.999914,0.999974,0.999563,0.999499,0.999587,0.999696,0.99928
876,3,yah,0,0.075443,0.201099,0.004454,0.003223,0.027281,0.003592,0.022299,0.090957,0.000364,0.023549,0.029584,0.003397,0.226169,0.23769,1.4e-05,0.000205,0.00032,0.000482,0.000206,8.9e-05,0.003969,0.002953,0.003992,0.00866,0.000311,0.015956,0.001672,0.000595,0.001892,0.008072,0.001858,0.001705,0.000229,0.000726,0.001827,0.001624,0.000471,0.00082,0.002615,0.021607
877,2,ati,1,0.983589,0.982506,0.941035,0.577216,0.996846,0.954996,0.977483,0.989196,0.976251,0.91029,0.968489,0.992364,0.988496,0.928462,0.87087,0.97871,0.993477,0.999313,0.989661,0.991057,0.584057,0.34389,0.394831,0.142099,0.234109,0.592429,0.244948,0.304663,0.154295,0.201264,0.19503,0.380096,0.193049,0.179867,0.207544,0.294983,0.398989,0.355556,0.319537,0.239988
878,2,ati,1,0.995864,0.999758,0.999911,0.999802,0.999827,0.997251,0.999455,0.994855,0.997656,0.998262,0.998672,0.998648,0.999126,0.99654,0.997518,0.999777,0.999823,0.999807,0.99976,0.999804,0.99964,0.995876,0.999306,0.997928,0.999274,0.987424,0.99569,0.999803,0.99981,0.997171,0.998338,0.992157,0.998464,0.989366,0.999906,0.998674,0.999221,0.999654,0.998741,0.994655
879,3,kar,1,0.999631,0.998753,0.999962,0.999997,0.99884,0.997221,0.999675,0.998658,0.999502,0.995528,0.99216,0.999967,0.994531,0.998315,0.990496,0.999626,0.999825,0.999883,0.999525,0.999731,0.999997,0.999853,0.99999,0.999957,0.999966,0.999786,1.0,1.0,0.999986,0.999989,1.0,1.0,1.0,0.999989,0.999997,0.999682,0.999662,0.999699,0.99973,0.99953
880,2,omi,0,6.8e-05,0.00132,0.001447,0.001033,0.004452,0.003487,0.009663,0.01251,0.020532,0.00538,0.015242,0.001728,0.008695,0.003652,0.003956,0.000468,0.000438,0.000305,0.00077,0.000261,0.001374,8e-06,0.0,1.3e-05,1.5e-05,0.000434,3e-06,0.0,4e-06,3.6e-05,0.000323,7e-06,6e-06,4e-06,1.1e-05,0.000187,0.000175,0.00022,0.000107,0.000288
881,1,ola,1,0.412893,0.781709,0.775184,0.887479,0.730386,0.602274,0.600191,0.903702,0.704792,0.079423,0.930578,0.775003,0.42571,0.699641,0.399249,0.477534,0.700904,0.509163,0.727246,0.769842,0.654147,0.569431,0.594292,0.543425,0.512678,0.619452,0.578886,0.541518,0.548238,0.586202,0.518062,0.593684,0.573601,0.516451,0.642789,0.538217,0.567588,0.569592,0.558031,0.522966
882,3,sya,1,0.99639,0.999344,0.977694,0.981278,0.993242,0.987713,0.995333,0.998437,0.996737,0.996569,0.993863,0.998853,0.997548,0.991598,0.99883,0.997554,0.998248,0.998664,0.997934,0.99153,0.999889,0.986123,1.0,0.999968,0.993007,0.99995,0.99999,0.999999,0.999993,0.999957,0.999998,0.999981,0.999943,0.999973,0.999947,0.999643,0.999679,0.999576,0.999703,0.999483
883,3,zza,1,0.467737,0.888307,0.699016,0.641798,0.844128,0.650142,0.42111,0.364808,0.405889,0.210407,0.629205,0.926518,0.869434,0.820527,0.439479,0.853064,0.997686,0.968942,0.924233,0.26799,0.877207,0.672611,0.891538,0.801836,0.85172,0.767135,0.912548,0.784023,0.760476,0.91788,0.868616,0.921033,0.934533,0.834021,0.918186,0.668502,0.812449,0.807009,0.730862,0.681633
884,1,min,0,0.001473,0.009001,0.00991,0.002105,0.00462,0.014435,0.024304,0.006215,0.002752,0.008378,0.007616,0.00643,0.027959,0.017973,0.011968,0.000217,6.8e-05,0.000214,0.000391,0.00024,0.654147,0.569431,0.594292,0.543425,0.512678,0.619452,0.578886,0.541518,0.548238,0.586202,0.518062,0.593684,0.573601,0.516451,0.642789,0.538217,0.567588,0.569592,0.558031,0.522966
885,1,lia,1,0.990506,0.998681,0.991837,0.996313,0.94979,0.98441,0.980934,0.97381,0.96864,0.99409,0.956737,0.995979,0.991664,0.986025,0.967129,0.998386,0.99628,0.998873,0.996811,0.998393,0.996512,0.930213,0.99507,0.992634,0.994781,0.992515,0.966852,0.990537,0.994625,0.985216,0.973548,0.985482,0.989683,0.996444,0.994504,0.999553,0.999456,0.999535,0.99979,0.999545
886,3,sby,0,0.003371,0.010338,0.031944,0.002998,0.000628,0.002003,0.003923,0.001599,0.00301,0.006,0.007748,0.000405,0.004328,0.001611,0.000483,6.9e-05,0.000151,0.001459,0.000105,0.000323,0.001624,0.002834,0.005577,0.003358,0.001923,0.047825,0.010011,0.001484,0.003778,0.015214,0.002396,0.002838,0.001349,0.001516,0.004452,0.001383,0.001097,0.000819,0.001607,0.008789
887,1,ail,0,0.024774,0.003005,0.000548,0.006167,0.019111,0.022562,0.064939,0.021681,0.021965,0.022425,0.024496,0.00176,0.035309,0.011646,0.009647,0.000711,0.00057,0.002914,0.001065,0.00033,0.005965,1.7e-05,0.00032,0.000494,0.00026,0.005946,0.000262,8.9e-05,0.000332,0.00041,0.0061,9.2e-05,0.000476,0.000827,0.000215,0.000187,0.000147,0.000139,0.000132,0.000294
888,1,ati,1,0.99998,0.998598,0.999644,0.999875,0.999854,0.998951,0.998813,0.997872,0.995158,0.995276,0.999082,0.999886,0.999344,0.998831,0.998052,0.999342,0.99905,0.998709,0.999663,0.999379,0.654147,0.569431,0.594292,0.543425,0.512678,0.619452,0.578886,0.541518,0.548238,0.586202,0.518062,0.593684,0.573601,0.516451,0.642789,0.538217,0.567588,0.569592,0.558031,0.522966
889,2,kin,0,0.915151,0.04245,0.190266,0.892837,0.571762,0.357111,0.659065,0.27244,0.134693,0.263771,0.058843,0.034865,0.55205,0.412039,0.182005,0.093815,0.608206,0.032127,0.429505,0.104202,0.069758,0.102581,0.002021,0.126882,0.463429,0.34894,0.741602,0.031248,0.11028,0.711868,0.428513,0.393473,0.028679,0.098978,0.728701,0.129235,0.005397,0.208638,0.00147,0.715341
890,2,any,0,0.018057,0.053345,0.033391,0.179087,0.015444,0.137284,0.448493,0.658857,0.407381,0.088501,0.018596,0.41542,0.127043,0.13037,0.164699,0.001036,0.245982,0.110342,0.147505,0.088995,0.150272,0.079671,0.083224,0.120252,0.027145,0.090066,0.869543,0.032341,0.152465,0.227374,0.082793,0.831755,0.05616,0.255651,0.445073,0.079693,0.015279,0.004862,0.000379,0.801346
891,3,lia,1,0.999658,0.999957,0.999915,0.99978,0.999968,0.999804,0.999889,0.999522,0.999392,0.999835,0.999824,0.999949,0.999226,0.999613,0.999781,0.999933,0.999908,0.999935,0.999959,0.99993,0.999993,0.999977,0.999999,0.998225,0.999808,0.999741,0.999636,0.999999,0.999903,0.999979,0.999978,0.999844,0.999973,0.999242,0.99994,0.999491,0.999643,0.999649,0.999754,0.999367
892,1,met,0,0.072717,0.261831,0.040299,0.021105,0.261895,0.375769,0.659055,0.14766,0.646531,0.147924,0.277161,0.109936,0.104556,0.277615,0.515731,0.000241,0.003684,0.003749,0.001987,0.00083,0.00126,0.019454,0.006543,0.032376,0.000401,0.001953,0.018111,0.0026,0.065509,0.017432,0.001146,0.010206,0.011947,0.060402,0.006037,0.000229,0.00014,0.000263,9.6e-05,0.000341
893,2,ati,1,0.999393,0.999514,0.999751,0.999871,0.999855,0.999485,0.99983,0.999139,0.99943,0.999044,0.99981,0.996608,0.998472,0.998837,0.998495,0.99977,0.999872,0.999888,0.999878,0.999822,0.923386,0.711802,0.835362,0.782616,0.622317,0.784646,0.798813,0.839937,0.781577,0.806435,0.83512,0.848898,0.855905,0.844289,0.708196,0.781076,0.731105,0.763729,0.732628,0.751434
894,3,tta,0,0.001458,0.000846,0.000302,0.000964,2.6e-05,0.00115,0.003481,0.000814,0.002415,0.002204,0.002022,0.000115,0.002046,0.000753,0.000476,3e-05,0.000105,0.000402,4.6e-05,5.2e-05,2.9e-05,4e-05,5.8e-05,1.8e-05,8e-06,2.5e-05,3.4e-05,0.0,4e-06,0.000115,1e-06,4e-06,2e-06,4e-06,0.0,0.00016,0.000197,0.000242,0.0001,0.000532
895,1,rno,0,0.000333,0.001608,0.000299,0.002843,0.000635,0.005967,0.007608,0.003251,0.005782,0.003771,0.002736,0.000807,0.008356,0.007218,0.007852,0.00079,0.000126,0.000608,0.000534,0.000276,0.356443,0.040607,0.004624,0.002862,0.004046,0.08835,0.032053,0.146687,0.050911,0.0254,0.065937,0.049561,0.063923,0.199444,0.034066,0.009477,0.000159,0.000205,0.000129,0.005197
896,2,ini,1,0.99844,0.999272,0.99951,0.995973,0.994252,0.977238,0.767194,0.987764,0.903243,0.977991,0.978892,0.999,0.984283,0.988267,0.980208,0.998086,0.996836,0.998433,0.997383,0.998619,0.97644,0.999348,0.999893,0.956138,0.990251,0.986554,0.98819,0.999561,0.99811,0.997761,0.999313,0.999033,0.999178,0.99554,0.997583,0.967561,0.999685,0.999546,0.999474,0.999308
897,4,ari,1,0.998744,0.999491,0.999814,0.999483,0.999762,0.99966,0.999757,0.998858,0.998297,0.99994,0.999584,0.99869,0.999069,0.999522,0.999826,0.999413,0.999817,0.999795,0.999582,0.999744,0.992324,0.99953,0.999551,0.999406,0.999899,0.999663,0.999963,0.999925,0.999876,0.999998,0.999949,0.999908,0.999943,0.999932,0.99992,0.99954,0.999637,0.999705,0.999733,0.99921
898,3,ita,1,0.999997,0.999994,0.999992,0.999902,0.999973,0.999764,0.999885,0.999829,0.999842,0.999856,0.99985,0.999995,0.999598,0.999872,0.999641,0.999841,0.99984,0.999886,0.999896,0.99992,0.999997,0.999991,1.0,0.999997,0.999997,1.0,1.0,1.0,1.0,0.999999,1.0,1.0,1.0,0.999999,0.999999,0.999686,0.999706,0.999749,0.999768,0.999608
899,1,ari,0,0.91332,0.569663,0.995402,0.383259,0.861786,0.39211,0.822053,0.711023,0.413699,0.814025,0.970633,0.992238,0.845356,0.367276,0.298409,0.534025,0.326159,0.388044,0.182687,0.291791,0.654147,0.569431,0.594292,0.543425,0.512678,0.619452,0.578886,0.541518,0.548238,0.586202,0.518062,0.593684,0.573601,0.516451,0.642789,0.538217,0.567588,0.569592,0.558031,0.522966
900,2,ati,1,0.999571,0.995768,0.991003,0.999526,0.999038,0.988302,0.994804,0.99623,0.996777,0.992235,0.990325,0.999757,0.988384,0.986655,0.994835,0.999867,0.999729,0.999796,0.999576,0.99992,0.998246,0.996623,0.998534,0.996908,0.999325,0.994645,0.999156,0.998314,0.975389,0.981419,0.997712,0.999118,0.994772,0.984121,0.994348,0.999003,0.997986,0.999133,0.999291,0.998671
901,2,isa,1,0.999843,0.99983,0.99997,0.999974,0.999933,0.99994,0.998922,0.999765,0.999931,0.999464,0.999587,0.99993,0.999545,0.999774,0.9998,0.999731,0.999892,0.999769,0.99988,0.999911,0.999709,0.998932,0.999756,0.999189,0.999552,0.999156,0.99933,0.999949,0.996859,0.999264,0.999905,0.99306,0.998673,0.996961,0.999916,0.999382,0.998178,0.999361,0.999559,0.997674
902,3,nta,1,0.99999,0.999948,0.999511,0.999983,0.999655,0.998654,0.999621,0.987068,0.999045,0.997792,0.992139,0.999997,0.999679,0.997638,0.998888,0.999275,0.999421,0.999724,0.999502,0.999589,0.99999,0.999836,0.999992,0.999961,0.999856,0.999911,0.999972,1.0,0.999991,0.995517,0.999997,0.999996,1.0,0.999905,0.999834,0.999695,0.999663,0.999703,0.999664,0.999606
903,1,ati,1,0.999945,0.999869,0.999768,0.999894,0.999524,0.998217,0.999003,0.996796,0.994584,0.990001,0.998244,0.999779,0.999405,0.998554,0.996188,0.99902,0.998047,0.998687,0.999448,0.998904,0.654147,0.569431,0.594292,0.543425,0.512678,0.619452,0.578886,0.541518,0.548238,0.586202,0.518062,0.593684,0.573601,0.516451,0.642789,0.538217,0.567588,0.569592,0.558031,0.522966
904,1,rja,0,0.06371,0.132161,0.340817,0.272264,0.287241,0.064833,0.431349,0.149332,0.119335,0.174897,0.077313,0.029891,0.423822,0.111122,0.133918,0.181602,0.560726,0.281061,0.168354,0.542058,0.654147,0.569431,0.594292,0.543425,0.512678,0.619452,0.578886,0.541518,0.548238,0.586202,0.518062,0.593684,0.573601,0.516451,0.642789,0.538217,0.567588,0.569592,0.558031,0.522966
905,1,ati,1,0.999873,0.999904,0.999698,0.999741,0.994679,0.989153,0.995899,0.993314,0.980209,0.99221,0.969878,0.998857,0.993302,0.981119,0.959413,0.999249,0.998301,0.998995,0.99864,0.995767,0.654147,0.569431,0.594292,0.543425,0.512678,0.619452,0.578886,0.541518,0.548238,0.586202,0.518062,0.593684,0.573601,0.516451,0.642789,0.538217,0.567588,0.569592,0.558031,0.522966
906,1,nto,0,0.000161,0.000848,0.000149,0.000473,9.3e-05,0.000604,0.000624,9.2e-05,0.000353,0.000189,0.000162,0.000177,0.00123,0.000171,5.5e-05,2.3e-05,2.7e-05,4.1e-05,8.4e-05,1.2e-05,0.005924,0.002796,0.000812,0.002194,0.070655,0.080599,0.0037,0.005643,0.002704,0.340327,0.003676,0.005765,0.029153,0.002254,0.041707,0.009585,0.000967,0.000543,0.000149,0.019036
907,1,nto,0,0.009461,0.004227,0.006545,0.001878,0.005608,0.008911,0.014754,0.005013,0.004443,0.005611,0.003094,0.010669,0.009042,0.002594,0.007682,8.4e-05,3.4e-05,0.000195,3.3e-05,8.5e-05,0.104548,0.092801,0.001757,0.01584,0.007705,0.04099,0.081718,0.044082,0.039222,0.029689,0.042758,0.127253,0.042237,0.107376,0.038414,0.000946,0.001507,0.000682,0.013025,0.003199
908,2,mah,1,0.999947,0.999858,0.99997,0.999933,0.999905,0.999241,0.999485,0.999275,0.999813,0.999024,0.999903,0.999999,0.999954,0.99998,0.999964,0.999602,0.999815,0.999562,0.999844,0.999634,0.999997,0.999977,0.999991,0.999927,0.999993,0.999945,0.999995,0.999999,0.999997,0.999965,0.999991,0.99999,0.999996,0.999982,1.0,0.999736,0.999718,0.999748,0.999783,0.999566
909,3,yah,0,0.000798,0.000115,0.1523,0.00289,0.022346,0.008119,0.054407,0.003574,0.012679,0.001196,0.003183,0.000114,0.008396,0.020244,0.011235,0.003651,0.001597,0.022207,0.001451,0.001459,1.6e-05,0.002418,0.001174,0.010688,9.7e-05,0.000328,0.000822,1.1e-05,6.5e-05,6.9e-05,0.0001,9e-06,0.002836,1.5e-05,2.6e-05,0.000231,0.000206,0.000187,0.000128,0.001064
910,3,wan,0,0.062753,0.003529,0.00226,0.003583,0.001812,8.4e-05,0.000255,0.000775,0.004417,0.006086,0.002211,0.006139,0.006275,0.000623,0.000723,0.000487,0.011611,0.007373,0.001014,0.008851,0.233706,0.032893,0.125468,0.001441,0.011372,0.096442,0.016874,0.019461,0.047883,0.137115,0.071432,0.189358,0.178282,0.008898,0.128218,0.022243,0.979938,0.294526,0.000934,0.141052
911,1,dri,0,0.002762,0.002892,0.006718,0.002783,0.001579,0.04621,0.005858,0.011474,0.016681,0.011798,0.035556,0.002822,0.013329,0.011836,0.008786,0.00031,0.012053,0.000434,0.000314,0.000117,0.038453,0.309601,0.028335,0.619464,0.011643,0.221011,0.64821,0.035509,0.07477,0.120266,0.02845,0.609281,0.075571,0.207464,0.304947,0.016315,0.003508,0.00206,0.000264,0.000309
912,1,roh,1,0.996559,0.997806,0.998754,0.998374,0.99276,0.999121,0.999391,0.998254,0.998917,0.99881,0.998996,0.998153,0.996614,0.997217,0.99988,0.999349,0.998874,0.998316,0.999058,0.998926,0.785896,0.662821,0.998627,0.998256,0.973604,0.680966,0.980568,0.998406,0.979437,0.832909,0.529484,0.908771,0.994827,0.961655,0.97697,0.994312,0.998969,0.998249,0.999364,0.999535
913,2,ani,1,0.993301,0.997836,0.998627,0.998788,0.999386,0.999111,0.998891,0.997383,0.996933,0.995488,0.995551,0.997067,0.987935,0.99847,0.995894,0.999699,0.999813,0.999633,0.999658,0.999854,0.999818,0.999165,0.999901,0.999718,0.999864,0.999029,0.999729,0.99998,0.999928,0.999099,0.999928,0.99954,0.998505,0.999907,0.999858,0.999254,0.999703,0.999719,0.999782,0.999478
914,2,adi,0,0.000533,0.001895,0.000271,0.006335,0.001607,0.009821,0.004317,0.00479,0.005504,0.012088,0.002088,9e-05,0.010849,0.001048,0.006227,0.000637,0.000551,0.000803,0.000427,0.001053,0.00031,0.000397,0.000956,0.004602,0.000485,0.000278,0.000808,0.000141,0.000516,0.001059,0.000345,0.000418,0.000816,0.001835,0.000768,0.000201,0.000198,0.00014,0.000126,0.000748
915,1,adi,0,0.003668,0.009157,0.018584,0.0038,0.002586,0.002946,0.013343,0.00169,0.013336,0.003289,0.006567,0.002406,0.01501,0.002626,0.003314,0.000306,0.001092,0.001178,0.000241,0.003915,0.654147,0.569431,0.594292,0.543425,0.512678,0.619452,0.578886,0.541518,0.548238,0.586202,0.518062,0.593684,0.573601,0.516451,0.642789,0.538217,0.567588,0.569592,0.558031,0.522966
916,1,ani,1,0.993513,0.996667,0.999083,0.998464,0.987072,0.991393,0.961267,0.942358,0.880946,0.975228,0.995175,0.994695,0.98601,0.98355,0.963166,0.985261,0.988295,0.99269,0.954819,0.997935,0.999843,0.999434,0.999993,0.999764,0.99988,0.999535,0.997281,0.999693,0.997124,0.994622,0.999544,0.993319,0.998251,0.954803,0.99947,0.99967,0.999732,0.999676,0.999838,0.999663
917,3,ati,1,0.999861,0.999003,0.999186,0.999348,0.997294,0.999058,0.998026,0.997509,0.997914,0.999159,0.993918,0.995302,0.997059,0.997155,0.998822,0.999784,0.999877,0.999629,0.998728,0.999851,0.998224,0.99983,0.998672,0.990149,0.998953,0.99823,0.999946,0.999995,0.999676,0.991541,0.999825,0.999989,0.999989,0.999655,0.999301,0.999649,0.999446,0.999636,0.999524,0.999462
918,2,ani,1,0.999845,0.999798,0.999969,0.999888,0.99967,0.999846,0.999808,0.999659,0.999799,0.999728,0.999453,0.999925,0.999316,0.999873,0.999707,0.999907,0.999906,0.999742,0.999775,0.999901,0.999584,0.999787,0.999914,0.999977,0.999816,0.99963,0.999901,0.99999,0.999893,0.999826,0.999123,0.999738,0.999985,0.999831,0.99979,0.999672,0.999726,0.999747,0.999754,0.999535
919,1,ono,0,0.000401,0.001285,0.000193,0.001444,0.000118,0.005798,0.00111,0.001687,0.002159,0.00094,0.001722,0.00069,0.003745,0.001955,0.000585,0.000223,0.000168,0.000281,0.001426,0.000388,0.01107,0.000966,0.007649,0.938555,0.00052,0.367913,0.029644,0.026238,0.915566,0.006194,0.068492,0.015383,0.063295,0.924758,0.016957,0.000424,0.000233,0.000241,0.000154,0.000771
920,1,ini,1,0.997934,0.997444,0.999953,0.999925,0.998384,0.994449,0.989483,0.987665,0.991035,0.988874,0.998522,0.999284,0.995021,0.997185,0.995666,0.994637,0.996857,0.997535,0.997828,0.998041,0.986066,0.999782,0.99969,0.997874,0.999236,0.998531,0.99797,0.99873,0.996639,0.957874,0.996114,0.994362,0.98941,0.996657,0.996958,0.999613,0.999571,0.999688,0.999795,0.999036
921,3,rul,0,0.000606,0.000278,0.000562,9.6e-05,0.000225,9.9e-05,0.000316,0.000223,0.000247,0.000536,0.000924,2.4e-05,0.001007,5.8e-05,0.000184,0.000103,8.4e-05,5.4e-05,8.1e-05,2.4e-05,0.001624,0.002834,0.005577,0.003358,0.001923,0.047825,0.010011,0.001484,0.003778,0.015214,0.002396,0.002838,0.001349,0.001516,0.004452,0.001383,0.001097,0.000819,0.001607,0.008789
922,2,ari,1,0.994095,0.997442,0.995512,0.999516,0.996756,0.999594,0.999079,0.9998,0.999769,0.999818,0.999346,0.998863,0.995028,0.997292,0.996906,0.999609,0.999768,0.999768,0.999788,0.999859,0.998776,0.999928,0.996083,0.998428,0.999909,0.999898,0.999968,0.99996,0.999477,0.99993,0.999963,0.999955,0.999915,0.998258,0.99998,0.999633,0.999332,0.999425,0.999729,0.999469
923,3,ndi,0,1.7e-05,2.1e-05,1.2e-05,3.8e-05,4.6e-05,1.1e-05,1.9e-05,2e-05,4e-05,1.2e-05,5.1e-05,6e-06,0.000188,3.5e-05,2.4e-05,1.5e-05,1.4e-05,1.4e-05,1.8e-05,1.1e-05,4e-06,4e-06,1e-06,1.9e-05,5e-06,3e-06,0.0,0.0,0.0,0.0,2e-06,0.0,0.0,0.0,0.0,0.00016,0.000181,0.000144,9.7e-05,0.000221
924,2,ndi,0,0.00025,0.000555,0.000499,0.000105,0.000173,0.003316,0.00508,0.001687,0.001731,0.0005,0.000869,7.1e-05,0.002004,0.000314,0.000106,9.9e-05,0.000122,0.000231,0.00034,0.00033,2.3e-05,0.000525,3e-06,0.001029,8e-06,4.2e-05,0.000793,4e-06,0.000169,1.3e-05,3.9e-05,3.3e-05,2.2e-05,0.000107,1e-06,0.000182,0.000175,0.000145,0.000106,0.000313
925,2,ito,0,6.9e-05,0.0001,6.5e-05,0.000218,0.000124,4.3e-05,8.1e-05,0.000134,0.000102,0.000151,0.00033,7.2e-05,0.000685,0.000135,0.00013,3.1e-05,3.4e-05,3.6e-05,0.000402,2.7e-05,6e-06,1.5e-05,1e-06,6.1e-05,3e-05,1.9e-05,1.6e-05,0.0,4e-06,3e-06,1e-06,2.3e-05,7e-06,1e-06,0.0,0.000164,0.000197,0.000175,0.000107,0.000269
926,1,ini,1,0.993355,0.965553,0.996416,0.913419,0.994079,0.908834,0.823148,0.552251,0.511396,0.487358,0.878435,0.894144,0.907046,0.878261,0.868892,0.984038,0.965338,0.961028,0.512766,0.949889,0.654147,0.569431,0.594292,0.543425,0.512678,0.619452,0.578886,0.541518,0.548238,0.586202,0.518062,0.593684,0.573601,0.516451,0.642789,0.538217,0.567588,0.569592,0.558031,0.522966
927,3,ayu,1,0.721469,0.998364,0.992326,0.995778,0.995607,0.983815,0.998453,0.974858,0.996094,0.989851,0.977768,0.991381,0.995454,0.99863,0.991071,0.998233,0.999806,0.996177,0.998972,0.998878,0.999738,0.997379,0.999716,0.995271,0.998691,0.998121,0.999583,0.99745,0.984633,0.998446,0.999825,0.998195,0.998521,0.987672,0.989988,0.998192,0.999297,0.999414,0.999306,0.997839
928,2,zal,0,0.000142,0.000355,3.5e-05,8.3e-05,0.000306,0.000126,0.000135,9.2e-05,0.000238,9.1e-05,0.000478,2.1e-05,0.000112,0.000134,9.7e-05,4.8e-05,8.6e-05,0.000113,0.00012,2.9e-05,5.4e-05,8.7e-05,2.5e-05,2e-05,0.000168,0.00131,0.001232,1e-06,4.3e-05,0.000171,0.000198,0.002704,0.000105,1.2e-05,7.3e-05,0.000196,0.000158,0.000156,0.000135,0.000341
929,2,rti,1,0.997965,0.999348,0.996669,0.998819,0.998008,0.998116,0.997947,0.998575,0.994491,0.999011,0.991222,0.999912,0.997554,0.995357,0.996392,0.999848,0.999867,0.999927,0.999955,0.999879,0.999948,0.99991,0.999916,0.998476,0.995565,0.997621,0.998751,0.999651,0.999141,0.993715,0.998851,0.999161,0.996783,0.999266,0.997322,0.993167,0.999545,0.999702,0.999732,0.998847
930,1,yah,0,0.000627,5e-05,0.000354,0.000355,9.4e-05,0.000545,0.000786,0.002823,0.002584,0.000569,0.000432,1.6e-05,0.000744,0.000358,0.000568,0.000121,6.8e-05,0.00022,7.7e-05,7e-05,0.00602,0.018999,0.252071,0.991194,0.095674,0.482713,0.226076,0.015701,0.953715,0.414415,0.37327,0.258128,0.237668,0.916911,0.118942,0.000421,0.887362,0.766867,0.781364,0.006719
931,2,ati,1,0.9993,0.998725,0.99992,0.999817,0.999608,0.999319,0.999931,0.998746,0.999348,0.998688,0.999717,0.999687,0.998813,0.999771,0.999763,0.999893,0.999886,0.99992,0.999924,0.999941,0.998532,0.999057,0.999763,0.997506,0.99889,0.99803,0.999976,0.998124,0.997303,0.997817,0.99954,0.999367,0.994807,0.998228,0.998865,0.999269,0.999514,0.999321,0.999687,0.999037
932,2,zah,0,0.007052,0.022316,0.012763,0.049962,0.022195,0.02124,0.056863,0.070034,0.082426,0.016369,0.025521,0.004369,0.033056,0.011342,0.023309,0.000119,0.000551,0.002702,0.000182,0.000719,7.5e-05,0.001322,7e-06,6.2e-05,0.000318,0.00134,5e-05,7.7e-05,2.5e-05,5.8e-05,0.000848,0.000154,0.000334,0.000141,1.1e-05,0.000236,0.000178,0.000158,0.000134,0.000332
933,1,ewi,1,0.999861,0.999886,0.999909,0.999932,0.999597,0.841032,0.863891,0.950749,0.810508,0.857771,0.990404,0.999617,0.997702,0.909207,0.920019,0.999681,0.999793,0.999548,0.999556,0.999863,0.99989,0.999981,0.99996,0.999767,0.999969,0.999935,0.999794,0.999968,0.999846,0.999747,0.999843,0.999124,0.9999,0.999686,0.999899,0.999727,0.999732,0.999747,0.999768,0.999606
934,2,sma,1,0.994684,0.999745,0.999466,0.997989,0.99276,0.97787,0.998801,0.969954,0.957185,0.967555,0.988715,0.998872,0.981195,0.983512,0.997636,0.992787,0.999549,0.994876,0.994858,0.996358,0.99977,0.999848,0.999993,0.999822,0.999931,0.999049,0.99996,0.999942,0.999617,0.999887,0.999886,0.99975,0.999643,0.999658,0.999972,0.999351,0.999461,0.999579,0.999703,0.999143
935,3,aus,0,0.034407,0.153717,0.398579,0.400531,0.600717,0.512566,0.56042,0.089535,0.308754,0.034877,0.14137,0.787522,0.447911,0.367127,0.05133,0.027751,0.440145,0.479191,0.154888,0.637241,0.009723,0.009416,0.045219,0.173881,0.581494,0.103075,0.433783,0.025769,0.4965,0.021361,0.002346,0.955624,0.577458,0.23152,0.665425,0.002193,0.256457,0.028435,0.786178,0.022968
936,3,ara,1,0.653576,0.950769,0.584275,0.988833,0.925533,0.921107,0.9493,0.611674,0.879794,0.888666,0.914228,0.992502,0.493489,0.730795,0.964246,0.985034,0.99155,0.896726,0.98175,0.987732,0.992395,0.915477,0.799901,0.998418,0.791292,0.965939,0.934401,0.692272,0.963662,0.961523,0.992554,0.857978,0.688995,0.981908,0.965757,0.9871,0.993599,0.998458,0.999655,0.995352
937,1,din,0,0.000333,0.001765,0.001096,0.003825,0.002194,0.017283,0.031951,0.039271,0.012996,0.027381,0.003434,0.000194,0.035723,0.005793,0.021059,0.000234,0.00079,0.001317,0.006265,0.007209,0.04159,0.073294,0.001377,0.013064,0.003736,0.333589,0.043313,0.05686,0.075535,0.057512,0.579131,0.063891,0.194971,0.026514,0.063492,0.000256,0.000605,0.001826,0.000159,0.040344
938,1,ebo,0,1.7e-05,0.00052,0.000365,1.3e-05,0.00032,0.029325,0.034601,0.016862,0.016124,0.02707,0.010218,0.002439,0.003547,0.005823,0.015102,0.198561,0.047358,0.115283,0.016602,0.004022,0.654147,0.569431,0.594292,0.543425,0.512678,0.619452,0.578886,0.541518,0.548238,0.586202,0.518062,0.593684,0.573601,0.516451,0.642789,0.538217,0.567588,0.569592,0.558031,0.522966
939,1,sih,1,0.934744,0.956435,0.984939,0.916156,0.728215,0.820962,0.783656,0.651962,0.762498,0.824624,0.935086,0.991416,0.880336,0.736893,0.835606,0.723637,0.557233,0.465091,0.501585,0.413034,0.627284,0.42742,0.667122,0.559826,0.554148,0.87634,0.195058,0.660616,0.539035,0.674367,0.844036,0.378574,0.538154,0.88977,0.774732,0.981117,0.327686,0.043453,0.009132,0.092044
940,2,aji,0,7e-06,0.000751,8.2e-05,1.1e-05,0.000303,0.000194,0.000343,0.000714,0.001856,0.000161,0.001846,6.9e-05,0.000279,9.1e-05,0.00027,1.6e-05,2.3e-05,3.5e-05,2.2e-05,2.4e-05,7e-06,1.7e-05,0.0,7e-06,1e-06,4e-06,1e-06,0.0,0.0,4e-06,0.0,7e-06,1e-06,0.0,0.0,0.000158,0.000155,0.000138,0.000104,0.000289
941,2,ziz,0,1.1e-05,0.000193,6e-06,2.7e-05,2.9e-05,5.8e-05,1.2e-05,1.6e-05,5.7e-05,2.7e-05,4.6e-05,1.2e-05,8.7e-05,2e-05,2.4e-05,1e-05,1.6e-05,2.4e-05,2.1e-05,1.4e-05,1.3e-05,5e-06,1e-06,1.2e-05,1.4e-05,1e-06,5e-06,1e-06,2e-06,0.0,1e-06,5e-06,2e-06,1e-06,0.0,0.00015,0.000178,0.000127,9.4e-05,0.000237
942,2,uma,0,0.007266,0.001194,0.002685,0.062303,0.026705,0.053567,0.032571,0.083714,0.060823,0.038058,0.130317,0.007505,0.056482,0.053415,0.045588,0.001779,0.002728,0.017867,0.003708,0.001834,0.025886,0.027549,0.093322,0.004424,0.005032,0.022708,0.009544,0.001925,0.001497,0.004595,0.008884,0.016995,0.003304,0.002093,0.007111,0.000252,0.00022,0.000254,0.000129,0.003326
943,2,ati,1,0.998411,0.998076,0.99974,0.999863,0.999266,0.999795,0.999962,0.99984,0.999909,0.999369,0.998911,0.998867,0.999639,0.998895,0.999858,0.999866,0.999861,0.99978,0.999805,0.99988,0.999087,0.99774,0.999736,0.998995,0.999672,0.9892,0.999836,0.999878,0.998401,0.998978,0.997353,0.99993,0.999399,0.99828,0.999675,0.99892,0.998894,0.999234,0.999507,0.998675
944,2,tra,0,0.000257,1.2e-05,0.000243,4e-06,0.000376,0.000133,0.000463,0.000146,0.000674,0.000168,0.000227,2.8e-05,0.004973,2.5e-05,0.000776,2.7e-05,6.6e-05,0.000242,5.4e-05,5.3e-05,0.000131,6e-06,6e-06,1.3e-05,1.6e-05,0.001673,0.0,1.1e-05,5e-06,1e-06,0.000468,2e-06,2.2e-05,2.4e-05,1e-06,0.000153,0.000153,0.000133,0.000115,0.000336
945,1,sim,0,0.007047,0.000191,0.000835,0.000434,0.04394,0.056585,0.098395,0.056943,0.097421,0.119125,0.043367,0.030776,0.011687,0.018268,0.108776,0.033215,0.175153,0.620367,0.07212,0.001767,0.00013,0.005816,0.006612,0.170962,0.006649,0.01362,0.012379,0.092873,0.023174,0.038109,0.002334,0.015365,0.071316,0.049901,0.0842,0.000208,0.00051,0.002762,0.000124,0.001503
946,1,ini,1,0.999894,0.999198,0.999942,0.999821,0.99975,0.997238,0.986458,0.990336,0.986622,0.987926,0.999064,0.999903,0.997646,0.994821,0.997115,0.997495,0.999476,0.998901,0.99675,0.989123,0.654147,0.569431,0.594292,0.543425,0.512678,0.619452,0.578886,0.541518,0.548238,0.586202,0.518062,0.593684,0.573601,0.516451,0.642789,0.538217,0.567588,0.569592,0.558031,0.522966
947,2,sih,1,0.999865,0.998268,0.999516,0.999854,0.999566,0.999855,0.999816,0.999833,0.999516,0.999574,0.999948,0.998945,0.998523,0.999519,0.999915,0.999757,0.999909,0.999816,0.999908,0.999913,0.999956,0.999934,0.999999,0.999986,0.999901,0.999886,0.999725,0.999989,0.999995,0.999805,0.999993,0.999195,0.999878,0.999981,0.999964,0.999637,0.999694,0.999768,0.999782,0.999647
948,2,wan,0,0.002577,0.002433,0.027717,0.004452,0.007842,0.001024,0.004249,0.001813,0.004292,0.006824,0.003008,0.000658,0.002572,0.00208,0.015709,0.000182,0.000288,0.001879,0.000954,0.004389,0.004862,0.005677,0.008544,0.005016,0.001691,0.010352,0.018587,0.010302,0.005877,0.050547,0.012756,0.018091,0.008463,0.003942,0.005131,0.00847,0.008353,0.010176,0.006377,0.00956
949,2,kha,0,1.8e-05,0.000141,6.4e-05,7.7e-05,7.2e-05,0.000286,0.001418,0.000335,0.000241,0.000228,0.000225,3.8e-05,0.001456,4.6e-05,0.000139,2.2e-05,4.4e-05,0.000145,6.8e-05,2.2e-05,2.9e-05,3.4e-05,1e-05,0.00043,0.000239,0.000106,2.3e-05,1.2e-05,2e-05,5.9e-05,7e-06,1.5e-05,6.8e-05,1.3e-05,1.7e-05,0.000352,0.000259,0.000254,0.000175,0.000666
950,2,nto,0,4.6e-05,0.000103,0.000707,0.000159,0.000298,0.000109,5e-05,7.3e-05,3.4e-05,2e-05,4e-05,0.000168,0.000511,0.000154,2.9e-05,0.000106,1.8e-05,6.7e-05,0.000103,4.5e-05,5.1e-05,0.000195,6e-06,0.000154,4.4e-05,0.000291,0.000231,0.000157,0.000105,0.000122,6.8e-05,0.000762,0.000388,8.7e-05,0.000485,0.00016,0.000151,0.000159,0.000133,0.000329
951,2,nto,0,0.001299,0.000571,0.000593,0.000305,0.000646,0.000102,0.00031,0.000646,0.000484,0.000602,0.001124,0.000125,0.001043,0.003487,0.000717,1.9e-05,1.7e-05,3.9e-05,5.9e-05,2.1e-05,2.4e-05,2.9e-05,7e-06,1.8e-05,1.7e-05,6.5e-05,4e-06,1e-06,1.9e-05,7e-06,4e-06,1e-05,6e-06,3e-06,1e-06,0.000162,0.000166,0.00014,9.8e-05,0.000271
952,2,ani,1,0.999847,0.999109,0.999851,0.999837,0.999289,0.998428,0.994929,0.996421,0.990049,0.997678,0.99816,0.999862,0.997559,0.999212,0.998537,0.999722,0.999768,0.999424,0.998809,0.999735,0.999996,0.999995,0.999997,0.999941,0.999988,0.99996,0.999998,0.999997,0.999979,0.999974,0.999993,1.0,0.99999,0.999954,0.999997,0.999725,0.999668,0.99973,0.999741,0.999693
953,3,sha,1,0.998664,0.999958,0.999796,0.999841,0.999926,0.999903,0.999786,0.999603,0.999924,0.999768,0.99981,0.999684,0.999649,0.999924,0.999883,0.999882,0.999931,0.999803,0.999897,0.999928,0.999975,0.996979,0.99973,0.99907,0.999689,0.999142,0.999998,0.999992,0.999978,0.999977,0.999908,0.999998,0.999998,0.999654,0.99994,0.999165,0.999459,0.999576,0.999581,0.998954
954,1,rom,0,0.000964,0.00559,0.001903,0.000151,0.050254,0.001199,0.001951,0.002277,0.004337,0.00215,0.021282,0.000216,0.017699,0.000332,0.000847,0.023446,0.000982,0.00432,0.002144,0.00042,0.648314,0.790767,0.410019,0.543102,0.01935,0.26377,0.731365,0.076134,0.976581,0.269743,0.028413,0.868824,0.527755,0.885283,0.069004,0.988396,0.000226,0.71984,0.999051,0.770871
955,1,yah,1,0.998593,0.998345,0.99946,0.998928,0.993744,0.994451,0.997363,0.996938,0.99582,0.992604,0.994707,0.999141,0.987686,0.99495,0.997343,0.999609,0.999553,0.999475,0.999683,0.999657,0.999823,0.999536,0.999931,0.999769,0.999857,0.999567,0.995585,0.999488,0.996748,0.995213,0.998623,0.995783,0.997716,0.995311,0.999835,0.999667,0.999556,0.999733,0.999743,0.999654
956,2,roh,1,0.992143,0.992494,0.995924,0.999879,0.997437,0.993405,0.99741,0.998246,0.995743,0.970923,0.997326,0.999968,0.998627,0.985058,0.996173,0.999276,0.9998,0.999778,0.99971,0.999863,0.99314,0.995842,0.998615,0.994497,0.982899,0.977176,0.974528,0.971637,0.988228,0.980386,0.991619,0.979954,0.961416,0.995755,0.997624,0.997439,0.999175,0.999298,0.99739,0.998109
957,2,lbi,0,0.043929,0.03555,0.129402,0.011928,0.091719,0.164775,0.24076,0.360412,0.128555,0.078098,0.034698,0.011532,0.149818,0.105828,0.057768,0.012574,0.0054,0.003379,0.005755,0.004318,0.19918,0.186359,0.02077,0.059211,0.112585,0.13586,0.084999,0.188494,0.725404,0.676668,0.019323,0.084184,0.353001,0.054556,0.295804,0.164134,0.00201,0.724386,0.00051,0.036488
958,3,hri,0,0.000985,0.004561,0.000332,0.008754,0.000997,0.000139,0.000752,0.00191,0.00175,0.001146,0.000837,0.00047,0.006002,0.000521,0.000411,5.5e-05,5.5e-05,0.00014,0.000126,5.8e-05,4.6e-05,0.00028,6.4e-05,0.000538,0.000189,4.6e-05,5e-06,1e-06,1.3e-05,7e-05,8e-06,4.3e-05,1.2e-05,6e-06,2.5e-05,0.000328,0.000229,0.000218,0.000457,0.00415
959,2,roh,1,0.999926,0.999343,0.999595,0.99885,0.998727,0.99749,0.998045,0.999641,0.999162,0.996947,0.998348,0.999608,0.998733,0.999482,0.999078,0.999966,0.999952,0.999883,0.999961,0.999948,0.999573,0.999159,0.999924,0.999356,0.999288,0.998211,0.9992,0.998465,0.999184,0.999018,0.999496,0.996713,0.99839,0.999132,0.999852,0.999536,0.999564,0.999156,0.999702,0.999225
960,4,yah,0,4.7e-05,4.1e-05,0.00259,1.4e-05,0.000782,4e-05,0.000123,0.000157,0.000704,3.6e-05,0.00015,8e-06,0.001427,1.7e-05,8.7e-05,4.7e-05,0.000151,0.000241,5.2e-05,3.7e-05,2e-06,1.7e-05,1e-06,1.5e-05,3e-06,0.0,1e-06,0.0,0.0,0.0,0.0,0.0,0.0,0.0,0.0,0.000259,0.000222,0.000219,0.000147,0.000354
961,1,min,0,0.003327,0.000355,0.000878,0.000773,0.017123,0.002913,0.018171,0.000414,0.006318,0.009416,0.003388,0.001586,0.011065,0.00952,0.00507,7.5e-05,0.000162,0.000912,0.000167,0.000226,0.01775,0.010167,2.5e-05,0.000714,0.007485,0.133758,0.096102,0.004994,0.04108,0.233085,0.046539,0.088953,0.008958,0.067384,0.080527,0.001405,0.00021,0.001231,0.000173,0.000802
962,2,yah,1,0.989372,0.999308,0.999463,0.99213,0.977024,0.987152,0.998374,0.989534,0.986538,0.996982,0.969165,0.98631,0.99493,0.99697,0.999371,0.999105,0.984896,0.99952,0.999489,0.997128,0.962432,0.995079,0.99277,0.625619,0.997211,0.996566,0.998894,0.999279,0.994078,0.970156,0.998149,0.997664,0.985519,0.49146,0.990684,0.999465,0.99947,0.999342,0.999379,0.999218
963,3,lif,0,0.003002,0.015821,0.001994,0.001353,0.124283,0.009521,0.005465,0.008493,0.018876,0.011878,0.032943,0.00069,0.080287,0.063188,0.08158,0.012295,0.263026,0.184149,0.04461,0.740876,0.576126,0.402112,0.669634,0.563425,0.313996,0.561433,0.572785,0.53841,0.521205,0.594696,0.605809,0.576869,0.597758,0.483237,0.610295,0.543651,0.565562,0.580688,0.566653,0.534454
964,1,nti,1,0.996012,0.995501,0.990455,0.944035,0.941745,0.946993,0.954306,0.860245,0.902976,0.836078,0.954169,0.997858,0.994028,0.852595,0.929751,0.693294,0.433462,0.857278,0.910186,0.905041,0.997989,0.999092,0.872208,0.964218,0.58718,0.977464,0.942262,0.998076,0.983824,0.974242,0.862471,0.899068,0.987748,0.982065,0.99135,0.99879,0.999494,0.999719,0.999819,0.999455
965,2,oro,0,0.000793,0.002145,0.001036,0.007976,0.003801,0.000407,0.002083,0.002479,0.000752,0.000598,0.00296,0.000135,0.002832,0.007036,0.000577,0.000127,0.000162,0.000825,0.000125,0.000115,0.000174,0.00041,2.7e-05,1.2e-05,0.000142,0.001593,4.9e-05,1e-05,1e-06,0.001089,0.000137,9.7e-05,3.6e-05,3e-06,0.000638,0.000179,0.000149,0.000147,0.000108,0.000333
966,2,lah,0,1.1e-05,7e-06,8e-06,1.3e-05,3.7e-05,4.8e-05,1.9e-05,3.1e-05,2.2e-05,7e-06,6.4e-05,2e-06,0.000158,1.5e-05,6.1e-05,1.2e-05,1.2e-05,1.3e-05,1.8e-05,1e-05,3e-06,4e-06,0.0,1.9e-05,4e-06,0.0,0.0,0.0,1e-06,0.0,0.0,0.0,0.0,1e-06,0.0,0.000151,0.00018,0.000141,9.7e-05,0.000219
967,2,nti,1,0.999706,0.999964,0.999971,0.999982,0.999914,0.999928,0.99993,0.999937,0.99972,0.999959,0.999555,0.999949,0.999874,0.999959,0.999955,0.999938,0.999946,0.999845,0.999956,0.999966,0.999909,0.999971,0.999998,0.998692,0.999991,0.998144,0.999999,0.999998,0.999044,0.999996,0.99993,0.999993,0.999986,0.9971,1.0,0.999699,0.999738,0.999695,0.999792,0.999598
968,1,ury,1,0.009126,0.655118,0.041863,0.424013,0.101024,0.210205,0.096375,0.035575,0.016019,0.097583,0.098209,0.118307,0.694088,0.628227,0.145673,0.443996,0.086658,0.389423,0.029771,0.74465,0.654147,0.569431,0.594292,0.543425,0.512678,0.619452,0.578886,0.541518,0.548238,0.586202,0.518062,0.593684,0.573601,0.516451,0.642789,0.538217,0.567588,0.569592,0.558031,0.522966
969,2,mes,0,0.000359,0.001613,0.000287,0.000677,0.00207,0.000787,0.001297,0.00118,0.001859,0.002417,0.000599,0.000653,0.002379,0.000472,0.001123,0.000582,0.000161,0.000693,0.000183,2.6e-05,0.07531,0.004946,0.015672,0.004069,0.02191,0.058245,0.00551,0.032635,0.003342,0.131948,0.035737,0.019705,0.210975,0.000451,0.009393,0.000936,0.000432,0.000615,0.020115,0.002149
970,1,rah,1,0.982329,0.999051,0.996748,0.999986,0.999957,0.995793,0.998856,0.998289,0.99821,0.996922,0.999018,0.999223,0.999398,0.999569,0.995741,0.999231,0.999624,0.998993,0.999384,0.999607,0.654147,0.569431,0.594292,0.543425,0.512678,0.619452,0.578886,0.541518,0.548238,0.586202,0.518062,0.593684,0.573601,0.516451,0.642789,0.538217,0.567588,0.569592,0.558031,0.522966
971,2,opo,0,0.000541,0.000868,9.9e-05,0.000609,0.004335,0.001164,0.005868,0.001812,0.001504,0.0006,0.00045,5.6e-05,0.00361,0.00049,0.000713,0.000232,0.00014,0.000232,9.2e-05,0.000348,0.001661,0.001858,0.000684,0.001841,0.004575,0.006328,0.001549,0.001003,0.002047,0.003644,0.002189,0.004554,0.00485,0.000766,0.005556,0.001398,0.000412,0.000436,0.00061,0.002316
972,2,nah,1,0.999985,0.99979,0.999964,0.999778,0.999777,0.999895,0.999973,0.996387,0.999905,0.999784,0.99986,0.999744,0.999898,0.999943,0.999919,0.999923,0.999911,0.999918,0.99979,0.999947,0.999997,0.999992,1.0,0.999964,0.999967,0.999997,1.0,1.0,0.999999,0.999994,1.0,1.0,1.0,0.999999,0.999994,0.999714,0.999737,0.999754,0.999773,0.999654
973,1,sah,1,0.997525,0.997838,0.997984,0.99972,0.999243,0.997354,0.997228,0.990304,0.996,0.996184,0.997113,0.996847,0.989844,0.994786,0.996796,0.99915,0.996839,0.998061,0.996816,0.999734,0.999899,0.994243,0.99809,0.999817,0.999877,0.996941,0.99262,0.994455,0.999715,0.99498,0.9993,0.996388,0.997725,0.999496,0.999703,0.999566,0.999692,0.999719,0.999786,0.99956
974,1,pin,0,0.650166,0.816547,0.06981,0.770305,0.79909,0.185568,0.659519,0.045191,0.236016,0.178298,0.197874,0.05734,0.146169,0.213377,0.121043,0.050489,0.001266,0.013356,0.011358,0.000476,0.654147,0.569431,0.594292,0.543425,0.512678,0.619452,0.578886,0.541518,0.548238,0.586202,0.518062,0.593684,0.573601,0.516451,0.642789,0.538217,0.567588,0.569592,0.558031,0.522966
975,2,lim,0,0.130027,0.027375,0.183466,0.114334,0.035789,0.269973,0.06986,0.086272,0.120007,0.236943,0.05804,0.01249,0.065621,0.047573,0.189852,0.0034,0.01314,0.010901,0.151793,0.005059,0.831534,0.883012,0.863497,0.938092,0.944268,0.88756,0.880788,0.860043,0.798901,0.907994,0.85185,0.869828,0.889938,0.794237,0.907174,0.865963,0.878822,0.878034,0.852065,0.774329
976,1,sni,0,0.998775,0.980582,0.999832,0.998266,0.931811,0.868601,0.940669,0.907698,0.767129,0.762379,0.941776,0.994529,0.966192,0.733778,0.913359,0.943747,0.728109,0.908116,0.713731,0.890958,0.999273,0.994861,0.993207,0.998406,0.156954,0.942134,0.981915,0.982293,0.995349,0.7395,0.987547,0.966991,0.969793,0.996279,0.799349,0.999647,0.999617,0.999324,0.999835,0.999489
977,1,tin,1,0.838852,0.915261,0.953792,0.799757,0.907229,0.948838,0.946793,0.84556,0.904144,0.915201,0.90938,0.909037,0.928642,0.871544,0.920429,0.967842,0.969492,0.991158,0.993184,0.979904,0.959592,0.979989,0.996812,0.982569,0.831498,0.906383,0.900238,0.956468,0.951664,0.941251,0.845594,0.943134,0.946336,0.965474,0.843946,0.985323,0.998085,0.999525,0.998566,0.991825
978,2,ari,1,0.999793,0.99007,0.989748,0.999862,0.996792,0.995179,0.969946,0.915423,0.990651,0.99864,0.985465,0.998111,0.991057,0.99028,0.99778,0.999286,0.998968,0.998461,0.998761,0.999488,0.997904,0.99936,0.999707,0.999282,0.981315,0.983473,0.999339,0.998765,0.998813,0.986922,0.99656,0.998833,0.998743,0.992589,0.996183,0.995914,0.999645,0.999681,0.997979,0.999067
979,2,ani,0,8.4e-05,0.001477,0.000237,0.000108,0.000307,0.006131,0.004957,0.002502,0.009255,0.003471,0.000464,2.7e-05,0.000617,0.000182,5.4e-05,0.000345,8.1e-05,0.000461,0.000403,0.000262,3e-06,0.000107,1.3e-05,4.1e-05,5.5e-05,5.5e-05,0.000323,1e-06,1.7e-05,2e-05,4e-06,3.6e-05,3.7e-05,2.3e-05,0.000196,0.000174,0.000146,0.000153,9.8e-05,0.000226
980,2,ndi,0,0.001849,0.010258,0.01086,0.034373,0.012463,0.010514,0.015564,0.011529,0.040346,0.050088,0.003275,0.005852,0.054847,0.007264,0.007025,0.000435,0.000168,0.000866,0.000852,0.000657,4.2e-05,0.000952,1.1e-05,0.000462,3.2e-05,0.000189,0.000638,9e-06,0.00015,0.000153,0.001817,0.000348,0.000162,0.000141,3.2e-05,0.000213,0.000149,0.00014,0.000129,0.000251
981,1,hid,0,0.000428,0.005512,0.009407,0.018221,0.000874,0.02212,0.030315,0.006583,0.03554,0.013083,0.010671,0.008617,0.004268,0.000657,0.004294,0.000233,0.000233,0.000814,0.000301,0.000259,0.00028,0.006533,5e-06,0.001003,0.000105,0.041656,0.008619,0.000218,0.000904,0.001823,0.005271,0.001796,0.001372,0.002765,0.011697,0.000179,0.000139,0.000149,0.000115,0.000598
982,2,yah,1,0.999906,0.999952,0.999991,0.999998,1.0,0.999952,0.999989,0.999968,0.999931,0.999979,0.99994,0.999969,0.999979,0.999986,0.999992,0.999966,0.999941,0.999944,0.999966,0.999964,0.999881,0.99993,0.999997,0.999659,0.99996,0.999974,0.999999,0.999998,0.999979,0.999966,0.999989,0.99997,0.99997,0.999962,0.999982,0.999566,0.99961,0.999617,0.999709,0.999305
983,2,uda,0,0.014334,0.049143,0.019814,0.132873,0.201652,0.101967,0.178584,0.175578,0.112439,0.11939,0.127735,0.010519,0.060455,0.359227,0.040439,0.173839,0.118313,0.011811,0.201838,0.075678,0.002083,0.010618,0.007137,0.002662,0.104491,0.014657,0.000419,0.001986,0.012239,0.00086,0.006272,0.00185,0.000728,0.044561,0.008592,0.000576,0.000196,0.000254,0.000232,0.000728
984,2,nah,1,0.999955,0.99768,0.99846,0.998972,0.990756,0.995729,0.995598,0.992941,0.993963,0.997052,0.998681,0.99903,0.995255,0.998712,0.99652,0.99985,0.99981,0.999549,0.999782,0.999877,0.997494,0.999556,0.999892,0.996089,0.997786,0.998832,0.999632,0.998827,0.997578,0.999194,0.997564,0.999473,0.999434,0.99496,0.999943,0.999653,0.99963,0.99962,0.999778,0.999581
985,2,din,0,0.000472,0.000483,0.001647,0.000876,0.000386,0.000507,0.001613,0.000269,0.002729,0.001062,0.002721,0.000213,0.00309,0.000383,0.000768,4.8e-05,5.2e-05,0.001013,0.000469,7.6e-05,0.001314,0.003865,0.004362,0.004109,0.002971,0.053476,0.014164,0.006913,0.010809,0.02714,0.006529,0.005875,0.006414,0.006163,0.011545,0.000675,0.000713,0.000648,0.000796,0.004351
986,1,yah,1,0.993848,0.999505,0.999587,0.999439,0.997877,0.999337,0.998667,0.996922,0.99595,0.997382,0.998632,0.999953,0.990166,0.998803,0.998088,0.999656,0.999309,0.999442,0.999762,0.999571,0.654147,0.569431,0.594292,0.543425,0.512678,0.619452,0.578886,0.541518,0.548238,0.586202,0.518062,0.593684,0.573601,0.516451,0.642789,0.538217,0.567588,0.569592,0.558031,0.522966
987,1,man,0,0.00041,0.000198,0.00273,0.00031,0.001045,0.007766,0.013383,0.005786,0.009176,0.005554,0.001028,0.001374,0.00373,0.001351,0.000304,0.000468,0.002093,0.000201,0.000733,0.000611,0.654147,0.569431,0.594292,0.543425,0.512678,0.619452,0.578886,0.541518,0.548238,0.586202,0.518062,0.593684,0.573601,0.516451,0.642789,0.538217,0.567588,0.569592,0.558031,0.522966
988,1,nah,1,0.999978,0.998311,1.0,0.999972,0.999841,0.999782,0.999767,0.999732,0.99911,0.999788,0.999938,0.999993,0.999911,0.999953,0.999624,0.999166,0.997598,0.998871,0.999038,0.999608,0.99592,0.990578,0.982745,0.966246,0.998194,0.998862,0.980875,0.92006,0.958109,0.930196,0.994121,0.992696,0.654121,0.872397,0.978123,0.999424,0.999511,0.998322,0.999212,0.998635
989,1,ati,1,0.999308,0.999917,0.999948,0.999943,0.99995,0.999403,0.999968,0.999797,0.999597,0.998562,0.999726,0.994991,0.999241,0.998506,0.99941,0.999547,0.999055,0.999355,0.999314,0.999413,0.654147,0.569431,0.594292,0.543425,0.512678,0.619452,0.578886,0.541518,0.548238,0.586202,0.518062,0.593684,0.573601,0.516451,0.642789,0.538217,0.567588,0.569592,0.558031,0.522966
990,2,lia,1,0.999312,0.999974,0.999379,0.999588,0.999413,0.998813,0.999427,0.99878,0.999266,0.999047,0.998744,0.999796,0.998965,0.999779,0.998463,0.999876,0.999877,0.999885,0.999824,0.999913,0.999988,0.999977,0.999999,0.999983,0.999995,0.99995,0.999975,1.0,0.999996,0.999997,0.999986,0.999997,1.0,0.999978,0.999998,0.999729,0.999734,0.99971,0.999783,0.999549
991,1,adi,0,8.9e-05,0.004319,0.000766,0.000875,0.003443,0.004051,0.009204,0.002897,0.006133,0.005249,0.004319,0.000797,0.022832,0.002799,0.002968,0.001046,0.000335,0.00037,0.000566,0.003117,0.654147,0.569431,0.594292,0.543425,0.512678,0.619452,0.578886,0.541518,0.548238,0.586202,0.518062,0.593684,0.573601,0.516451,0.642789,0.538217,0.567588,0.569592,0.558031,0.522966
992,2,nto,0,0.000273,0.000144,0.000202,0.002044,0.000387,0.001023,0.000911,0.006282,0.001123,0.001,0.00018,6.7e-05,0.001327,0.000797,0.00107,7.7e-05,0.00033,7e-05,5.7e-05,5.9e-05,3.2e-05,0.025377,0.037533,0.004701,0.004359,0.002448,0.04722,0.039413,0.000724,0.020666,0.010743,0.038354,0.355769,0.000578,9e-06,0.00034,0.000164,0.000158,0.000127,0.001455
993,2,ati,1,0.999642,0.997831,0.99964,0.999914,0.999334,0.999157,0.99941,0.999228,0.998573,0.998504,0.997248,0.99985,0.997147,0.996021,0.998163,0.999931,0.999928,0.999907,0.999796,0.999928,0.999827,0.999827,0.999951,0.99915,0.999413,0.998996,0.999678,0.999602,0.999841,0.9962,0.999873,0.999911,0.997714,0.999832,0.998791,0.999703,0.999521,0.999765,0.99976,0.999647
994,3,ana,1,0.999814,0.999966,0.999978,0.999923,0.999051,0.999031,0.999629,0.999214,0.999774,0.999312,0.999475,0.999953,0.997842,0.999806,0.998789,0.999768,0.999869,0.999804,0.999895,0.999831,0.999558,0.999974,0.999961,0.99997,0.999523,0.999972,0.999997,1.0,0.999991,0.99997,0.999993,0.999989,0.999998,0.999993,0.999998,0.999701,0.999664,0.999769,0.999747,0.9996
995,2,ani,0,0.006177,0.037775,0.002716,0.006219,0.006087,0.018422,0.005498,0.010354,0.008524,0.006796,0.019057,0.001488,0.006511,0.013172,0.058397,0.000375,0.001106,0.001952,0.000224,7.6e-05,0.000536,0.003427,0.001194,0.00468,0.000582,0.001674,0.004805,0.001369,0.000682,0.004654,0.007118,0.002056,0.002712,0.006803,0.000154,0.000395,0.0002,0.000336,0.002947,0.000925
996,1,ino,0,0.000229,0.00044,0.000399,0.000982,0.001828,0.015421,0.004454,0.000831,0.009202,0.002426,0.001132,0.000161,0.00692,0.002316,0.004874,0.000161,7.7e-05,0.000203,0.001228,0.000203,0.654147,0.569431,0.594292,0.543425,0.512678,0.619452,0.578886,0.541518,0.548238,0.586202,0.518062,0.593684,0.573601,0.516451,0.642789,0.538217,0.567588,0.569592,0.558031,0.522966
997,2,eki,1,0.940882,0.935514,0.996173,0.993323,0.985924,0.856379,0.974871,0.952323,0.879913,0.899681,0.979938,0.995284,0.903621,0.989428,0.976984,0.997195,0.997653,0.997983,0.994468,0.999457,0.999776,0.99954,0.989771,0.996211,0.994129,0.998483,0.994985,0.996719,0.997091,0.995857,0.999294,0.988458,0.98441,0.99595,0.99785,0.999708,0.999102,0.999766,0.999767,0.999377
998,2,yah,0,7e-05,0.000298,0.00025,9e-05,0.000303,2.8e-05,8e-06,5e-05,1.1e-05,2e-06,1.4e-05,2e-06,8.8e-05,1.4e-05,9e-06,1.8e-05,2.2e-05,3.4e-05,3e-05,1.3e-05,0.001901,0.002036,0.001057,0.000316,0.000348,0.01341,0.015604,0.001565,0.000605,0.004142,0.002012,0.007452,0.008907,0.000118,0.000729,0.001104,0.000301,0.000304,0.000222,0.003374
999,1,ono,0,9.4e-05,7.5e-05,0.000108,3.7e-05,0.000303,0.002378,0.00209,0.000452,0.002352,0.000563,0.000684,3.3e-05,0.003979,0.000533,0.000387,0.000621,7.6e-05,0.000148,0.000649,0.000738,0.654147,0.569431,0.594292,0.543425,0.512678,0.619452,0.578886,0.541518,0.548238,0.586202,0.518062,0.593684,0.573601,0.516451,0.642789,0.538217,0.567588,0.569592,0.558031,0.522966
1000,1,ati,1,0.99992,0.997135,0.999841,0.999977,0.999745,0.996483,0.999379,0.998506,0.99572,0.993713,0.998716,0.99982,0.99933,0.993128,0.995123,0.99961,0.999683,0.998706,0.999594,0.999438,0.997775,0.952056,0.976795,0.99646,0.985889,0.877448,0.924791,0.967827,0.995591,0.904754,0.927883,0.907973,0.937034,0.997577,0.99044,0.963937,0.999365,0.999439,0.999789,0.999386
1001,2,nto,0,0.000124,0.00084,0.000636,0.000401,0.000381,0.000424,0.000247,0.000269,0.001017,0.000697,0.000144,0.000126,0.000531,0.001008,0.000188,4.3e-05,3.7e-05,0.000145,8.4e-05,4.3e-05,8.3e-05,0.004513,0.000628,0.003866,0.003832,0.000174,4.1e-05,0.000142,0.000516,0.009653,0.00023,0.001539,0.001871,0.000985,0.000406,0.000165,0.000173,0.000166,0.000203,0.000615
1002,3,ati,1,0.999358,0.999928,0.999938,0.999723,0.999697,0.999508,0.999338,0.998776,0.998905,0.999079,0.998986,0.999831,0.998394,0.996795,0.9996,0.99995,0.999889,0.999877,0.999844,0.999799,0.999925,0.999967,0.999984,0.999966,0.999977,0.999996,1.0,1.0,0.99999,0.999655,1.0,1.0,1.0,0.99999,0.999958,0.999711,0.999756,0.999688,0.999745,0.999627
1003,1,lan,0,0.385291,0.021968,0.050692,0.152241,0.294257,0.216267,0.041437,0.028549,0.219877,0.08022,0.05392,0.035933,0.113873,0.015542,0.034388,0.014941,0.025679,0.013326,0.014539,0.022367,0.654147,0.569431,0.594292,0.543425,0.512678,0.619452,0.578886,0.541518,0.548238,0.586202,0.518062,0.593684,0.573601,0.516451,0.642789,0.538217,0.567588,0.569592,0.558031,0.522966
1004,1,ina,1,0.995794,0.999985,0.998589,0.99758,0.999965,0.996016,0.99958,0.995436,0.992088,0.99747,0.999461,0.999934,0.997323,0.997948,0.999481,0.997488,0.991505,0.995538,0.997808,0.998274,0.654147,0.569431,0.594292,0.543425,0.512678,0.619452,0.578886,0.541518,0.548238,0.586202,0.518062,0.593684,0.573601,0.516451,0.642789,0.538217,0.567588,0.569592,0.558031,0.522966
1005,2,wan,0,0.000401,0.000123,0.00047,0.000231,0.001486,1.5e-05,0.000185,0.000863,9.8e-05,0.000248,0.000563,3.8e-05,0.000301,0.000323,0.000407,2.8e-05,5.6e-05,4.9e-05,5.3e-05,2.3e-05,0.000331,0.001064,0.000106,0.000405,0.000232,0.001125,0.001084,0.000147,0.000261,0.000193,0.000862,0.000943,0.000104,0.000507,6.5e-05,0.000179,0.00016,0.000147,0.000166,0.000476
1006,2,hah,1,0.999961,0.999407,0.999701,0.999902,0.99993,0.999812,0.999881,0.999493,0.999931,0.999532,0.999968,0.999803,0.999004,0.999471,0.998918,0.999836,0.999848,0.999612,0.999581,0.999678,0.996401,0.993205,0.999297,0.995845,0.995669,0.979933,0.998864,0.99962,0.994572,0.987712,0.992294,0.998712,0.996763,0.995454,0.995207,0.999298,0.996922,0.99912,0.999225,0.999151
1007,2,nto,0,0.008853,0.013883,0.023712,0.017208,0.095848,0.021758,0.090402,0.017099,0.164918,0.041516,0.00956,0.002676,0.006562,0.004867,0.007751,0.004409,0.012926,0.001265,0.017751,0.003425,0.001733,3.2e-05,0.002418,0.019133,0.000795,0.031886,0.000469,0.000183,0.001445,0.001521,0.000272,0.000715,0.001319,0.005082,0.003015,0.000396,0.000272,0.000184,0.00017,0.001565
1008,1,rti,1,0.997926,0.998418,0.99626,0.997089,0.997171,0.995454,0.994724,0.995302,0.954593,0.991253,0.987392,0.999403,0.988594,0.994918,0.990774,0.995724,0.995587,0.997898,0.998762,0.998455,0.999962,0.949946,0.021129,0.864112,0.998689,0.933524,0.851604,0.88863,0.983204,0.873487,0.996737,0.777721,0.422914,0.964234,0.847506,0.999522,0.9986,0.999222,0.999783,0.996882
1009,3,adi,1,0.999988,0.999991,0.999997,0.999922,0.999968,0.995836,0.994831,0.993022,0.997682,0.995649,0.998285,0.999903,0.991783,0.991254,0.99525,0.996947,0.996697,0.996342,0.999445,0.999323,0.808527,0.88158,0.216869,0.689344,0.160942,0.417827,0.040609,0.334344,0.583252,0.865105,0.499469,0.121042,0.361995,0.548747,0.929182,0.042031,0.087149,0.344611,0.42257,0.281407
1010,2,ilo,0,0.000353,0.000337,0.00032,5.4e-05,0.000642,0.002837,0.003424,0.001595,0.001954,0.000632,0.001224,4.5e-05,0.002917,0.000419,0.000633,0.000137,0.000131,9e-05,5.1e-05,2.4e-05,0.000116,6.6e-05,3e-06,0.000983,2.9e-05,4.5e-05,5e-06,1.3e-05,1.2e-05,7e-06,1.5e-05,1.7e-05,0.000116,0.000121,1e-05,0.000159,0.000155,0.000152,0.000103,0.00031
1011,2,nti,1,0.999911,0.99992,0.999965,0.999823,0.999898,0.999726,0.999213,0.999321,0.998227,0.999673,0.999241,0.999776,0.999854,0.998597,0.999722,0.999902,0.999918,0.9998,0.999843,0.999862,0.999815,0.999992,1.0,0.999993,0.999985,0.999968,0.999999,1.0,0.999989,0.999997,0.999995,0.999999,0.999992,0.999901,1.0,0.999706,0.99973,0.999769,0.999805,0.999618
1012,4,ati,1,0.999985,0.999931,0.99999,0.999976,0.999923,0.99999,0.999998,0.999997,0.999993,0.999995,0.999956,0.999985,0.999934,0.999991,0.999998,0.999921,0.999914,0.999913,0.999639,0.999855,0.999999,0.999999,0.999997,0.999992,1.0,1.0,1.0,1.0,1.0,1.0,1.0,1.0,1.0,1.0,1.0,0.999741,0.999742,0.999711,0.999747,0.999638
1013,1,man,0,0.001278,0.004145,0.002385,0.000604,0.009565,0.040828,0.052555,0.02652,0.02548,0.020438,0.013494,0.001998,0.04302,0.0064,0.009063,0.002902,0.000236,0.001321,0.001472,0.002225,0.654147,0.569431,0.594292,0.543425,0.512678,0.619452,0.578886,0.541518,0.548238,0.586202,0.518062,0.593684,0.573601,0.516451,0.642789,0.538217,0.567588,0.569592,0.558031,0.522966
1014,1,tun,1,0.999908,0.999669,0.999595,0.999974,0.999928,0.997083,0.984209,0.998556,0.99314,0.998297,0.999392,0.999724,0.987533,0.999483,0.999339,0.971674,0.992811,0.993496,0.927226,0.997673,0.654147,0.569431,0.594292,0.543425,0.512678,0.619452,0.578886,0.541518,0.548238,0.586202,0.518062,0.593684,0.573601,0.516451,0.642789,0.538217,0.567588,0.569592,0.558031,0.522966
1015,2,lah,1,0.542825,0.595583,0.585095,0.906355,0.878657,0.89381,0.97043,0.870407,0.839189,0.882622,0.931895,0.900487,0.459275,0.96626,0.95389,0.849211,0.899787,0.888246,0.807514,0.485921,0.908179,0.979855,0.101843,0.998077,0.996408,0.052197,0.77701,0.642587,0.997018,0.993041,0.291502,0.305062,0.494596,0.861332,0.994817,0.998964,0.998935,0.978707,0.999633,0.9995
1016,2,man,0,5.1e-05,8e-06,4.2e-05,7e-06,0.000185,0.000146,0.000251,7.8e-05,0.000269,0.000137,0.000271,8.7e-05,7e-05,0.00017,2.9e-05,2.9e-05,2.1e-05,5.2e-05,6.4e-05,2.6e-05,1e-05,2.8e-05,6e-06,7.2e-05,2.5e-05,1e-05,1.2e-05,0.0,1e-06,1e-06,7e-06,5e-06,3e-06,1e-06,0.0,0.000148,0.000147,0.000143,0.000118,0.00026
1017,2,uri,0,0.003073,0.029429,0.00694,0.004218,0.002583,0.004098,0.004947,0.003591,0.008443,0.002021,0.013091,0.001612,0.016257,0.001004,0.006086,0.000976,0.000246,0.00145,0.001331,0.000906,0.000207,0.000318,0.007451,0.000249,0.003181,0.00461,0.001433,0.183245,0.001078,0.008815,0.000925,0.000361,0.082955,0.000558,0.000644,0.000183,0.000282,0.000827,0.000111,0.000434
1018,2,ini,1,0.999765,0.999487,0.997701,0.999645,0.974841,0.996655,0.98585,0.993155,0.981711,0.996138,0.937949,0.999496,0.974548,0.997249,0.996452,0.999551,0.999797,0.999659,0.999773,0.999487,0.81056,0.988467,0.999364,0.795336,0.923052,0.955802,0.939753,0.997956,0.966673,0.961756,0.732644,0.921769,0.991852,0.785876,0.963552,0.012679,0.766709,0.996667,0.999197,0.992853
1019,3,ini,1,0.999889,0.991203,0.994629,0.967484,0.98688,0.994967,0.999002,0.997542,0.996381,0.995478,0.994263,0.805312,0.992281,0.998814,0.998825,0.999748,0.999422,0.998982,0.997542,0.999806,0.99943,0.999122,0.998843,0.981308,0.867491,0.98424,0.995556,0.99674,0.948672,0.997517,0.999534,0.994973,0.998272,0.979591,0.999616,0.992906,0.984246,0.999226,0.999568,0.998486
1020,3,hma,1,0.998424,0.999551,0.99922,0.999263,0.999602,0.998446,0.997063,0.992545,0.99864,0.995358,0.99053,0.998214,0.980755,0.995981,0.996876,0.999736,0.999906,0.998639,0.99677,0.999615,0.999975,0.999908,0.999966,0.999898,0.999945,0.999961,0.999999,1.0,0.999999,0.999997,0.999999,1.0,1.0,0.999998,0.999996,0.999596,0.99959,0.999656,0.999738,0.999403
1021,3,qih,0,0.000315,0.000117,0.000112,0.000269,9.3e-05,0.000144,0.000108,0.000425,5.8e-05,4.2e-05,0.000227,1.2e-05,0.000624,0.0002,3.2e-05,3.5e-05,3.6e-05,5.6e-05,8.8e-05,0.000118,5.9e-05,3.3e-05,1.6e-05,0.000449,0.0002,9.5e-05,1.1e-05,5e-06,1.1e-05,6.1e-05,4e-06,7e-06,3.9e-05,5e-06,6e-06,0.00058,0.000331,0.000337,0.00024,0.00114
1022,3,ika,1,0.999952,0.999963,0.999878,0.999887,0.999947,0.999296,0.999309,0.99663,0.999124,0.999589,0.999672,0.999939,0.999456,0.999597,0.99965,0.999756,0.999503,0.999796,0.999678,0.999538,0.999995,0.999978,0.99995,0.999994,0.99997,0.998981,0.999585,0.999964,0.999932,0.999988,0.999986,0.999999,0.999998,0.999997,0.999999,0.999562,0.999618,0.999662,0.999655,0.999135
1023,1,lal,0,0.004213,0.001775,0.002736,0.001815,0.003854,0.001796,0.001954,0.002955,0.006767,0.001442,0.006286,0.000221,0.002521,0.000707,0.001108,0.000277,0.002977,0.000684,0.001416,0.000326,0.654147,0.569431,0.594292,0.543425,0.512678,0.619452,0.578886,0.541518,0.548238,0.586202,0.518062,0.593684,0.573601,0.516451,0.642789,0.538217,0.567588,0.569592,0.558031,0.522966
1024,2,ani,1,0.433889,0.790353,0.445871,0.983349,0.592545,0.935707,0.976072,0.986116,0.973664,0.997447,0.845986,0.981793,0.934305,0.830314,0.97109,0.984761,0.989398,0.972988,0.996928,0.982614,0.993521,0.990504,0.973419,0.989662,0.999402,0.999051,0.902958,0.929376,0.990762,0.967418,0.999755,0.659323,0.786533,0.982611,0.999716,0.999598,0.999597,0.999642,0.994351,0.999112
1025,3,ana,0,2.7e-05,5.9e-05,9.3e-05,0.000422,0.000343,0.000301,0.000126,0.000526,0.001211,0.000514,0.000108,1.7e-05,0.000215,0.000258,0.000268,2.7e-05,2.5e-05,3.9e-05,6.1e-05,3.7e-05,4.4e-05,2e-06,1e-06,3.9e-05,1e-05,1.7e-05,0.0,1e-06,1e-06,1e-06,1e-05,0.0,1e-06,3.2e-05,0.0,0.000176,0.000191,0.000158,0.0001,0.000234
1026,3,ini,1,0.989663,0.988869,0.98715,0.997799,0.998774,0.996807,0.995746,0.98104,0.999001,0.996673,0.995754,0.99902,0.952802,0.999257,0.997206,0.998707,0.995729,0.994871,0.996714,0.983915,0.719804,0.393259,0.431472,0.593355,0.067062,0.172639,0.816336,0.567563,0.40685,0.465191,0.175874,0.438167,0.627444,0.560432,0.06784,0.351717,0.504006,0.007627,0.655848,0.227014
1027,3,ina,1,0.99975,0.999983,0.999924,0.999841,0.998249,0.999672,0.99975,0.999794,0.999598,0.999797,0.999722,0.999805,0.999888,0.999986,0.999934,0.999871,0.99984,0.999737,0.999664,0.99983,0.999829,0.999831,0.999992,0.992984,0.999986,0.99998,0.999932,0.999981,0.999981,0.999954,0.999994,0.999907,0.99999,0.999865,0.999995,0.999572,0.999632,0.999516,0.999674,0.999387
1028,3,ika,1,0.998442,0.99963,0.999316,0.996981,0.988824,0.996644,0.997814,0.998674,0.999329,0.998489,0.998328,0.999698,0.999221,0.999719,0.998636,0.999554,0.999067,0.998078,0.997968,0.99971,0.999904,0.999834,0.999997,0.999961,0.999991,0.999966,0.999962,0.999992,0.99999,0.999964,0.999985,0.999706,0.999941,0.99991,0.999985,0.999481,0.999609,0.999601,0.999656,0.999228
1029,1,uri,0,0.006341,0.03385,0.005825,0.002156,0.101128,0.169807,0.227471,0.095482,0.140689,0.158828,0.10502,0.001119,0.076974,0.023355,0.028158,0.082283,0.062011,0.063704,0.028132,0.126942,0.004103,0.03446,0.002175,0.013362,0.020347,0.016933,0.009779,0.006267,0.065923,0.015105,0.011153,0.010956,0.032954,0.033037,0.004313,0.00018,0.00091,0.000179,0.000209,0.004721
1030,1,ani,1,0.997248,0.985455,0.995704,0.990345,0.944314,0.86509,0.840567,0.936674,0.76467,0.797483,0.987151,0.990669,0.978163,0.74855,0.917946,0.999329,0.998665,0.997922,0.998598,0.99946,0.999855,0.999538,0.999983,0.99994,0.999983,0.999217,0.989036,0.999864,0.999016,0.998378,0.999427,0.992169,0.999544,0.999782,0.999973,0.999735,0.999742,0.999755,0.999816,0.999663
1031,2,nti,1,0.999967,0.999949,0.999983,0.999847,0.999909,0.999372,0.998676,0.998419,0.995687,0.999322,0.999886,0.999818,0.999759,0.999297,0.999784,0.999917,0.999663,0.999843,0.999772,0.999806,0.999994,0.999998,0.999999,0.999993,0.999997,0.999991,1.0,1.0,1.0,0.999998,0.999995,1.0,0.999999,0.999993,0.999999,0.999693,0.999743,0.999785,0.999793,0.999544
1032,1,man,0,0.016079,0.025573,0.153627,0.005859,0.233895,0.315445,0.244636,0.100585,0.159474,0.186209,0.196074,0.127055,0.106601,0.232769,0.098844,0.066549,0.044868,0.219945,0.688612,0.040393,0.654147,0.569431,0.594292,0.543425,0.512678,0.619452,0.578886,0.541518,0.548238,0.586202,0.518062,0.593684,0.573601,0.516451,0.642789,0.538217,0.567588,0.569592,0.558031,0.522966
1033,1,ati,1,0.999861,0.997399,0.999886,0.999916,0.999726,0.995653,0.999246,0.998191,0.993572,0.991762,0.996676,0.999875,0.99941,0.995699,0.993378,0.999735,0.999774,0.999519,0.999721,0.9998,0.91849,0.977378,0.997459,0.9999,0.950047,0.889169,0.966026,0.997371,0.998529,0.980838,0.927146,0.938856,0.996684,0.999242,0.991961,0.999577,0.999521,0.99944,0.999656,0.99718
1034,2,man,0,0.00163,0.004611,0.00158,0.001681,0.004355,0.003434,0.009728,0.001193,0.004723,0.0027,0.004151,0.001513,0.005224,0.015197,0.001492,0.000105,0.000117,8.7e-05,0.000398,8.1e-05,6.3e-05,5.7e-05,1e-05,0.000156,4.9e-05,0.000294,0.000226,5.6e-05,6e-06,9e-06,3.5e-05,0.000112,0.000718,9e-06,7e-06,0.000192,0.000194,0.000152,0.000112,0.000385
1035,3,tri,1,0.99997,0.999973,0.999993,0.999989,0.999989,0.999986,0.999998,0.999997,0.999988,0.999999,0.999992,0.999987,0.99995,0.999982,0.999992,0.999941,0.999932,0.999946,0.999952,0.999974,0.999998,0.999997,1.0,0.999993,0.999998,1.0,1.0,1.0,1.0,1.0,1.0,1.0,1.0,0.999998,1.0,0.999723,0.999744,0.999732,0.999742,0.999517
1036,1,djo,0,0.000348,0.005015,0.000174,0.292705,0.001161,0.025328,0.031625,0.008517,0.016493,0.00753,0.025856,0.04601,0.022466,0.029932,0.007578,0.001085,0.000438,0.000141,0.000108,0.000791,0.654147,0.569431,0.594292,0.543425,0.512678,0.619452,0.578886,0.541518,0.548238,0.586202,0.518062,0.593684,0.573601,0.516451,0.642789,0.538217,0.567588,0.569592,0.558031,0.522966
1037,1,rni,1,0.972386,0.997924,0.980372,0.998797,0.955579,0.977868,0.87618,0.826817,0.873466,0.965942,0.991559,0.999682,0.986552,0.979672,0.966082,0.959689,0.78153,0.961732,0.942618,0.961784,0.998938,0.997943,0.999539,0.986775,0.989807,0.897481,0.995084,0.997338,0.913089,0.964318,0.919802,0.988874,0.987925,0.960548,0.976713,0.99927,0.998662,0.999633,0.999807,0.999514
1038,2,ati,1,0.999763,0.999932,0.999813,0.999826,0.99942,0.99955,0.999868,0.999607,0.999667,0.999678,0.999909,0.99993,0.999669,0.999465,0.999846,0.999879,0.999869,0.999854,0.999946,0.999939,0.999987,0.999927,1.0,0.999925,0.999974,0.999991,1.0,1.0,0.999999,0.999971,0.999999,0.999999,0.999999,0.999996,0.999995,0.999738,0.99973,0.999731,0.999782,0.999667
1039,3,ari,1,0.999813,0.99995,0.999782,0.999483,0.999907,0.999279,0.999195,0.999452,0.997406,0.999734,0.998976,0.999938,0.997805,0.999639,0.999639,0.999726,0.999753,0.999773,0.999172,0.99983,0.999989,0.998258,0.999257,0.999964,0.999923,0.999999,0.99999,1.0,0.999992,0.999999,1.0,0.999979,1.0,0.999921,0.999998,0.999633,0.999676,0.999702,0.999706,0.999502
1040,1,wan,0,0.00044,8e-06,0.000209,0.000145,0.002347,0.001932,0.001613,0.001785,0.004174,0.002087,0.000544,0.000142,0.001668,0.001138,0.001803,0.000644,0.000378,0.010302,0.000297,0.000777,0.00088,0.05285,0.001526,0.021342,0.533756,0.00611,0.026091,0.017507,0.009834,0.160268,0.006329,0.032172,0.01222,0.036055,0.050992,0.000215,0.000189,0.000219,0.000177,0.000227
1041,2,kah,1,0.999874,0.998475,0.999967,0.999982,0.999937,0.999247,0.999941,0.999796,0.999812,0.99982,0.999849,0.999833,0.999448,0.999919,0.999943,0.999936,0.999898,0.99991,0.999831,0.999946,0.999881,0.99993,0.999997,0.999659,0.99996,0.999974,0.999999,0.999998,0.999979,0.999966,0.999989,0.99997,0.99997,0.999962,0.999982,0.999566,0.99961,0.999617,0.999709,0.999305
1042,1,rti,1,0.998993,0.999883,0.998267,0.999962,0.99992,0.999318,0.999685,0.997205,0.996726,0.996235,0.99897,0.999937,0.998576,0.998813,0.999375,0.998646,0.999518,0.999276,0.999513,0.999463,0.997326,0.999478,0.999915,0.999864,0.999698,0.979499,0.980712,0.997104,0.997324,0.99421,0.987123,0.98659,0.986638,0.999316,0.994801,0.999607,0.999682,0.999601,0.999699,0.999241
1043,3,han,0,0.000109,0.000325,0.000847,0.000196,0.000119,0.00019,0.000201,0.000411,0.000142,0.001153,0.000128,3.6e-05,0.00054,0.000136,0.000498,4.7e-05,7.7e-05,0.000222,7.5e-05,5.9e-05,0.000394,0.005174,9.7e-05,1.9e-05,0.000501,4.2e-05,0.000121,4.8e-05,1.6e-05,3.3e-05,3e-06,3.3e-05,4.9e-05,2e-06,0.0,0.000184,0.000173,0.000173,0.000116,0.000342
1044,3,wan,0,0.000186,0.000121,0.000133,0.000304,0.00113,0.000143,0.000211,0.000187,0.000328,0.000378,0.003302,3.6e-05,0.000589,0.000288,0.001217,3.7e-05,0.000125,0.000217,4.5e-05,0.000137,0.0,2e-06,0.0,9e-06,5e-06,1e-06,0.0,0.0,0.0,0.0,0.0,1e-06,0.0,0.0,0.0,0.000156,0.000155,0.000134,0.000105,0.000296
1045,2,ona,0,8e-05,5.2e-05,0.000288,1.9e-05,9.1e-05,0.0004,0.000373,0.00183,0.001754,0.003249,0.000706,1.5e-05,0.000184,0.000323,0.000208,4.9e-05,3.9e-05,0.000139,9.3e-05,3.3e-05,2.9e-05,3.4e-05,1e-05,0.00043,0.000239,0.000106,2.3e-05,1.2e-05,2e-05,5.9e-05,7e-06,1.5e-05,6.8e-05,1.3e-05,1.7e-05,0.000352,0.000259,0.000254,0.000175,0.000666
1046,1,omo,0,2.4e-05,2.9e-05,5.1e-05,0.00012,7e-06,0.000882,0.00147,0.000922,0.000619,0.000879,0.000615,0.000151,0.000721,0.000406,0.000674,5.6e-05,0.000278,3.6e-05,7.4e-05,5.1e-05,0.012682,0.03391,0.004612,0.004603,0.473074,0.063227,0.013769,0.012668,0.015902,0.033043,0.006887,0.018516,0.079916,0.003905,0.058364,0.00037,0.000142,0.000132,0.0002,0.010944
1047,1,yem,1,0.996973,0.999252,0.895303,0.999732,0.91849,0.561044,0.634261,0.442698,0.706331,0.86719,0.826406,0.999603,0.93832,0.989679,0.808847,0.981818,0.989607,0.968484,0.996027,0.996403,0.654147,0.569431,0.594292,0.543425,0.512678,0.619452,0.578886,0.541518,0.548238,0.586202,0.518062,0.593684,0.573601,0.516451,0.642789,0.538217,0.567588,0.569592,0.558031,0.522966
1048,2,nto,0,0.000134,0.000264,0.000601,0.001646,0.000808,0.000269,0.000162,0.000809,0.000266,0.000258,0.000497,0.000495,0.001146,0.000471,0.000251,6.2e-05,0.000284,3.8e-05,0.000111,8.5e-05,0.000186,0.000583,2e-05,0.002372,0.004732,0.007301,0.002835,5.2e-05,0.002198,0.006873,0.000856,0.000644,0.002325,0.004282,0.013408,0.00025,0.000239,0.000185,0.0002,0.00109
1049,2,gas,0,0.035893,0.095084,0.059885,0.470346,0.362418,0.147993,0.052471,0.196944,0.060567,0.03078,0.065192,0.004131,0.222875,0.063401,0.072615,0.031807,0.004708,0.015005,0.082765,0.018513,0.639176,0.526604,0.635393,0.587051,0.508196,0.729195,0.756574,0.671747,0.710646,0.553921,0.680799,0.750704,0.741922,0.684327,0.718781,0.560169,0.672813,0.628274,0.631663,0.578066
1050,1,ati,1,0.999991,0.999119,0.99998,0.999958,0.999372,0.99775,0.99916,0.999131,0.995035,0.993895,0.998676,0.999935,0.999468,0.993911,0.998194,0.998552,0.998967,0.99811,0.99878,0.998832,0.654147,0.569431,0.594292,0.543425,0.512678,0.619452,0.578886,0.541518,0.548238,0.586202,0.518062,0.593684,0.573601,0.516451,0.642789,0.538217,0.567588,0.569592,0.558031,0.522966
1051,2,roh,1,0.992326,0.997227,0.99153,0.999427,0.999767,0.999267,0.999083,0.99364,0.998316,0.998805,0.996562,0.999939,0.996056,0.99944,0.998853,0.999473,0.999841,0.996773,0.999792,0.999808,0.580008,0.55234,0.626053,0.582574,0.519549,0.606422,0.577788,0.540547,0.53322,0.610678,0.570624,0.587211,0.612958,0.504852,0.623406,0.539257,0.562371,0.571446,0.55591,0.536121
1052,1,man,0,3.3e-05,0.000222,0.000608,5.7e-05,0.000325,0.000788,0.00456,0.008214,0.002644,0.003768,0.003667,0.00051,0.00202,0.003457,0.001305,7.2e-05,4.2e-05,0.000261,3.2e-05,2.6e-05,0.654147,0.569431,0.594292,0.543425,0.512678,0.619452,0.578886,0.541518,0.548238,0.586202,0.518062,0.593684,0.573601,0.516451,0.642789,0.538217,0.567588,0.569592,0.558031,0.522966
1053,1,rah,1,0.999459,0.999765,0.997065,0.99327,0.999909,0.99578,0.994868,0.958148,0.991158,0.989358,0.969074,0.999927,0.995424,0.949851,0.930694,0.999033,0.99945,0.999018,0.9984,0.999603,0.654147,0.569431,0.594292,0.543425,0.512678,0.619452,0.578886,0.541518,0.548238,0.586202,0.518062,0.593684,0.573601,0.516451,0.642789,0.538217,0.567588,0.569592,0.558031,0.522966
1054,2,nto,0,0.000329,0.000271,0.000698,0.000607,0.001929,0.000907,0.00076,0.000862,0.000589,0.000166,0.004347,0.000191,0.00283,0.000795,0.000846,1.5e-05,0.000113,5.9e-05,5.3e-05,3.4e-05,4.7e-05,2.1e-05,0.000166,0.000516,2.6e-05,0.000404,4e-05,0.000208,0.001425,0.000383,0.000101,0.000289,0.000423,0.002264,3.6e-05,0.000168,0.000157,0.000153,0.000102,0.000247
1055,1,rno,0,0.000333,0.001608,0.000299,0.002843,0.000635,0.005967,0.007608,0.003251,0.005782,0.003771,0.002736,0.000807,0.008356,0.007218,0.007852,0.00079,0.000126,0.000608,0.000534,0.000276,0.356443,0.040607,0.004624,0.002862,0.004046,0.08835,0.032053,0.146687,0.050911,0.0254,0.065937,0.049561,0.063923,0.199444,0.034066,0.009477,0.000159,0.000205,0.000129,0.005197
1056,1,rti,1,0.997926,0.998418,0.99626,0.997089,0.997171,0.995454,0.994724,0.995302,0.954593,0.991253,0.987392,0.999403,0.988594,0.994918,0.990774,0.995724,0.995587,0.997898,0.998762,0.998455,0.999962,0.949946,0.021129,0.864112,0.998689,0.933524,0.851604,0.88863,0.983204,0.873487,0.996737,0.777721,0.422914,0.964234,0.847506,0.999522,0.9986,0.999222,0.999783,0.996882
1057,3,. s,0,0.000964,0.000475,0.000492,0.000305,0.001658,0.000578,0.003339,0.001167,0.001617,0.002294,0.001952,0.001958,0.0028,0.001539,0.000281,0.000399,8.4e-05,0.000324,0.000133,0.000158,0.059627,0.005347,0.034832,0.008973,0.000676,0.02407,0.008371,0.000339,0.002736,0.0084,0.005018,0.000818,0.000628,0.002682,0.010147,0.001346,0.001215,0.003585,0.001281,0.003765
1058,2,udi,0,0.000105,0.000772,0.00042,0.001922,0.000189,0.000282,0.00112,0.000306,0.0006,0.000792,0.000289,0.00026,0.000783,0.000215,8.6e-05,6e-05,3.9e-05,9.4e-05,3.9e-05,3.2e-05,4e-05,4.2e-05,8e-06,6.7e-05,0.000111,0.000341,3.7e-05,1.6e-05,2.3e-05,4.7e-05,6.9e-05,0.000221,8.3e-05,8e-06,6e-06,0.000175,0.000146,0.000141,0.000112,0.000286
1059,1,ono,0,0.000183,6.3e-05,4.8e-05,8.2e-05,0.000365,0.001139,0.00026,0.000274,0.000547,0.000328,0.000665,8.4e-05,0.001277,0.00045,0.000236,3.4e-05,2.8e-05,5.4e-05,7.1e-05,5e-05,0.035595,0.029164,0.001,0.001967,0.020234,0.248324,0.034666,0.001805,0.002987,0.036489,0.158329,0.070461,0.003734,0.021955,0.004148,0.0002,0.000146,0.000634,0.003064,0.000452
1060,2,ati,1,0.956056,0.997055,0.999065,0.999327,0.994436,0.999267,0.996811,0.982603,0.999678,0.999358,0.997798,0.989432,0.995896,0.996983,0.99924,0.99984,0.999865,0.999675,0.999792,0.999895,0.998619,0.995893,0.999797,0.992255,0.999594,0.999341,0.994025,0.996968,0.990852,0.997346,0.999375,0.995845,0.995796,0.972276,0.998927,0.998325,0.999285,0.998724,0.9988,0.998364
1061,2,ani,0,0.003747,0.007215,0.005386,0.004784,0.008673,0.006499,0.014357,0.002754,0.048238,0.011165,0.006416,0.001067,0.020678,0.00071,0.011817,0.006781,0.000485,0.008953,0.000281,0.000484,0.001672,0.00021,0.002487,0.000815,0.002182,0.037991,0.002624,0.000888,0.002048,0.105809,0.003469,0.000287,0.002597,0.002059,0.017484,0.000182,0.000347,0.000638,0.000244,0.001357
1062,1,ati,1,0.999939,0.999656,0.999441,0.999005,0.998887,0.98729,0.998793,0.990956,0.989113,0.985872,0.982283,0.999097,0.989087,0.994504,0.978055,0.999426,0.999004,0.998911,0.998213,0.99948,0.654147,0.569431,0.594292,0.543425,0.512678,0.619452,0.578886,0.541518,0.548238,0.586202,0.518062,0.593684,0.573601,0.516451,0.642789,0.538217,0.567588,0.569592,0.558031,0.522966
1063,2,yan,0,0.010919,0.006398,0.00951,0.000282,0.008083,0.022114,0.019633,0.019507,0.01666,0.004048,0.017969,0.000641,0.009175,0.020403,0.00501,0.00015,8.3e-05,0.000543,0.00014,0.000202,0.004819,0.001362,0.000494,0.008586,0.001544,0.017569,0.007371,0.001546,0.003343,0.004783,0.002414,0.011142,0.003596,0.002419,0.010413,0.000305,0.000307,0.0002,0.00016,0.000511
1064,2,ana,1,0.999243,0.950884,0.997987,0.997448,0.995721,0.998531,0.999661,0.997814,0.99947,0.999234,0.996214,0.998786,0.998214,0.999468,0.99948,0.999572,0.999691,0.999619,0.999516,0.999887,0.987765,0.999268,0.998381,0.999374,0.997625,0.979522,0.996522,0.999908,0.999102,0.997507,0.995325,0.998992,0.998777,0.999469,0.99806,0.998804,0.999396,0.998928,0.999617,0.997044
1065,2,nto,0,4.1e-05,4.7e-05,6.7e-05,5.8e-05,6.8e-05,3e-06,7e-06,4.6e-05,2.3e-05,4.2e-05,0.00015,9.2e-05,0.000135,3.2e-05,2e-06,1.1e-05,1.8e-05,1.5e-05,2.3e-05,1.2e-05,3e-06,3e-06,1e-06,1.8e-05,9e-06,5e-06,0.0,0.0,0.0,0.0,0.0,0.0,1e-06,0.0,0.0,0.000152,0.000194,0.000145,9.9e-05,0.000251
1066,2,man,0,3.5e-05,0.000162,0.000415,0.000176,0.000126,0.000385,0.000233,0.000453,8.6e-05,0.000239,0.000141,7.9e-05,0.000156,9.9e-05,2.2e-05,5.6e-05,5.3e-05,0.000158,7.1e-05,8.1e-05,0.016911,0.007709,0.001738,0.015664,0.008738,0.004509,0.004452,0.006249,0.0003,0.00624,0.000843,0.00448,0.011572,0.000916,0.011069,0.006056,0.000381,0.001453,0.000786,0.02089
1067,1,rmi,1,0.228146,0.900161,0.65959,0.92115,0.088995,0.166352,0.641863,0.593524,0.662843,0.582815,0.220673,0.712686,0.682764,0.715539,0.553514,0.815198,0.397821,0.647512,0.373546,0.513117,0.654147,0.569431,0.594292,0.543425,0.512678,0.619452,0.578886,0.541518,0.548238,0.586202,0.518062,0.593684,0.573601,0.516451,0.642789,0.538217,0.567588,0.569592,0.558031,0.522966
1068,2,nto,0,0.00032,0.000429,0.000601,0.000406,0.000441,0.000317,0.000353,0.000486,0.000651,0.000124,0.000486,0.000126,0.003872,0.001909,0.000195,3.6e-05,2.1e-05,5.2e-05,7.6e-05,3.4e-05,1.8e-05,6e-06,5e-06,9e-06,5e-06,8.2e-05,0.0,1e-06,6e-06,2.4e-05,3e-06,3e-06,7e-06,2e-06,3e-06,0.000151,0.000157,0.000144,9.8e-05,0.000264
1069,3,tra,0,4.4e-05,9.6e-05,6.9e-05,0.000472,2.3e-05,0.000134,5.5e-05,1.8e-05,0.000149,2e-05,3.5e-05,2.3e-05,0.001713,1.2e-05,6.9e-05,5e-05,0.000186,8.3e-05,9.8e-05,0.000176,1e-06,0.000206,0.0,5e-06,5e-06,1e-06,0.0,0.0,0.0,0.0,2e-06,0.0,1e-06,0.0,0.0,0.000176,0.000158,0.000138,0.000123,0.000205
1070,2,nut,0,0.075731,0.007102,0.005102,0.01332,0.066596,0.001729,0.027062,0.012986,0.013415,0.084945,0.021735,0.018256,0.343693,0.00818,0.001221,5.4e-05,0.032161,0.000651,0.002668,0.001372,0.997874,0.998705,0.996247,0.983974,0.791544,0.790295,0.998126,0.967795,0.97641,0.892365,0.980559,0.999253,0.984425,0.987856,0.906445,0.957357,0.997584,0.997026,0.998322,0.990836
1071,1,ati,1,0.99989,0.999657,0.999577,0.99951,0.992855,0.988047,0.994399,0.992598,0.979381,0.993006,0.977341,0.999704,0.990917,0.990614,0.94336,0.999681,0.999211,0.999334,0.999247,0.999677,0.654147,0.569431,0.594292,0.543425,0.512678,0.619452,0.578886,0.541518,0.548238,0.586202,0.518062,0.593684,0.573601,0.516451,0.642789,0.538217,0.567588,0.569592,0.558031,0.522966
1072,2,nto,0,0.001242,0.001082,0.000758,0.003627,0.003533,0.011258,0.019347,0.024381,0.034507,0.029223,0.004084,0.000468,0.00514,0.019176,0.088184,0.000865,0.009081,0.008162,0.00095,0.000719,0.00018,3e-06,0.0,0.004379,2.1e-05,0.000394,0.000114,2e-06,0.001044,1e-05,2.1e-05,6.5e-05,1.4e-05,0.000341,0.000121,0.000227,0.000156,0.000137,0.000114,0.000337
1073,2,dah,1,0.999785,0.999859,0.999983,0.996623,0.999996,0.999669,0.999792,0.999613,0.999758,0.99989,0.99936,0.99857,0.998769,0.999933,0.999924,0.999927,0.9995,0.999883,0.999684,0.999714,0.999818,0.999378,0.999972,0.999897,0.999949,0.999412,0.999893,0.999985,0.999652,0.999262,0.999851,0.999509,0.999934,0.999825,0.999948,0.999535,0.999592,0.999591,0.999692,0.999306
1074,3,ari,1,0.999994,0.999998,0.999997,0.999982,0.999988,0.999979,0.999933,0.999995,0.999935,0.999987,0.999983,0.99999,0.999829,0.999928,0.999992,0.999904,0.999913,0.999931,0.999901,0.999945,0.999994,0.999969,1.0,0.999999,0.999999,1.0,1.0,1.0,1.0,1.0,1.0,0.999997,1.0,0.999999,1.0,0.999732,0.999757,0.999727,0.999712,0.999614
1075,2,ati,1,0.999963,0.999951,0.999737,0.999963,0.999384,0.999821,0.999957,0.999662,0.999837,0.999726,0.999828,0.999737,0.999682,0.999396,0.999773,0.999894,0.999904,0.999851,0.999925,0.99993,0.999984,0.999924,0.999989,0.999942,0.999987,0.996192,0.999971,0.99999,0.9993,0.997369,0.999574,0.999851,0.99999,0.998359,0.999988,0.999646,0.999717,0.999722,0.999771,0.999601
1076,1,ono,0,3e-05,0.000541,0.00016,0.000104,0.000508,0.000572,0.000592,0.000645,0.00212,0.000213,0.000354,5.8e-05,0.001314,0.00029,0.000826,0.00012,5.8e-05,4.3e-05,0.000882,0.000116,0.654147,0.569431,0.594292,0.543425,0.512678,0.619452,0.578886,0.541518,0.548238,0.586202,0.518062,0.593684,0.573601,0.516451,0.642789,0.538217,0.567588,0.569592,0.558031,0.522966
1077,1,tmi,1,0.986901,0.814036,0.855117,0.957993,0.492125,0.799986,0.970039,0.90604,0.96162,0.799058,0.938886,0.977206,0.92695,0.911359,0.731369,0.957686,0.963447,0.827632,0.962681,0.886751,0.654147,0.569431,0.594292,0.543425,0.512678,0.619452,0.578886,0.541518,0.548238,0.586202,0.518062,0.593684,0.573601,0.516451,0.642789,0.538217,0.567588,0.569592,0.558031,0.522966
1078,2,ani,1,0.996621,0.999936,0.999415,0.999669,0.999441,0.999357,0.998544,0.999136,0.999026,0.999568,0.998887,0.999169,0.998496,0.999051,0.998105,0.999682,0.999872,0.999733,0.999932,0.999925,0.999978,0.999997,0.999993,0.999978,0.999996,0.999932,0.999982,1.0,0.999996,0.999993,0.999997,0.999996,0.999992,0.999986,0.999997,0.999709,0.99971,0.999775,0.999773,0.999653
1079,3,ini,1,0.999971,0.999866,0.999881,0.998724,0.999602,0.999452,0.998033,0.997026,0.991877,0.99975,0.999309,0.999309,0.995492,0.999139,0.999458,0.999819,0.999535,0.99935,0.999682,0.999423,0.999964,0.999785,0.999959,0.995341,0.999882,0.999795,0.999979,0.999991,0.999908,0.999989,0.999997,0.999983,0.999973,0.999815,0.999963,0.999243,0.999462,0.999508,0.99923,0.998429
1080,2,min,0,0.001317,0.000192,0.00505,0.027406,0.000721,0.003852,0.005882,0.000397,0.014084,0.018225,0.006691,8.6e-05,0.016506,0.001415,0.004797,9.3e-05,0.000272,0.000136,0.000278,0.000152,9.2e-05,0.000269,0.000278,7.8e-05,2.9e-05,0.002851,0.001209,0.000124,0.000185,0.004178,0.000894,0.000614,0.001154,0.001368,2.3e-05,0.000168,0.000197,0.000437,0.000104,0.000432
1081,1,iah,1,0.999387,0.994667,0.999798,0.996646,0.99817,0.995132,0.998308,0.994229,0.997246,0.998438,0.996882,0.996521,0.992464,0.996376,0.997389,0.99965,0.999726,0.999134,0.999732,0.999696,0.654147,0.569431,0.594292,0.543425,0.512678,0.619452,0.578886,0.541518,0.548238,0.586202,0.518062,0.593684,0.573601,0.516451,0.642789,0.538217,0.567588,0.569592,0.558031,0.522966
1082,1,rin,0,0.00115,0.029032,0.00063,0.003347,0.010564,0.007361,0.03368,0.006142,0.006788,0.008533,0.008599,0.018583,0.029161,0.004789,0.025621,0.015383,0.002511,0.009239,0.059747,0.001887,0.654147,0.569431,0.594292,0.543425,0.512678,0.619452,0.578886,0.541518,0.548238,0.586202,0.518062,0.593684,0.573601,0.516451,0.642789,0.538217,0.567588,0.569592,0.558031,0.522966
1083,1,din,0,0.000154,0.008002,0.00105,0.000399,0.001451,0.004184,0.003173,0.001918,0.006613,0.007722,0.001414,8.9e-05,0.010697,0.001281,0.002765,0.000206,0.000702,0.000421,0.011272,0.000326,0.003135,0.001801,0.002698,0.100652,0.003716,0.192542,0.041904,0.065506,0.004627,0.028501,0.090274,0.145546,0.18696,0.006275,0.521183,0.000326,0.000603,0.018568,0.003189,0.01048
1084,2,ham,0,5.8e-05,0.00059,0.002177,0.00017,0.007281,0.001401,0.006169,0.003421,0.003835,0.004325,0.001766,0.00062,0.003871,0.00057,0.00333,0.000189,0.000197,0.000209,0.00049,5.2e-05,0.001244,0.000104,0.001552,0.001627,0.000131,0.000337,0.00148,0.000739,0.000231,1.5e-05,0.000691,0.002806,0.001363,8.6e-05,0.000171,0.00026,0.000175,0.000488,0.000114,0.001689
1085,2,nti,1,0.999877,0.999963,0.999983,0.999811,0.999848,0.998514,0.999563,0.998575,0.998695,0.998104,0.999098,0.99993,0.998152,0.996683,0.998535,0.999768,0.999704,0.999694,0.999589,0.999705,0.999565,0.999939,0.99999,0.999235,0.999994,0.999578,0.999988,0.999987,0.99991,0.999912,0.999838,0.999988,0.999901,0.999962,0.99996,0.999718,0.999695,0.999767,0.999771,0.999405
1086,4,ari,1,0.999197,0.999896,0.999694,0.999887,0.999838,0.999888,0.99998,0.999863,0.999832,0.999991,0.999859,0.999841,0.999344,0.999675,0.999916,0.999634,0.999894,0.999932,0.999892,0.999919,0.999999,0.999978,0.999993,0.999982,0.99996,0.999999,1.0,0.999997,0.999998,1.0,1.0,1.0,1.0,0.999997,0.999996,0.999695,0.999684,0.999716,0.999752,0.999475
1087,2,roh,1,0.98286,0.987729,0.998666,0.998839,0.993541,0.99576,0.999379,0.995719,0.994119,0.997185,0.99833,0.994702,0.991114,0.997744,0.997157,0.999688,0.999822,0.999542,0.999877,0.999842,0.580008,0.55234,0.626053,0.582574,0.519549,0.606422,0.577788,0.540547,0.53322,0.610678,0.570624,0.587211,0.612958,0.504852,0.623406,0.539257,0.562371,0.571446,0.55591,0.536121
1088,1,man,0,0.000233,0.000594,0.000846,0.000103,0.000523,0.003487,0.005009,0.002399,0.001925,0.001616,0.00052,0.000712,0.004215,0.001057,0.001537,0.000133,9.5e-05,0.000354,0.000114,0.000174,0.006469,0.054242,0.054058,0.098028,0.002426,0.011957,0.071255,0.020636,0.044222,0.047249,0.008029,0.1857,0.114211,0.081126,0.013301,0.000438,0.001124,0.000909,0.002277,0.002983
1089,2,rni,1,0.998265,0.999506,0.992556,0.998979,0.999664,0.998743,0.99193,0.986026,0.992891,0.998238,0.997731,0.999961,0.998348,0.998257,0.995101,0.999766,0.999636,0.996938,0.999596,0.999427,0.999961,0.997238,0.999898,0.999253,0.999842,0.998706,0.999853,0.995906,0.999742,0.997266,0.999915,0.999158,0.995081,0.999714,0.999777,0.999571,0.999683,0.999556,0.99974,0.999539
1090,3,ana,0,0.00651,0.002829,0.003296,0.001825,0.001462,0.002711,0.00346,0.022545,0.012066,0.001384,0.00831,9.3e-05,0.010062,0.003314,0.002596,0.000472,0.003143,0.00083,0.001243,0.000692,1.1e-05,0.000412,2e-06,8.4e-05,4.6e-05,0.000517,1e-06,0.0,0.0,5e-06,6.6e-05,0.0,3.1e-05,0.0,3e-06,0.000167,0.000224,0.000155,0.00018,0.000714
1091,4,ani,1,0.997135,0.999112,0.999404,0.999614,0.998337,0.998067,0.994433,0.992117,0.998776,0.997614,0.99964,0.999733,0.998014,0.999413,0.998887,0.999748,0.999702,0.999737,0.999736,0.999812,0.999835,0.999915,0.999977,0.999549,0.999873,0.999878,0.999996,0.999995,0.999947,0.999991,0.999994,0.99995,1.0,0.999851,0.999992,0.999588,0.999544,0.999646,0.999767,0.999323
1092,4,bsy,0,0.000984,0.00211,0.011832,0.01225,0.006095,0.00461,0.000788,0.008435,0.000793,0.001583,0.00171,0.085589,0.029016,0.003005,0.000977,0.002692,0.000453,0.001259,0.046504,0.006851,5.6e-05,0.000948,7.6e-05,7.9e-05,0.000488,0.000512,0.001501,1e-06,1.2e-05,0.00027,0.000608,0.000151,5.9e-05,1.7e-05,0.000109,0.00202,0.000288,0.00032,0.510848,0.001129
1093,2,uri,0,0.003073,0.029429,0.00694,0.004218,0.002583,0.004098,0.004947,0.003591,0.008443,0.002021,0.013091,0.001612,0.016257,0.001004,0.006086,0.000976,0.000246,0.00145,0.001331,0.000906,0.000207,0.000318,0.007451,0.000249,0.003181,0.00461,0.001433,0.183245,0.001078,0.008815,0.000925,0.000361,0.082955,0.000558,0.000644,0.000183,0.000282,0.000827,0.000111,0.000434
1094,2,ini,1,0.999765,0.999487,0.997701,0.999645,0.974841,0.996655,0.98585,0.993155,0.981711,0.996138,0.937949,0.999496,0.974548,0.997249,0.996452,0.999551,0.999797,0.999659,0.999773,0.999487,0.81056,0.988467,0.999364,0.795336,0.923052,0.955802,0.939753,0.997956,0.966673,0.961756,0.732644,0.921769,0.991852,0.785876,0.963552,0.012679,0.766709,0.996667,0.999197,0.992853
1095,3,ini,1,0.999889,0.991203,0.994629,0.967484,0.98688,0.994967,0.999002,0.997542,0.996381,0.995478,0.994263,0.805312,0.992281,0.998814,0.998825,0.999748,0.999422,0.998982,0.997542,0.999806,0.99943,0.999122,0.998843,0.981308,0.867491,0.98424,0.995556,0.99674,0.948672,0.997517,0.999534,0.994973,0.998272,0.979591,0.999616,0.992906,0.984246,0.999226,0.999568,0.998486
1096,3,hma,1,0.998424,0.999551,0.99922,0.999263,0.999602,0.998446,0.997063,0.992545,0.99864,0.995358,0.99053,0.998214,0.980755,0.995981,0.996876,0.999736,0.999906,0.998639,0.99677,0.999615,0.999975,0.999908,0.999966,0.999898,0.999945,0.999961,0.999999,1.0,0.999999,0.999997,0.999999,1.0,1.0,0.999998,0.999996,0.999596,0.99959,0.999656,0.999738,0.999403
1097,3,qih,0,0.000315,0.000117,0.000112,0.000269,9.3e-05,0.000144,0.000108,0.000425,5.8e-05,4.2e-05,0.000227,1.2e-05,0.000624,0.0002,3.2e-05,3.5e-05,3.6e-05,5.6e-05,8.8e-05,0.000118,5.9e-05,3.3e-05,1.6e-05,0.000449,0.0002,9.5e-05,1.1e-05,5e-06,1.1e-05,6.1e-05,4e-06,7e-06,3.9e-05,5e-06,6e-06,0.00058,0.000331,0.000337,0.00024,0.00114
1098,3,ika,1,0.999952,0.999963,0.999878,0.999887,0.999947,0.999296,0.999309,0.99663,0.999124,0.999589,0.999672,0.999939,0.999456,0.999597,0.99965,0.999756,0.999503,0.999796,0.999678,0.999538,0.999995,0.999978,0.99995,0.999994,0.99997,0.998981,0.999585,0.999964,0.999932,0.999988,0.999986,0.999999,0.999998,0.999997,0.999999,0.999562,0.999618,0.999662,0.999655,0.999135
1099,1,lal,0,0.004213,0.001775,0.002736,0.001815,0.003854,0.001796,0.001954,0.002955,0.006767,0.001442,0.006286,0.000221,0.002521,0.000707,0.001108,0.000277,0.002977,0.000684,0.001416,0.000326,0.654147,0.569431,0.594292,0.543425,0.512678,0.619452,0.578886,0.541518,0.548238,0.586202,0.518062,0.593684,0.573601,0.516451,0.642789,0.538217,0.567588,0.569592,0.558031,0.522966
1100,2,ani,1,0.433889,0.790353,0.445871,0.983349,0.592545,0.935707,0.976072,0.986116,0.973664,0.997447,0.845986,0.981793,0.934305,0.830314,0.97109,0.984761,0.989398,0.972988,0.996928,0.982614,0.993521,0.990504,0.973419,0.989662,0.999402,0.999051,0.902958,0.929376,0.990762,0.967418,0.999755,0.659323,0.786533,0.982611,0.999716,0.999598,0.999597,0.999642,0.994351,0.999112
1101,3,ana,0,2.7e-05,5.9e-05,9.3e-05,0.000422,0.000343,0.000301,0.000126,0.000526,0.001211,0.000514,0.000108,1.7e-05,0.000215,0.000258,0.000268,2.7e-05,2.5e-05,3.9e-05,6.1e-05,3.7e-05,4.4e-05,2e-06,1e-06,3.9e-05,1e-05,1.7e-05,0.0,1e-06,1e-06,1e-06,1e-05,0.0,1e-06,3.2e-05,0.0,0.000176,0.000191,0.000158,0.0001,0.000234
1102,3,ini,1,0.989663,0.988869,0.98715,0.997799,0.998774,0.996807,0.995746,0.98104,0.999001,0.996673,0.995754,0.99902,0.952802,0.999257,0.997206,0.998707,0.995729,0.994871,0.996714,0.983915,0.719804,0.393259,0.431472,0.593355,0.067062,0.172639,0.816336,0.567563,0.40685,0.465191,0.175874,0.438167,0.627444,0.560432,0.06784,0.351717,0.504006,0.007627,0.655848,0.227014
1103,3,ina,1,0.99975,0.999983,0.999924,0.999841,0.998249,0.999672,0.99975,0.999794,0.999598,0.999797,0.999722,0.999805,0.999888,0.999986,0.999934,0.999871,0.99984,0.999737,0.999664,0.99983,0.999829,0.999831,0.999992,0.992984,0.999986,0.99998,0.999932,0.999981,0.999981,0.999954,0.999994,0.999907,0.99999,0.999865,0.999995,0.999572,0.999632,0.999516,0.999674,0.999387
1104,3,ika,1,0.998442,0.99963,0.999316,0.996981,0.988824,0.996644,0.997814,0.998674,0.999329,0.998489,0.998328,0.999698,0.999221,0.999719,0.998636,0.999554,0.999067,0.998078,0.997968,0.99971,0.999904,0.999834,0.999997,0.999961,0.999991,0.999966,0.999962,0.999992,0.99999,0.999964,0.999985,0.999706,0.999941,0.99991,0.999985,0.999481,0.999609,0.999601,0.999656,0.999228
1105,1,uri,0,0.006341,0.03385,0.005825,0.002156,0.101128,0.169807,0.227471,0.095482,0.140689,0.158828,0.10502,0.001119,0.076974,0.023355,0.028158,0.082283,0.062011,0.063704,0.028132,0.126942,0.004103,0.03446,0.002175,0.013362,0.020347,0.016933,0.009779,0.006267,0.065923,0.015105,0.011153,0.010956,0.032954,0.033037,0.004313,0.00018,0.00091,0.000179,0.000209,0.004721
1106,1,ani,1,0.997248,0.985455,0.995704,0.990345,0.944314,0.86509,0.840567,0.936674,0.76467,0.797483,0.987151,0.990669,0.978163,0.74855,0.917946,0.999329,0.998665,0.997922,0.998598,0.99946,0.999855,0.999538,0.999983,0.99994,0.999983,0.999217,0.989036,0.999864,0.999016,0.998378,0.999427,0.992169,0.999544,0.999782,0.999973,0.999735,0.999742,0.999755,0.999816,0.999663
1107,2,nti,1,0.999967,0.999949,0.999983,0.999847,0.999909,0.999372,0.998676,0.998419,0.995687,0.999322,0.999886,0.999818,0.999759,0.999297,0.999784,0.999917,0.999663,0.999843,0.999772,0.999806,0.999994,0.999998,0.999999,0.999993,0.999997,0.999991,1.0,1.0,1.0,0.999998,0.999995,1.0,0.999999,0.999993,0.999999,0.999693,0.999743,0.999785,0.999793,0.999544
1108,1,man,0,0.016079,0.025573,0.153627,0.005859,0.233895,0.315445,0.244636,0.100585,0.159474,0.186209,0.196074,0.127055,0.106601,0.232769,0.098844,0.066549,0.044868,0.219945,0.688612,0.040393,0.654147,0.569431,0.594292,0.543425,0.512678,0.619452,0.578886,0.541518,0.548238,0.586202,0.518062,0.593684,0.573601,0.516451,0.642789,0.538217,0.567588,0.569592,0.558031,0.522966
1109,1,ati,1,0.999861,0.997399,0.999886,0.999916,0.999726,0.995653,0.999246,0.998191,0.993572,0.991762,0.996676,0.999875,0.99941,0.995699,0.993378,0.999735,0.999774,0.999519,0.999721,0.9998,0.91849,0.977378,0.997459,0.9999,0.950047,0.889169,0.966026,0.997371,0.998529,0.980838,0.927146,0.938856,0.996684,0.999242,0.991961,0.999577,0.999521,0.99944,0.999656,0.99718
1110,2,man,0,0.00163,0.004611,0.00158,0.001681,0.004355,0.003434,0.009728,0.001193,0.004723,0.0027,0.004151,0.001513,0.005224,0.015197,0.001492,0.000105,0.000117,8.7e-05,0.000398,8.1e-05,6.3e-05,5.7e-05,1e-05,0.000156,4.9e-05,0.000294,0.000226,5.6e-05,6e-06,9e-06,3.5e-05,0.000112,0.000718,9e-06,7e-06,0.000192,0.000194,0.000152,0.000112,0.000385
1111,3,tri,1,0.99997,0.999973,0.999993,0.999989,0.999989,0.999986,0.999998,0.999997,0.999988,0.999999,0.999992,0.999987,0.99995,0.999982,0.999992,0.999941,0.999932,0.999946,0.999952,0.999974,0.999998,0.999997,1.0,0.999993,0.999998,1.0,1.0,1.0,1.0,1.0,1.0,1.0,1.0,0.999998,1.0,0.999723,0.999744,0.999732,0.999742,0.999517
1112,1,djo,0,0.000348,0.005015,0.000174,0.292705,0.001161,0.025328,0.031625,0.008517,0.016493,0.00753,0.025856,0.04601,0.022466,0.029932,0.007578,0.001085,0.000438,0.000141,0.000108,0.000791,0.654147,0.569431,0.594292,0.543425,0.512678,0.619452,0.578886,0.541518,0.548238,0.586202,0.518062,0.593684,0.573601,0.516451,0.642789,0.538217,0.567588,0.569592,0.558031,0.522966
1113,1,rni,1,0.972386,0.997924,0.980372,0.998797,0.955579,0.977868,0.87618,0.826817,0.873466,0.965942,0.991559,0.999682,0.986552,0.979672,0.966082,0.959689,0.78153,0.961732,0.942618,0.961784,0.998938,0.997943,0.999539,0.986775,0.989807,0.897481,0.995084,0.997338,0.913089,0.964318,0.919802,0.988874,0.987925,0.960548,0.976713,0.99927,0.998662,0.999633,0.999807,0.999514
1114,2,ati,1,0.999763,0.999932,0.999813,0.999826,0.99942,0.99955,0.999868,0.999607,0.999667,0.999678,0.999909,0.99993,0.999669,0.999465,0.999846,0.999879,0.999869,0.999854,0.999946,0.999939,0.999987,0.999927,1.0,0.999925,0.999974,0.999991,1.0,1.0,0.999999,0.999971,0.999999,0.999999,0.999999,0.999996,0.999995,0.999738,0.99973,0.999731,0.999782,0.999667
1115,3,ari,1,0.999813,0.99995,0.999782,0.999483,0.999907,0.999279,0.999195,0.999452,0.997406,0.999734,0.998976,0.999938,0.997805,0.999639,0.999639,0.999726,0.999753,0.999773,0.999172,0.99983,0.999989,0.998258,0.999257,0.999964,0.999923,0.999999,0.99999,1.0,0.999992,0.999999,1.0,0.999979,1.0,0.999921,0.999998,0.999633,0.999676,0.999702,0.999706,0.999502
1116,1,wan,0,0.00044,8e-06,0.000209,0.000145,0.002347,0.001932,0.001613,0.001785,0.004174,0.002087,0.000544,0.000142,0.001668,0.001138,0.001803,0.000644,0.000378,0.010302,0.000297,0.000777,0.00088,0.05285,0.001526,0.021342,0.533756,0.00611,0.026091,0.017507,0.009834,0.160268,0.006329,0.032172,0.01222,0.036055,0.050992,0.000215,0.000189,0.000219,0.000177,0.000227
1117,2,kah,1,0.999874,0.998475,0.999967,0.999982,0.999937,0.999247,0.999941,0.999796,0.999812,0.99982,0.999849,0.999833,0.999448,0.999919,0.999943,0.999936,0.999898,0.99991,0.999831,0.999946,0.999881,0.99993,0.999997,0.999659,0.99996,0.999974,0.999999,0.999998,0.999979,0.999966,0.999989,0.99997,0.99997,0.999962,0.999982,0.999566,0.99961,0.999617,0.999709,0.999305
1118,1,rti,1,0.998993,0.999883,0.998267,0.999962,0.99992,0.999318,0.999685,0.997205,0.996726,0.996235,0.99897,0.999937,0.998576,0.998813,0.999375,0.998646,0.999518,0.999276,0.999513,0.999463,0.997326,0.999478,0.999915,0.999864,0.999698,0.979499,0.980712,0.997104,0.997324,0.99421,0.987123,0.98659,0.986638,0.999316,0.994801,0.999607,0.999682,0.999601,0.999699,0.999241
1119,3,han,0,0.000109,0.000325,0.000847,0.000196,0.000119,0.00019,0.000201,0.000411,0.000142,0.001153,0.000128,3.6e-05,0.00054,0.000136,0.000498,4.7e-05,7.7e-05,0.000222,7.5e-05,5.9e-05,0.000394,0.005174,9.7e-05,1.9e-05,0.000501,4.2e-05,0.000121,4.8e-05,1.6e-05,3.3e-05,3e-06,3.3e-05,4.9e-05,2e-06,0.0,0.000184,0.000173,0.000173,0.000116,0.000342
1120,3,wan,0,0.000186,0.000121,0.000133,0.000304,0.00113,0.000143,0.000211,0.000187,0.000328,0.000378,0.003302,3.6e-05,0.000589,0.000288,0.001217,3.7e-05,0.000125,0.000217,4.5e-05,0.000137,0.0,2e-06,0.0,9e-06,5e-06,1e-06,0.0,0.0,0.0,0.0,0.0,1e-06,0.0,0.0,0.0,0.000156,0.000155,0.000134,0.000105,0.000296
1121,2,ona,0,8e-05,5.2e-05,0.000288,1.9e-05,9.1e-05,0.0004,0.000373,0.00183,0.001754,0.003249,0.000706,1.5e-05,0.000184,0.000323,0.000208,4.9e-05,3.9e-05,0.000139,9.3e-05,3.3e-05,2.9e-05,3.4e-05,1e-05,0.00043,0.000239,0.000106,2.3e-05,1.2e-05,2e-05,5.9e-05,7e-06,1.5e-05,6.8e-05,1.3e-05,1.7e-05,0.000352,0.000259,0.000254,0.000175,0.000666
1122,1,omo,0,2.4e-05,2.9e-05,5.1e-05,0.00012,7e-06,0.000882,0.00147,0.000922,0.000619,0.000879,0.000615,0.000151,0.000721,0.000406,0.000674,5.6e-05,0.000278,3.6e-05,7.4e-05,5.1e-05,0.012682,0.03391,0.004612,0.004603,0.473074,0.063227,0.013769,0.012668,0.015902,0.033043,0.006887,0.018516,0.079916,0.003905,0.058364,0.00037,0.000142,0.000132,0.0002,0.010944
1123,1,yem,1,0.996973,0.999252,0.895303,0.999732,0.91849,0.561044,0.634261,0.442698,0.706331,0.86719,0.826406,0.999603,0.93832,0.989679,0.808847,0.981818,0.989607,0.968484,0.996027,0.996403,0.654147,0.569431,0.594292,0.543425,0.512678,0.619452,0.578886,0.541518,0.548238,0.586202,0.518062,0.593684,0.573601,0.516451,0.642789,0.538217,0.567588,0.569592,0.558031,0.522966
1124,2,nto,0,0.000134,0.000264,0.000601,0.001646,0.000808,0.000269,0.000162,0.000809,0.000266,0.000258,0.000497,0.000495,0.001146,0.000471,0.000251,6.2e-05,0.000284,3.8e-05,0.000111,8.5e-05,0.000186,0.000583,2e-05,0.002372,0.004732,0.007301,0.002835,5.2e-05,0.002198,0.006873,0.000856,0.000644,0.002325,0.004282,0.013408,0.00025,0.000239,0.000185,0.0002,0.00109
1125,2,gas,0,0.035893,0.095084,0.059885,0.470346,0.362418,0.147993,0.052471,0.196944,0.060567,0.03078,0.065192,0.004131,0.222875,0.063401,0.072615,0.031807,0.004708,0.015005,0.082765,0.018513,0.639176,0.526604,0.635393,0.587051,0.508196,0.729195,0.756574,0.671747,0.710646,0.553921,0.680799,0.750704,0.741922,0.684327,0.718781,0.560169,0.672813,0.628274,0.631663,0.578066
1126,1,ati,1,0.999991,0.999119,0.99998,0.999958,0.999372,0.99775,0.99916,0.999131,0.995035,0.993895,0.998676,0.999935,0.999468,0.993911,0.998194,0.998552,0.998967,0.99811,0.99878,0.998832,0.654147,0.569431,0.594292,0.543425,0.512678,0.619452,0.578886,0.541518,0.548238,0.586202,0.518062,0.593684,0.573601,0.516451,0.642789,0.538217,0.567588,0.569592,0.558031,0.522966
1127,2,roh,1,0.992326,0.997227,0.99153,0.999427,0.999767,0.999267,0.999083,0.99364,0.998316,0.998805,0.996562,0.999939,0.996056,0.99944,0.998853,0.999473,0.999841,0.996773,0.999792,0.999808,0.580008,0.55234,0.626053,0.582574,0.519549,0.606422,0.577788,0.540547,0.53322,0.610678,0.570624,0.587211,0.612958,0.504852,0.623406,0.539257,0.562371,0.571446,0.55591,0.536121
1128,1,man,0,3.3e-05,0.000222,0.000608,5.7e-05,0.000325,0.000788,0.00456,0.008214,0.002644,0.003768,0.003667,0.00051,0.00202,0.003457,0.001305,7.2e-05,4.2e-05,0.000261,3.2e-05,2.6e-05,0.654147,0.569431,0.594292,0.543425,0.512678,0.619452,0.578886,0.541518,0.548238,0.586202,0.518062,0.593684,0.573601,0.516451,0.642789,0.538217,0.567588,0.569592,0.558031,0.522966
1129,1,rah,1,0.999459,0.999765,0.997065,0.99327,0.999909,0.99578,0.994868,0.958148,0.991158,0.989358,0.969074,0.999927,0.995424,0.949851,0.930694,0.999033,0.99945,0.999018,0.9984,0.999603,0.654147,0.569431,0.594292,0.543425,0.512678,0.619452,0.578886,0.541518,0.548238,0.586202,0.518062,0.593684,0.573601,0.516451,0.642789,0.538217,0.567588,0.569592,0.558031,0.522966
1130,2,nto,0,0.000329,0.000271,0.000698,0.000607,0.001929,0.000907,0.00076,0.000862,0.000589,0.000166,0.004347,0.000191,0.00283,0.000795,0.000846,1.5e-05,0.000113,5.9e-05,5.3e-05,3.4e-05,4.7e-05,2.1e-05,0.000166,0.000516,2.6e-05,0.000404,4e-05,0.000208,0.001425,0.000383,0.000101,0.000289,0.000423,0.002264,3.6e-05,0.000168,0.000157,0.000153,0.000102,0.000247
1131,1,rno,0,0.000333,0.001608,0.000299,0.002843,0.000635,0.005967,0.007608,0.003251,0.005782,0.003771,0.002736,0.000807,0.008356,0.007218,0.007852,0.00079,0.000126,0.000608,0.000534,0.000276,0.356443,0.040607,0.004624,0.002862,0.004046,0.08835,0.032053,0.146687,0.050911,0.0254,0.065937,0.049561,0.063923,0.199444,0.034066,0.009477,0.000159,0.000205,0.000129,0.005197
1132,1,rti,1,0.997926,0.998418,0.99626,0.997089,0.997171,0.995454,0.994724,0.995302,0.954593,0.991253,0.987392,0.999403,0.988594,0.994918,0.990774,0.995724,0.995587,0.997898,0.998762,0.998455,0.999962,0.949946,0.021129,0.864112,0.998689,0.933524,0.851604,0.88863,0.983204,0.873487,0.996737,0.777721,0.422914,0.964234,0.847506,0.999522,0.9986,0.999222,0.999783,0.996882
1133,3,. s,0,0.000964,0.000475,0.000492,0.000305,0.001658,0.000578,0.003339,0.001167,0.001617,0.002294,0.001952,0.001958,0.0028,0.001539,0.000281,0.000399,8.4e-05,0.000324,0.000133,0.000158,0.059627,0.005347,0.034832,0.008973,0.000676,0.02407,0.008371,0.000339,0.002736,0.0084,0.005018,0.000818,0.000628,0.002682,0.010147,0.001346,0.001215,0.003585,0.001281,0.003765
1134,2,udi,0,0.000105,0.000772,0.00042,0.001922,0.000189,0.000282,0.00112,0.000306,0.0006,0.000792,0.000289,0.00026,0.000783,0.000215,8.6e-05,6e-05,3.9e-05,9.4e-05,3.9e-05,3.2e-05,4e-05,4.2e-05,8e-06,6.7e-05,0.000111,0.000341,3.7e-05,1.6e-05,2.3e-05,4.7e-05,6.9e-05,0.000221,8.3e-05,8e-06,6e-06,0.000175,0.000146,0.000141,0.000112,0.000286
1135,1,ono,0,0.000183,6.3e-05,4.8e-05,8.2e-05,0.000365,0.001139,0.00026,0.000274,0.000547,0.000328,0.000665,8.4e-05,0.001277,0.00045,0.000236,3.4e-05,2.8e-05,5.4e-05,7.1e-05,5e-05,0.035595,0.029164,0.001,0.001967,0.020234,0.248324,0.034666,0.001805,0.002987,0.036489,0.158329,0.070461,0.003734,0.021955,0.004148,0.0002,0.000146,0.000634,0.003064,0.000452
1136,2,ati,1,0.956056,0.997055,0.999065,0.999327,0.994436,0.999267,0.996811,0.982603,0.999678,0.999358,0.997798,0.989432,0.995896,0.996983,0.99924,0.99984,0.999865,0.999675,0.999792,0.999895,0.998619,0.995893,0.999797,0.992255,0.999594,0.999341,0.994025,0.996968,0.990852,0.997346,0.999375,0.995845,0.995796,0.972276,0.998927,0.998325,0.999285,0.998724,0.9988,0.998364
1137,2,ani,0,0.003747,0.007215,0.005386,0.004784,0.008673,0.006499,0.014357,0.002754,0.048238,0.011165,0.006416,0.001067,0.020678,0.00071,0.011817,0.006781,0.000485,0.008953,0.000281,0.000484,0.001672,0.00021,0.002487,0.000815,0.002182,0.037991,0.002624,0.000888,0.002048,0.105809,0.003469,0.000287,0.002597,0.002059,0.017484,0.000182,0.000347,0.000638,0.000244,0.001357
1138,1,ati,1,0.999939,0.999656,0.999441,0.999005,0.998887,0.98729,0.998793,0.990956,0.989113,0.985872,0.982283,0.999097,0.989087,0.994504,0.978055,0.999426,0.999004,0.998911,0.998213,0.99948,0.654147,0.569431,0.594292,0.543425,0.512678,0.619452,0.578886,0.541518,0.548238,0.586202,0.518062,0.593684,0.573601,0.516451,0.642789,0.538217,0.567588,0.569592,0.558031,0.522966
1139,2,yan,0,0.010919,0.006398,0.00951,0.000282,0.008083,0.022114,0.019633,0.019507,0.01666,0.004048,0.017969,0.000641,0.009175,0.020403,0.00501,0.00015,8.3e-05,0.000543,0.00014,0.000202,0.004819,0.001362,0.000494,0.008586,0.001544,0.017569,0.007371,0.001546,0.003343,0.004783,0.002414,0.011142,0.003596,0.002419,0.010413,0.000305,0.000307,0.0002,0.00016,0.000511
1140,2,ana,1,0.999243,0.950884,0.997987,0.997448,0.995721,0.998531,0.999661,0.997814,0.99947,0.999234,0.996214,0.998786,0.998214,0.999468,0.99948,0.999572,0.999691,0.999619,0.999516,0.999887,0.987765,0.999268,0.998381,0.999374,0.997625,0.979522,0.996522,0.999908,0.999102,0.997507,0.995325,0.998992,0.998777,0.999469,0.99806,0.998804,0.999396,0.998928,0.999617,0.997044
1141,2,nto,0,4.1e-05,4.7e-05,6.7e-05,5.8e-05,6.8e-05,3e-06,7e-06,4.6e-05,2.3e-05,4.2e-05,0.00015,9.2e-05,0.000135,3.2e-05,2e-06,1.1e-05,1.8e-05,1.5e-05,2.3e-05,1.2e-05,3e-06,3e-06,1e-06,1.8e-05,9e-06,5e-06,0.0,0.0,0.0,0.0,0.0,0.0,1e-06,0.0,0.0,0.000152,0.000194,0.000145,9.9e-05,0.000251
1142,2,man,0,3.5e-05,0.000162,0.000415,0.000176,0.000126,0.000385,0.000233,0.000453,8.6e-05,0.000239,0.000141,7.9e-05,0.000156,9.9e-05,2.2e-05,5.6e-05,5.3e-05,0.000158,7.1e-05,8.1e-05,0.016911,0.007709,0.001738,0.015664,0.008738,0.004509,0.004452,0.006249,0.0003,0.00624,0.000843,0.00448,0.011572,0.000916,0.011069,0.006056,0.000381,0.001453,0.000786,0.02089
1143,1,rmi,1,0.228146,0.900161,0.65959,0.92115,0.088995,0.166352,0.641863,0.593524,0.662843,0.582815,0.220673,0.712686,0.682764,0.715539,0.553514,0.815198,0.397821,0.647512,0.373546,0.513117,0.654147,0.569431,0.594292,0.543425,0.512678,0.619452,0.578886,0.541518,0.548238,0.586202,0.518062,0.593684,0.573601,0.516451,0.642789,0.538217,0.567588,0.569592,0.558031,0.522966
1144,2,nto,0,0.00032,0.000429,0.000601,0.000406,0.000441,0.000317,0.000353,0.000486,0.000651,0.000124,0.000486,0.000126,0.003872,0.001909,0.000195,3.6e-05,2.1e-05,5.2e-05,7.6e-05,3.4e-05,1.8e-05,6e-06,5e-06,9e-06,5e-06,8.2e-05,0.0,1e-06,6e-06,2.4e-05,3e-06,3e-06,7e-06,2e-06,3e-06,0.000151,0.000157,0.000144,9.8e-05,0.000264
1145,3,tra,0,4.4e-05,9.6e-05,6.9e-05,0.000472,2.3e-05,0.000134,5.5e-05,1.8e-05,0.000149,2e-05,3.5e-05,2.3e-05,0.001713,1.2e-05,6.9e-05,5e-05,0.000186,8.3e-05,9.8e-05,0.000176,1e-06,0.000206,0.0,5e-06,5e-06,1e-06,0.0,0.0,0.0,0.0,2e-06,0.0,1e-06,0.0,0.0,0.000176,0.000158,0.000138,0.000123,0.000205
1146,2,nut,0,0.075731,0.007102,0.005102,0.01332,0.066596,0.001729,0.027062,0.012986,0.013415,0.084945,0.021735,0.018256,0.343693,0.00818,0.001221,5.4e-05,0.032161,0.000651,0.002668,0.001372,0.997874,0.998705,0.996247,0.983974,0.791544,0.790295,0.998126,0.967795,0.97641,0.892365,0.980559,0.999253,0.984425,0.987856,0.906445,0.957357,0.997584,0.997026,0.998322,0.990836
1147,1,ati,1,0.99989,0.999657,0.999577,0.99951,0.992855,0.988047,0.994399,0.992598,0.979381,0.993006,0.977341,0.999704,0.990917,0.990614,0.94336,0.999681,0.999211,0.999334,0.999247,0.999677,0.654147,0.569431,0.594292,0.543425,0.512678,0.619452,0.578886,0.541518,0.548238,0.586202,0.518062,0.593684,0.573601,0.516451,0.642789,0.538217,0.567588,0.569592,0.558031,0.522966
1148,2,nto,0,0.001242,0.001082,0.000758,0.003627,0.003533,0.011258,0.019347,0.024381,0.034507,0.029223,0.004084,0.000468,0.00514,0.019176,0.088184,0.000865,0.009081,0.008162,0.00095,0.000719,0.00018,3e-06,0.0,0.004379,2.1e-05,0.000394,0.000114,2e-06,0.001044,1e-05,2.1e-05,6.5e-05,1.4e-05,0.000341,0.000121,0.000227,0.000156,0.000137,0.000114,0.000337
1149,2,dah,1,0.999785,0.999859,0.999983,0.996623,0.999996,0.999669,0.999792,0.999613,0.999758,0.99989,0.99936,0.99857,0.998769,0.999933,0.999924,0.999927,0.9995,0.999883,0.999684,0.999714,0.999818,0.999378,0.999972,0.999897,0.999949,0.999412,0.999893,0.999985,0.999652,0.999262,0.999851,0.999509,0.999934,0.999825,0.999948,0.999535,0.999592,0.999591,0.999692,0.999306
1150,3,ari,1,0.999994,0.999998,0.999997,0.999982,0.999988,0.999979,0.999933,0.999995,0.999935,0.999987,0.999983,0.99999,0.999829,0.999928,0.999992,0.999904,0.999913,0.999931,0.999901,0.999945,0.999994,0.999969,1.0,0.999999,0.999999,1.0,1.0,1.0,1.0,1.0,1.0,0.999997,1.0,0.999999,1.0,0.999732,0.999757,0.999727,0.999712,0.999614
1151,2,ati,1,0.999963,0.999951,0.999737,0.999963,0.999384,0.999821,0.999957,0.999662,0.999837,0.999726,0.999828,0.999737,0.999682,0.999396,0.999773,0.999894,0.999904,0.999851,0.999925,0.99993,0.999984,0.999924,0.999989,0.999942,0.999987,0.996192,0.999971,0.99999,0.9993,0.997369,0.999574,0.999851,0.99999,0.998359,0.999988,0.999646,0.999717,0.999722,0.999771,0.999601
1152,1,ono,0,3e-05,0.000541,0.00016,0.000104,0.000508,0.000572,0.000592,0.000645,0.00212,0.000213,0.000354,5.8e-05,0.001314,0.00029,0.000826,0.00012,5.8e-05,4.3e-05,0.000882,0.000116,0.654147,0.569431,0.594292,0.543425,0.512678,0.619452,0.578886,0.541518,0.548238,0.586202,0.518062,0.593684,0.573601,0.516451,0.642789,0.538217,0.567588,0.569592,0.558031,0.522966
1153,1,tmi,1,0.986901,0.814036,0.855117,0.957993,0.492125,0.799986,0.970039,0.90604,0.96162,0.799058,0.938886,0.977206,0.92695,0.911359,0.731369,0.957686,0.963447,0.827632,0.962681,0.886751,0.654147,0.569431,0.594292,0.543425,0.512678,0.619452,0.578886,0.541518,0.548238,0.586202,0.518062,0.593684,0.573601,0.516451,0.642789,0.538217,0.567588,0.569592,0.558031,0.522966
1154,2,ani,1,0.996621,0.999936,0.999415,0.999669,0.999441,0.999357,0.998544,0.999136,0.999026,0.999568,0.998887,0.999169,0.998496,0.999051,0.998105,0.999682,0.999872,0.999733,0.999932,0.999925,0.999978,0.999997,0.999993,0.999978,0.999996,0.999932,0.999982,1.0,0.999996,0.999993,0.999997,0.999996,0.999992,0.999986,0.999997,0.999709,0.99971,0.999775,0.999773,0.999653
1155,3,ini,1,0.999971,0.999866,0.999881,0.998724,0.999602,0.999452,0.998033,0.997026,0.991877,0.99975,0.999309,0.999309,0.995492,0.999139,0.999458,0.999819,0.999535,0.99935,0.999682,0.999423,0.999964,0.999785,0.999959,0.995341,0.999882,0.999795,0.999979,0.999991,0.999908,0.999989,0.999997,0.999983,0.999973,0.999815,0.999963,0.999243,0.999462,0.999508,0.99923,0.998429
1156,2,min,0,0.001317,0.000192,0.00505,0.027406,0.000721,0.003852,0.005882,0.000397,0.014084,0.018225,0.006691,8.6e-05,0.016506,0.001415,0.004797,9.3e-05,0.000272,0.000136,0.000278,0.000152,9.2e-05,0.000269,0.000278,7.8e-05,2.9e-05,0.002851,0.001209,0.000124,0.000185,0.004178,0.000894,0.000614,0.001154,0.001368,2.3e-05,0.000168,0.000197,0.000437,0.000104,0.000432
1157,1,iah,1,0.999387,0.994667,0.999798,0.996646,0.99817,0.995132,0.998308,0.994229,0.997246,0.998438,0.996882,0.996521,0.992464,0.996376,0.997389,0.99965,0.999726,0.999134,0.999732,0.999696,0.654147,0.569431,0.594292,0.543425,0.512678,0.619452,0.578886,0.541518,0.548238,0.586202,0.518062,0.593684,0.573601,0.516451,0.642789,0.538217,0.567588,0.569592,0.558031,0.522966
1158,1,rin,0,0.00115,0.029032,0.00063,0.003347,0.010564,0.007361,0.03368,0.006142,0.006788,0.008533,0.008599,0.018583,0.029161,0.004789,0.025621,0.015383,0.002511,0.009239,0.059747,0.001887,0.654147,0.569431,0.594292,0.543425,0.512678,0.619452,0.578886,0.541518,0.548238,0.586202,0.518062,0.593684,0.573601,0.516451,0.642789,0.538217,0.567588,0.569592,0.558031,0.522966
1159,1,din,0,0.000154,0.008002,0.00105,0.000399,0.001451,0.004184,0.003173,0.001918,0.006613,0.007722,0.001414,8.9e-05,0.010697,0.001281,0.002765,0.000206,0.000702,0.000421,0.011272,0.000326,0.003135,0.001801,0.002698,0.100652,0.003716,0.192542,0.041904,0.065506,0.004627,0.028501,0.090274,0.145546,0.18696,0.006275,0.521183,0.000326,0.000603,0.018568,0.003189,0.01048
1160,2,ham,0,5.8e-05,0.00059,0.002177,0.00017,0.007281,0.001401,0.006169,0.003421,0.003835,0.004325,0.001766,0.00062,0.003871,0.00057,0.00333,0.000189,0.000197,0.000209,0.00049,5.2e-05,0.001244,0.000104,0.001552,0.001627,0.000131,0.000337,0.00148,0.000739,0.000231,1.5e-05,0.000691,0.002806,0.001363,8.6e-05,0.000171,0.00026,0.000175,0.000488,0.000114,0.001689
1161,2,nti,1,0.999877,0.999963,0.999983,0.999811,0.999848,0.998514,0.999563,0.998575,0.998695,0.998104,0.999098,0.99993,0.998152,0.996683,0.998535,0.999768,0.999704,0.999694,0.999589,0.999705,0.999565,0.999939,0.99999,0.999235,0.999994,0.999578,0.999988,0.999987,0.99991,0.999912,0.999838,0.999988,0.999901,0.999962,0.99996,0.999718,0.999695,0.999767,0.999771,0.999405
1162,4,ari,1,0.999197,0.999896,0.999694,0.999887,0.999838,0.999888,0.99998,0.999863,0.999832,0.999991,0.999859,0.999841,0.999344,0.999675,0.999916,0.999634,0.999894,0.999932,0.999892,0.999919,0.999999,0.999978,0.999993,0.999982,0.99996,0.999999,1.0,0.999997,0.999998,1.0,1.0,1.0,1.0,0.999997,0.999996,0.999695,0.999684,0.999716,0.999752,0.999475
1163,2,roh,1,0.98286,0.987729,0.998666,0.998839,0.993541,0.99576,0.999379,0.995719,0.994119,0.997185,0.99833,0.994702,0.991114,0.997744,0.997157,0.999688,0.999822,0.999542,0.999877,0.999842,0.580008,0.55234,0.626053,0.582574,0.519549,0.606422,0.577788,0.540547,0.53322,0.610678,0.570624,0.587211,0.612958,0.504852,0.623406,0.539257,0.562371,0.571446,0.55591,0.536121
1164,1,man,0,0.000233,0.000594,0.000846,0.000103,0.000523,0.003487,0.005009,0.002399,0.001925,0.001616,0.00052,0.000712,0.004215,0.001057,0.001537,0.000133,9.5e-05,0.000354,0.000114,0.000174,0.006469,0.054242,0.054058,0.098028,0.002426,0.011957,0.071255,0.020636,0.044222,0.047249,0.008029,0.1857,0.114211,0.081126,0.013301,0.000438,0.001124,0.000909,0.002277,0.002983
1165,2,rni,1,0.998265,0.999506,0.992556,0.998979,0.999664,0.998743,0.99193,0.986026,0.992891,0.998238,0.997731,0.999961,0.998348,0.998257,0.995101,0.999766,0.999636,0.996938,0.999596,0.999427,0.999961,0.997238,0.999898,0.999253,0.999842,0.998706,0.999853,0.995906,0.999742,0.997266,0.999915,0.999158,0.995081,0.999714,0.999777,0.999571,0.999683,0.999556,0.99974,0.999539
1166,3,ana,0,0.00651,0.002829,0.003296,0.001825,0.001462,0.002711,0.00346,0.022545,0.012066,0.001384,0.00831,9.3e-05,0.010062,0.003314,0.002596,0.000472,0.003143,0.00083,0.001243,0.000692,1.1e-05,0.000412,2e-06,8.4e-05,4.6e-05,0.000517,1e-06,0.0,0.0,5e-06,6.6e-05,0.0,3.1e-05,0.0,3e-06,0.000167,0.000224,0.000155,0.00018,0.000714
1167,4,ani,1,0.997135,0.999112,0.999404,0.999614,0.998337,0.998067,0.994433,0.992117,0.998776,0.997614,0.99964,0.999733,0.998014,0.999413,0.998887,0.999748,0.999702,0.999737,0.999736,0.999812,0.999835,0.999915,0.999977,0.999549,0.999873,0.999878,0.999996,0.999995,0.999947,0.999991,0.999994,0.99995,1.0,0.999851,0.999992,0.999588,0.999544,0.999646,0.999767,0.999323
1168,4,bsy,0,0.000984,0.00211,0.011832,0.01225,0.006095,0.00461,0.000788,0.008435,0.000793,0.001583,0.00171,0.085589,0.029016,0.003005,0.000977,0.002692,0.000453,0.001259,0.046504,0.006851,5.6e-05,0.000948,7.6e-05,7.9e-05,0.000488,0.000512,0.001501,1e-06,1.2e-05,0.00027,0.000608,0.000151,5.9e-05,1.7e-05,0.000109,0.00202,0.000288,0.00032,0.510848,0.001129
1169,1,oan,0,0.001949,0.003108,0.000349,0.003805,0.005023,0.026068,0.023811,0.001775,0.008737,0.003412,0.012639,0.000864,0.003155,0.01074,0.003778,0.001147,0.010527,0.001732,0.032863,0.059116,0.654147,0.569431,0.594292,0.543425,0.512678,0.619452,0.578886,0.541518,0.548238,0.586202,0.518062,0.593684,0.573601,0.516451,0.642789,0.538217,0.567588,0.569592,0.558031,0.522966
1170,1,rni,1,0.99902,0.999519,0.999846,0.999667,0.960466,0.995345,0.876121,0.94179,0.949514,0.977944,0.976472,0.999817,0.996859,0.995497,0.985687,0.988401,0.985884,0.994949,0.987657,0.991975,0.999053,0.980334,0.959228,0.991002,0.977275,0.995213,0.885995,0.811807,0.918489,0.820032,0.970016,0.914609,0.674579,0.929409,0.929381,0.99893,0.999525,0.997526,0.999077,0.999242
1171,1,ani,1,0.999796,0.999287,0.999979,0.999899,0.999705,0.997716,0.998875,0.994883,0.995866,0.997097,0.999103,0.999427,0.999227,0.996733,0.99853,0.995494,0.99584,0.995226,0.993388,0.996631,0.654147,0.569431,0.594292,0.543425,0.512678,0.619452,0.578886,0.541518,0.548238,0.586202,0.518062,0.593684,0.573601,0.516451,0.642789,0.538217,0.567588,0.569592,0.558031,0.522966
1172,2,nto,0,0.000467,0.001086,0.000968,0.000511,0.002987,0.000504,0.000138,0.001814,0.000151,0.000295,0.001157,0.00023,0.001401,0.001422,8.9e-05,2.3e-05,0.00031,0.000123,6.4e-05,2.1e-05,0.000818,0.060876,0.001647,0.000385,0.000254,0.059827,0.030134,0.008447,0.001866,0.000303,0.00325,0.05644,0.021923,0.005634,0.001871,0.000252,0.000901,0.000372,0.000541,0.026102
1173,1,mat,0,0.001203,0.019381,0.007,0.000678,0.272901,0.123778,0.213134,0.02724,0.053643,0.079745,0.043537,0.007304,0.015001,0.030262,0.049514,0.0004,0.000335,0.003032,4.5e-05,0.000297,0.000185,0.000294,0.00011,0.000829,0.000231,0.000852,0.000581,0.000229,0.000278,0.000425,0.000341,0.002566,0.004011,0.002156,0.000187,0.000221,0.000143,0.000143,0.000105,0.000985
1174,1,sen,0,0.581898,0.173803,0.81653,0.227491,0.876816,0.174625,0.174185,0.031729,0.193543,0.108867,0.232285,0.115503,0.131986,0.176527,0.229549,0.006595,0.027647,0.172861,0.008015,0.005628,0.654147,0.569431,0.594292,0.543425,0.512678,0.619452,0.578886,0.541518,0.548238,0.586202,0.518062,0.593684,0.573601,0.516451,0.642789,0.538217,0.567588,0.569592,0.558031,0.522966
1175,2,kin,0,3e-05,2.9e-05,0.000366,0.000293,9.6e-05,0.000139,0.000545,0.000787,0.000582,0.000125,0.000364,0.000111,0.000493,0.000125,3.7e-05,2.2e-05,6e-05,6.3e-05,5.7e-05,3e-05,2.9e-05,3.4e-05,1e-05,0.00043,0.000239,0.000106,2.3e-05,1.2e-05,2e-05,5.9e-05,7e-06,1.5e-05,6.8e-05,1.3e-05,1.7e-05,0.000352,0.000259,0.000254,0.000175,0.000666
1176,1,iah,1,0.932313,0.997025,0.763187,0.913201,0.924604,0.93581,0.980463,0.944802,0.948881,0.929158,0.951819,0.998333,0.959178,0.985586,0.981668,0.996588,0.993275,0.998248,0.993061,0.998815,0.986698,0.999104,0.989712,0.963206,0.99695,0.935863,0.975563,0.986816,0.72953,0.983652,0.96602,0.974971,0.9375,0.456494,0.995267,0.995351,0.999148,0.999579,0.999771,0.984641
1177,1,sun,0,0.035142,0.008655,0.354865,0.020544,0.049352,0.080696,0.024124,0.021246,0.061508,0.074889,0.034497,0.014149,0.120795,0.057836,0.254086,0.003605,0.017518,0.014798,0.130841,0.05981,0.654147,0.569431,0.594292,0.543425,0.512678,0.619452,0.578886,0.541518,0.548238,0.586202,0.518062,0.593684,0.573601,0.516451,0.642789,0.538217,0.567588,0.569592,0.558031,0.522966
1178,2,kur,0,0.00185,0.004578,0.018369,0.019648,0.011837,0.004517,0.004285,0.011707,0.006092,0.003184,0.018152,0.000765,0.02682,0.008568,0.000934,0.003443,0.04931,0.018266,0.006687,0.164199,0.906317,0.001691,0.045894,0.785853,0.010657,0.541322,0.000208,0.172656,0.001308,0.000854,0.559514,0.001623,0.686915,0.003705,0.005755,0.000225,0.000541,0.000188,0.233568,0.000697
1179,1,suf,0,0.000858,0.002156,0.027657,0.006571,0.02382,0.043116,0.017697,0.012384,0.024184,0.021203,0.014695,0.009555,0.010231,0.009841,0.031822,3.7e-05,0.000477,0.001061,0.013429,8.4e-05,0.021507,0.002444,8.4e-05,0.019143,0.009126,0.007211,0.006041,0.003083,0.003861,0.008875,0.006455,0.007171,0.003858,0.013327,0.012046,0.00015,0.000183,0.000168,0.00011,0.000409
1180,1,ori,0,0.001928,0.004393,0.083575,0.03001,0.02018,0.01397,0.017641,0.089193,0.030697,0.059078,0.025135,0.000272,0.163278,0.003938,0.020251,0.001009,0.000317,0.001718,0.000795,0.001337,0.024153,0.00989,0.005813,0.0449,0.000476,0.197934,0.051844,0.000558,0.053747,0.09122,0.024303,0.010594,0.005596,0.04641,0.01884,0.000209,0.000161,0.000284,0.000138,0.000432
1181,1,'in,1,0.841231,0.788361,0.119721,0.923299,0.029422,0.695145,0.866058,0.449953,0.622955,0.367804,0.55992,0.82361,0.522418,0.486426,0.221743,0.997386,0.885683,0.957643,0.775379,0.93752,0.654147,0.569431,0.594292,0.543425,0.512678,0.619452,0.578886,0.541518,0.548238,0.586202,0.518062,0.593684,0.573601,0.516451,0.642789,0.538217,0.567588,0.569592,0.558031,0.522966
1182,2,nto,0,8e-06,1e-05,3.2e-05,3.7e-05,0.000149,8e-06,3.9e-05,3.6e-05,3.3e-05,6e-06,6.3e-05,2.4e-05,0.00014,2.8e-05,1.7e-05,1.1e-05,1.3e-05,1.3e-05,1.7e-05,1e-05,2e-06,3e-06,0.0,1.2e-05,4e-06,1e-06,0.0,0.0,0.0,0.0,0.0,0.0,0.0,0.0,0.0,0.000148,0.00016,0.000136,9.5e-05,0.000225
1183,2,awi,0,0.019007,0.029254,0.007217,0.054618,0.244383,0.047202,0.07027,0.044465,0.22162,0.020501,0.209606,0.000455,0.054961,0.063335,0.061024,0.001945,0.011006,0.011944,0.001065,0.009746,0.004257,0.000221,0.000172,0.001153,0.000141,0.011276,8.8e-05,0.000469,0.00031,0.000187,0.000441,0.003806,0.001487,0.000764,0.000156,0.000165,0.000184,0.000192,0.0001,0.000302
1184,2,ron,0,0.001295,0.000927,0.00049,0.011767,0.002955,0.002333,0.022022,0.005718,0.009376,0.005261,0.002448,0.000369,0.015801,0.00436,0.003709,0.000168,0.000131,0.000166,6.5e-05,0.000181,0.000324,0.000254,0.000269,0.000518,0.000458,0.004628,0.00032,0.000524,8e-05,0.000253,0.017725,0.000767,0.000366,0.000221,0.001114,0.000206,0.000167,0.000151,0.000142,0.000475
1185,2,dun,0,0.105812,0.010007,0.314529,0.548045,0.276939,0.341643,0.120128,0.278908,0.215485,0.25319,0.25144,0.107201,0.238071,0.023743,0.406398,0.000563,0.001811,0.004956,0.003404,0.004554,0.00135,0.001554,0.011137,0.035332,0.001425,0.011533,0.011215,0.005717,0.028668,0.018276,0.001027,0.006813,0.009153,0.026781,0.004266,0.000558,0.000489,0.00106,0.000254,0.002797
1186,1,mah,1,0.997494,0.914217,0.996323,0.999062,0.907617,0.925426,0.916525,0.96077,0.972837,0.923563,0.982631,0.94118,0.872033,0.959356,0.98074,0.995821,0.962248,0.996168,0.962758,0.991058,0.654147,0.569431,0.594292,0.543425,0.512678,0.619452,0.578886,0.541518,0.548238,0.586202,0.518062,0.593684,0.573601,0.516451,0.642789,0.538217,0.567588,0.569592,0.558031,0.522966
1187,2,ita,1,0.999903,0.993472,0.995838,0.995099,0.995744,0.970656,0.99219,0.940234,0.975506,0.991638,0.992767,0.98029,0.966478,0.991357,0.992789,0.997586,0.998486,0.998434,0.995024,0.997194,0.999809,0.992671,0.99997,0.999921,0.999172,0.9972,0.99882,0.9999,0.999882,0.999109,0.999794,0.999061,0.998819,0.999588,0.998184,0.998369,0.99963,0.999741,0.999526,0.999465
1188,3,kri,0,0.083813,0.077633,0.352068,0.062517,0.819663,0.510454,0.219589,0.272857,0.309184,0.544498,0.062941,0.002269,0.796503,0.067644,0.618391,0.241367,0.339807,0.101235,0.602676,0.533365,0.080033,0.013699,0.001254,0.070757,0.124636,0.169839,0.021233,0.296324,0.007373,0.024846,0.00756,0.710918,0.012541,0.0007,0.079146,0.000866,0.000541,0.001148,0.012432,0.293552
1189,3,zan,0,4e-06,4e-06,1e-05,1.3e-05,4.5e-05,9e-06,2e-06,6.7e-05,5.2e-05,2.6e-05,3e-05,5e-06,6.7e-05,1.8e-05,2e-05,1.2e-05,1.3e-05,1.5e-05,1.9e-05,9e-06,3e-06,3e-06,0.0,1.2e-05,0.000108,0.0,0.0,0.0,0.0,1e-06,1e-06,1e-06,0.0,0.0,4e-06,0.000145,0.000186,0.000132,9.8e-05,0.000223
1190,1,ono,0,0.000313,0.000359,0.000244,0.000458,0.002414,0.002131,0.001227,0.000845,0.004456,0.002602,0.000404,0.000174,0.001515,4.3e-05,0.001294,0.000432,0.000188,0.000132,0.001592,0.000131,0.001115,0.000302,0.001432,0.000313,0.002143,0.008889,0.001905,0.016595,0.00058,0.157294,0.027162,0.007456,0.079886,0.01141,0.02925,0.000265,0.000216,0.000138,0.000113,0.000523
1191,1,iah,1,0.998425,0.990223,0.999579,0.999253,0.991618,0.990973,0.994474,0.994606,0.993205,0.994409,0.992078,0.9994,0.988032,0.997591,0.999206,0.998675,0.998913,0.999308,0.998818,0.99935,0.987935,0.763081,0.988417,0.948472,0.990569,0.971873,0.547687,0.995322,0.955023,0.990061,0.956173,0.765481,0.950475,0.859538,0.980097,0.995206,0.998496,0.999331,0.999747,0.993163
1192,1,ani,1,0.999864,0.999764,0.999978,0.999889,0.999553,0.999012,0.998025,0.999455,0.998484,0.997943,0.998598,0.99929,0.998755,0.998582,0.999408,0.997465,0.999569,0.998976,0.998087,0.999296,0.999641,0.99992,0.999962,0.989268,0.137736,0.948029,0.985367,0.997206,0.964371,0.691096,0.982035,0.996058,0.992115,0.934618,0.704631,0.999384,0.701027,0.999538,0.999828,0.990415
1193,2,kan,0,0.001031,0.005562,0.019808,0.000664,0.004531,0.00365,0.002562,0.003946,0.005266,0.003185,0.008627,0.000124,0.001928,0.001875,0.00332,0.002072,0.001256,0.149909,0.001898,0.002524,0.580008,0.55234,0.626053,0.582574,0.519549,0.606422,0.577788,0.540547,0.53322,0.610678,0.570624,0.587211,0.612958,0.504852,0.623406,0.539257,0.562371,0.571446,0.55591,0.536121
1194,1,adi,0,0.002654,0.00475,0.000658,0.073939,0.003474,0.009969,0.016822,0.005832,0.017649,0.012098,0.0037,1.2e-05,0.004221,0.000628,0.005562,0.000195,0.000126,0.000445,0.001193,0.001319,0.654147,0.569431,0.594292,0.543425,0.512678,0.619452,0.578886,0.541518,0.548238,0.586202,0.518062,0.593684,0.573601,0.516451,0.642789,0.538217,0.567588,0.569592,0.558031,0.522966
1195,1,ino,0,0.005974,0.001535,0.000379,5e-05,0.000581,0.004408,0.011179,0.000492,0.016512,0.0011,0.000607,0.000863,0.004091,0.000714,0.01257,0.003004,0.000722,0.000689,0.016442,0.000501,0.654147,0.569431,0.594292,0.543425,0.512678,0.619452,0.578886,0.541518,0.548238,0.586202,0.518062,0.593684,0.573601,0.516451,0.642789,0.538217,0.567588,0.569592,0.558031,0.522966
1196,2,tun,1,0.99939,0.999879,0.999692,0.995879,0.998876,0.993609,0.994434,0.957322,0.981248,0.986253,0.988566,0.996102,0.958403,0.981743,0.987566,0.998088,0.994453,0.997404,0.997292,0.997651,0.996712,0.974951,0.999379,0.99767,0.992529,0.99332,0.999036,0.998106,0.965308,0.916825,0.993391,0.998444,0.999228,0.981383,0.993291,0.99932,0.998826,0.999604,0.998853,0.997266
1197,2,ari,1,0.998629,0.99854,0.999435,0.999756,0.999507,0.999581,0.999102,0.99959,0.995407,0.999473,0.998901,0.999701,0.994874,0.998417,0.999294,0.999699,0.999802,0.999613,0.999692,0.999898,0.999962,0.999966,0.999998,0.999856,0.99995,0.999852,0.999977,0.999977,0.999991,0.999846,0.999949,0.999685,0.999792,0.999974,0.999998,0.999668,0.999666,0.999656,0.99971,0.999602
1198,2,ati,1,0.999708,0.999603,0.999629,0.999843,0.999737,0.999694,0.999846,0.999931,0.999727,0.998825,0.999412,0.996833,0.999206,0.998646,0.999469,0.99991,0.999868,0.999885,0.999931,0.999948,0.999788,0.999952,0.999693,0.999927,0.999987,0.999952,0.999931,0.999998,0.999862,0.99961,0.99996,0.99966,0.999988,0.999811,0.999872,0.9997,0.999651,0.999704,0.9997,0.999521
1199,2,lil,0,5.4e-05,6e-06,2.1e-05,2.8e-05,0.0002,0.000484,0.000623,0.00012,0.000298,0.000135,0.000277,4.7e-05,0.000879,0.00015,4.7e-05,5.2e-05,4.2e-05,0.00011,6.3e-05,5.3e-05,2e-06,1.1e-05,5e-06,5.7e-05,5.6e-05,1e-06,4e-06,0.0,1e-06,3.7e-05,0.0,5e-06,0.0,7e-06,1e-06,0.000161,0.00014,0.000148,0.000106,0.000251
1200,1,tri,1,0.998079,0.999594,0.999906,0.999924,0.999056,0.998178,0.995032,0.992699,0.99152,0.998031,0.995725,0.999767,0.989035,0.996532,0.997836,0.993256,0.998538,0.995816,0.998229,0.99327,0.999792,0.999899,0.999946,0.996962,0.998963,0.98,0.998204,0.99875,0.982703,0.99819,0.993683,0.99876,0.996495,0.959213,0.998721,0.999708,0.999701,0.999696,0.999824,0.999654
1201,2,ail,0,0.000209,0.000425,0.012567,0.000254,0.000579,0.002954,0.004239,0.007296,0.002647,0.005614,0.002513,9.4e-05,0.025664,0.001884,0.006645,0.00043,7.7e-05,0.001311,0.000201,0.000138,0.009514,0.006057,0.003252,0.026187,0.005693,0.045187,0.027671,0.007398,0.014731,0.046567,0.040911,0.025518,0.009271,0.020183,0.027299,0.006914,0.000374,0.000968,0.005792,0.035552
1202,2,yah,1,0.996125,0.998898,0.99881,0.999923,0.999835,0.999102,0.998112,0.998472,0.996515,0.99874,0.999439,0.999507,0.999535,0.999716,0.996172,0.999956,0.999878,0.999744,0.999945,0.999856,0.989905,0.823373,0.967606,0.474507,0.995339,0.912234,0.967299,0.884578,0.785997,0.97934,0.952785,0.84087,0.634121,0.827137,0.998539,0.865313,0.785489,0.998432,0.725936,0.997635
1203,2,ira,1,0.998682,0.998996,0.997683,0.998836,0.996377,0.99949,0.998742,0.998859,0.999379,0.998143,0.998254,0.999823,0.999515,0.999603,0.998636,0.999596,0.999771,0.999644,0.9997,0.99985,0.999974,0.99948,0.999998,0.998863,0.999946,0.999826,0.999901,0.999884,0.999391,0.999721,0.999929,0.998598,0.999731,0.998623,0.999445,0.99967,0.999704,0.999738,0.999778,0.999593
1204,1,adi,0,0.001244,0.000254,0.006817,0.000326,0.000943,0.017565,0.004337,0.012803,0.017643,0.002766,0.004771,0.001389,0.003026,0.002754,0.003309,0.000118,0.000115,0.00156,0.000675,9.1e-05,0.654147,0.569431,0.594292,0.543425,0.512678,0.619452,0.578886,0.541518,0.548238,0.586202,0.518062,0.593684,0.573601,0.516451,0.642789,0.538217,0.567588,0.569592,0.558031,0.522966
1205,1,nah,1,0.998429,0.999117,0.997968,0.999384,0.914334,0.945645,0.933449,0.971223,0.982283,0.983388,0.985184,0.999506,0.987304,0.995521,0.981507,0.994823,0.996868,0.998006,0.998591,0.999674,0.654147,0.569431,0.594292,0.543425,0.512678,0.619452,0.578886,0.541518,0.548238,0.586202,0.518062,0.593684,0.573601,0.516451,0.642789,0.538217,0.567588,0.569592,0.558031,0.522966
1206,3,ati,1,0.731939,0.734891,0.97499,0.492562,0.969023,0.994031,0.987649,0.982794,0.950324,0.994522,0.992154,0.994576,0.786674,0.964203,0.984757,0.999458,0.999515,0.999509,0.998865,0.999297,0.962874,0.950462,0.999909,0.999726,0.999447,0.976936,0.994268,0.988584,0.992131,0.988993,0.994795,0.995951,0.9996,0.999379,0.992362,0.990034,0.998213,0.995974,0.993975,0.988632
1207,2,gat,0,0.000366,0.000812,0.001072,0.000757,0.001799,0.000801,0.00195,0.002287,0.019858,0.001509,0.003422,0.000883,0.009518,0.001186,0.006408,2.7e-05,3.7e-05,0.000367,0.000203,0.000219,0.001842,0.010061,0.000135,0.004927,0.001969,0.021203,0.011363,0.000137,0.014271,0.00462,0.003752,0.021663,0.00017,0.003176,0.003849,0.001597,0.000887,0.000408,0.000576,0.001817
1208,1,man,0,7.9e-05,0.006347,0.000733,0.000397,0.001041,0.005537,0.009863,0.013804,0.014748,0.012198,0.004976,0.007165,0.006609,0.00654,0.00916,0.000603,0.000338,0.000833,0.000473,0.001446,0.009065,0.117379,0.011283,0.016871,0.014824,0.010738,0.087193,0.026954,0.119168,0.167652,0.021317,0.266136,0.050318,0.074124,0.062187,0.000273,0.001901,0.000323,0.003027,0.011139
1209,1,nti,1,0.999929,0.99995,0.999983,0.999988,0.999841,0.99921,0.999413,0.999311,0.997872,0.999179,0.998871,0.999805,0.999149,0.998044,0.999254,0.999408,0.999376,0.999061,0.999271,0.999448,0.998928,0.993041,0.999507,0.998286,0.999279,0.985244,0.978508,0.999894,0.990883,0.959497,0.984728,0.992486,0.999571,0.989934,0.998605,0.999545,0.999625,0.999735,0.999805,0.99959
1210,2,nti,1,0.99921,0.999887,0.999822,0.999315,0.999536,0.999676,0.999882,0.999715,0.999666,0.999825,0.999774,0.99997,0.999412,0.999736,0.999819,0.999929,0.99992,0.999827,0.999938,0.999946,0.999965,0.999992,0.999993,0.992962,0.99996,0.99988,0.999994,0.999994,0.999955,0.999709,0.999936,0.999915,0.999981,0.99994,0.999983,0.999678,0.999703,0.999766,0.999768,0.999647
1211,2,sih,1,0.826628,0.969203,0.946362,0.968564,0.952001,0.984118,0.982022,0.97669,0.97292,0.958215,0.928874,0.996937,0.967958,0.966086,0.997918,0.999408,0.998376,0.999849,0.999738,0.999032,0.961871,0.993419,0.993138,0.99413,0.992583,0.989056,0.992761,0.997951,0.99758,0.989397,0.987204,0.970333,0.995545,0.988812,0.996963,0.999023,0.998798,0.999708,0.999667,0.998889
1212,4,rah,0,0.017278,0.008682,0.009232,0.005144,0.00474,0.004693,0.002577,0.00345,0.011793,0.013676,0.012972,0.001352,0.014685,0.006313,0.001887,0.003568,0.000138,0.000249,0.018392,0.000714,0.00073,0.000282,0.00037,0.001164,0.001687,0.004501,4e-06,0.005821,0.002354,0.000595,4.3e-05,5e-06,0.000981,1.9e-05,0.000211,0.000209,0.000367,0.000419,0.000166,0.00196
1213,1,man,0,0.000679,0.000598,0.002033,0.000742,0.001762,0.004333,0.005057,0.002964,0.004919,0.00129,0.00086,0.000255,0.00607,0.000981,0.001427,0.000232,0.000306,9.9e-05,0.000143,0.000232,0.328192,0.290703,0.000101,0.005693,0.012449,0.420693,0.185098,0.001252,0.040333,0.105448,0.541667,0.089741,0.002347,0.106863,0.046139,0.002404,0.002544,0.000164,0.000163,0.000395
1214,1,nem,1,0.448199,0.985073,0.890428,0.964298,0.844297,0.836472,0.897416,0.420087,0.843022,0.714155,0.729216,0.836147,0.682892,0.945253,0.736637,0.617038,0.521582,0.801605,0.510525,0.842532,0.654147,0.569431,0.594292,0.543425,0.512678,0.619452,0.578886,0.541518,0.548238,0.586202,0.518062,0.593684,0.573601,0.516451,0.642789,0.538217,0.567588,0.569592,0.558031,0.522966
1215,1,rjo,0,0.000375,4.4e-05,2.6e-05,2e-05,0.000102,0.003297,0.004873,0.002173,0.005353,0.005999,0.000869,0.001262,0.001751,0.008354,0.000445,0.000626,0.000192,0.000622,7.4e-05,0.000897,0.654147,0.569431,0.594292,0.543425,0.512678,0.619452,0.578886,0.541518,0.548238,0.586202,0.518062,0.593684,0.573601,0.516451,0.642789,0.538217,0.567588,0.569592,0.558031,0.522966
1216,1,tin,1,0.998688,0.983747,0.994983,0.999859,0.995382,0.993107,0.986128,0.767442,0.967965,0.982405,0.986374,0.988384,0.967725,0.981648,0.960396,0.992549,0.998569,0.999049,0.997133,0.998547,0.654147,0.569431,0.594292,0.543425,0.512678,0.619452,0.578886,0.541518,0.548238,0.586202,0.518062,0.593684,0.573601,0.516451,0.642789,0.538217,0.567588,0.569592,0.558031,0.522966
1217,2,oso,0,0.00452,0.005922,0.001706,0.01302,0.032919,0.024627,0.068328,0.032928,0.015356,0.005094,0.134945,0.004795,0.062175,0.031197,0.030455,0.00231,0.068229,0.001371,0.006353,0.005273,0.003516,0.4214,0.014643,0.499416,0.00663,0.005954,0.050263,0.008207,0.165394,0.011893,0.002828,0.067224,0.061743,0.175924,0.043369,0.000477,0.000674,0.000229,0.006146,0.000395
1218,3,ari,1,0.999409,0.999137,0.999612,0.999515,0.999913,0.998891,0.999194,0.998849,0.997956,0.999574,0.999788,0.999293,0.999428,0.998762,0.999502,0.999928,0.999905,0.99983,0.999911,0.999931,0.999999,0.999992,0.999065,0.997292,0.999992,1.0,1.0,1.0,1.0,1.0,0.999999,0.999999,0.999999,0.999996,0.999999,0.999732,0.99973,0.999773,0.999741,0.999651
1219,3,yfa,1,0.94595,0.973058,0.899562,0.978329,0.961994,0.957721,0.949813,0.94062,0.963234,0.955376,0.9697,0.997589,0.935107,0.799159,0.947457,0.988058,0.998709,0.995678,0.996677,0.979434,0.325324,0.999367,0.349151,0.751542,0.998309,0.276952,0.998053,0.522018,0.141519,0.939246,0.01825,0.713421,0.90644,0.342108,0.661563,0.998068,0.993306,0.99238,0.979229,0.980677
1220,2,mid,0,6.8e-05,1.8e-05,4.5e-05,0.000264,0.000206,0.000224,0.000253,2.5e-05,0.000159,0.000129,0.000169,4.8e-05,8.9e-05,0.000107,0.000104,3.4e-05,2e-05,4.4e-05,6.5e-05,2.9e-05,1.4e-05,2.5e-05,5e-06,8.6e-05,7e-06,1.1e-05,8e-06,0.0,1e-06,1e-06,1e-06,2.4e-05,1e-06,1e-05,1e-06,0.000149,0.000152,0.000145,0.00012,0.000308
1221,2,sah,1,0.999944,0.999601,0.999989,0.99999,0.999984,0.99985,0.999953,0.999752,0.999878,0.999888,0.999832,0.999954,0.99987,0.999786,0.999856,0.999952,0.999893,0.99993,0.999925,0.999905,0.999997,0.999991,1.0,0.999995,0.999993,0.999999,1.0,1.0,1.0,0.999999,1.0,1.0,1.0,1.0,1.0,0.999712,0.999752,0.999751,0.999793,0.999626
1222,1,man,0,0.456759,0.068749,0.226512,0.013132,0.341295,0.030385,0.039868,0.019575,0.017359,0.014942,0.047811,0.063597,0.030628,0.015683,0.014471,0.001069,0.00134,0.003384,0.001347,0.000481,0.654147,0.569431,0.594292,0.543425,0.512678,0.619452,0.578886,0.541518,0.548238,0.586202,0.518062,0.593684,0.573601,0.516451,0.642789,0.538217,0.567588,0.569592,0.558031,0.522966
1223,1,nah,1,0.99998,0.999986,0.999995,0.999981,0.999997,0.999494,0.999747,0.999557,0.99955,0.999669,0.999976,0.999998,0.999334,0.999977,0.999869,0.99976,0.999588,0.999227,0.999472,0.999225,0.654147,0.569431,0.594292,0.543425,0.512678,0.619452,0.578886,0.541518,0.548238,0.586202,0.518062,0.593684,0.573601,0.516451,0.642789,0.538217,0.567588,0.569592,0.558031,0.522966
1224,1,din,0,0.006119,0.000847,0.009768,0.000763,0.112617,0.024017,0.010413,0.012635,0.0322,0.008747,0.00944,0.000405,0.029204,0.001559,0.014004,0.000171,0.000788,0.006358,0.001585,0.001397,0.654147,0.569431,0.594292,0.543425,0.512678,0.619452,0.578886,0.541518,0.548238,0.586202,0.518062,0.593684,0.573601,0.516451,0.642789,0.538217,0.567588,0.569592,0.558031,0.522966
1225,2,yah,1,0.999997,0.999835,0.999993,1.0,0.999999,0.999952,0.999991,0.999889,0.999983,0.999958,0.999972,0.99999,0.999989,0.999991,0.999968,0.999966,0.99994,0.999939,0.999968,0.999969,0.999987,0.999975,0.999999,0.999993,0.999994,0.999992,0.999999,1.0,1.0,0.999998,0.999999,0.999997,1.0,0.999998,0.999995,0.999703,0.999738,0.999744,0.999805,0.99967
1226,2,tra,0,2.4e-05,0.0,1.3e-05,1e-06,3.2e-05,2e-06,1.1e-05,2e-06,7e-06,5e-06,1.4e-05,1.2e-05,0.000346,3e-06,8e-06,1.2e-05,1.8e-05,2.6e-05,1.9e-05,1.3e-05,4e-06,6.9e-05,1.6e-05,0.000444,0.000112,0.001191,1.7e-05,1.2e-05,1.2e-05,1e-06,4e-05,1.4e-05,9e-06,7.2e-05,1e-06,0.000153,0.000152,0.000128,9.1e-05,0.000262
1227,2,ati,1,0.998972,0.999873,0.999967,0.999959,0.999912,0.999788,0.999927,0.999798,0.999744,0.999375,0.999757,0.999456,0.999767,0.995138,0.999511,0.999866,0.999854,0.999887,0.999854,0.999884,0.999888,0.999609,0.972896,0.999242,0.999191,0.996479,0.997858,0.993252,0.999558,0.995099,0.999639,0.999301,0.986087,0.973789,0.998637,0.999669,0.998808,0.999729,0.999738,0.99965
1228,3,ndi,0,0.005432,0.003431,0.000418,0.001612,0.010714,0.003128,0.005708,0.002252,0.001856,0.005409,0.003532,0.0004,0.014533,0.003499,0.001951,0.000276,0.00055,0.006422,0.000235,0.00045,6e-05,4.5e-05,5.5e-05,0.000172,8.3e-05,0.000783,3e-06,5e-06,1.2e-05,4.1e-05,4e-06,2.1e-05,0.000117,1.2e-05,5e-06,0.000215,0.000201,0.000235,0.000116,0.000303
1229,2,kur,0,0.045086,0.014913,0.468427,0.050893,0.060985,0.015135,0.022714,0.017843,0.073091,0.218919,0.020916,0.170086,0.060345,0.075666,0.03987,0.016502,0.08968,0.063463,0.156356,0.076991,0.021734,0.018166,0.001322,0.038454,0.038933,0.261842,0.05385,0.027743,0.055861,0.018193,0.06797,0.070107,0.391497,0.431648,0.024135,0.190811,0.000369,0.000436,0.102133,0.939466
1230,1,ini,1,0.999808,0.999528,0.999802,0.99953,0.998765,0.981979,0.991085,0.98452,0.9745,0.977673,0.993334,0.998454,0.997038,0.984341,0.989103,0.985014,0.974184,0.904115,0.958282,0.980426,0.654147,0.569431,0.594292,0.543425,0.512678,0.619452,0.578886,0.541518,0.548238,0.586202,0.518062,0.593684,0.573601,0.516451,0.642789,0.538217,0.567588,0.569592,0.558031,0.522966
1231,3,nti,1,0.999875,0.999971,0.999967,0.999702,0.999848,0.99942,0.999849,0.999406,0.998409,0.998269,0.999938,0.999904,0.999823,0.999878,0.999948,0.999868,0.999904,0.999931,0.999935,0.999939,0.99929,0.999927,0.999902,0.9969,0.999863,0.971306,0.999893,0.99999,0.999003,0.998688,0.998787,0.999994,0.999794,0.999036,0.999547,0.999034,0.99931,0.999621,0.999315,0.998835
1232,3,nto,0,0.00099,0.002027,0.007437,0.0019,0.001369,0.005652,0.004255,0.002778,0.003303,0.005616,0.002381,0.002822,0.007357,0.008092,0.003493,8.3e-05,0.000132,0.000138,8.6e-05,8.4e-05,0.0001,0.002195,0.000119,0.000517,0.00087,0.00111,0.000146,0.000418,5e-06,0.000501,0.001736,1.1e-05,0.003334,6e-06,3e-06,0.000445,0.000177,0.000291,0.000378,0.001783
1233,1,nto,0,0.009461,0.004227,0.006545,0.001878,0.005608,0.008911,0.014754,0.005013,0.004443,0.005611,0.003094,0.010669,0.009042,0.002594,0.007682,8.4e-05,3.4e-05,0.000195,3.3e-05,8.5e-05,0.104548,0.092801,0.001757,0.01584,0.007705,0.04099,0.081718,0.044082,0.039222,0.029689,0.042758,0.127253,0.042237,0.107376,0.038414,0.000946,0.001507,0.000682,0.013025,0.003199
1234,1,fah,1,0.982732,0.957222,0.973374,0.994176,0.9348,0.943336,0.959563,0.937894,0.995845,0.899149,0.874663,0.948838,0.942022,0.944356,0.97914,0.992794,0.990112,0.995613,0.929766,0.987038,0.654147,0.569431,0.594292,0.543425,0.512678,0.619452,0.578886,0.541518,0.548238,0.586202,0.518062,0.593684,0.573601,0.516451,0.642789,0.538217,0.567588,0.569592,0.558031,0.522966
1235,2,yah,0,0.00042,3.4e-05,2e-05,0.001654,0.000312,0.00019,0.000323,0.001055,0.000706,1.4e-05,0.000335,3e-06,0.001676,9.3e-05,3.5e-05,3.6e-05,0.000149,0.000109,6e-05,5.1e-05,4.8e-05,0.00011,1.3e-05,0.000382,5.9e-05,0.002242,6.8e-05,9e-06,0.000178,0.000401,5.1e-05,3.3e-05,8.6e-05,0.000643,1.7e-05,0.000174,0.00015,0.000164,0.00011,0.000292
1236,1,nto,0,0.000984,0.000848,0.000289,0.000604,0.001364,0.000978,0.001367,0.000371,0.001081,0.001304,0.001142,0.000531,0.003171,0.001823,0.000343,2.3e-05,2.5e-05,7.4e-05,7.9e-05,2.6e-05,8.1e-05,0.003287,0.000111,0.004875,0.000262,0.00283,0.013988,0.00074,0.000519,0.002036,0.000339,0.003388,0.002793,0.000615,0.000255,0.000209,0.000206,0.000138,0.000131,0.00029
1237,2,wan,0,0.002203,0.00719,0.000422,0.000507,0.006631,0.000182,0.001337,0.002024,0.000949,0.000302,0.000638,0.000213,0.000527,0.000158,0.00016,3.8e-05,5.5e-05,5.8e-05,5.7e-05,4.9e-05,0.001847,0.001712,0.31654,0.004033,0.017205,0.015617,0.012262,0.278596,0.003877,0.184709,0.016379,0.000864,0.032009,0.00116,0.012901,0.000193,0.000187,0.000266,0.000163,0.000871
1238,2,suf,0,2e-06,2e-06,3.5e-05,2.8e-05,0.000155,4.8e-05,5.1e-05,2.3e-05,4.6e-05,0.000101,5e-05,1.7e-05,0.00019,4.4e-05,3.8e-05,1e-05,1.1e-05,1.3e-05,1.8e-05,1.1e-05,4e-06,4e-06,1e-06,1.4e-05,3e-06,4e-06,0.0,2e-06,1e-06,0.0,3e-06,1e-06,1e-06,2e-06,0.0,0.000147,0.000172,0.000136,9.8e-05,0.000206
1239,1,wan,0,0.103083,0.397167,0.606738,0.166332,0.856891,0.439318,0.473656,0.189557,0.306069,0.392713,0.219978,0.241982,0.181921,0.134925,0.211678,0.050531,0.003586,0.578251,0.114025,0.021342,0.654147,0.569431,0.594292,0.543425,0.512678,0.619452,0.578886,0.541518,0.548238,0.586202,0.518062,0.593684,0.573601,0.516451,0.642789,0.538217,0.567588,0.569592,0.558031,0.522966
1240,2,hoh,1,0.999874,0.999768,0.99998,0.999976,0.999989,0.999955,0.999964,0.999547,0.999867,0.999414,0.99991,0.999989,0.999883,0.999847,0.999377,0.999944,0.999931,0.999939,0.999943,0.999932,0.999977,0.999981,0.999999,0.999881,0.999979,0.99994,1.0,1.0,0.999997,0.999991,0.999996,0.999994,0.999991,0.999975,0.999996,0.999704,0.999725,0.99975,0.999789,0.999639
1241,1,ofa,0,0.01109,0.02266,0.050267,0.146801,0.056994,0.021463,0.056391,0.13353,0.031506,0.031426,0.026289,0.001223,0.033782,0.019143,0.050333,0.019435,0.006312,0.00845,0.021411,0.043407,0.001344,0.000241,5.8e-05,0.000921,0.000166,0.007774,0.00945,3.5e-05,0.000587,0.000123,0.002911,0.004716,0.000155,0.002689,6.2e-05,0.000185,0.000158,0.000141,0.000123,0.000766
1242,2,nto,0,0.000263,0.000253,0.000558,0.000935,0.000305,0.000353,0.000296,0.000322,0.000775,8e-05,0.000397,0.000347,0.000913,0.000313,4.4e-05,5.2e-05,8.4e-05,6.5e-05,7.1e-05,2.3e-05,0.066261,4.9e-05,0.000807,0.002055,2.2e-05,0.113633,8.5e-05,0.002627,0.022458,0.000104,0.009192,6.7e-05,0.005092,0.048042,8.5e-05,0.000194,0.000167,0.000545,0.000285,0.003446
1243,2,zah,1,0.998153,0.997796,0.999496,0.999128,0.997014,0.994393,0.985294,0.989951,0.994031,0.998477,0.976682,0.995799,0.997727,0.999426,0.995184,0.998589,0.9998,0.999439,0.998697,0.999459,0.999917,0.999025,0.999923,0.998388,0.999681,0.998366,0.999929,0.999057,0.999776,0.99943,0.999453,0.999955,0.998644,0.998585,0.999305,0.999243,0.999351,0.999473,0.999466,0.998611
1244,2,rba,0,0.126057,0.068599,0.392602,0.092233,0.30655,0.072102,0.270617,0.629862,0.849412,0.34303,0.213557,0.544265,0.192885,0.032485,0.514696,0.918972,0.996057,0.885765,0.969554,0.995112,0.557603,0.624579,0.722151,0.624564,0.494411,0.551899,0.644906,0.519888,0.539824,0.546006,0.768631,0.699803,0.599434,0.437628,0.661564,0.686656,0.585967,0.711791,0.579646,0.525716
1245,2,ahi,1,0.994749,0.987761,0.993419,0.996061,0.985942,0.99054,0.995456,0.991859,0.994429,0.996855,0.978309,0.985094,0.97467,0.976934,0.998068,0.997699,0.998891,0.996545,0.991787,0.99851,0.249386,0.156288,0.236525,0.167279,0.179007,0.387812,0.204574,0.257233,0.272961,0.326352,0.300766,0.291972,0.308376,0.232499,0.323362,0.240475,0.341161,0.294764,0.403642,0.353737
1246,2,ari,1,0.999008,0.997634,0.99949,0.999649,0.999679,0.999747,0.99996,0.999972,0.999623,0.999971,0.999721,0.999243,0.999168,0.998667,0.99996,0.999925,0.999918,0.999929,0.9999,0.99995,0.999972,0.99998,0.999995,0.999959,0.999939,0.999973,0.999935,0.999995,0.99999,0.999986,0.999983,0.99994,0.999987,0.999951,0.999978,0.999676,0.999708,0.999712,0.999739,0.999558
1247,3,rba,0,0.000239,0.00047,0.000108,8.7e-05,0.002285,0.000492,0.002211,0.000696,0.00034,0.000625,0.00051,7.6e-05,0.00519,0.002225,0.000752,6.2e-05,3.2e-05,0.000102,9.6e-05,3.7e-05,0.000176,0.000218,5e-05,0.000529,7.8e-05,7.1e-05,1e-06,0.0,9e-06,1.1e-05,5e-06,1.2e-05,3e-06,0.0,1e-06,0.000165,0.000173,0.000177,0.000122,0.000442
1248,3,rba,0,0.000526,0.000152,0.00058,0.000274,0.001155,0.000119,0.000236,0.000245,0.000157,0.001477,0.002689,0.00055,0.006189,0.002352,0.000838,5.5e-05,4.8e-05,6.9e-05,7.5e-05,3.6e-05,0.000115,5.1e-05,2e-06,0.000173,3.1e-05,7e-06,0.0,1e-06,0.0,0.0,1e-06,0.0,1e-06,1e-06,2e-06,0.000161,0.000185,0.000164,0.000104,0.000307
1249,3,rba,0,7.4e-05,0.000494,0.000107,0.000248,0.000756,0.000371,0.000223,0.001191,0.000146,0.000254,0.000336,7.3e-05,0.001516,0.000555,0.000654,4.3e-05,7.6e-05,6.7e-05,8.4e-05,4.4e-05,0.000214,0.000331,2.9e-05,0.000472,0.000194,0.000457,4.7e-05,1.2e-05,1.5e-05,9.2e-05,4e-05,7.6e-05,6.7e-05,6e-06,1.4e-05,0.000478,0.00026,0.000251,0.00021,0.000771
1250,2,nti,1,0.999012,0.999853,0.999919,0.999832,0.999757,0.997066,0.998182,0.998125,0.997224,0.994121,0.998678,0.999555,0.997159,0.998643,0.996801,0.999772,0.999679,0.999686,0.99982,0.999716,0.987557,0.985698,0.871476,0.978344,0.992087,0.959493,0.974407,0.457299,0.862322,0.829166,0.944368,0.936965,0.474244,0.582145,0.996233,0.978977,0.999588,0.008316,0.95284,0.981162
1251,1,adi,0,0.000147,0.001316,0.000428,0.00097,0.001873,0.001138,0.001983,0.000995,0.002717,0.001668,0.000477,0.000131,0.022675,0.000148,0.000967,0.000165,7.7e-05,0.000397,0.000225,0.000203,0.654147,0.569431,0.594292,0.543425,0.512678,0.619452,0.578886,0.541518,0.548238,0.586202,0.518062,0.593684,0.573601,0.516451,0.642789,0.538217,0.567588,0.569592,0.558031,0.522966
1252,3,ari,1,0.999971,0.99981,0.999964,0.999658,0.999838,0.99989,0.999936,0.999938,0.999744,0.99986,0.998773,0.999868,0.999585,0.999852,0.999973,0.999896,0.999847,0.999737,0.999811,0.99988,0.999998,0.999995,0.999902,0.999998,0.999986,1.0,1.0,1.0,1.0,1.0,1.0,0.999998,1.0,0.999998,1.0,0.999745,0.9997,0.999719,0.999754,0.999636
1253,3,tra,0,0.000166,9e-06,0.000328,3.5e-05,0.000413,0.000192,0.000628,0.000184,0.001529,0.000203,0.000479,2.7e-05,0.002825,3.7e-05,0.001795,2.5e-05,3.4e-05,0.000104,2e-05,1.5e-05,0.000107,4.5e-05,0.000199,8.7e-05,3.5e-05,6.7e-05,4e-06,1e-06,6e-06,1e-06,1e-06,0.0,1.5e-05,4e-06,0.0,0.000172,0.000178,0.000168,0.000113,0.000336
1254,1,ali,0,0.003633,0.008644,0.044948,0.001675,0.00715,0.052794,0.272723,0.289078,0.052782,0.056022,0.01772,0.006342,0.140001,0.036462,0.101068,0.000497,0.009234,0.000971,0.009766,0.022135,0.654147,0.569431,0.594292,0.543425,0.512678,0.619452,0.578886,0.541518,0.548238,0.586202,0.518062,0.593684,0.573601,0.516451,0.642789,0.538217,0.567588,0.569592,0.558031,0.522966
1255,2,oyo,0,4.6e-05,0.000415,2.4e-05,0.000179,0.000104,0.001966,0.001102,0.001267,0.000636,0.000414,0.000594,0.00023,0.000886,0.00121,0.000147,2.1e-05,2.1e-05,5.4e-05,2.2e-05,1.8e-05,0.001188,0.001119,0.002045,0.002292,0.001677,0.004191,0.001062,0.001523,0.000457,0.001354,0.002187,0.00124,0.001091,0.000389,0.000392,0.000497,0.000305,0.000253,0.000222,0.000819
1256,1,seh,1,0.032517,0.871168,0.016068,0.459658,0.198028,0.136711,0.014851,0.015737,0.040001,0.010986,0.085299,0.00648,0.02849,0.023295,0.041932,0.94669,0.974065,0.978411,0.499271,0.892973,0.654147,0.569431,0.594292,0.543425,0.512678,0.619452,0.578886,0.541518,0.548238,0.586202,0.518062,0.593684,0.573601,0.516451,0.642789,0.538217,0.567588,0.569592,0.558031,0.522966
1257,2,yah,1,0.999906,0.999952,0.999991,0.999998,1.0,0.999952,0.999989,0.999968,0.999931,0.999979,0.99994,0.999969,0.999979,0.999986,0.999992,0.999966,0.999941,0.999944,0.999966,0.999964,0.999881,0.99993,0.999997,0.999659,0.99996,0.999974,0.999999,0.999998,0.999979,0.999966,0.999989,0.99997,0.99997,0.999962,0.999982,0.999566,0.99961,0.999617,0.999709,0.999305
1258,2,wan,0,0.001746,0.000132,0.000724,0.001047,0.007075,0.03271,0.003349,0.007517,0.002434,0.004917,0.00508,0.000473,0.007092,0.001137,0.004489,0.000897,0.007221,0.003202,0.003606,0.000368,0.00147,0.00283,0.003011,0.023851,0.019706,0.020897,0.019922,0.07545,0.069908,0.039493,0.006595,0.009988,0.040251,0.024701,0.002141,0.005681,0.013589,0.007127,0.01339,0.011985
1259,2,rid,0,2.8e-05,7e-05,2.6e-05,6.9e-05,2.4e-05,2.8e-05,1.1e-05,2e-05,9.6e-05,5.4e-05,6.1e-05,6.6e-05,0.00013,1.2e-05,2.4e-05,2.6e-05,3.2e-05,3.5e-05,3.1e-05,1.8e-05,3e-06,4e-06,2e-06,8e-06,7e-06,2e-06,0.0,0.0,0.0,0.0,1e-06,0.0,6e-06,0.0,0.0,0.000146,0.000176,0.00016,0.000108,0.000258
1260,1,ani,1,0.994073,0.992866,0.995745,0.992856,0.99433,0.995242,0.985445,0.984401,0.976093,0.995725,0.994628,0.99685,0.989052,0.942489,0.952569,0.995866,0.987784,0.997209,0.991571,0.998457,0.997308,0.996539,0.985247,0.99798,0.998648,0.981295,0.990411,0.988408,0.980739,0.987095,0.99125,0.990339,0.99007,0.989539,0.995232,0.999385,0.999314,0.999714,0.999225,0.999299
1261,3,ani,0,1.2e-05,0.000356,7.1e-05,0.000365,0.000111,0.000308,0.000646,0.000645,0.00108,0.000591,0.000367,7.6e-05,0.000194,0.00012,0.000381,0.000127,0.000157,0.000905,0.000102,5.7e-05,2.5e-05,0.000143,1e-06,4.6e-05,0.000236,5.8e-05,3.3e-05,5e-06,1e-06,1e-05,8.8e-05,0.000288,3e-06,0.0,1e-06,0.000271,0.000251,0.000253,0.000129,0.000463
1262,2,ifa,1,0.997754,0.999868,0.999889,0.998005,0.99856,0.998628,0.99824,0.997698,0.998699,0.99834,0.997605,0.999964,0.995333,0.999375,0.997315,0.999911,0.999887,0.999819,0.999836,0.99981,0.999995,0.999978,0.999995,0.999981,0.999974,0.999957,0.999991,0.999999,0.999994,0.999969,0.999986,0.999969,0.999976,0.999989,0.999998,0.999735,0.999738,0.999769,0.999764,0.999635
1263,1,sno,0,0.00096,0.002208,0.001719,0.004451,0.004842,0.018075,0.040766,0.029157,0.006017,0.011439,0.005441,0.001954,0.007989,0.019605,0.00565,7.2e-05,0.000107,8.8e-05,5.7e-05,2.8e-05,7.1e-05,0.004676,3.4e-05,0.007472,0.000324,0.01147,0.0009,0.000297,0.001628,0.00044,0.000757,0.002365,0.002195,0.004373,0.000236,0.000197,0.000157,0.000164,0.0001,0.00065
1264,1,ari,1,0.997945,0.998278,0.997759,0.998684,0.985839,0.984428,0.944825,0.973049,0.597874,0.96632,0.982431,0.998439,0.952977,0.983486,0.981707,0.888271,0.711258,0.325025,0.788534,0.925128,0.996304,0.997664,0.999586,0.988205,0.99858,0.991514,0.95016,0.971111,0.991474,0.979574,0.987195,0.963738,0.867904,0.987954,0.995902,0.999474,0.999626,0.999392,0.999635,0.999417
1265,3,lia,1,0.990494,0.999322,0.971005,0.998259,0.998438,0.998852,0.999266,0.99576,0.999052,0.999147,0.993851,0.999926,0.994582,0.999406,0.999765,0.999032,0.998842,0.997038,0.999708,0.999388,0.760279,0.999877,0.99507,0.994845,0.99999,0.971314,0.999845,0.999999,0.999735,0.999968,0.420321,0.999955,1.0,0.99994,0.999996,0.999669,0.99962,0.999392,0.999699,0.99928
1266,1,adi,0,0.000335,0.000805,7.5e-05,0.00153,0.00016,0.003752,0.005424,0.005606,0.002777,0.002066,0.001291,1e-05,0.003369,0.000741,0.002634,9.6e-05,5.6e-05,0.000225,3.7e-05,0.000137,5e-05,0.002482,2.6e-05,0.000781,0.045549,0.002386,0.012476,0.000352,0.000389,0.036528,0.001349,0.049811,0.004484,0.002987,0.037557,0.000146,0.000142,0.00013,0.000106,0.000567
1267,2,ati,1,0.998619,0.999396,0.999787,0.999898,0.999668,0.997888,0.999524,0.99942,0.999512,0.999202,0.99912,0.999932,0.999074,0.994946,0.999155,0.999937,0.999925,0.99983,0.999816,0.999927,0.993594,0.983548,0.986437,0.981044,0.98562,0.951486,0.978729,0.980776,0.969408,0.948668,0.9926,0.983347,0.963364,0.973215,0.983066,0.979523,0.982224,0.985865,0.996204,0.996702
1268,4,yan,0,0.00574,0.002115,0.01001,0.000743,0.003453,0.002759,0.001822,0.001526,0.005414,0.000667,0.004107,0.000827,0.000664,0.001502,0.000428,0.000417,0.0001,0.019195,0.001621,0.001937,3.8e-05,7e-06,1e-06,0.000105,6.7e-05,0.000561,1e-06,3.1e-05,0.006052,1e-06,6.8e-05,2e-06,0.000179,0.000118,0.0,0.000182,0.000182,0.000178,0.000168,0.000351
1269,1,man,0,0.000648,0.000124,0.001857,9.2e-05,0.002721,0.001813,0.006703,0.007228,0.009521,0.011032,0.002964,0.001104,0.003053,0.003349,0.003059,6.7e-05,0.000185,0.000825,0.001875,5.1e-05,0.002062,0.013754,0.000108,0.003,0.001696,0.015147,0.004404,0.002174,0.002675,0.00192,0.004343,0.060602,0.003373,0.007072,0.000614,0.000162,0.000157,0.000141,0.000136,0.000429
1270,2,sih,1,0.998761,0.999356,0.999499,0.999688,0.999842,0.999454,0.998592,0.999459,0.998431,0.999257,0.999447,0.999863,0.998371,0.998836,0.999789,0.99826,0.999521,0.998713,0.999738,0.999414,0.998455,0.999181,0.99987,0.9982,0.999582,0.998903,0.999837,0.999727,0.999824,0.999627,0.999025,0.999239,0.998785,0.999484,0.999855,0.999677,0.999711,0.999777,0.999753,0.999486
1271,4,yah,0,9.5e-05,3.7e-05,0.000634,0.000198,0.000111,0.000236,4.5e-05,0.000255,7.7e-05,3.2e-05,0.000229,6e-06,0.00021,0.000118,7.9e-05,0.000145,0.000231,0.000174,0.000799,6.8e-05,1e-06,1e-06,0.0,3e-06,1e-06,0.0,0.0,0.0,0.0,0.0,0.0,0.0,0.0,0.0,0.0,0.000157,0.000147,0.00015,0.000118,0.00024
1272,5,nda,0,0.001771,0.002574,0.000468,0.001445,0.002735,0.001738,0.002518,0.004456,0.000945,0.000763,0.00158,0.000154,0.000511,0.003742,0.000999,0.000289,0.005557,0.001463,0.000623,0.000658,6e-06,0.000156,0.004672,0.000738,3e-06,0.000121,1e-06,1e-06,2e-06,0.0,0.003824,2e-06,6e-06,0.0,0.0,0.00021,0.000214,0.000158,0.000151,0.000351
1273,1,nem,1,0.180504,0.014327,0.00641,0.01009,0.026971,0.008088,0.009303,0.005724,0.021367,0.058794,0.009717,0.073663,0.00437,0.003829,0.028668,0.024677,0.005663,0.001729,0.001877,0.001052,0.654147,0.569431,0.594292,0.543425,0.512678,0.619452,0.578886,0.541518,0.548238,0.586202,0.518062,0.593684,0.573601,0.516451,0.642789,0.538217,0.567588,0.569592,0.558031,0.522966
1274,2,ono,0,1.4e-05,3e-05,4.4e-05,0.000127,1.7e-05,3.9e-05,0.000167,0.000291,9.7e-05,3.2e-05,0.000368,0.000288,0.000203,4.6e-05,2.7e-05,2.5e-05,3.4e-05,3.4e-05,4.7e-05,1.9e-05,6e-06,4e-06,1e-06,0.002431,5e-06,0.000101,1e-06,0.0,9.8e-05,0.0,0.0,1e-05,5e-06,7.5e-05,0.0,0.000149,0.000206,0.000177,0.000105,0.000254
1275,1,ami,1,0.242284,0.570701,0.79129,0.959596,0.776329,0.638347,0.915645,0.553918,0.641143,0.759353,0.882822,0.440412,0.692154,0.76552,0.685052,0.984124,0.959361,0.916315,0.975312,0.988931,0.654147,0.569431,0.594292,0.543425,0.512678,0.619452,0.578886,0.541518,0.548238,0.586202,0.518062,0.593684,0.573601,0.516451,0.642789,0.538217,0.567588,0.569592,0.558031,0.522966
1276,3,wan,0,0.000249,4.4e-05,0.00011,0.000139,0.000278,6.8e-05,6.4e-05,6.8e-05,1.4e-05,1.9e-05,0.000267,3.3e-05,0.000109,0.000132,6.3e-05,2.4e-05,5e-05,5.6e-05,3.5e-05,2.7e-05,1.6e-05,1.7e-05,8e-06,9e-06,0.0,7e-06,1e-06,1e-06,0.0,0.0,3e-06,0.0,1.5e-05,0.0,0.0,0.000161,0.000192,0.000149,9.9e-05,0.000251
1277,2,han,0,0.0005,0.000215,0.000121,8e-05,0.000137,0.000472,0.000245,0.000127,0.00054,0.000276,0.000304,7.9e-05,0.000256,0.000122,9.4e-05,4.1e-05,6.8e-05,6.3e-05,0.000123,1.5e-05,3.3e-05,3.5e-05,2e-06,0.000305,0.000108,0.000875,1.7e-05,2.2e-05,6.1e-05,8.5e-05,3.9e-05,2.3e-05,0.000157,9.8e-05,3.8e-05,0.000161,0.00016,0.00016,0.00012,0.000273
1278,2,ndi,0,0.000151,3e-05,4.4e-05,0.000111,0.000178,0.000359,9.1e-05,0.00188,0.002469,0.000102,0.001074,3.8e-05,0.000901,0.000117,0.000303,0.000181,0.000146,0.000382,6.3e-05,0.000107,0.580008,0.55234,0.626053,0.582574,0.519549,0.606422,0.577788,0.540547,0.53322,0.610678,0.570624,0.587211,0.612958,0.504852,0.623406,0.539257,0.562371,0.571446,0.55591,0.536121
1279,2,tun,1,0.99997,0.999853,0.999727,0.999959,0.99976,0.999786,0.999424,0.999774,0.999644,0.999899,0.999819,0.999956,0.999716,0.999914,0.999812,0.999956,0.999913,0.999951,0.999922,0.999959,0.999881,0.99993,0.999997,0.999659,0.99996,0.999974,0.999999,0.999998,0.999979,0.999966,0.999989,0.99997,0.99997,0.999962,0.999982,0.999566,0.99961,0.999617,0.999709,0.999305
1280,3,ana,0,3.5e-05,1.4e-05,1.8e-05,5.2e-05,1.7e-05,3e-06,5e-06,1.7e-05,2.8e-05,2.4e-05,2e-05,5e-06,9.6e-05,3e-06,1.6e-05,1.1e-05,1.5e-05,1.8e-05,2.1e-05,1e-05,2e-06,3e-06,0.0,1.7e-05,5e-06,1e-06,0.0,0.0,0.0,0.0,0.0,0.0,0.0,0.0,0.0,0.000154,0.000157,0.000145,9.5e-05,0.000217
1281,1,tno,0,0.004641,0.002481,0.004382,0.020657,0.023705,0.003181,0.017141,0.002088,0.011742,0.003563,0.006376,0.00981,0.011003,0.015383,0.006197,0.000402,0.001065,0.008656,0.000334,0.000104,2.3e-05,0.06884,0.007607,0.014996,0.026271,0.00922,0.121024,0.020452,0.085827,0.089544,0.019278,0.168411,0.031655,0.119236,0.049078,0.023732,0.002744,0.001298,0.000122,0.000694
1282,1,ana,1,0.996841,0.999897,0.998853,0.999677,0.999653,0.993026,0.989609,0.988169,0.992851,0.997252,0.994692,0.984448,0.959289,0.995223,0.997988,0.989902,0.993611,0.971443,0.968199,0.99117,0.654147,0.569431,0.594292,0.543425,0.512678,0.619452,0.578886,0.541518,0.548238,0.586202,0.518062,0.593684,0.573601,0.516451,0.642789,0.538217,0.567588,0.569592,0.558031,0.522966
1283,2,dik,0,0.000277,0.000374,0.002005,0.000219,0.000377,0.010009,0.009597,0.001494,0.008821,0.002187,0.001007,0.000171,0.002874,0.000767,0.002164,0.000122,9.1e-05,0.001224,0.000233,0.000179,0.000203,0.000131,8e-06,6.5e-05,0.000286,0.000115,0.000121,3.1e-05,0.000116,7.3e-05,5e-05,0.000503,0.000875,5.8e-05,1e-05,0.000155,0.000206,0.000179,0.000122,0.00027
1284,2,hid,0,0.001059,0.005118,0.001554,0.001143,0.002891,0.001596,0.001758,0.002564,0.002265,0.005333,0.00131,0.000483,0.005561,0.001689,0.001652,0.000593,0.000515,0.000284,6.1e-05,0.000182,0.000162,6.3e-05,0.00174,0.000515,0.000117,0.000151,0.000249,0.001256,0.000104,0.001319,2.9e-05,9.8e-05,0.001307,2.4e-05,1.1e-05,0.00067,0.000183,0.000146,0.00014,0.000427
1285,2,ini,1,0.863824,0.996359,0.994547,0.819295,0.993421,0.978433,0.893162,0.971302,0.942442,0.968453,0.99043,0.987332,0.952907,0.98384,0.922736,0.994218,0.997284,0.985786,0.956405,0.992715,0.999995,0.999961,0.999999,0.999402,0.999979,0.999791,0.99997,0.99998,0.999853,0.999776,0.999984,0.999962,0.999951,0.999739,0.999846,0.999652,0.999659,0.999546,0.999753,0.999624
1286,3,tri,1,0.999733,0.999863,0.999928,0.999875,0.999931,0.995187,0.999747,0.998314,0.997741,0.998599,0.998896,0.99989,0.999681,0.999532,0.999926,0.999041,0.999549,0.999673,0.99955,0.999697,0.999985,0.999995,0.999986,0.999971,0.999878,0.999998,1.0,1.0,0.999983,0.999584,0.999974,0.999969,0.999985,0.999926,0.999511,0.999605,0.999628,0.999687,0.999717,0.999524
1287,1,nto,0,0.000963,0.001457,0.001936,0.00076,0.001723,0.002787,0.002596,0.001522,0.00189,0.003337,0.002529,0.001207,0.003528,0.001983,0.001753,3.1e-05,6.7e-05,0.000367,0.000129,8.8e-05,0.654147,0.569431,0.594292,0.543425,0.512678,0.619452,0.578886,0.541518,0.548238,0.586202,0.518062,0.593684,0.573601,0.516451,0.642789,0.538217,0.567588,0.569592,0.558031,0.522966
1288,1,sno,0,0.00096,0.002208,0.001719,0.004451,0.004842,0.018075,0.040766,0.029157,0.006017,0.011439,0.005441,0.001954,0.007989,0.019605,0.00565,7.2e-05,0.000107,8.8e-05,5.7e-05,2.8e-05,7.1e-05,0.004676,3.4e-05,0.007472,0.000324,0.01147,0.0009,0.000297,0.001628,0.00044,0.000757,0.002365,0.002195,0.004373,0.000236,0.000197,0.000157,0.000164,0.0001,0.00065
1289,2,wan,0,0.000227,0.000539,0.000707,0.001935,0.002987,0.000154,0.000534,0.003706,0.001087,0.004586,0.0036,9.1e-05,0.000334,0.001206,0.002338,8.8e-05,0.000124,7e-05,5.4e-05,2.6e-05,5.4e-05,4.7e-05,4e-06,9.7e-05,6.7e-05,0.000554,8e-05,4.4e-05,3.5e-05,0.000448,0.000116,2.1e-05,0.00016,3.8e-05,7.2e-05,0.000185,0.000152,0.000152,0.000114,0.000443
1290,1,met,0,0.072717,0.261831,0.040299,0.021105,0.261895,0.375769,0.659055,0.14766,0.646531,0.147924,0.277161,0.109936,0.104556,0.277615,0.515731,0.000241,0.003684,0.003749,0.001987,0.00083,0.00126,0.019454,0.006543,0.032376,0.000401,0.001953,0.018111,0.0026,0.065509,0.017432,0.001146,0.010206,0.011947,0.060402,0.006037,0.000229,0.00014,0.000263,9.6e-05,0.000341
1291,1,ani,1,0.999554,0.999588,0.999883,0.999819,0.999116,0.999515,0.998134,0.999098,0.988957,0.989297,0.998614,0.999668,0.997901,0.997149,0.997075,0.993508,0.997901,0.996027,0.991329,0.997148,0.654147,0.569431,0.594292,0.543425,0.512678,0.619452,0.578886,0.541518,0.548238,0.586202,0.518062,0.593684,0.573601,0.516451,0.642789,0.538217,0.567588,0.569592,0.558031,0.522966
1292,3,isi,0,0.007779,0.000508,0.015333,0.001452,0.007406,0.001231,0.016933,0.002342,0.000912,0.001601,0.003494,0.000477,0.010331,0.00327,0.003304,0.000437,0.000143,0.000663,0.001527,0.000263,0.006845,4.1e-05,2e-06,1.2e-05,4.3e-05,0.001414,0.000185,1e-06,3.4e-05,0.000214,0.000597,0.000348,1.3e-05,3e-06,0.0,0.000185,0.000189,0.000169,0.000143,0.000333
1293,3,rah,1,0.999102,0.99973,0.99994,0.999928,0.999937,0.999789,0.999714,0.999922,0.999958,0.999934,0.999888,0.999982,0.999884,0.999944,0.999914,0.999957,0.999957,0.999916,0.999955,0.999954,0.999978,0.999822,0.999515,0.99988,0.999962,0.999884,0.999997,0.999809,0.999963,0.999919,0.999993,0.999997,0.809555,0.999971,0.999969,0.999714,0.999451,0.999576,0.999749,0.999517
1294,1,lan,0,0.00184,8e-05,0.000655,0.001762,0.018602,0.053269,0.032958,0.103637,0.053212,0.080372,0.025568,0.020503,0.045782,0.082311,0.031106,0.008621,0.022364,0.008625,0.016288,0.167272,0.654147,0.569431,0.594292,0.543425,0.512678,0.619452,0.578886,0.541518,0.548238,0.586202,0.518062,0.593684,0.573601,0.516451,0.642789,0.538217,0.567588,0.569592,0.558031,0.522966
1295,2,iah,1,0.989116,0.87825,0.998891,0.999464,0.855664,0.895419,0.991982,0.977636,0.978894,0.918813,0.905985,0.999376,0.946863,0.976184,0.994197,0.999534,0.999412,0.996641,0.99933,0.999335,0.988593,0.999571,0.999943,0.999523,0.999814,0.998188,0.999639,0.99975,0.989828,0.998866,0.998233,0.999624,0.999853,0.99433,0.999991,0.999578,0.999323,0.999707,0.999729,0.999428
1296,2,ati,1,0.999414,0.999742,0.999357,0.999805,0.999706,0.99984,0.99991,0.999243,0.999907,0.999881,0.999334,0.99747,0.999327,0.998473,0.999498,0.999751,0.999886,0.999733,0.99983,0.999942,0.580008,0.55234,0.626053,0.582574,0.519549,0.606422,0.577788,0.540547,0.53322,0.610678,0.570624,0.587211,0.612958,0.504852,0.623406,0.539257,0.562371,0.571446,0.55591,0.536121
1297,2,yah,0,0.0002,0.000218,0.001212,0.000306,0.001064,0.000183,3.8e-05,0.000238,4.4e-05,3.5e-05,0.000434,1e-06,0.002024,1.7e-05,1.3e-05,2.4e-05,0.000109,0.000207,7.2e-05,2.8e-05,0.000271,6.6e-05,0.000217,0.000118,0.000365,0.002291,0.003342,6.1e-05,0.003038,0.003553,0.000203,0.003239,0.002918,0.001808,1.8e-05,0.000181,0.000178,0.000217,0.000152,0.0013
1298,2,ffa,1,0.999945,0.999966,0.999859,0.999993,0.999982,0.999313,0.999507,0.999252,0.999509,0.999149,0.999874,0.999861,0.999304,0.999008,0.999901,0.999741,0.999795,0.999568,0.999677,0.999784,0.999787,0.999641,0.999993,0.99988,0.999953,0.997543,0.999726,0.999995,0.999599,0.998935,0.999804,0.999808,0.999905,0.999361,0.99989,0.999422,0.999332,0.999563,0.999684,0.999101
1299,1,emi,1,0.877968,0.839089,0.995316,0.658015,0.880736,0.950658,0.94969,0.955097,0.936358,0.904555,0.888921,0.959927,0.467628,0.883781,0.976606,0.917383,0.912165,0.962615,0.519805,0.675837,0.654147,0.569431,0.594292,0.543425,0.512678,0.619452,0.578886,0.541518,0.548238,0.586202,0.518062,0.593684,0.573601,0.516451,0.642789,0.538217,0.567588,0.569592,0.558031,0.522966
1300,2,oto,0,0.000814,0.008935,0.00012,0.000724,0.006541,0.002028,0.001221,0.004689,0.003961,0.002684,0.001565,0.000328,0.006313,0.005755,0.003322,0.001148,0.001458,0.002312,0.000192,0.00016,3.3e-05,0.000808,0.003882,0.000157,0.000576,0.001137,0.000174,0.00046,9.3e-05,0.00056,1.1e-05,4.4e-05,0.000277,0.000148,6e-06,0.000358,0.000193,0.000209,0.000147,0.000621
1301,3,ina,1,0.999984,0.999971,0.999932,0.999944,0.99984,0.99992,0.999973,0.999307,0.999839,0.999886,0.999898,0.999979,0.999936,0.99995,0.999955,0.99995,0.999879,0.999944,0.999809,0.999517,0.999998,0.999994,1.0,0.999999,0.999997,1.0,1.0,1.0,1.0,1.0,1.0,1.0,1.0,1.0,1.0,0.999709,0.999758,0.999717,0.999744,0.999554
1302,3,ana,1,0.870822,0.995279,0.999884,0.998522,0.985836,0.996409,0.997815,0.98574,0.989153,0.994509,0.992163,0.999826,0.982573,0.991514,0.991733,0.999617,0.999549,0.999754,0.999749,0.999047,0.001406,0.007031,0.000255,0.001178,3.7e-05,0.005183,0.00091,2.4e-05,2.3e-05,0.00022,0.000214,0.000576,0.000513,1.5e-05,5e-06,0.000723,0.00071,0.000719,0.00022,0.002429
1303,4,ana,1,0.024385,0.750611,0.058811,0.04919,0.004977,0.05294,0.010835,0.148017,0.034256,0.032611,0.024569,0.008097,0.000523,0.006685,0.001325,0.043352,0.602809,0.870103,0.809186,0.900604,0.003587,0.05883,0.006859,0.008252,0.000109,0.10317,0.0006,1.5e-05,0.001793,0.000436,0.000387,0.003514,0.000378,1e-06,2.1e-05,0.000844,0.000869,0.004837,0.000242,0.053209
1304,1,tin,0,0.987275,0.938539,0.994374,0.998964,0.950303,0.4919,0.864539,0.32131,0.762027,0.852796,0.886098,0.975429,0.811795,0.805618,0.858701,0.989172,0.990315,0.993267,0.911851,0.993773,0.654147,0.569431,0.594292,0.543425,0.512678,0.619452,0.578886,0.541518,0.548238,0.586202,0.518062,0.593684,0.573601,0.516451,0.642789,0.538217,0.567588,0.569592,0.558031,0.522966
1305,2,nah,1,0.962302,0.997017,0.991631,0.998114,0.982671,0.988738,0.968532,0.994493,0.990141,0.997942,0.999216,0.999976,0.993832,0.997536,0.983585,0.999747,0.999229,0.996663,0.995514,0.988208,0.757437,0.52383,0.591936,0.595576,0.997746,0.627544,0.747379,0.900458,0.227564,0.946463,0.371153,0.944127,0.977508,0.871314,0.997119,0.692092,0.999393,0.397972,0.46784,0.986253
1306,4,ani,1,0.999948,0.999991,0.99997,0.999929,0.999989,0.999762,0.999099,0.999765,0.999732,0.999595,0.999896,0.999985,0.999858,0.999742,0.999815,0.999951,0.999935,0.999884,0.999938,0.999956,0.999954,0.999915,0.999999,0.999835,0.999978,0.999991,0.999917,1.0,0.999628,0.999992,0.999977,0.999984,0.999994,0.99993,0.999991,0.99969,0.999639,0.999409,0.999624,0.999425
1307,2,fah,1,0.999633,0.999918,0.999971,0.999998,0.999774,0.999407,0.999899,0.998878,0.999645,0.998096,0.999455,0.999989,0.999403,0.99962,0.999666,0.999748,0.999873,0.999711,0.999542,0.999848,0.999996,0.999828,0.99942,0.997954,0.999977,0.999793,0.99998,0.999915,0.999818,0.99997,0.999735,0.999946,0.999196,0.999853,0.999978,0.999631,0.999733,0.999774,0.999787,0.99953
1308,2,mah,1,0.9987,0.994401,0.989184,0.999735,0.994015,0.913718,0.992636,0.911937,0.978755,0.977635,0.964793,0.972972,0.947652,0.989473,0.998365,0.998685,0.996304,0.998263,0.996639,0.99831,0.999949,0.999941,0.999194,0.999801,0.999707,0.998014,0.998657,0.998976,0.998761,0.998921,0.999161,0.999109,0.998588,0.998063,0.999681,0.999057,0.999579,0.999576,0.9982,0.999131
1309,2,a'i,0,0.057852,0.063893,0.066123,0.12,0.15388,0.531209,0.828864,0.320837,0.178701,0.138105,0.681751,0.020865,0.38265,0.222937,0.046467,0.000559,9.6e-05,0.002172,0.001342,0.000542,7e-06,6e-05,0.00018,9.7e-05,6e-06,0.000235,0.000297,6.5e-05,0.002003,0.000128,7e-06,2.6e-05,0.000606,0.000741,0.000113,0.000177,0.000174,0.000141,0.000126,0.000958
1310,2,roh,1,0.999785,0.999687,0.999669,0.997915,0.999376,0.994032,0.999471,0.993271,0.99884,0.99836,0.999557,0.999807,0.998177,0.999142,0.998899,0.999921,0.999874,0.999486,0.999925,0.999856,0.580008,0.55234,0.626053,0.582574,0.519549,0.606422,0.577788,0.540547,0.53322,0.610678,0.570624,0.587211,0.612958,0.504852,0.623406,0.539257,0.562371,0.571446,0.55591,0.536121
1311,2,kim,0,0.000331,0.001032,6.1e-05,0.001039,0.001645,0.000463,7.6e-05,0.000167,0.000107,0.000888,0.000267,7.2e-05,0.000674,0.000102,0.000724,6.1e-05,9.1e-05,0.000461,0.000153,6e-05,0.000247,0.000232,0.021581,0.005567,0.013662,0.000571,0.000934,0.004312,0.001628,0.004513,0.000685,0.003344,0.002399,0.000574,0.018062,0.000272,0.000287,0.000189,0.000134,0.001664
1312,3,ror,0,0.00123,0.001155,0.000217,0.013159,0.014644,0.000588,0.001657,0.001025,0.002924,0.003609,0.008531,0.000181,0.002243,0.001115,0.001811,0.000216,0.000227,0.001111,0.000335,3.8e-05,0.05779,0.067898,0.011578,0.009312,0.033719,0.415639,0.038647,0.092492,0.031152,0.002994,0.346543,0.070603,0.120848,0.002264,0.002145,0.006084,0.000504,0.000468,0.00047,0.011142
1313,1,sno,0,0.000765,0.00028,0.001789,0.00053,0.0016,0.012608,0.007015,0.00753,0.009065,0.005287,0.001069,0.001495,0.002784,0.003487,0.00459,0.023525,0.003158,0.005832,0.054375,0.000675,0.654147,0.569431,0.594292,0.543425,0.512678,0.619452,0.578886,0.541518,0.548238,0.586202,0.518062,0.593684,0.573601,0.516451,0.642789,0.538217,0.567588,0.569592,0.558031,0.522966
1314,2,sih,1,0.885906,0.989086,0.998906,0.998417,0.976652,0.964792,0.970972,0.994667,0.99682,0.994016,0.995397,0.997652,0.984751,0.982478,0.995885,0.981796,0.994256,0.999614,0.999512,0.998251,0.999981,0.992044,0.999982,0.999586,0.99972,0.995602,0.998648,0.999869,0.999263,0.999567,0.998638,0.995971,0.998881,0.998239,0.998756,0.999706,0.999603,0.999734,0.999778,0.999468
1315,2,hin,0,0.001688,0.003091,0.009344,0.003424,0.00361,0.005143,0.005869,0.004356,0.003558,0.002386,0.006955,0.000919,0.014898,0.000989,0.000688,0.001044,0.000363,0.019212,0.001744,6.9e-05,0.000288,0.000239,0.000509,0.0059,0.000659,0.002404,0.000469,0.001247,0.001282,0.000241,0.000741,0.000838,0.001882,0.000734,0.001316,0.000259,0.000249,0.000187,0.000559,0.000483
1316,2,ana,1,0.989734,0.999609,0.999508,0.997777,0.998401,0.995532,0.998936,0.989176,0.997055,0.997641,0.994567,0.999917,0.992449,0.997392,0.998392,0.999914,0.999916,0.999772,0.999876,0.999938,0.999932,0.999966,0.99999,0.999906,0.999946,0.999867,0.999992,0.999985,0.999921,0.999893,0.99999,0.999936,0.999784,0.999906,0.999991,0.999725,0.999705,0.999731,0.999766,0.999635
1317,1,nto,0,0.00013,0.000402,0.000309,0.00016,0.000941,0.000736,0.003852,0.001095,0.000906,0.001793,0.001592,0.000318,0.001136,0.002393,0.000926,3.3e-05,3.1e-05,9.5e-05,3e-05,1.5e-05,0.002156,0.000828,0.005355,0.261467,0.006178,0.024068,0.025467,0.003109,0.07524,0.005467,0.023165,0.017421,0.039601,0.060962,0.001627,0.000374,0.000149,0.000192,0.000273,0.002628
1318,1,yah,1,0.999783,0.998869,0.9998,0.999998,0.999997,0.998857,0.999772,0.999554,0.999485,0.999595,0.999734,0.99999,0.999709,0.999792,0.999744,0.999591,0.999573,0.999468,0.999657,0.999513,0.654147,0.569431,0.594292,0.543425,0.512678,0.619452,0.578886,0.541518,0.548238,0.586202,0.518062,0.593684,0.573601,0.516451,0.642789,0.538217,0.567588,0.569592,0.558031,0.522966
1319,1,ron,0,0.000124,0.001172,0.001372,0.001051,0.000473,0.020218,0.016503,0.025598,0.010495,0.010512,0.02508,0.00198,0.023519,0.017797,0.005698,0.000833,0.002532,0.001285,0.000424,0.00023,0.654147,0.569431,0.594292,0.543425,0.512678,0.619452,0.578886,0.541518,0.548238,0.586202,0.518062,0.593684,0.573601,0.516451,0.642789,0.538217,0.567588,0.569592,0.558031,0.522966
1320,2,din,0,0.004206,0.005646,0.010583,0.014389,0.003232,0.011653,0.051817,0.007099,0.006399,0.006012,0.05329,0.01059,0.015813,0.010465,0.005838,0.001989,0.001614,0.001519,0.007557,0.004683,0.000879,0.000342,2.6e-05,0.002152,0.000695,0.012916,0.001314,6.4e-05,0.001738,0.000674,0.002435,0.000913,0.000364,0.001754,0.000238,0.000308,0.000239,0.00017,0.00011,0.000566
1321,1,min,0,0.004938,0.003123,0.052828,0.01021,0.020541,0.034041,0.124139,0.029036,0.02399,0.130875,0.032182,0.012456,0.279039,0.031355,0.135763,0.000563,0.005047,0.023488,0.004818,0.007164,0.654147,0.569431,0.594292,0.543425,0.512678,0.619452,0.578886,0.541518,0.548238,0.586202,0.518062,0.593684,0.573601,0.516451,0.642789,0.538217,0.567588,0.569592,0.558031,0.522966
1322,1,ati,1,0.999806,0.999348,0.999946,0.999112,0.99954,0.991817,0.999151,0.988645,0.989975,0.992265,0.993708,0.999809,0.997526,0.99766,0.994994,0.999689,0.99928,0.999301,0.99961,0.99942,0.654147,0.569431,0.594292,0.543425,0.512678,0.619452,0.578886,0.541518,0.548238,0.586202,0.518062,0.593684,0.573601,0.516451,0.642789,0.538217,0.567588,0.569592,0.558031,0.522966
1323,2,yah,0,0.000274,0.000114,0.000542,0.000671,5.5e-05,0.000254,6.5e-05,7.1e-05,0.000148,4.4e-05,0.000122,2.6e-05,0.000198,5.2e-05,5e-06,1.9e-05,2.5e-05,5e-05,4.8e-05,1.8e-05,0.011899,9.2e-05,0.025105,0.000284,9.6e-05,0.000599,0.000346,0.002044,9.8e-05,0.000679,0.000496,0.001241,0.012118,6.3e-05,0.000103,0.000258,0.000195,0.000297,0.000101,0.001097
1324,2,zah,1,0.983138,0.998521,0.999592,0.998437,0.950384,0.996418,0.91377,0.951834,0.996258,0.975103,0.977236,0.996075,0.96818,0.986552,0.994844,0.997425,0.998701,0.998741,0.997054,0.998293,0.831022,0.990957,0.999586,0.997529,0.982942,0.953817,0.997246,0.994175,0.985198,0.98428,0.986039,0.991611,0.993065,0.984074,0.97677,0.99919,0.995665,0.998528,0.999749,0.986773
1325,1,tno,0,0.132131,0.069708,0.014661,0.110578,0.193209,0.071726,0.137481,0.012857,0.07314,0.045373,0.058161,0.019667,0.110545,0.078678,0.075214,0.000989,0.001897,0.00178,0.001101,0.000553,0.172468,0.17755,0.152503,0.180274,0.007096,0.688709,0.071143,0.192863,0.082974,0.114656,0.552095,0.074131,0.444196,0.146612,0.010503,0.001412,0.004474,0.001364,0.013022,0.034138
1326,1,ini,1,0.999371,0.999777,0.999942,0.999988,0.999896,0.997256,0.998021,0.995124,0.997256,0.996068,0.998536,0.998149,0.998742,0.994468,0.998361,0.997414,0.999363,0.997564,0.998745,0.995734,0.654147,0.569431,0.594292,0.543425,0.512678,0.619452,0.578886,0.541518,0.548238,0.586202,0.518062,0.593684,0.573601,0.516451,0.642789,0.538217,0.567588,0.569592,0.558031,0.522966
1327,3,tri,1,0.999732,0.999911,0.999584,0.99986,0.999904,0.999894,0.999888,0.999827,0.999924,0.999946,0.999923,0.999936,0.999664,0.999889,0.99987,0.999775,0.999916,0.999813,0.999855,0.999941,0.999984,0.999998,0.999998,0.998628,0.999989,1.0,1.0,1.0,1.0,0.999993,1.0,1.0,1.0,0.999999,1.0,0.999706,0.999714,0.999669,0.999767,0.999652
1328,2,ani,1,0.999655,0.99979,0.999921,0.999903,0.999981,0.99994,0.999955,0.99995,0.99991,0.999972,0.999917,0.999989,0.999802,0.999934,0.999961,0.999946,0.999938,0.999908,0.999949,0.999941,0.999816,0.998734,0.999605,0.995498,0.999088,0.999134,0.998357,0.999978,0.991102,0.990486,0.999729,0.99707,0.999834,0.993042,0.995607,0.999297,0.999437,0.999531,0.998972,0.999232
1329,1,but,0,0.075629,0.000717,0.248695,0.000134,0.028925,0.049145,0.127767,0.099579,0.050511,0.095863,0.053435,0.042506,0.174281,0.069415,0.160394,0.021538,0.302992,0.019621,0.003259,0.196397,0.984683,0.029784,0.978556,0.979336,0.974507,0.924229,0.727596,0.725804,0.939874,0.551638,0.885064,0.745945,0.892513,0.894453,0.920646,0.998331,0.999327,0.992909,0.99977,0.918899
1330,1,rem,1,0.054224,0.034441,0.099981,0.215733,0.364225,0.069314,0.10474,0.08983,0.424829,0.252227,0.207494,0.012255,0.169606,0.838394,0.19037,0.326493,0.558137,0.800545,0.359572,0.858401,0.654147,0.569431,0.594292,0.543425,0.512678,0.619452,0.578886,0.541518,0.548238,0.586202,0.518062,0.593684,0.573601,0.516451,0.642789,0.538217,0.567588,0.569592,0.558031,0.522966
1331,1,man,0,0.002507,0.005356,0.00326,0.002188,0.019405,0.0116,0.027593,0.006984,0.015744,0.004459,0.005907,0.002767,0.014507,0.007024,0.005853,0.000213,0.00036,0.00081,0.003422,0.000984,0.654147,0.569431,0.594292,0.543425,0.512678,0.619452,0.578886,0.541518,0.548238,0.586202,0.518062,0.593684,0.573601,0.516451,0.642789,0.538217,0.567588,0.569592,0.558031,0.522966
1332,1,ani,1,0.017353,0.632942,0.030475,0.161858,0.3561,0.35997,0.781033,0.225889,0.451674,0.267931,0.367149,0.000739,0.081496,0.03553,0.460031,0.611837,0.842804,0.714015,0.395196,0.543649,0.003891,0.00923,0.000165,0.00444,0.000772,0.010074,0.017575,0.004406,0.011881,0.004835,0.004883,0.030268,0.006595,0.006911,0.007067,0.001685,0.000387,0.000254,0.00215,0.001604
1333,2,him,0,0.001649,0.000146,0.000676,0.00063,0.0001,0.003675,0.003691,0.000471,0.001779,0.002273,0.002773,0.000202,0.005597,0.000308,0.000644,5.8e-05,5.1e-05,0.000152,0.000132,2.3e-05,0.001314,0.003865,0.004362,0.004109,0.002971,0.053476,0.014164,0.006913,0.010809,0.02714,0.006529,0.005875,0.006414,0.006163,0.011545,0.000675,0.000713,0.000648,0.000796,0.004351
1334,1,ono,0,5.1e-05,0.000193,0.000253,4.1e-05,0.000975,0.001093,0.000694,0.000397,0.002356,0.000593,0.000483,0.000122,0.002035,0.000509,0.000484,9.7e-05,0.000138,4.9e-05,0.001332,4.7e-05,0.000267,0.001069,0.018686,0.003185,0.021504,0.023969,0.004165,0.161567,0.000881,0.066957,0.004919,0.002893,0.369584,0.01112,0.048804,0.008593,0.000399,0.00025,0.00012,0.003475
1335,2,uti,1,0.998011,0.999643,0.99988,0.999604,0.999706,0.999808,0.999644,0.997948,0.998797,0.999191,0.999878,0.999881,0.999374,0.998427,0.999301,0.999813,0.99987,0.999826,0.999833,0.999799,0.999989,0.999821,0.999994,0.998623,0.998889,0.998744,0.999971,0.999994,0.999548,0.999359,0.99982,0.999936,0.999963,0.999784,0.999883,0.999195,0.999323,0.99943,0.999544,0.998484
1336,2,ilo,0,0.000222,0.000219,2.9e-05,0.000117,0.000125,0.004574,0.004712,0.003871,0.001584,0.001128,0.000575,0.000363,0.001515,0.000359,0.001063,0.00053,0.000128,0.000207,0.000194,0.000247,3e-06,4e-06,1e-06,2.3e-05,7e-06,4.5e-05,1e-06,0.0,6e-06,2e-06,1.3e-05,1e-06,2e-06,1e-05,1e-06,0.000154,0.000149,0.000148,0.00011,0.000275
1337,1,ruf,0,0.00227,0.009351,0.013542,0.00993,0.011851,0.003199,0.003207,0.001618,0.00652,0.005804,0.003391,0.003718,0.00555,0.001451,0.001565,0.000616,0.001727,0.000141,0.000124,5.5e-05,0.052758,0.001366,0.042879,0.014743,0.000637,0.056628,0.063819,0.034416,0.066114,0.006306,0.022979,0.02035,0.067822,0.045194,0.050905,0.00028,0.000166,0.000299,0.00051,0.043816
1338,2,ani,1,0.676397,0.965334,0.999565,0.994167,0.997325,0.989955,0.951933,0.969558,0.979854,0.997222,0.971674,0.983649,0.991581,0.979523,0.99088,0.997993,0.999402,0.998964,0.998953,0.997822,0.206962,0.401326,0.232724,0.314507,0.205624,0.173155,0.224676,0.223187,0.188226,0.233459,0.317657,0.196772,0.248183,0.196192,0.19681,0.276333,0.343831,0.34373,0.317373,0.152867
1339,3,rum,1,0.999985,0.999973,0.999998,0.999948,0.999966,0.999892,0.999894,0.999939,0.999733,0.999934,0.999964,1.0,0.999973,0.999982,0.999888,0.999886,0.999797,0.999938,0.999942,0.999942,1.0,0.999996,0.999999,0.99994,0.999995,1.0,1.0,1.0,1.0,0.999999,1.0,1.0,1.0,0.999995,0.999999,0.999681,0.999696,0.999716,0.999778,0.999527
1340,2,abi,0,0.000662,0.000863,0.001312,0.005719,0.001935,0.002082,0.005327,0.003638,0.004562,0.003178,0.008265,3.5e-05,0.002976,0.037219,0.024547,0.001209,0.005558,0.001535,0.000129,0.001652,0.000114,8.2e-05,0.000284,2.3e-05,0.001952,0.002108,0.00038,1.7e-05,9.7e-05,0.001321,0.001363,0.006311,6.8e-05,0.000174,0.000192,0.00019,0.000191,0.000142,0.000144,0.000563
1341,1,ani,0,0.993883,0.928479,0.988244,0.934347,0.985483,0.604012,0.654895,0.81756,0.70532,0.600499,0.911154,0.992029,0.628934,0.827673,0.487881,0.707476,0.689741,0.528899,0.608474,0.909813,0.654147,0.569431,0.594292,0.543425,0.512678,0.619452,0.578886,0.541518,0.548238,0.586202,0.518062,0.593684,0.573601,0.516451,0.642789,0.538217,0.567588,0.569592,0.558031,0.522966
1342,1,men,1,0.000508,0.010364,0.428071,0.058852,0.358539,0.088321,0.263631,0.068676,0.228839,0.175797,0.18424,0.038588,0.068645,0.189843,0.16839,0.526992,0.081762,0.478608,0.046607,0.000371,0.654147,0.569431,0.594292,0.543425,0.512678,0.619452,0.578886,0.541518,0.548238,0.586202,0.518062,0.593684,0.573601,0.516451,0.642789,0.538217,0.567588,0.569592,0.558031,0.522966
1343,2,ayu,1,0.999573,0.996437,0.999928,0.999977,0.999442,0.999312,0.999695,0.997247,0.99667,0.999315,0.999044,0.999986,0.999311,0.999601,0.999436,0.999016,0.999834,0.999349,0.999817,0.999821,0.999976,0.999998,0.999998,0.999938,0.999913,0.999942,0.99995,0.999999,0.999991,0.999981,0.999985,0.999949,0.99996,0.999995,0.999977,0.999698,0.999707,0.999729,0.999761,0.999678
1344,3,oko,0,0.000168,3.2e-05,8.5e-05,0.001478,0.000283,0.001865,0.000123,0.00049,0.00016,0.000118,0.000241,3.5e-05,0.000163,0.000557,0.000325,9e-05,0.00015,8.2e-05,0.000942,9e-05,0.028782,4.2e-05,0.243652,0.003902,0.046164,0.033012,0.000167,0.187112,0.075944,0.714659,0.005376,0.000126,0.901427,0.02815,0.017405,0.010563,0.003886,0.000459,0.004883,0.024191
1345,2,war,0,0.004098,0.000286,0.001604,0.001838,0.002433,0.005294,0.00263,0.006788,0.003929,0.003786,0.004736,0.000433,0.016333,0.002256,0.001438,0.002637,0.000829,0.00076,0.003228,0.000389,0.003446,0.048812,0.018415,0.001916,0.001066,0.003768,0.003211,0.010712,0.00378,0.006689,0.002945,0.000797,0.019174,0.00543,0.006792,0.001041,0.001403,0.000748,0.000292,0.002213
1346,3,ari,1,0.99882,0.999805,0.999937,0.998459,0.999801,0.999791,0.999308,0.99991,0.999606,0.999946,0.999935,0.999494,0.998821,0.99942,0.999956,0.99995,0.999881,0.999935,0.999919,0.999954,0.999976,0.999943,0.999964,0.998738,0.999988,0.999999,0.999998,0.999996,0.999998,0.999997,0.999999,0.999994,0.999975,0.999968,0.999995,0.999709,0.999712,0.99973,0.999746,0.999568
1347,3,tra,0,2.6e-05,9e-06,3.1e-05,7e-06,1.6e-05,6e-06,1.1e-05,2e-06,2.1e-05,8e-06,2.2e-05,1.7e-05,0.000376,3e-06,4e-06,1.4e-05,1.6e-05,1.1e-05,1.3e-05,6e-06,4e-06,8e-06,0.0,4e-06,2e-06,0.0,0.0,0.0,0.0,0.0,0.0,0.0,0.0,0.0,0.0,0.000155,0.000154,0.000143,0.000116,0.000214
1348,2,war,0,0.01035,0.007086,0.027092,0.005657,0.012551,0.0102,0.010379,0.013239,0.016022,0.033536,0.012483,0.007209,0.015383,0.006381,0.043118,0.002943,0.001413,0.020354,0.000541,0.012044,0.000344,0.003851,0.011671,0.029761,0.00086,0.015333,0.005832,0.04935,0.016929,0.215675,0.120659,0.012789,0.036286,0.026033,0.015711,0.000208,0.000541,0.001208,0.000284,0.000751
1349,1,ino,0,0.005974,0.001535,0.000379,5e-05,0.000581,0.004408,0.011179,0.000492,0.016512,0.0011,0.000607,0.000863,0.004091,0.000714,0.01257,0.003004,0.000722,0.000689,0.016442,0.000501,0.654147,0.569431,0.594292,0.543425,0.512678,0.619452,0.578886,0.541518,0.548238,0.586202,0.518062,0.593684,0.573601,0.516451,0.642789,0.538217,0.567588,0.569592,0.558031,0.522966
1350,2,ani,1,0.999858,0.999599,0.999978,0.999826,0.9996,0.999757,0.998824,0.999717,0.999286,0.999684,0.999764,0.999502,0.999822,0.999623,0.999913,0.99991,0.999873,0.999903,0.99993,0.999918,0.99999,0.999989,1.0,0.999946,0.999007,0.999483,0.999979,0.999998,1.0,0.999918,0.999972,0.999961,0.999974,0.99999,0.999997,0.99969,0.999666,0.999775,0.999805,0.99965
1351,2,yah,0,0.002443,0.000355,3.4e-05,0.000246,0.000858,0.002698,0.000145,0.00019,0.000255,7.3e-05,0.00062,5.3e-05,0.002387,0.000272,3.6e-05,4.2e-05,3.5e-05,0.000102,3.8e-05,3e-05,1.2e-05,5e-06,4e-06,0.000168,4e-06,8e-05,2e-05,1.6e-05,2.9e-05,1e-06,3e-05,0.000142,8.3e-05,0.000202,0.0,0.000153,0.000172,0.000142,0.000105,0.000416
1352,2,yah,0,0.013137,0.000839,1.4e-05,0.000159,0.005069,0.000769,0.000195,0.001114,0.003172,0.00059,0.00115,4.6e-05,0.000185,0.000728,0.000208,2.6e-05,5.5e-05,4e-05,6.1e-05,2.9e-05,0.147074,0.290396,0.248761,0.149829,0.148955,0.201431,0.223497,0.261981,0.109335,0.336152,0.168648,0.29973,0.304939,0.062577,0.19687,0.294976,0.224546,0.286799,0.280925,0.144564
1353,2,mil,0,0.000861,0.001583,0.000269,0.000289,0.000837,0.000649,0.00075,0.000448,0.000294,0.008993,0.004132,2.5e-05,0.000475,0.00084,0.000241,0.0001,7.8e-05,0.000218,7.7e-05,0.00011,4.8e-05,0.00053,9.1e-05,0.000357,0.000228,0.003483,0.000142,0.0022,0.000771,0.000631,0.000187,0.000238,0.000236,0.001179,6.4e-05,0.000213,0.000323,0.000155,0.000106,0.000398
1354,1,yah,1,0.998707,0.994437,0.99976,0.999993,0.999737,0.998181,0.998396,0.998608,0.998809,0.99838,0.999449,0.999711,0.999449,0.998388,0.999411,0.999626,0.999054,0.999193,0.999582,0.999381,0.654147,0.569431,0.594292,0.543425,0.512678,0.619452,0.578886,0.541518,0.548238,0.586202,0.518062,0.593684,0.573601,0.516451,0.642789,0.538217,0.567588,0.569592,0.558031,0.522966
1355,1,dro,0,7.4e-05,0.00205,0.000451,5e-05,0.001665,0.003018,0.006555,0.000968,0.000566,0.001141,0.000729,8.8e-05,0.00186,0.001439,0.000442,4.8e-05,9.1e-05,6e-05,4.2e-05,3.9e-05,0.069168,0.277139,0.001018,0.04244,0.000387,0.094516,0.170256,0.012709,0.093945,0.002062,0.060244,0.170597,0.022242,0.229406,0.003362,0.000288,0.000271,0.000219,0.00308,0.00194
1356,2,ini,1,0.999795,0.998677,0.999732,0.999822,0.999529,0.99951,0.99936,0.999861,0.999092,0.999854,0.99974,0.999813,0.997405,0.999646,0.999743,0.999858,0.999821,0.999893,0.999832,0.999898,0.999922,0.997593,0.999998,0.999489,0.999862,0.999196,0.998943,0.99997,0.999582,0.99756,0.999536,0.99809,0.999849,0.998986,0.99845,0.999699,0.999554,0.99953,0.999687,0.999626
1357,1,kun,0,0.030392,0.047253,0.004681,0.007127,0.009827,0.032398,0.02543,0.056203,0.215296,0.010611,0.016576,0.27155,0.047192,0.004818,0.048715,0.092919,0.101494,0.101129,0.052011,0.104522,0.654147,0.569431,0.594292,0.543425,0.512678,0.619452,0.578886,0.541518,0.548238,0.586202,0.518062,0.593684,0.573601,0.516451,0.642789,0.538217,0.567588,0.569592,0.558031,0.522966
1358,1,ati,1,0.999528,0.998184,0.999778,0.999931,0.999876,0.988444,0.99788,0.992694,0.975986,0.989556,0.996186,0.999927,0.99944,0.986975,0.989096,0.999648,0.999582,0.999294,0.99968,0.999702,0.999838,0.999151,0.9998,0.997544,0.991902,0.999171,0.967614,0.999322,0.995317,0.982505,0.997793,0.99285,0.998225,0.995495,0.981992,0.999569,0.993052,0.999383,0.999792,0.998104
1359,3,iwi,1,0.999647,0.999892,0.9986,0.99975,0.999899,0.999418,0.999797,0.999697,0.99952,0.999229,0.999198,0.999926,0.99898,0.999635,0.999364,0.999428,0.999775,0.999738,0.999724,0.999855,0.999955,0.99888,0.999989,0.999081,0.998715,0.99974,0.999848,0.999977,0.999517,0.999995,0.999972,0.999933,0.999973,0.999833,0.999989,0.999414,0.999504,0.999499,0.99953,0.998936
1360,3,hdi,0,0.019807,0.002916,0.037796,0.188591,0.456096,0.028157,0.00477,0.036329,0.002,0.151343,0.108304,0.001636,0.036997,0.000865,0.008109,0.0018,0.086461,0.007042,0.006646,0.011955,1.9e-05,0.001827,4.5e-05,1e-05,0.000856,0.000127,0.000131,0.0,1e-05,0.0,0.0,0.000278,0.0,0.0,0.0,0.00016,0.000151,0.000139,9.8e-05,0.000297
1361,1,tun,1,0.999468,0.997004,0.998121,0.999365,0.999846,0.986859,0.983833,0.995129,0.995468,0.994525,0.999559,0.999394,0.982958,0.999815,0.998771,0.998621,0.999272,0.998628,0.9987,0.999195,0.654147,0.569431,0.594292,0.543425,0.512678,0.619452,0.578886,0.541518,0.548238,0.586202,0.518062,0.593684,0.573601,0.516451,0.642789,0.538217,0.567588,0.569592,0.558031,0.522966
1362,3,fin,0,2.4e-05,0.000111,1.2e-05,3e-05,0.000327,1.2e-05,9e-06,4.8e-05,4.3e-05,2.1e-05,0.000102,4e-06,0.000303,5.8e-05,6.6e-05,1.5e-05,1.2e-05,1.8e-05,2.3e-05,1.2e-05,2e-06,2e-06,1e-06,1e-05,5e-06,0.0,0.0,0.0,0.0,0.0,0.0,0.0,0.0,0.0,0.0,0.000154,0.000185,0.000139,0.000104,0.000224
1363,2,ari,1,0.999519,0.999676,0.999726,0.999317,0.999875,0.998634,0.999144,0.999315,0.993975,0.999801,0.999021,0.999,0.998413,0.997746,0.99925,0.999711,0.999421,0.999777,0.999788,0.999895,0.999954,0.999983,0.999999,0.999967,0.999987,0.99998,0.999998,0.999999,0.999986,0.99999,0.999953,0.999995,0.999995,0.999989,0.999997,0.99973,0.999735,0.999766,0.99978,0.999633
1364,2,sa',1,0.999922,0.999954,0.999919,0.999965,0.99972,0.999951,0.999829,0.999801,0.999827,0.999495,0.999673,0.99989,0.999057,0.999715,0.999901,0.99991,0.999895,0.999858,0.999715,0.999842,0.999972,0.999984,0.999999,0.999979,0.999981,0.999858,0.999972,0.999994,0.999945,0.999946,0.999916,0.999985,0.999967,0.999992,0.999988,0.999567,0.999556,0.999591,0.999724,0.999313
1365,1,nto,0,0.000984,0.000848,0.000289,0.000604,0.001364,0.000978,0.001367,0.000371,0.001081,0.001304,0.001142,0.000531,0.003171,0.001823,0.000343,2.3e-05,2.5e-05,7.4e-05,7.9e-05,2.6e-05,8.1e-05,0.003287,0.000111,0.004875,0.000262,0.00283,0.013988,0.00074,0.000519,0.002036,0.000339,0.003388,0.002793,0.000615,0.000255,0.000209,0.000206,0.000138,0.000131,0.00029
1366,1,emi,1,0.846432,0.411997,0.592916,0.475933,0.621534,0.354408,0.592037,0.788248,0.404746,0.539097,0.400871,0.93189,0.749355,0.391118,0.360241,0.939855,0.621056,0.757588,0.649447,0.815384,0.654147,0.569431,0.594292,0.543425,0.512678,0.619452,0.578886,0.541518,0.548238,0.586202,0.518062,0.593684,0.573601,0.516451,0.642789,0.538217,0.567588,0.569592,0.558031,0.522966
1367,2,ayu,1,0.942204,0.990194,0.997376,0.993855,0.980524,0.986292,0.838482,0.965536,0.967032,0.973227,0.984453,0.985551,0.933953,0.988605,0.985769,0.998721,0.992569,0.998201,0.997937,0.999166,0.997222,0.998188,0.989546,0.996908,0.996975,0.998975,0.998547,0.993758,0.982023,0.997618,0.997781,0.995748,0.906358,0.996709,0.999007,0.998293,0.998102,0.999385,0.99712,0.999327
1368,3,ati,1,0.999117,0.999704,0.999387,0.997544,0.999457,0.999816,0.999975,0.999941,0.999702,0.999446,0.997767,0.994839,0.997705,0.999438,0.999776,0.999824,0.999846,0.999802,0.999699,0.999922,0.990943,0.999853,0.999496,0.997806,0.999417,0.997949,0.99964,0.99934,0.999834,0.99746,0.999626,0.999054,0.999307,0.999928,0.998176,0.999614,0.999418,0.999439,0.999639,0.999296
1369,1,pri,0,0.183348,0.439762,0.051857,0.125888,0.038219,0.275611,0.318819,0.446328,0.24708,0.355187,0.074007,0.073432,0.354759,0.685311,0.454896,0.605438,0.131522,0.353506,0.717021,0.146968,0.015063,0.814218,9.8e-05,0.328502,0.147051,0.194151,0.272233,0.000792,0.386865,0.182643,0.041666,0.093485,0.001708,0.10543,0.150506,0.00153,0.005301,0.001763,0.000218,0.001868
1370,1,sti,1,0.979135,0.999706,0.995254,0.99959,0.998796,0.976751,0.986666,0.912952,0.973821,0.960904,0.995037,0.999686,0.995962,0.870329,0.970672,0.999063,0.987339,0.985837,0.986883,0.98077,0.654147,0.569431,0.594292,0.543425,0.512678,0.619452,0.578886,0.541518,0.548238,0.586202,0.518062,0.593684,0.573601,0.516451,0.642789,0.538217,0.567588,0.569592,0.558031,0.522966
1371,1,ani,1,0.999673,0.998495,0.997513,0.999001,0.999224,0.995428,0.997739,0.992042,0.985645,0.980551,0.996431,0.994658,0.996488,0.977946,0.995395,0.992241,0.993718,0.995969,0.984974,0.9964,0.98751,0.948148,0.966902,0.999817,0.909834,0.977659,0.976591,0.970219,0.995262,0.986126,0.961085,0.964995,0.988411,0.99654,0.959481,0.999579,0.999668,0.999638,0.999753,0.999559
1372,2,roh,1,0.991407,0.993666,0.999866,0.999183,0.998433,0.998022,0.998781,0.997505,0.999239,0.997234,0.995414,0.996518,0.996229,0.998268,0.997977,0.998696,0.99946,0.998101,0.999352,0.999307,0.999394,0.999902,0.999959,0.999647,0.999995,0.994834,0.999854,0.999951,0.99974,0.999211,0.999577,0.999931,0.999618,0.999796,0.999985,0.999715,0.999697,0.999624,0.999802,0.999554
1373,1,man,0,8.3e-05,0.0005,0.000199,0.000291,0.000874,0.00249,0.008664,0.01424,0.00535,0.008747,0.004707,0.011737,0.004931,0.018359,0.004174,0.00139,0.000487,0.002395,0.000223,0.00232,0.000272,0.007666,0.008461,0.013259,0.000835,0.030471,0.022234,0.118616,0.027897,0.024109,0.035656,0.134747,0.089054,0.007827,0.013589,0.001401,0.000176,0.000227,0.000238,0.001224
1374,2,sih,1,0.810424,0.592019,0.623274,0.675768,0.582773,0.74354,0.816579,0.623226,0.877417,0.353193,0.918492,0.852237,0.713897,0.791075,0.559823,0.136191,0.131178,0.794264,0.159258,0.568786,0.998695,0.965313,0.997168,0.999747,0.999967,0.979078,0.998179,0.999894,0.997926,0.999434,0.962448,0.992658,0.999418,0.991694,0.999738,0.999364,0.999018,0.999669,0.9998,0.999242
1375,2,ida,0,0.009264,0.583294,0.02837,0.007464,0.035872,0.280611,0.120552,0.282501,0.158838,0.133324,0.219722,0.044589,0.320972,0.287826,0.091047,0.012926,0.000747,0.045463,0.009764,0.014312,0.009134,0.005998,0.001143,0.741266,0.001037,0.453987,0.016178,0.001423,0.397766,0.005931,0.242369,0.002366,0.006287,0.405588,0.002143,0.001461,0.013496,0.000204,0.000204,0.024236
1376,2,faz,0,2.1e-05,0.000339,0.000137,0.000133,0.001835,0.00055,0.000445,0.000827,0.000689,0.000568,0.0006,0.000168,0.000349,0.000525,0.0005,3.4e-05,6.5e-05,9.4e-05,4.4e-05,3.4e-05,0.000694,0.000685,0.000274,0.000654,0.000272,0.001558,0.000884,0.000682,0.00042,0.002879,0.000749,0.000659,0.001337,0.000275,0.000944,0.000504,0.000295,0.000311,0.000289,0.001368
1377,2,lah,1,0.929277,0.954906,0.36295,0.775233,0.87113,0.547489,0.686693,0.33632,0.87088,0.821261,0.831407,0.794303,0.675441,0.703319,0.647751,0.769844,0.960779,0.96726,0.965356,0.951089,0.905272,0.984313,0.789979,0.545664,0.999944,0.989097,0.761793,0.935318,0.980791,0.989837,0.923724,0.986035,0.728451,0.976194,0.994986,0.999219,0.999567,0.999664,0.999617,0.994391
1378,2,ali,0,0.001556,0.000188,0.011488,0.003182,0.001766,0.013134,0.00192,0.007304,0.00285,0.012112,0.017865,0.000917,0.024807,0.00304,0.00537,0.002565,0.001146,0.002847,0.002863,0.006027,1.8e-05,0.001697,3e-06,0.000902,0.005107,0.005221,0.00149,1.9e-05,0.000957,1.6e-05,0.000866,0.000208,0.000596,0.002105,1e-06,0.000255,0.000388,0.000211,0.000159,0.001086
1379,1,tun,1,0.998984,0.98762,0.99959,0.999155,0.915919,0.924526,0.592976,0.947261,0.984419,0.969871,0.972859,0.991885,0.984903,0.996768,0.988826,0.974242,0.976063,0.981055,0.970035,0.996894,0.654147,0.569431,0.594292,0.543425,0.512678,0.619452,0.578886,0.541518,0.548238,0.586202,0.518062,0.593684,0.573601,0.516451,0.642789,0.538217,0.567588,0.569592,0.558031,0.522966
1380,3,ani,1,0.999765,0.999816,0.999952,0.99992,0.999759,0.999131,0.998565,0.998691,0.999383,0.998992,0.999595,0.999714,0.998849,0.999777,0.999827,0.999912,0.999842,0.999852,0.999887,0.999921,0.999983,0.999983,0.999982,0.999956,0.999977,0.999975,1.0,1.0,0.999985,0.999923,0.999998,0.999999,1.0,0.999941,0.999972,0.999462,0.999655,0.999679,0.99963,0.999607
1381,1,udi,0,0.002767,0.042461,0.030731,0.150343,0.000572,0.013847,0.055248,0.013152,0.019733,0.016092,0.011471,0.002729,0.027913,0.01925,0.012352,0.00085,0.004392,0.001202,0.004993,0.001633,0.008122,0.005586,0.001303,0.000192,0.000819,0.280917,0.027871,0.012847,0.00257,0.006812,0.040015,0.026049,0.036612,0.002332,0.003127,0.000215,0.000141,0.000146,0.000131,0.002115
1382,1,tun,1,0.993621,0.99729,0.984479,0.985223,0.984694,0.993668,0.93531,0.993047,0.989847,0.994765,0.990375,0.999194,0.975908,0.999231,0.991822,0.996308,0.997745,0.99373,0.983466,0.99946,0.654147,0.569431,0.594292,0.543425,0.512678,0.619452,0.578886,0.541518,0.548238,0.586202,0.518062,0.593684,0.573601,0.516451,0.642789,0.538217,0.567588,0.569592,0.558031,0.522966
1383,3,mam,0,5.6e-05,0.000342,0.001859,0.001485,0.000807,0.000554,0.002713,0.001648,0.001009,0.000259,0.000278,0.000679,0.002031,0.000148,0.000273,7.8e-05,7.3e-05,0.000224,0.000259,5.6e-05,1e-06,8e-06,2e-06,1.3e-05,2.3e-05,9e-06,3e-06,0.0,0.0,3e-06,0.0,1e-06,0.0,0.0,0.0,0.000154,0.000154,0.000152,0.000101,0.000257
1384,1,lin,0,0.10677,0.053488,0.050035,0.297625,0.025535,0.039461,0.166228,0.133602,0.137317,0.066291,0.530406,0.026228,0.230301,0.171468,0.14022,0.092693,0.005327,0.041503,0.008494,0.004318,0.011396,0.010174,0.004274,0.030941,0.017263,0.056335,0.07638,0.049611,0.143093,0.22828,0.041687,0.04989,0.044557,0.098856,0.040454,0.042943,0.000827,0.008884,0.000212,0.010249
1385,2,ati,1,0.983328,0.99941,0.998699,0.998816,0.99969,0.992862,0.994965,0.995811,0.985,0.98994,0.993586,0.999747,0.997305,0.987119,0.994176,0.999798,0.999903,0.999491,0.999676,0.999867,0.999146,0.999396,0.999978,0.999848,0.999115,0.996005,0.99949,0.999985,0.999613,0.999482,0.998735,0.999244,0.999963,0.99978,0.999769,0.999671,0.999622,0.999651,0.999783,0.999405
1386,2,ana,1,0.854857,0.818658,0.987224,0.902924,0.573083,0.957029,0.973365,0.881434,0.978758,0.953117,0.701652,0.788835,0.485193,0.888471,0.667558,0.97437,0.98387,0.950005,0.990393,0.966131,0.005163,0.00399,0.000717,0.003067,0.001857,0.045656,0.005301,0.002421,0.010472,0.006505,0.009529,0.010975,0.026051,0.000189,0.003747,0.001016,0.000781,0.000528,0.000677,0.002437
1387,3,rni,1,0.999996,0.999997,0.999986,0.999995,0.999807,0.999917,0.999654,0.999771,0.99984,0.999926,0.999429,0.999999,0.999766,0.999956,0.999925,0.999864,0.999891,0.999908,0.999871,0.999952,0.999998,0.999979,1.0,0.999989,1.0,1.0,1.0,1.0,1.0,1.0,1.0,1.0,1.0,1.0,1.0,0.999742,0.99975,0.999733,0.999751,0.999556
1388,3,cky,0,0.002448,0.000818,0.002539,0.001806,8.8e-05,0.000866,0.00504,0.003159,0.001958,0.003449,0.003086,0.000252,0.006504,0.007178,0.000414,0.000874,0.002167,0.001573,0.001453,0.001727,0.000154,3.5e-05,4e-06,0.000756,2.3e-05,0.000252,8e-06,4e-06,3e-06,1.3e-05,7.4e-05,4e-05,1.4e-05,3.5e-05,2e-06,0.000181,0.000246,0.000139,0.000121,0.000609
1389,1,nto,0,0.009461,0.004227,0.006545,0.001878,0.005608,0.008911,0.014754,0.005013,0.004443,0.005611,0.003094,0.010669,0.009042,0.002594,0.007682,8.4e-05,3.4e-05,0.000195,3.3e-05,8.5e-05,0.104548,0.092801,0.001757,0.01584,0.007705,0.04099,0.081718,0.044082,0.039222,0.029689,0.042758,0.127253,0.042237,0.107376,0.038414,0.000946,0.001507,0.000682,0.013025,0.003199
1390,1,yem,1,0.900944,0.984931,0.781498,0.890924,0.231119,0.363462,0.67178,0.174231,0.501241,0.44256,0.487579,0.607075,0.354267,0.948613,0.319099,0.723443,0.18332,0.724432,0.637219,0.830231,0.654147,0.569431,0.594292,0.543425,0.512678,0.619452,0.578886,0.541518,0.548238,0.586202,0.518062,0.593684,0.573601,0.516451,0.642789,0.538217,0.567588,0.569592,0.558031,0.522966
1391,1,din,0,0.000775,0.000881,0.001158,0.003839,0.008052,0.001439,0.003285,0.001388,0.003071,0.002265,0.000874,0.000174,0.004454,0.000912,0.00464,0.000204,0.000791,0.000143,0.002653,0.00057,0.000337,0.000889,0.00023,0.000484,0.000101,0.024913,0.013051,0.000517,0.00256,0.011963,0.006737,0.014778,0.010764,0.001391,0.000262,0.000214,0.00014,0.000147,0.00022,0.000352
1392,2,sma,1,0.945407,0.933341,0.893919,0.893535,0.852897,0.794624,0.869109,0.90779,0.832712,0.83805,0.852765,0.96653,0.922857,0.957081,0.885811,0.809557,0.939344,0.764229,0.944068,0.950932,0.688279,0.873109,0.991229,0.96507,0.932168,0.768203,0.877586,0.938886,0.801764,0.748715,0.846236,0.682154,0.919163,0.649838,0.58363,0.829317,0.699553,0.9902,0.671324,0.995466
1393,2,tra,0,1.6e-05,1.7e-05,2e-05,4.4e-05,9e-06,0.000168,0.000108,1.1e-05,0.000335,7e-06,6.7e-05,1.6e-05,0.000714,1.8e-05,0.00011,1.8e-05,2.1e-05,2.4e-05,3.3e-05,6.9e-05,1e-06,1.1e-05,1e-06,5e-06,3e-06,0.0,0.0,0.0,0.0,0.0,1e-06,0.0,0.0,0.0,0.0,0.000156,0.000159,0.000128,0.00011,0.000211
1394,2,ayu,1,0.991336,0.997448,0.999515,0.999555,0.994906,0.996754,0.996895,0.987257,0.994832,0.99695,0.995872,0.999438,0.995696,0.997864,0.997078,0.99916,0.999798,0.999168,0.999356,0.999185,0.99911,0.999647,0.999288,0.998847,0.999546,0.998179,0.999748,0.999463,0.998181,0.998933,0.999213,0.999671,0.994985,0.999051,0.999202,0.999663,0.999307,0.999746,0.999777,0.999601
1395,1,min,0,0.335533,0.42716,0.167344,0.016786,0.123738,0.149509,0.396973,0.107125,0.204149,0.175301,0.139494,0.056113,0.216581,0.049895,0.042421,0.022142,0.105631,0.339802,0.277037,0.279462,0.654147,0.569431,0.594292,0.543425,0.512678,0.619452,0.578886,0.541518,0.548238,0.586202,0.518062,0.593684,0.573601,0.516451,0.642789,0.538217,0.567588,0.569592,0.558031,0.522966
1396,1,ani,1,0.999673,0.998495,0.997513,0.999001,0.999224,0.995428,0.997739,0.992042,0.985645,0.980551,0.996431,0.994658,0.996488,0.977946,0.995395,0.992241,0.993718,0.995969,0.984974,0.9964,0.98751,0.948148,0.966902,0.999817,0.909834,0.977659,0.976591,0.970219,0.995262,0.986126,0.961085,0.964995,0.988411,0.99654,0.959481,0.999579,0.999668,0.999638,0.999753,0.999559
1397,3,hea,1,0.999223,0.998967,0.991424,0.999107,0.997061,0.990378,0.982579,0.992673,0.99729,0.99832,0.989818,0.996152,0.990546,0.980506,0.978247,0.985956,0.998702,0.99801,0.99786,0.998251,0.999992,0.99998,0.999974,0.99999,0.999997,0.999998,1.0,1.0,0.99999,0.999999,1.0,1.0,1.0,0.99999,1.0,0.999694,0.999534,0.99973,0.999706,0.999524
1398,2,ath,0,0.023978,0.154159,0.019805,0.040529,0.064403,0.187435,0.149956,0.074479,0.105829,0.025309,0.015016,0.000315,0.030919,0.069962,0.025683,0.001252,0.005939,0.011067,0.001846,0.005114,0.139879,0.017185,0.050572,0.026933,0.003198,0.155293,0.135702,0.212896,0.269232,0.047782,0.097586,0.106148,0.092434,0.056939,0.023207,0.001012,0.000191,0.000633,0.003307,0.001448
1399,1,ino,0,0.000319,0.000145,0.001206,4.2e-05,0.003061,0.008857,0.022775,0.00084,0.004518,0.001579,0.001227,9.8e-05,0.007028,0.002233,0.004527,8.1e-05,0.000525,0.000219,0.001418,0.000357,0.654147,0.569431,0.594292,0.543425,0.512678,0.619452,0.578886,0.541518,0.548238,0.586202,0.518062,0.593684,0.573601,0.516451,0.642789,0.538217,0.567588,0.569592,0.558031,0.522966
1400,1,ana,1,0.398232,0.742742,0.902473,0.359163,0.93236,0.86556,0.905542,0.909403,0.837209,0.922247,0.738387,0.102434,0.573124,0.950012,0.831987,0.849059,0.796112,0.90436,0.89474,0.888494,0.654147,0.569431,0.594292,0.543425,0.512678,0.619452,0.578886,0.541518,0.548238,0.586202,0.518062,0.593684,0.573601,0.516451,0.642789,0.538217,0.567588,0.569592,0.558031,0.522966
1401,2,wan,0,0.001487,9.6e-05,0.001285,0.000659,0.004343,0.000314,0.000701,0.000176,0.000201,9.8e-05,0.00064,0.000143,0.000172,0.000396,0.000651,6.6e-05,7.1e-05,0.000139,7.8e-05,5.2e-05,1e-05,2.3e-05,5e-06,4.2e-05,4e-06,4.4e-05,2e-06,1e-06,7e-06,1.2e-05,8e-06,1e-06,6e-06,5e-06,6e-06,0.000184,0.000156,0.000139,0.000101,0.000249
1402,3,ani,1,0.998296,0.997494,0.999768,0.998998,0.999358,0.994744,0.987563,0.997394,0.991312,0.996448,0.973934,0.999622,0.97357,0.99815,0.997289,0.996016,0.998428,0.981682,0.996495,0.999524,0.684034,0.655522,0.957373,0.590918,0.369809,0.423318,0.833271,0.881819,0.91848,0.650878,0.302629,0.676739,0.85765,0.874061,0.500577,0.586548,0.718241,0.664688,0.634022,0.581285
1403,1,rin,0,0.061462,0.081778,0.023881,0.034717,0.222709,0.057675,0.083909,0.055848,0.034361,0.037218,0.037487,0.02926,0.38982,0.064754,0.050451,0.220302,0.070385,0.065149,0.059867,0.016305,0.654147,0.569431,0.594292,0.543425,0.512678,0.619452,0.578886,0.541518,0.548238,0.586202,0.518062,0.593684,0.573601,0.516451,0.642789,0.538217,0.567588,0.569592,0.558031,0.522966
1404,1,ini,1,0.999863,0.998946,0.999876,0.999711,0.99892,0.970384,0.985504,0.810245,0.984683,0.975393,0.995489,0.998832,0.998386,0.962978,0.979411,0.994703,0.979812,0.996798,0.983566,0.987375,0.654147,0.569431,0.594292,0.543425,0.512678,0.619452,0.578886,0.541518,0.548238,0.586202,0.518062,0.593684,0.573601,0.516451,0.642789,0.538217,0.567588,0.569592,0.558031,0.522966
1405,1,sih,1,0.997473,0.964611,0.99329,0.999653,0.978458,0.999285,0.998222,0.983829,0.993328,0.998169,0.998442,0.999863,0.995253,0.99828,0.998894,0.999478,0.996904,0.997483,0.999229,0.981484,0.654147,0.569431,0.594292,0.543425,0.512678,0.619452,0.578886,0.541518,0.548238,0.586202,0.518062,0.593684,0.573601,0.516451,0.642789,0.538217,0.567588,0.569592,0.558031,0.522966
1406,1,rin,0,0.772631,0.325835,0.471003,0.994954,0.198932,0.584099,0.49608,0.772898,0.474273,0.548346,0.756908,0.430727,0.876979,0.628881,0.641268,0.638001,0.280519,0.127812,0.221194,0.295867,0.654147,0.569431,0.594292,0.543425,0.512678,0.619452,0.578886,0.541518,0.548238,0.586202,0.518062,0.593684,0.573601,0.516451,0.642789,0.538217,0.567588,0.569592,0.558031,0.522966
1407,1,sih,1,0.993551,0.987482,0.998689,0.997997,0.997693,0.934971,0.986153,0.871313,0.942617,0.928541,0.984521,0.999538,0.919366,0.981792,0.973432,0.983309,0.985028,0.969364,0.906819,0.978447,0.654147,0.569431,0.594292,0.543425,0.512678,0.619452,0.578886,0.541518,0.548238,0.586202,0.518062,0.593684,0.573601,0.516451,0.642789,0.538217,0.567588,0.569592,0.558031,0.522966
1408,2,yah,0,0.009246,0.036851,0.154784,0.336247,0.035019,0.030188,0.022495,0.058577,0.129917,0.005651,0.023896,0.012565,0.037059,0.012823,0.189405,0.012048,0.000652,0.002204,0.000353,0.006917,0.093233,0.066381,0.030063,0.042499,0.000399,0.310932,0.051658,0.000441,0.019839,0.021021,0.047485,0.253443,0.011025,0.00414,0.005827,0.002775,0.004199,0.000253,0.001901,0.002355
1409,2,ron,0,9e-06,7.1e-05,1.3e-05,0.000107,0.000135,4.9e-05,4e-05,7.4e-05,0.000153,6.9e-05,4.2e-05,6e-06,0.00015,2.4e-05,4.4e-05,1e-05,1.4e-05,1.5e-05,2.7e-05,1e-05,1.3e-05,1.2e-05,2e-06,5.1e-05,2.2e-05,4e-05,2e-06,1e-06,6e-06,9e-06,7e-06,2e-06,2e-06,1.8e-05,9e-06,0.000278,0.000226,0.000208,0.000152,0.000348
1410,4,ati,1,0.912189,0.999599,0.998716,0.992661,0.99905,0.995784,0.968349,0.988949,0.997496,0.998528,0.857817,0.989749,0.992933,0.99912,0.992824,0.990671,0.99218,0.948669,0.996492,0.992658,0.488496,0.968788,0.145592,0.423107,0.305871,0.979113,0.502385,0.918062,0.97011,0.992412,0.172121,0.112803,0.027077,0.876717,0.73186,0.954129,0.155786,0.869449,0.99773,0.787022
1411,3,dah,1,0.999929,0.99991,0.999964,0.999975,0.99736,0.999594,0.999932,0.999799,0.999775,0.999499,0.999155,0.999978,0.998507,0.999957,0.999849,0.999855,0.999908,0.999662,0.999132,0.999851,0.996305,0.992031,0.999516,0.99462,0.995155,0.986104,0.998912,0.999247,0.994684,0.99202,0.992689,0.998732,0.998648,0.997733,0.998363,0.998473,0.995274,0.998597,0.99863,0.99859
1412,1,din,0,8e-05,0.001546,0.002553,0.000105,0.00339,0.010197,0.010206,0.002188,0.006166,0.00629,0.001134,0.000282,0.004498,0.006089,0.004077,0.001044,0.000123,0.001767,0.002155,0.001399,0.654147,0.569431,0.594292,0.543425,0.512678,0.619452,0.578886,0.541518,0.548238,0.586202,0.518062,0.593684,0.573601,0.516451,0.642789,0.538217,0.567588,0.569592,0.558031,0.522966
1413,2,eni,1,0.99944,0.999055,0.999441,0.999688,0.993993,0.988757,0.965934,0.989585,0.968808,0.981029,0.99922,0.997826,0.997926,0.985314,0.979126,0.993948,0.992767,0.992449,0.99251,0.998285,0.999708,0.998402,0.999987,0.999153,0.999652,0.993609,0.989213,0.999286,0.998141,0.994216,0.99921,0.979821,0.996459,0.99783,0.998903,0.999496,0.999595,0.999686,0.999688,0.999515
1414,3,sah,1,0.999828,0.999793,0.999927,0.999988,0.999964,0.999775,0.999938,0.999654,0.999872,0.999864,0.99995,0.999991,0.999928,0.999931,0.999903,0.999923,0.999927,0.99994,0.999853,0.999916,0.999995,0.999987,1.0,0.999996,0.999995,0.999999,1.0,1.0,1.0,1.0,1.0,1.0,1.0,0.999999,1.0,0.999718,0.999739,0.999749,0.999721,0.999589
1415,2,ani,1,0.999302,0.999839,0.999721,0.999609,0.999819,0.999025,0.996642,0.996156,0.998911,0.999648,0.9992,0.999901,0.998982,0.999396,0.999418,0.999716,0.999817,0.999694,0.999858,0.999882,0.999982,0.999986,1.0,0.999997,0.999953,0.999941,0.999998,1.0,1.0,0.99997,0.999995,0.999979,0.999997,1.0,0.999966,0.999739,0.999724,0.9997,0.999779,0.999602
1416,1,nto,0,0.000334,0.003194,0.000736,0.000367,0.000925,0.000836,0.0003,0.00029,0.000587,0.001268,0.001272,0.000326,0.002804,0.000837,0.000429,0.000147,0.000128,0.00013,0.00017,0.000614,0.654147,0.569431,0.594292,0.543425,0.512678,0.619452,0.578886,0.541518,0.548238,0.586202,0.518062,0.593684,0.573601,0.516451,0.642789,0.538217,0.567588,0.569592,0.558031,0.522966
1417,2,nah,1,0.999998,0.999989,1.0,1.0,0.999998,0.999975,0.999997,0.999938,0.999963,0.999988,0.999987,0.999999,0.999995,0.999994,0.999996,0.999968,0.999942,0.999942,0.999962,0.999956,0.999881,0.99993,0.999997,0.999659,0.99996,0.999974,0.999999,0.999998,0.999979,0.999966,0.999989,0.99997,0.99997,0.999962,0.999982,0.999566,0.99961,0.999617,0.999709,0.999305
1418,2,uti,1,0.999621,0.998062,0.999698,0.999082,0.999919,0.999406,0.999938,0.999581,0.999472,0.999684,0.999164,0.999752,0.99929,0.999436,0.999883,0.999829,0.999849,0.999878,0.999868,0.999922,0.99965,0.99937,0.999996,0.999748,0.999985,0.999513,0.999887,0.99999,0.999911,0.999926,0.999968,0.999959,0.99996,0.999876,0.999906,0.999715,0.999673,0.999773,0.999723,0.999619
1419,2,yat,0,0.000251,0.001259,0.0001,0.000268,0.000522,0.000784,0.001932,0.000377,0.001021,0.000511,0.001148,3.6e-05,0.001139,0.001204,0.000444,2.4e-05,3.7e-05,6.3e-05,0.000131,1.6e-05,4e-05,0.000116,2.6e-05,0.000206,4e-05,0.000173,3.5e-05,3.3e-05,2.3e-05,4.2e-05,2.4e-05,0.000258,3.7e-05,5e-06,2.5e-05,0.000224,0.00018,0.000142,0.000124,0.000279
1420,2,uzi,0,4.8e-05,8.8e-05,3.9e-05,0.000113,0.000172,0.000387,0.000334,0.000497,0.000152,0.000499,0.000254,0.000103,0.000733,3.9e-05,0.000286,2.1e-05,3.5e-05,8e-05,3.4e-05,1.5e-05,3e-05,1.2e-05,4e-06,6.6e-05,0.000149,2e-06,4e-05,3e-06,1.3e-05,1.7e-05,0.000122,0.000136,3e-05,1e-06,2e-06,0.000161,0.000188,0.000126,0.0001,0.000257
1421,1,nto,0,0.000261,0.00098,0.000262,0.000422,0.001146,0.000238,0.001101,0.000367,0.000518,0.000496,0.000663,0.00015,0.001024,0.001694,0.000368,4.6e-05,4.5e-05,9.6e-05,6.9e-05,3.8e-05,0.654147,0.569431,0.594292,0.543425,0.512678,0.619452,0.578886,0.541518,0.548238,0.586202,0.518062,0.593684,0.573601,0.516451,0.642789,0.538217,0.567588,0.569592,0.558031,0.522966
1422,1,gah,1,0.784686,0.958055,0.911961,0.323796,0.406455,0.017375,0.643182,0.335102,0.555068,0.274229,0.02199,0.503592,0.184699,0.064662,0.163796,0.995201,0.944664,0.263034,0.968357,0.907504,0.654147,0.569431,0.594292,0.543425,0.512678,0.619452,0.578886,0.541518,0.548238,0.586202,0.518062,0.593684,0.573601,0.516451,0.642789,0.538217,0.567588,0.569592,0.558031,0.522966
1423,3,uro,0,2e-05,0.000384,0.000418,0.000201,0.000261,0.000171,5.9e-05,0.000189,2.1e-05,0.000116,0.000356,0.000457,0.00128,0.000314,0.000108,6.4e-05,5.1e-05,0.000153,2.5e-05,7.9e-05,8e-05,0.000199,2e-06,0.000181,2.6e-05,5.5e-05,2e-06,0.0,4e-06,3.5e-05,0.0,0.0,2.4e-05,1e-06,0.0,0.000277,0.000198,0.000233,0.000118,0.00077
1424,3,nah,1,0.999914,0.996288,0.949812,0.996629,0.9864,0.977952,0.998148,0.969826,0.973824,0.995979,0.977768,0.999135,0.982222,0.999489,0.998061,0.998622,0.997547,0.997475,0.990001,0.995172,0.999997,0.999955,0.999329,0.972805,0.996971,0.999998,1.0,0.99999,0.998945,0.999742,0.999998,0.99999,0.999968,0.99915,0.999688,0.999466,0.999592,0.999576,0.999712,0.999503
1425,3,ana,1,0.83615,0.738779,0.969865,0.340714,0.914197,0.991414,0.683652,0.58797,0.905432,0.961879,0.935244,0.978371,0.417141,0.923508,0.930951,0.995134,0.888273,0.98923,0.810267,0.992705,0.891427,0.001747,0.022759,0.919494,0.896895,0.923204,0.02836,0.341776,0.21933,0.229504,0.934649,0.884394,0.583417,0.34689,0.029469,0.033014,0.997648,0.953926,0.960188,0.999526
1426,3,tyo,0,4.3e-05,3.3e-05,8.7e-05,4.2e-05,5.7e-05,6e-06,3e-06,2.7e-05,3.6e-05,1.1e-05,1.7e-05,1.1e-05,9.5e-05,4e-05,1.1e-05,1.6e-05,2.4e-05,3.3e-05,4.1e-05,1.4e-05,1.5e-05,1.9e-05,1e-06,0.000134,8.1e-05,6e-06,1e-06,0.0,0.0,2e-06,0.0,0.0,1e-06,0.0,0.0,0.000248,0.000247,0.000255,0.00014,0.00058
1427,1,man,0,0.00075,0.000483,0.002214,0.001106,0.002664,0.00421,0.025948,0.003804,0.005243,0.016835,0.001539,0.00334,0.005476,0.004119,0.002448,0.00043,0.005908,0.045376,0.029654,0.002118,0.654147,0.569431,0.594292,0.543425,0.512678,0.619452,0.578886,0.541518,0.548238,0.586202,0.518062,0.593684,0.573601,0.516451,0.642789,0.538217,0.567588,0.569592,0.558031,0.522966
1428,2,iah,1,0.999974,0.999836,0.999996,0.999971,0.99997,0.999824,0.999974,0.999839,0.999885,0.999865,0.99987,0.999951,0.99996,0.999984,0.999968,0.999958,0.999935,0.999949,0.999952,0.999954,0.999881,0.99993,0.999997,0.999659,0.99996,0.999974,0.999999,0.999998,0.999979,0.999966,0.999989,0.99997,0.99997,0.999962,0.999982,0.999566,0.99961,0.999617,0.999709,0.999305
1429,3,wan,0,0.000266,0.000276,0.000238,0.001656,0.003071,0.000456,0.000279,0.000774,0.000594,0.00016,0.00119,0.000123,0.000249,0.001004,0.000566,0.000287,0.000319,0.000199,0.000373,0.000164,4.6e-05,1.6e-05,0.000162,0.000103,3.8e-05,0.000318,9e-06,6.1e-05,1.4e-05,3.6e-05,6.5e-05,7e-06,0.000148,4.6e-05,3.6e-05,0.000178,0.000172,0.00015,0.0002,0.000398
1430,3,sih,1,0.999791,0.999569,0.999427,0.999592,0.999762,0.999445,0.999229,0.999835,0.999198,0.999412,0.999879,0.998995,0.999008,0.999475,0.999617,0.999928,0.999938,0.999828,0.999909,0.999938,0.999999,0.999986,0.999998,0.999952,0.999998,1.0,1.0,1.0,1.0,1.0,1.0,1.0,1.0,0.999999,1.0,0.999684,0.999722,0.999753,0.999724,0.99957
1431,2,nto,0,0.000637,0.002499,0.001925,0.001921,0.00172,0.000584,0.004244,0.00258,0.002906,0.000516,0.000143,0.000906,0.001655,0.00163,0.0006,4.1e-05,4.2e-05,0.000202,7.9e-05,6.6e-05,0.001201,0.000461,1.8e-05,0.001673,0.00129,0.00139,0.00139,0.000479,0.000496,0.000329,0.000149,0.002312,0.000582,0.001223,0.000494,0.000157,0.000217,0.000148,0.000296,0.000469
1432,1,ini,1,0.99991,0.99996,0.999986,0.99997,0.999772,0.997032,0.997053,0.995484,0.992484,0.990886,0.997217,0.996972,0.998383,0.997543,0.998197,0.982145,0.980637,0.992998,0.990487,0.9971,0.654147,0.569431,0.594292,0.543425,0.512678,0.619452,0.578886,0.541518,0.548238,0.586202,0.518062,0.593684,0.573601,0.516451,0.642789,0.538217,0.567588,0.569592,0.558031,0.522966
1433,3,nia,1,0.999988,0.999834,0.999991,0.999985,0.999774,0.999893,0.999962,0.999981,0.999926,0.999978,0.999756,0.999999,0.999954,0.999975,0.999899,0.999825,0.999801,0.999854,0.999894,0.999931,0.999996,0.999996,0.999999,0.999981,0.999966,0.999992,1.0,1.0,1.0,0.999995,1.0,1.0,1.0,1.0,1.0,0.999693,0.999719,0.999689,0.999782,0.999595
1434,1,ryo,0,0.000116,0.000292,0.000137,1.9e-05,0.00049,0.012981,0.006796,0.009059,0.008381,0.005569,0.014899,5.5e-05,0.0022,0.002413,0.00859,0.00034,0.000518,0.000987,6e-05,0.000364,0.300542,0.009906,0.108588,0.206826,0.326874,0.151631,0.092156,0.340622,0.085859,0.431669,0.079096,0.033704,0.398083,0.175199,0.48564,0.034024,0.002498,0.003017,0.002153,0.02086
1435,1,ani,1,0.999563,0.998386,0.999898,0.999933,0.999254,0.977898,0.996339,0.990744,0.994841,0.994945,0.996694,0.999366,0.995952,0.979739,0.995763,0.997009,0.998213,0.998948,0.99526,0.99843,0.654147,0.569431,0.594292,0.543425,0.512678,0.619452,0.578886,0.541518,0.548238,0.586202,0.518062,0.593684,0.573601,0.516451,0.642789,0.538217,0.567588,0.569592,0.558031,0.522966
1436,3,tri,1,0.999922,0.999883,0.999792,0.999976,0.999886,0.999958,0.999997,0.999994,0.99985,0.999991,0.999872,0.999559,0.998902,0.999856,0.999988,0.999947,0.99993,0.999929,0.999923,0.999937,0.999999,0.999998,0.999995,0.999995,0.999998,1.0,1.0,1.0,1.0,1.0,1.0,1.0,1.0,1.0,1.0,0.999716,0.999729,0.999705,0.999737,0.999675
1437,3,aji,0,7.7e-05,0.00068,2.9e-05,0.001593,0.000434,0.000136,0.000389,0.000491,0.000101,0.000376,0.00025,1.7e-05,0.001108,0.000395,0.000102,4.6e-05,9.4e-05,9.3e-05,8.2e-05,3.2e-05,1.3e-05,1.3e-05,4e-06,8e-06,1.7e-05,1e-06,1e-06,0.0,0.0,0.0,0.0,1e-06,1e-06,0.0,0.0,0.000162,0.000167,0.000167,0.00011,0.000291
1438,3,nti,1,0.999809,0.999671,0.999947,0.999633,0.999967,0.999972,0.999968,0.999999,0.999952,0.999985,0.999963,0.99998,0.999823,0.999965,0.999961,0.999909,0.99991,0.99992,0.999916,0.999945,0.975753,0.999293,0.987684,0.902227,0.980153,0.98162,0.998661,0.950351,0.900384,0.976113,0.99724,0.997678,0.993154,0.89278,0.99914,0.997605,0.983124,0.986961,0.976524,0.995838
1439,3,ega,1,0.999884,0.998668,0.999423,0.99989,0.99944,0.99986,0.999934,0.999429,0.999775,0.999698,0.999964,0.999973,0.999776,0.999947,0.99969,0.999812,0.999753,0.999768,0.999706,0.999809,0.999938,0.999838,0.999968,0.996493,0.999589,0.999382,0.999996,0.999962,0.999851,0.999439,0.999989,0.999962,0.999902,0.999914,0.999742,0.999102,0.999294,0.999303,0.999486,0.99894
1440,1,adi,0,0.003668,0.009157,0.018584,0.0038,0.002586,0.002946,0.013343,0.00169,0.013336,0.003289,0.006567,0.002406,0.01501,0.002626,0.003314,0.000306,0.001092,0.001178,0.000241,0.003915,0.654147,0.569431,0.594292,0.543425,0.512678,0.619452,0.578886,0.541518,0.548238,0.586202,0.518062,0.593684,0.573601,0.516451,0.642789,0.538217,0.567588,0.569592,0.558031,0.522966
1441,2,ari,1,0.781239,0.979549,0.77442,0.996736,0.984835,0.934161,0.89947,0.958268,0.838449,0.886657,0.877001,0.337925,0.740694,0.975542,0.911523,0.994388,0.982212,0.98043,0.965505,0.976003,0.106305,0.985044,0.993125,0.981142,0.92726,0.969492,0.56172,0.982243,0.916536,0.928573,0.958161,0.844022,0.972901,0.890498,0.982951,0.941453,0.395439,0.981928,0.996711,0.695578
1442,2,din,0,0.000206,0.001076,0.00043,0.002049,0.000575,0.000248,0.002326,0.004287,0.001114,0.002966,0.000206,9e-06,0.000996,0.000902,0.000198,3.2e-05,6.9e-05,0.000269,0.000176,4.4e-05,2.4e-05,1.5e-05,5e-06,2.5e-05,0.000123,0.000385,0.000152,6.7e-05,8e-06,0.00051,5.9e-05,0.000896,0.001,7.5e-05,0.00017,0.000155,0.000165,0.000156,0.000132,0.000274
1443,2,hdi,0,0.006408,0.005287,0.009099,0.007017,0.017262,0.012647,0.018905,0.007133,0.024099,0.005693,0.009701,0.113914,0.011485,0.002245,0.02826,5.2e-05,0.000108,0.000261,0.000149,7.4e-05,0.000243,0.001562,4e-06,0.012283,0.000655,0.01373,0.004308,0.001193,0.012185,7.6e-05,0.004921,0.002648,0.001258,0.041798,0.000257,0.000399,0.000312,0.000239,0.000301,0.000905
1444,3,ari,1,0.966195,0.994155,0.958395,0.994187,0.997022,0.985436,0.777479,0.99555,0.816808,0.994514,0.975133,0.994367,0.982856,0.989677,0.993228,0.999312,0.999513,0.995023,0.999548,0.999423,0.999884,0.999998,0.996006,0.999584,0.894947,0.999804,0.999994,0.998871,0.999998,0.815418,0.999978,0.999994,0.999994,0.999977,0.946132,0.999385,0.999723,0.999721,0.999728,0.999589
1445,1,ono,0,0.000748,0.000647,0.000425,0.001874,0.000835,0.006027,0.005384,0.005594,0.004149,0.001634,0.00196,0.001261,0.005249,0.005145,0.005527,0.000185,0.000402,0.000219,0.000203,0.000219,0.654147,0.569431,0.594292,0.543425,0.512678,0.619452,0.578886,0.541518,0.548238,0.586202,0.518062,0.593684,0.573601,0.516451,0.642789,0.538217,0.567588,0.569592,0.558031,0.522966
1446,2,mah,1,0.992073,0.233957,0.99665,0.841205,0.794773,0.915257,0.95357,0.949021,0.986325,0.943959,0.957743,0.977842,0.947506,0.835351,0.979973,0.802288,0.962524,0.894618,0.991409,0.973071,0.642603,0.993487,0.998086,0.939715,0.449591,0.667294,0.999143,0.962703,0.910323,0.985633,0.959085,0.999417,0.77238,0.908764,0.979982,0.288034,0.990814,0.028759,0.940014,0.997869
1447,3,ama,0,0.00019,0.000185,0.000394,9.8e-05,2.6e-05,0.00044,0.000134,0.000117,0.000207,0.000106,0.000487,0.000356,0.000478,0.000341,0.000214,1.7e-05,1.8e-05,2.6e-05,3.2e-05,2e-05,0.00012,8e-06,0.026933,0.000103,2.6e-05,1e-06,2e-05,9e-06,1e-05,5.5e-05,4e-06,0.0001,0.001898,6e-06,3.8e-05,0.000239,0.000176,0.000216,0.000106,0.000271
1448,2,ito,0,0.608829,0.001373,0.001803,0.001934,0.003933,0.007621,0.003874,0.003109,0.001933,0.014811,0.004542,0.000745,0.008208,0.003563,0.03877,0.000249,8.1e-05,0.001755,0.000211,0.000157,0.000387,0.329784,0.012961,0.014158,0.00191,0.032172,0.084801,0.001705,0.099135,0.292226,0.013372,0.039866,0.135355,0.485015,0.22992,0.000196,0.000439,0.00057,0.000206,0.078928
1449,1,mti,1,0.999896,0.999718,0.998173,0.999994,0.99883,0.970997,0.99409,0.991018,0.963618,0.956858,0.99831,0.999763,0.98417,0.994106,0.98205,0.999137,0.998034,0.996674,0.998041,0.997891,0.654147,0.569431,0.594292,0.543425,0.512678,0.619452,0.578886,0.541518,0.548238,0.586202,0.518062,0.593684,0.573601,0.516451,0.642789,0.538217,0.567588,0.569592,0.558031,0.522966
1450,2,ono,0,0.002442,0.006323,0.013554,0.005074,0.006519,0.009117,0.001259,0.001857,0.002671,0.0056,0.002268,0.004328,0.006182,0.003952,0.022311,0.000743,0.00141,0.013056,0.000561,0.002271,0.111281,0.13685,0.027476,0.097605,0.105416,0.321878,0.073209,0.102515,0.31393,0.405,0.042189,0.18749,0.357066,0.20761,0.198257,0.734165,0.004726,0.09757,0.051523,0.652485
1451,2,. s,0,0.018829,0.002281,0.015247,0.000294,0.00059,0.00268,0.002273,0.002301,0.023469,0.004076,0.002854,0.002399,0.010639,0.00867,0.004951,0.006621,0.001424,0.001664,0.00268,0.000842,0.795309,0.662295,0.79074,0.733135,0.738192,0.688105,0.779067,0.623179,0.761799,0.576111,0.861041,0.867347,0.715948,0.711828,0.85784,0.645272,0.655206,0.665856,0.599911,0.722495
1452,1,mah,1,0.999891,0.998988,0.999951,0.999921,0.999594,0.998086,0.999669,0.998834,0.998146,0.998709,0.997233,0.999978,0.997611,0.999693,0.999567,0.999223,0.998774,0.998845,0.997922,0.999669,0.654147,0.569431,0.594292,0.543425,0.512678,0.619452,0.578886,0.541518,0.548238,0.586202,0.518062,0.593684,0.573601,0.516451,0.642789,0.538217,0.567588,0.569592,0.558031,0.522966
1453,2,nto,0,0.001033,0.001241,0.000161,0.000355,0.000702,0.000352,0.00112,0.00151,0.000136,0.00199,0.000869,0.001576,0.000624,0.001984,0.000959,2.5e-05,2.4e-05,0.000108,6.4e-05,2.5e-05,8.4e-05,0.000123,0.000278,0.001152,0.000281,0.001368,0.003032,0.000145,0.00424,6.4e-05,0.000145,0.006381,0.005882,0.000441,5e-05,0.000189,0.000307,0.000165,0.000108,0.00036
1454,2,ndi,0,0.007817,0.007358,0.006714,0.025175,0.004415,0.016234,0.053195,0.039594,0.014743,0.008434,0.018587,0.000764,0.015378,0.006236,0.019671,0.002306,0.012004,0.000798,0.000381,0.000864,0.000649,0.014024,0.081709,0.005921,0.000925,0.028998,0.014552,0.004445,0.009811,0.009114,0.019913,0.016011,0.009202,0.022374,0.001392,0.001806,0.000177,0.000158,0.000113,0.001484
1455,2,ian,0,0.000135,5.9e-05,0.000333,1.6e-05,0.000372,9.9e-05,3.4e-05,0.000291,0.000233,7.6e-05,0.000149,5e-06,0.000557,0.000115,0.000171,1.5e-05,2.5e-05,3.2e-05,2.8e-05,1.7e-05,0.000229,0.001196,0.014764,0.001254,0.000898,0.020241,0.000277,0.004214,0.00131,0.000132,0.013533,0.000872,0.011791,0.017165,2.8e-05,0.000196,0.085087,0.000144,0.000132,0.009453
1456,1,rno,0,0.000354,0.000189,6.9e-05,0.000313,0.000444,0.002099,0.000616,0.000576,0.00146,0.000727,0.000624,0.00132,0.002979,0.000462,0.00152,0.000171,5.3e-05,0.000589,0.000131,0.000162,0.654147,0.569431,0.594292,0.543425,0.512678,0.619452,0.578886,0.541518,0.548238,0.586202,0.518062,0.593684,0.573601,0.516451,0.642789,0.538217,0.567588,0.569592,0.558031,0.522966
1457,1,ani,1,0.99908,0.992451,0.999958,0.999931,0.997855,0.999187,0.996662,0.997815,0.998031,0.987298,0.995454,0.999758,0.997746,0.995991,0.996337,0.99983,0.99968,0.999531,0.999862,0.999768,0.99818,0.995163,0.998991,0.990266,0.998386,0.991695,0.980621,0.956108,0.930634,0.978574,0.994147,0.98851,0.894328,0.829767,0.992155,0.998741,0.999089,0.999442,0.999677,0.999205
1458,3,lis,0,0.001712,0.017117,0.0049,0.001879,0.002335,0.007989,0.025881,0.038714,0.012521,0.012025,0.058868,0.012559,0.041823,0.011728,0.010638,0.003503,0.002737,0.001635,0.009687,0.002768,0.003925,0.001407,0.000226,0.001186,0.000877,0.005341,9.8e-05,6.1e-05,3e-05,0.000638,0.006309,0.000277,9.1e-05,8.9e-05,6.7e-05,0.000605,0.000573,0.000431,0.00019,0.009913
1459,3,lis,0,0.039792,0.507655,0.013274,0.012058,0.058818,0.063318,0.058777,0.107092,0.247354,0.174186,0.0221,0.027794,0.026894,0.040503,0.007003,0.007729,0.001741,0.015011,0.015844,0.135515,0.007164,0.006119,0.000591,0.004153,0.019165,0.0137,0.034829,0.005577,0.005891,0.008371,0.012199,0.008712,0.025595,0.001482,0.001122,0.006941,0.00078,0.00372,0.021739,0.034422
1460,3,isa,1,0.987579,0.986918,0.975126,0.991318,0.99452,0.991678,0.995273,0.995188,0.996561,0.983632,0.995878,0.997898,0.993459,0.999419,0.995417,0.997599,0.999096,0.998393,0.995667,0.998597,0.576126,0.402112,0.669634,0.563425,0.313996,0.561433,0.572785,0.53841,0.521205,0.594696,0.605809,0.576869,0.597758,0.483237,0.610295,0.543651,0.565562,0.580688,0.566653,0.534454
1461,2,ono,0,0.009243,0.004358,0.000873,0.008442,0.014995,0.020003,0.075275,0.028957,0.050169,0.035902,0.049098,0.067072,0.031391,0.266683,0.058142,0.005608,0.003375,0.015923,0.147476,0.012278,0.580008,0.55234,0.626053,0.582574,0.519549,0.606422,0.577788,0.540547,0.53322,0.610678,0.570624,0.587211,0.612958,0.504852,0.623406,0.539257,0.562371,0.571446,0.55591,0.536121
1462,2,aya,1,0.66735,0.835368,0.792761,0.955564,0.805046,0.916576,0.6686,0.45087,0.77989,0.718696,0.791382,0.392206,0.52662,0.88436,0.641663,0.408382,0.903635,0.945972,0.421819,0.991322,0.440675,0.33256,0.142293,0.786192,0.536415,0.348169,0.373114,0.731612,0.344167,0.77631,0.621,0.108358,0.86139,0.134715,0.548765,0.134615,0.011929,0.618778,0.002764,0.002149
1463,2,nti,1,0.999898,0.999907,0.999857,0.999966,0.999832,0.999888,0.999942,0.999973,0.999829,0.999886,0.999943,0.999964,0.999751,0.999582,0.999919,0.999955,0.999943,0.999921,0.999932,0.999964,0.999997,0.999996,1.0,0.999992,0.999994,0.999995,0.999998,1.0,0.999999,0.999987,0.999997,0.999992,1.0,0.999999,1.0,0.999722,0.99972,0.999751,0.999755,0.999577
1464,3,nti,1,0.999973,0.999965,0.999937,0.99991,0.999969,0.999957,0.999979,0.999998,0.999948,0.999944,0.999978,0.999994,0.999933,0.999967,0.999967,0.999954,0.999917,0.999822,0.999951,0.999967,0.999996,0.999998,1.0,0.999997,1.0,1.0,1.0,1.0,0.999999,1.0,1.0,1.0,1.0,1.0,1.0,0.999734,0.999717,0.99978,0.999766,0.999653
1465,3,dra,0,0.002263,0.008756,0.024467,0.006726,0.0187,0.005366,0.035806,0.05401,0.009987,0.027915,0.167163,0.000718,0.010186,0.033798,0.017107,0.002862,0.010019,0.001809,0.006369,0.001155,0.000631,0.000229,0.000242,0.000235,0.002493,0.019444,0.000516,1.1e-05,0.000115,0.000994,0.002927,0.003394,0.000711,0.000748,0.00021,0.00021,0.000183,0.00016,0.000152,0.000825
1466,1,oto,0,0.001176,0.000212,0.000918,0.001731,0.000181,0.007087,0.008015,0.005893,0.004165,0.000708,0.002571,0.001246,0.006143,0.008179,0.004079,0.000348,0.000291,0.000615,0.00111,9.5e-05,0.178106,0.121882,0.001181,0.085623,0.014099,0.026091,0.080979,0.067326,0.009245,0.165985,0.005853,0.046837,0.072527,0.196474,0.045571,0.001333,0.848787,0.001145,0.000473,0.00039
1467,1,rah,1,0.982329,0.999051,0.996748,0.999986,0.999957,0.995793,0.998856,0.998289,0.99821,0.996922,0.999018,0.999223,0.999398,0.999569,0.995741,0.999231,0.999624,0.998993,0.999384,0.999607,0.654147,0.569431,0.594292,0.543425,0.512678,0.619452,0.578886,0.541518,0.548238,0.586202,0.518062,0.593684,0.573601,0.516451,0.642789,0.538217,0.567588,0.569592,0.558031,0.522966
1468,2,owo,0,7.4e-05,0.000727,8.2e-05,0.001111,0.000212,0.001669,0.001218,0.000268,0.000387,0.001716,0.000135,9e-05,0.001188,0.000605,0.000642,0.001434,0.000196,0.000435,0.000491,0.000188,0.044103,0.070179,0.040984,0.129002,0.130376,0.09088,0.052284,0.072613,0.136789,0.110236,0.053433,0.15128,0.231329,0.098184,0.169523,0.075091,0.026964,0.175732,0.065114,0.041005
1469,3,tra,0,8.9e-05,4.7e-05,8.8e-05,6e-06,2.7e-05,0.000115,2.6e-05,1.4e-05,7.5e-05,3e-05,2.4e-05,8e-06,0.001535,8e-06,0.000104,2e-05,4.3e-05,3.5e-05,2e-05,2e-05,8e-06,4.6e-05,1e-06,6e-06,5e-06,1.4e-05,1e-06,0.0,0.0,9e-06,2e-06,0.0,2e-06,0.0,0.0,0.000161,0.000168,0.000178,0.000105,0.000313
1470,2,ori,0,0.000781,0.003505,0.003512,0.041807,0.003783,0.001544,0.000394,0.002719,0.002807,0.003429,0.000405,7.8e-05,0.008124,0.002038,0.000774,4.7e-05,0.000116,0.000234,9e-05,2.8e-05,0.000171,0.000324,5e-06,0.000146,0.000387,0.000548,0.000106,4e-06,5.6e-05,8.7e-05,2.2e-05,0.000255,1.6e-05,5.3e-05,2.8e-05,0.000435,0.000254,0.000225,0.000174,0.00057
1471,2,rti,1,0.980832,0.994823,0.998227,0.993795,0.99971,0.998314,0.997878,0.99846,0.988234,0.99948,0.995932,0.999519,0.963489,0.989318,0.994484,0.999774,0.999694,0.99846,0.999318,0.999531,0.999997,0.999024,0.943004,0.999627,0.999945,0.989193,0.998147,0.999188,0.999537,0.997013,0.99987,0.994963,0.988513,0.999554,0.999853,0.999742,0.999603,0.999656,0.99974,0.999616
1472,4,ana,0,0.000212,0.013078,0.00056,0.001306,0.001193,0.004598,0.006659,0.001399,0.001342,0.001006,0.001154,4.2e-05,0.000962,0.001403,0.001036,3.5e-05,0.000527,0.000143,8.6e-05,2.9e-05,1.3e-05,0.002868,8.6e-05,0.000508,0.000317,0.000178,0.000115,2e-06,1.1e-05,2.2e-05,7e-06,1e-05,9e-06,1e-06,6e-06,0.000362,0.000298,0.000314,0.00024,0.000631
1473,1,pri,0,0.183348,0.439762,0.051857,0.125888,0.038219,0.275611,0.318819,0.446328,0.24708,0.355187,0.074007,0.073432,0.354759,0.685311,0.454896,0.605438,0.131522,0.353506,0.717021,0.146968,0.015063,0.814218,9.8e-05,0.328502,0.147051,0.194151,0.272233,0.000792,0.386865,0.182643,0.041666,0.093485,0.001708,0.10543,0.150506,0.00153,0.005301,0.001763,0.000218,0.001868
1474,2,isa,1,0.905244,0.887219,0.978956,0.931852,0.889813,0.746562,0.766715,0.91418,0.782373,0.614683,0.851777,0.991904,0.794329,0.995518,0.906996,0.768936,0.932805,0.98081,0.968491,0.954694,0.96586,0.981405,0.981284,0.998619,0.999502,0.977998,0.997317,0.999463,0.993414,0.989882,0.968584,0.993535,0.944361,0.98439,0.998452,0.995419,0.999651,0.999484,0.999591,0.997467
1475,3,ama,0,0.122611,0.246069,0.018446,0.040063,0.07091,0.009598,0.009338,0.021722,0.034292,0.015148,0.065866,0.06305,0.016174,0.03423,0.024948,0.207658,0.118998,0.036036,0.206515,0.007639,0.011233,0.024812,0.347102,0.179607,0.301487,0.002277,0.003806,0.003267,0.15901,0.124869,0.004152,0.005038,0.008544,0.231356,0.034804,0.000709,0.000357,0.000323,0.125181,0.002962
1476,1,nto,0,0.001002,0.000445,0.00337,0.001493,0.001205,0.001085,0.00594,0.000724,0.003563,0.001564,0.003449,0.002401,0.001729,0.003495,0.002055,0.000145,0.000414,0.000977,6.1e-05,7.9e-05,0.000709,0.000504,0.04654,0.020758,0.000584,0.142231,0.008182,0.038559,0.00868,0.035218,0.017954,0.020709,0.156347,0.015063,0.001809,0.000318,0.00017,0.000441,0.000131,0.001693
1477,2,nti,1,0.999899,0.999898,0.999959,0.999977,0.999669,0.999028,0.999344,0.999661,0.99951,0.999551,0.999417,0.999985,0.999639,0.998721,0.999845,0.999895,0.999922,0.999855,0.999874,0.999942,0.999983,0.999523,0.999956,0.999932,0.999982,0.999882,0.999968,0.999997,0.999968,0.999881,0.999859,0.999912,0.99994,0.999948,0.999947,0.999646,0.999697,0.999759,0.999744,0.999445
1478,3,sah,0,3.6e-05,1.5e-05,2.9e-05,2e-05,5.6e-05,4.3e-05,2.5e-05,1.5e-05,6.9e-05,4.7e-05,3.3e-05,2e-06,5.7e-05,3.3e-05,9e-06,1.3e-05,1.3e-05,1.6e-05,1.4e-05,1e-05,2e-06,5e-06,1e-06,2e-05,3.9e-05,0.0,0.0,0.0,0.0,0.0,2e-06,0.0,0.0,0.0,0.0,0.000154,0.000185,0.000139,9.6e-05,0.000217
1479,1,dar,0,0.003033,0.006534,0.004798,0.004331,0.015224,0.059492,0.078305,0.028506,0.057992,0.061162,0.108586,0.004796,0.083292,0.030566,0.015151,0.005962,0.008241,0.011624,0.004766,0.004997,0.000927,0.002966,0.002341,0.012326,0.034723,0.015557,0.013476,0.01909,0.001135,0.010932,0.015074,0.05264,0.047184,0.008226,0.002476,0.001257,0.000156,0.000278,0.004209,0.000296
1480,2,uti,1,0.999843,0.999928,0.99999,0.999987,0.999973,0.999944,0.999929,0.999888,0.999878,0.999938,0.999907,0.999788,0.999927,0.999842,0.999978,0.999952,0.999937,0.999959,0.999948,0.999951,0.999997,0.999997,1.0,0.999996,0.999999,1.0,1.0,1.0,1.0,1.0,0.999999,1.0,1.0,1.0,1.0,0.999728,0.99976,0.999749,0.999789,0.999658
1481,3,iyo,0,0.001418,0.00078,0.018431,0.007186,0.009757,0.005341,0.003278,0.002532,0.004751,0.001575,0.004494,0.000411,0.003382,0.004366,0.000809,0.00086,0.0009,0.000326,0.000208,0.000425,0.002265,0.004187,0.000987,0.000914,0.003379,0.001492,0.000244,0.000111,0.000315,0.002542,0.000102,0.000295,0.000691,0.000539,0.000911,0.000217,0.000322,0.000269,0.000122,0.000304
1482,4,lid,0,0.003002,0.000978,0.001091,0.005949,0.002073,0.000747,0.000155,0.000755,0.000854,8.8e-05,0.002309,0.000195,0.004599,0.000771,0.000451,0.000497,0.003283,0.000869,0.006127,0.002239,0.680265,0.032254,0.031243,0.606194,0.003662,0.497929,0.004947,0.098446,0.001804,0.011852,0.167487,0.129824,0.007412,0.007243,0.004676,0.001306,0.000675,0.000536,0.002239,0.00551
1483,4,ani,0,0.012415,0.016448,0.008222,0.001529,0.006123,0.009505,0.001155,0.006314,0.022378,0.004021,0.002761,0.00033,0.008101,0.001808,0.001113,0.003079,0.005211,0.002534,0.000447,0.003131,0.0014,0.000859,0.000141,0.000667,0.016863,0.007703,0.003491,4e-06,2.9e-05,0.000111,2.4e-05,0.003152,8e-06,5.8e-05,1e-06,0.000362,0.000332,0.000274,0.0002,0.012788
1484,1,gun,0,0.112139,0.162746,0.32737,0.603608,0.062017,0.21374,0.214,0.193957,0.250622,0.130613,0.289141,0.483219,0.147346,0.264943,0.210714,0.075863,0.008423,0.151546,0.084884,0.363096,0.654147,0.569431,0.594292,0.543425,0.512678,0.619452,0.578886,0.541518,0.548238,0.586202,0.518062,0.593684,0.573601,0.516451,0.642789,0.538217,0.567588,0.569592,0.558031,0.522966
1485,1,yah,1,0.795671,0.980052,0.98551,0.733524,0.431994,0.821394,0.721902,0.665348,0.857835,0.476416,0.154101,0.971593,0.64848,0.949755,0.436005,0.998151,0.996856,0.99123,0.903092,0.996947,0.654147,0.569431,0.594292,0.543425,0.512678,0.619452,0.578886,0.541518,0.548238,0.586202,0.518062,0.593684,0.573601,0.516451,0.642789,0.538217,0.567588,0.569592,0.558031,0.522966
1486,2,ndi,0,9e-06,5.1e-05,1.6e-05,0.000352,5.3e-05,0.000151,0.000308,0.001282,0.00084,0.00131,0.000241,8.7e-05,0.000612,0.000441,0.000626,6.9e-05,0.000128,0.000113,5.2e-05,0.000117,0.006545,0.309015,0.005537,0.000898,0.035697,0.174727,0.677986,0.004842,0.002155,0.016847,0.065723,0.150227,0.015471,0.012392,0.033352,0.000642,0.000329,0.000158,0.000205,0.000842
1487,3,iah,1,0.999349,0.996519,0.999758,0.9998,0.999943,0.999909,0.999963,0.999818,0.999862,0.999817,0.999825,0.999951,0.999764,0.999994,0.999943,0.999805,0.999911,0.999838,0.999813,0.999904,0.999424,0.996856,0.999681,0.998808,0.997526,0.998193,0.997996,0.999022,0.999408,0.997384,0.999501,0.999638,0.999826,0.999657,0.99986,0.996553,0.999415,0.999337,0.999652,0.998126
1488,1,ail,0,0.024774,0.003005,0.000548,0.006167,0.019111,0.022562,0.064939,0.021681,0.021965,0.022425,0.024496,0.00176,0.035309,0.011646,0.009647,0.000711,0.00057,0.002914,0.001065,0.00033,0.005965,1.7e-05,0.00032,0.000494,0.00026,0.005946,0.000262,8.9e-05,0.000332,0.00041,0.0061,9.2e-05,0.000476,0.000827,0.000215,0.000187,0.000147,0.000139,0.000132,0.000294
1489,1,dah,1,0.994038,0.989963,0.999261,0.99796,0.998365,0.983086,0.984921,0.976624,0.991158,0.98547,0.973944,0.978511,0.985816,0.993089,0.990315,0.99956,0.998974,0.998999,0.997782,0.999356,0.88758,0.890535,0.987321,0.958398,0.126364,0.796647,0.658811,0.887864,0.880098,0.620473,0.823004,0.628162,0.872873,0.813766,0.224209,0.999495,0.999589,0.999409,0.983216,0.999338
1490,1,hdi,0,0.010683,0.010873,0.008944,0.000621,0.010707,0.016511,0.019631,0.004753,0.015524,0.003189,0.002256,0.00474,0.014225,0.001998,0.003114,0.000541,0.000458,0.000754,0.000574,0.000215,0.654147,0.569431,0.594292,0.543425,0.512678,0.619452,0.578886,0.541518,0.548238,0.586202,0.518062,0.593684,0.573601,0.516451,0.642789,0.538217,0.567588,0.569592,0.558031,0.522966
1491,3,tri,1,0.999616,0.999906,0.999889,0.99895,0.999917,0.999804,0.99691,0.999837,0.99957,0.999937,0.999697,0.99978,0.998352,0.999257,0.999417,0.999792,0.999932,0.999863,0.999892,0.999922,0.999845,0.999993,0.999975,0.999995,0.999999,1.0,1.0,1.0,1.0,0.999999,1.0,0.999999,1.0,1.0,0.999999,0.999719,0.999739,0.99965,0.99974,0.999621
1492,1,ara,1,0.69233,0.99237,0.750969,0.703018,0.929235,0.503538,0.772814,0.566217,0.671558,0.704596,0.450449,0.76392,0.438571,0.879062,0.383553,0.972187,0.856971,0.971716,0.845563,0.448683,0.997444,0.95095,0.010732,0.291877,0.900244,0.2781,0.468613,0.643056,0.969005,0.363916,0.575597,0.561836,0.487033,0.427732,0.936159,0.8455,0.884821,0.999472,0.825407,0.130192
1493,1,rma,1,0.971999,0.998339,0.99877,0.999044,0.994878,0.917366,0.969468,0.900486,0.932657,0.964648,0.979968,0.991294,0.954756,0.919156,0.950171,0.994808,0.971338,0.974973,0.995203,0.950326,0.654147,0.569431,0.594292,0.543425,0.512678,0.619452,0.578886,0.541518,0.548238,0.586202,0.518062,0.593684,0.573601,0.516451,0.642789,0.538217,0.567588,0.569592,0.558031,0.522966
1494,1,han,0,0.00228,0.416455,0.2001,0.002672,0.011727,0.071081,0.412184,0.050215,0.085171,0.121841,0.109162,0.032051,0.11278,0.005478,0.087167,0.006545,0.028005,0.001728,0.028284,0.004427,0.654147,0.569431,0.594292,0.543425,0.512678,0.619452,0.578886,0.541518,0.548238,0.586202,0.518062,0.593684,0.573601,0.516451,0.642789,0.538217,0.567588,0.569592,0.558031,0.522966
1495,2,dun,1,0.999028,0.996772,0.999769,0.999422,0.995422,0.99499,0.994154,0.989448,0.99013,0.994731,0.995368,0.999586,0.995342,0.99184,0.995057,0.999874,0.999732,0.999823,0.999376,0.999495,0.999881,0.99993,0.999997,0.999659,0.99996,0.999974,0.999999,0.999998,0.999979,0.999966,0.999989,0.99997,0.99997,0.999962,0.999982,0.999566,0.99961,0.999617,0.999709,0.999305
1496,2,ati,1,0.99279,0.996894,0.999582,0.999817,0.998743,0.997931,0.999393,0.997165,0.999498,0.996313,0.99903,0.99986,0.998119,0.997532,0.998552,0.999858,0.999854,0.999806,0.999834,0.999849,0.999976,0.998247,0.999994,0.997078,0.999963,0.998238,0.999423,0.999767,0.99765,0.992371,0.999702,0.999521,0.99949,0.988254,0.999145,0.998544,0.999292,0.999082,0.999442,0.998301
1497,2,yad,0,1.5e-05,1.7e-05,1.6e-05,5.1e-05,1.4e-05,3.3e-05,1.6e-05,1.5e-05,7.9e-05,4e-05,1.9e-05,1.8e-05,6.7e-05,1.3e-05,1.5e-05,1.1e-05,1e-05,1.3e-05,1.6e-05,1e-05,2e-06,2e-06,0.0,1.5e-05,1e-06,2e-06,0.0,0.0,1e-06,0.0,1e-06,0.0,0.0,1e-06,0.0,0.000147,0.000152,0.000131,9.7e-05,0.000228
1498,2,ian,0,0.008575,0.064282,0.036705,0.019332,0.023294,0.001454,0.002764,0.007354,0.003169,0.002068,0.007937,0.000746,0.009076,0.001379,0.003738,0.000151,5e-05,0.00037,0.000101,0.000256,0.000398,0.003785,0.00068,0.040764,0.00088,0.004012,0.001534,0.002633,0.0019,0.002078,0.00063,0.014915,0.002689,0.002105,3.7e-05,0.000223,0.000163,0.000188,0.000122,0.001144
1499,2,a'i,0,0.007083,0.00223,0.007612,0.002872,0.000364,0.002795,0.000713,0.000849,0.020753,0.0018,0.000797,0.002042,0.00294,0.000488,0.000734,0.002295,0.000282,0.001499,0.0007,0.000139,0.580008,0.55234,0.626053,0.582574,0.519549,0.606422,0.577788,0.540547,0.53322,0.610678,0.570624,0.587211,0.612958,0.504852,0.623406,0.539257,0.562371,0.571446,0.55591,0.536121
1500,1,nto,0,0.001002,0.000445,0.00337,0.001493,0.001205,0.001085,0.00594,0.000724,0.003563,0.001564,0.003449,0.002401,0.001729,0.003495,0.002055,0.000145,0.000414,0.000977,6.1e-05,7.9e-05,0.000709,0.000504,0.04654,0.020758,0.000584,0.142231,0.008182,0.038559,0.00868,0.035218,0.017954,0.020709,0.156347,0.015063,0.001809,0.000318,0.00017,0.000441,0.000131,0.001693
1501,1,tin,1,0.945136,0.81088,0.912889,0.983821,0.957223,0.957256,0.822345,0.680928,0.933521,0.627202,0.85087,0.946058,0.637044,0.716757,0.934935,0.982064,0.983458,0.989792,0.988486,0.983689,0.654147,0.569431,0.594292,0.543425,0.512678,0.619452,0.578886,0.541518,0.548238,0.586202,0.518062,0.593684,0.573601,0.516451,0.642789,0.538217,0.567588,0.569592,0.558031,0.522966
1502,3,ani,1,0.998077,0.998085,0.999118,0.995833,0.976208,0.999583,0.99907,0.955248,0.999539,0.978498,0.992264,0.999793,0.997321,0.965976,0.975568,0.999422,0.994463,0.997862,0.99941,0.999609,0.996133,0.975526,0.996589,0.996615,0.982646,0.85688,0.988804,0.976592,0.955657,0.99175,0.979883,0.991062,0.985748,0.979724,0.634959,0.980472,0.990483,0.988754,0.998056,0.996024
1503,1,run,0,0.202426,0.067212,0.027683,0.297319,0.446243,0.097111,0.08306,0.061514,0.181757,0.355712,0.105271,0.083316,0.125529,0.173633,0.365792,0.31726,0.029884,0.241023,0.070677,0.335512,0.654147,0.569431,0.594292,0.543425,0.512678,0.619452,0.578886,0.541518,0.548238,0.586202,0.518062,0.593684,0.573601,0.516451,0.642789,0.538217,0.567588,0.569592,0.558031,0.522966
1504,1,lah,1,0.928508,0.985329,0.995013,0.951978,0.962217,0.947413,0.991769,0.975007,0.989025,0.971791,0.988316,0.984605,0.990083,0.994355,0.987559,0.998382,0.99947,0.992133,0.989493,0.997952,0.654147,0.569431,0.594292,0.543425,0.512678,0.619452,0.578886,0.541518,0.548238,0.586202,0.518062,0.593684,0.573601,0.516451,0.642789,0.538217,0.567588,0.569592,0.558031,0.522966
1505,2,ria,0,0.008544,0.002148,0.001156,0.058216,0.015536,0.004871,0.077539,0.043726,0.031832,0.03334,0.03467,0.001933,0.031706,0.045984,0.00838,0.003433,0.055111,0.011043,0.00672,0.001091,7.9e-05,0.000378,3.7e-05,0.000199,0.000498,0.00055,0.00038,0.000253,0.000322,0.000134,0.000887,0.001515,0.001086,0.000226,7.5e-05,0.000229,0.000154,0.000173,0.000126,0.00069
1506,2,asi,1,0.996852,0.999313,0.994741,0.999937,0.994252,0.996657,0.996199,0.999455,0.993483,0.983966,0.999333,0.999655,0.99899,0.995189,0.993839,0.99994,0.9999,0.99994,0.999908,0.999936,0.9992,0.941041,0.998799,0.99764,0.999511,0.887629,0.916292,0.993006,0.995403,0.994993,0.959368,0.957286,0.988263,0.999155,0.998385,0.999184,0.997679,0.999009,0.999242,0.998616
1507,2,kha,1,0.999476,0.999963,0.999389,0.999842,0.999952,0.998546,0.998159,0.996775,0.997911,0.998042,0.999633,0.999936,0.997663,0.999539,0.998872,0.99992,0.999758,0.999715,0.999699,0.999944,0.999994,0.999994,0.999996,0.999986,0.999984,0.999997,0.999979,0.999994,0.999997,0.999997,0.99994,0.999983,0.999976,0.999998,0.999979,0.999715,0.999721,0.999735,0.999773,0.999599
1508,1,din,0,0.014123,0.009884,0.07956,0.182447,0.034515,0.087756,0.087088,0.03855,0.071522,0.030974,0.020458,0.03152,0.173916,0.060195,0.095118,0.014715,0.003287,0.035648,0.018194,0.011597,0.14128,0.112768,0.015531,0.21747,0.017654,0.097121,0.082174,0.068765,0.091014,0.060219,0.129699,0.178583,0.141638,0.1083,0.055336,0.00217,0.000744,0.000529,0.001287,0.00429
1509,3,tri,1,0.999965,0.999918,0.999986,0.999967,0.99973,0.99983,0.999986,0.999939,0.999688,0.999967,0.999692,0.99998,0.999889,0.99981,0.999922,0.999893,0.999941,0.999907,0.999947,0.999965,0.999954,0.999946,0.99996,0.999949,0.999931,0.999609,0.999994,0.999968,0.999757,0.999939,0.9999,0.999986,0.999922,0.997836,0.999625,0.999082,0.999443,0.999276,0.999451,0.99866
1510,4,aya,0,0.047798,0.084105,0.016908,0.060834,0.050026,0.002254,0.002207,0.02061,0.007707,0.124391,0.016252,0.000867,0.00851,0.110182,0.004323,0.000557,0.000215,0.017638,0.000153,5.6e-05,0.191391,0.010273,0.153066,0.076402,0.295092,0.351226,0.000574,0.021718,0.032083,0.005968,0.95746,0.022812,0.001025,0.006256,0.00853,0.003591,0.995544,0.959278,0.996045,0.406469
1511,1,nen,0,0.535024,0.854343,0.948233,0.407577,0.980914,0.617596,0.759956,0.619418,0.597022,0.681795,0.585212,0.624553,0.7865,0.725197,0.832594,0.850371,0.328009,0.917085,0.76137,0.932476,0.654147,0.569431,0.594292,0.543425,0.512678,0.619452,0.578886,0.541518,0.548238,0.586202,0.518062,0.593684,0.573601,0.516451,0.642789,0.538217,0.567588,0.569592,0.558031,0.522966
1512,1,ati,1,0.998788,0.999431,0.999676,0.999869,0.999813,0.998689,0.999712,0.999271,0.998946,0.999329,0.999791,0.930873,0.999223,0.99389,0.99891,0.999715,0.999664,0.999378,0.999602,0.999593,0.654147,0.569431,0.594292,0.543425,0.512678,0.619452,0.578886,0.541518,0.548238,0.586202,0.518062,0.593684,0.573601,0.516451,0.642789,0.538217,0.567588,0.569592,0.558031,0.522966
1513,2,rbi,0,0.000871,0.00827,0.001367,0.002636,0.006659,0.002742,0.001279,0.002531,0.003376,0.020114,0.006088,6.4e-05,0.003092,0.015815,0.00279,0.000745,6.8e-05,0.001342,0.00011,4.4e-05,0.061729,0.571082,0.428939,0.020411,0.009409,0.081425,0.078767,0.058805,0.054101,0.108527,0.121879,0.20709,0.149668,0.186559,0.025064,0.002813,0.002413,0.011164,0.167091,0.143703
1514,1,ino,0,0.000495,0.006531,0.002998,0.006791,0.008207,0.064289,0.041118,0.027975,0.037678,0.005418,0.036613,0.003904,0.037132,0.008548,0.02924,7.1e-05,0.0001,0.000127,7.8e-05,4.5e-05,0.000219,0.031788,0.07094,0.000492,5.5e-05,0.000581,0.005252,0.002422,0.000256,0.009036,0.000924,0.007339,0.037003,0.030565,0.00086,0.00019,0.000162,0.000141,0.000109,0.00039
1515,3,ati,1,0.792802,0.99254,0.999279,0.983143,0.99802,0.888626,0.925828,0.942857,0.852489,0.86177,0.915743,0.958921,0.903313,0.974613,0.802621,0.996655,0.976082,0.99432,0.995541,0.994909,0.949268,0.998364,0.995359,0.96527,0.998208,0.999763,0.999428,0.987683,0.999066,0.999916,0.978611,0.999657,0.996385,0.99986,0.999952,0.999062,0.99916,0.999237,0.999092,0.998018
1516,3,nta,0,0.00175,0.003323,0.003273,0.008517,0.005896,0.004142,0.005348,0.003124,0.013453,0.010219,0.011916,5e-05,0.004695,0.003241,0.001664,0.000262,0.000452,0.000733,0.000104,0.000355,1.5e-05,0.002618,2e-05,5.2e-05,9e-06,3.6e-05,1e-06,2e-06,0.0,2.6e-05,2.1e-05,0.000302,0.000223,0.0,1e-06,0.000168,0.00017,0.000186,0.000131,0.000435
1517,1,ono,0,0.000204,0.001505,1.6e-05,8.7e-05,0.003555,0.001364,0.000776,0.000775,0.000537,0.00043,0.000495,0.001959,0.003134,0.000848,0.000737,0.000269,0.000187,0.000176,9.9e-05,0.0003,0.033938,0.001841,0.001003,0.02169,0.00085,0.260935,0.056826,0.001758,0.030502,0.000549,0.063859,0.005073,0.019742,0.085016,0.001592,0.00036,0.000169,0.000128,0.000103,0.000468
1518,1,smi,1,0.379193,0.99193,0.835463,0.93736,0.800082,0.756757,0.852554,0.895716,0.915114,0.896882,0.955131,0.938336,0.933279,0.771118,0.849801,0.905441,0.905385,0.97428,0.9379,0.968751,0.654147,0.569431,0.594292,0.543425,0.512678,0.619452,0.578886,0.541518,0.548238,0.586202,0.518062,0.593684,0.573601,0.516451,0.642789,0.538217,0.567588,0.569592,0.558031,0.522966
1519,2,rdi,0,0.000157,0.000454,9.7e-05,0.000903,0.000294,0.000211,0.001105,0.002332,0.000932,0.001397,0.000873,0.000412,0.010011,0.000315,0.00024,0.000112,9.3e-05,0.000105,7e-05,9.6e-05,0.27601,0.826548,0.151537,0.022604,0.03518,0.210803,0.392787,0.799522,0.053692,0.448808,0.070748,0.155019,0.526247,0.022648,0.027322,0.107822,0.014033,0.542195,0.031621,0.042682
1520,3,tri,1,0.997094,0.999926,0.999776,0.997658,0.999909,0.999946,0.999978,0.999993,0.999972,0.999988,0.999972,0.999711,0.999381,0.999932,0.999932,0.99993,0.999901,0.999892,0.999943,0.999939,0.999993,0.999999,0.999996,0.999985,0.999999,0.999874,1.0,1.0,0.999999,0.999999,1.0,1.0,1.0,0.999982,1.0,0.999689,0.999721,0.999671,0.999698,0.999578
1521,1,adi,0,0.005473,0.00919,0.012999,0.004172,0.016061,0.012682,0.011404,0.004195,0.010115,0.003527,0.005398,7.6e-05,0.005215,0.002836,0.006945,0.000184,0.000126,0.001144,0.000138,0.000612,0.003814,0.00026,0.000311,0.001772,0.000644,0.120418,0.015567,0.00206,0.009096,0.069815,0.027447,0.019255,0.003165,0.005562,0.015805,0.00053,0.000187,0.000157,0.000117,0.001037
1522,1,ani,1,0.993513,0.996667,0.999083,0.998464,0.987072,0.991393,0.961267,0.942358,0.880946,0.975228,0.995175,0.994695,0.98601,0.98355,0.963166,0.985261,0.988295,0.99269,0.954819,0.997935,0.999843,0.999434,0.999993,0.999764,0.99988,0.999535,0.997281,0.999693,0.997124,0.994622,0.999544,0.993319,0.998251,0.954803,0.99947,0.99967,0.999732,0.999676,0.999838,0.999663
1523,2,tio,0,9.2e-05,0.002369,0.00071,0.00113,0.000462,0.000184,0.000289,0.000582,0.000595,2.6e-05,0.000347,0.000104,0.000258,0.000103,9.6e-05,2.9e-05,6.1e-05,7.7e-05,4.2e-05,2.3e-05,3e-06,1.6e-05,2e-06,3.5e-05,1.6e-05,2.4e-05,3e-06,2.6e-05,1e-06,5e-06,1.6e-05,5e-06,5.5e-05,2e-06,1e-06,0.000154,0.000152,0.00015,0.000101,0.000279
1524,3,isy,1,0.998904,0.995372,0.999506,0.998588,0.997892,0.998009,0.997823,0.995943,0.998704,0.998757,0.990476,0.999714,0.997767,0.999005,0.998013,0.999749,0.999902,0.998611,0.999247,0.999757,0.999493,0.999298,0.999652,0.958324,0.999978,0.999429,1.0,0.999992,0.999567,0.99979,1.0,1.0,0.9969,0.998253,0.999993,0.999672,0.999664,0.999695,0.999731,0.999066
1525,2,nto,0,0.000308,0.010555,0.000424,0.001628,0.001064,3e-05,5e-05,0.000165,0.000309,5.2e-05,0.000259,0.000535,0.000284,0.000175,4e-05,2.1e-05,4e-05,4.3e-05,0.000184,4.5e-05,0.001074,0.002628,0.000301,0.003623,0.000997,0.007758,0.000312,0.000654,0.002063,0.008565,0.001456,0.000436,0.000968,0.003591,0.003282,0.000561,0.000303,0.000301,0.000391,0.00261
1526,2,mah,1,0.999995,0.999906,1.0,0.999999,1.0,0.999953,0.999998,0.999944,0.999988,0.99995,0.999945,0.999999,0.999992,0.999989,0.999994,0.999964,0.999929,0.999928,0.999952,0.999955,0.999999,0.999995,1.0,0.99999,0.999997,1.0,1.0,1.0,1.0,0.999999,1.0,1.0,1.0,1.0,1.0,0.999734,0.999745,0.999757,0.999797,0.999633
1527,2,lli,0,2.1e-05,1.8e-05,3e-05,0.000232,0.000131,2.7e-05,8e-05,0.000253,0.000107,6.2e-05,1.8e-05,1.8e-05,0.001676,6.5e-05,3.8e-05,3.9e-05,4.2e-05,5.2e-05,7.2e-05,3.7e-05,2.9e-05,3.4e-05,1e-05,0.00043,0.000239,0.000106,2.3e-05,1.2e-05,2e-05,5.9e-05,7e-06,1.5e-05,6.8e-05,1.3e-05,1.7e-05,0.000352,0.000259,0.000254,0.000175,0.000666
1528,2,nah,1,0.999925,0.999936,0.999898,0.999974,0.999787,0.999229,0.999865,0.999768,0.998787,0.999793,0.999874,0.999832,0.999353,0.99995,0.999909,0.999917,0.9999,0.999912,0.999908,0.99992,0.999993,0.999994,0.999996,0.999944,0.999996,0.999997,1.0,1.0,1.0,0.999997,0.999996,0.999999,0.999996,0.999997,0.999999,0.999723,0.999736,0.999765,0.999752,0.999594
1529,1,aud,0,0.000634,0.000334,0.002526,0.002897,0.000367,0.003724,0.012003,0.00136,0.009905,0.00364,0.003505,0.00399,0.001574,0.000738,0.001542,0.009028,0.02904,0.003124,0.010211,0.000734,0.560755,0.010627,0.032461,0.476898,0.010633,0.336296,0.29223,0.001228,0.029666,0.045661,0.070353,0.468203,0.056268,0.168805,0.026337,0.000358,0.000156,0.000174,0.000261,0.001111
1530,2,yah,1,0.999971,0.999384,0.999978,0.999926,0.999683,0.999195,0.99989,0.998858,0.999731,0.999316,0.999457,0.999886,0.999787,0.998306,0.999486,0.999938,0.999892,0.999921,0.999925,0.999924,0.999994,0.999997,1.0,0.999986,0.999997,0.999998,1.0,1.0,0.999999,0.999998,1.0,0.999996,0.999999,0.999997,0.999994,0.999716,0.999757,0.999743,0.9998,0.999641
1531,1,aya,1,0.677469,0.99374,0.968586,0.934548,0.909108,0.907571,0.547971,0.743786,0.700953,0.882495,0.729942,0.478263,0.628018,0.833647,0.805767,0.994174,0.993842,0.939936,0.994893,0.9105,0.654147,0.569431,0.594292,0.543425,0.512678,0.619452,0.578886,0.541518,0.548238,0.586202,0.518062,0.593684,0.573601,0.516451,0.642789,0.538217,0.567588,0.569592,0.558031,0.522966
1532,2,ani,1,0.995658,0.999822,0.999395,0.998652,0.9995,0.998684,0.997822,0.995302,0.996799,0.9982,0.994903,0.999158,0.998516,0.996141,0.994133,0.999471,0.999846,0.999623,0.999897,0.999766,0.999964,0.99999,0.999975,0.999712,0.999434,0.995958,0.999909,0.99999,0.999911,0.999629,0.998985,0.999971,0.99944,0.99992,0.999893,0.999541,0.999529,0.99973,0.999777,0.999574
1533,3,ldi,0,0.001774,0.000724,0.000864,0.000218,0.002605,0.00365,0.000621,0.002018,0.008837,0.002743,0.001558,2.1e-05,0.001615,0.00329,0.000517,7.6e-05,4.9e-05,0.000116,0.000206,6.4e-05,7.7e-05,4.2e-05,1e-06,6.2e-05,5e-06,2.1e-05,9e-06,0.0,0.0,3e-06,6e-06,1e-06,6e-06,1e-06,0.0,0.000167,0.000161,0.000216,0.000115,0.0003
1534,2,ana,0,0.000176,0.000194,0.00017,0.000267,7.9e-05,0.000289,0.000312,0.000197,0.000898,0.000807,0.000227,5.2e-05,0.000405,3.1e-05,0.000419,5.2e-05,0.00011,6.5e-05,0.000104,4e-05,1.2e-05,8e-06,4e-06,1.5e-05,2.1e-05,2.5e-05,1e-06,4e-06,1e-06,2.2e-05,1.8e-05,3e-06,1.3e-05,2e-06,3.4e-05,0.00016,0.000143,0.000134,9.9e-05,0.00025
1535,2,idi,0,0.000152,0.000707,0.003184,0.001399,0.001333,0.000822,0.000773,0.002857,0.001636,0.001135,0.001873,0.000609,0.00731,0.000359,0.00102,0.00012,0.000501,9.9e-05,5.8e-05,6.3e-05,0.001179,8e-06,5.1e-05,7.6e-05,5.6e-05,0.000926,6e-06,1.3e-05,3e-06,3.3e-05,0.001141,1.5e-05,5.2e-05,1.1e-05,3.5e-05,0.000152,0.000156,0.000141,0.000112,0.000358
1536,2,ami,0,8.6e-05,9.9e-05,0.003046,0.004745,0.006063,0.000318,0.02104,0.017689,0.001496,0.009719,0.021859,0.000448,0.003491,0.000831,0.003187,0.000272,7.8e-05,0.000278,0.000114,0.000269,4.7e-05,6.8e-05,0.000197,0.000525,0.000276,9.7e-05,1.6e-05,0.000148,2.8e-05,5e-06,0.000162,6.1e-05,0.000111,1e-06,8e-06,0.000167,0.000261,0.00018,0.000116,0.000527
1537,1,dah,1,0.999878,0.99958,0.999973,0.999876,0.999814,0.998715,0.999298,0.998867,0.99895,0.999428,0.99959,0.999912,0.99903,0.999827,0.998386,0.999518,0.999526,0.998933,0.99927,0.999569,0.654147,0.569431,0.594292,0.543425,0.512678,0.619452,0.578886,0.541518,0.548238,0.586202,0.518062,0.593684,0.573601,0.516451,0.642789,0.538217,0.567588,0.569592,0.558031,0.522966
1538,1,nto,0,0.000515,0.001739,0.001186,0.000181,0.004784,0.00956,0.001281,0.001295,0.001563,0.000557,0.004012,0.000442,0.011491,0.00227,0.004854,4.1e-05,4.1e-05,0.000137,8.9e-05,3.6e-05,0.654147,0.569431,0.594292,0.543425,0.512678,0.619452,0.578886,0.541518,0.548238,0.586202,0.518062,0.593684,0.573601,0.516451,0.642789,0.538217,0.567588,0.569592,0.558031,0.522966
1539,1,ono,0,5.1e-05,2.2e-05,0.000171,7.7e-05,0.000543,0.000596,0.000189,0.000195,0.000721,0.000188,0.000137,3.5e-05,0.000499,0.000272,0.00036,5.4e-05,7.1e-05,9.5e-05,0.000116,2.6e-05,0.654147,0.569431,0.594292,0.543425,0.512678,0.619452,0.578886,0.541518,0.548238,0.586202,0.518062,0.593684,0.573601,0.516451,0.642789,0.538217,0.567588,0.569592,0.558031,0.522966
1540,2,sih,1,0.999755,0.999495,0.999534,0.9997,0.99979,0.998764,0.999029,0.999544,0.998048,0.999762,0.99945,0.99915,0.999046,0.998988,0.999364,0.99965,0.999826,0.999469,0.999819,0.999859,0.999946,0.999985,0.999999,0.999947,0.999981,0.999981,0.999999,1.0,0.999998,0.999989,0.999993,0.999999,0.999999,0.999998,0.999975,0.999722,0.999742,0.99977,0.999772,0.999511
1541,2,ani,0,0.018516,0.124768,0.048193,0.290573,0.015695,0.077861,0.091004,0.075555,0.214767,0.098748,0.105353,0.007142,0.029445,0.004996,0.358201,0.225237,0.074464,0.027473,0.18455,0.07087,0.0005,0.000227,0.000364,0.000151,3e-06,0.000755,0.000213,0.000412,0.000142,4.9e-05,5.1e-05,0.000237,0.001328,2.4e-05,0.0,0.00017,0.000163,0.000145,0.000124,0.000252
1542,2,ria,1,0.999618,0.999956,0.999915,0.999843,0.999901,0.998617,0.998999,0.998293,0.994878,0.998921,0.997786,0.99998,0.999356,0.999408,0.99856,0.995879,0.998623,0.983338,0.987478,0.998391,0.99963,0.999998,0.999997,0.984833,0.999984,0.999479,0.999954,0.99999,0.999732,0.999862,0.999173,0.999955,0.999528,0.99976,0.999903,0.999688,0.999671,0.999657,0.999741,0.99961
1543,3,ani,0,0.003046,0.000818,0.013229,0.003934,0.002766,0.047729,0.001472,0.012628,0.009264,0.020983,0.012151,0.000932,0.012962,0.00082,0.110233,0.00427,0.000948,0.002553,0.003936,0.000505,0.000177,0.00093,0.008844,0.014736,0.004067,0.006088,0.002718,0.023136,0.014175,0.011585,0.009085,0.009433,0.002492,0.00134,6.5e-05,0.000268,0.000184,0.000548,0.00048,0.000647
1544,1,ono,0,0.005275,0.057064,0.008719,0.003449,0.008812,0.049395,0.006471,0.009318,0.018787,0.006716,0.005613,0.001938,0.012681,0.003316,0.010284,0.000553,0.000285,0.000333,0.00341,0.000434,0.000237,0.042061,0.0007,0.003718,0.008866,0.00827,0.201725,0.001261,0.036504,0.035652,0.000857,0.078297,0.007139,0.10445,0.031381,0.000759,0.000718,0.000155,0.00025,0.002959
1545,1,rik,0,0.001655,0.000142,0.001467,0.005229,0.001546,0.0053,0.00973,0.02459,0.017181,0.022678,0.001071,0.019072,0.036686,0.023802,0.003531,0.007719,0.00054,0.004379,0.044588,0.108477,0.654147,0.569431,0.594292,0.543425,0.512678,0.619452,0.578886,0.541518,0.548238,0.586202,0.518062,0.593684,0.573601,0.516451,0.642789,0.538217,0.567588,0.569592,0.558031,0.522966
1546,1,nah,1,0.999871,0.999896,0.999997,0.999787,0.999934,0.99957,0.999754,0.999655,0.999256,0.999856,0.999297,0.999994,0.99948,0.999875,0.999317,0.999624,0.999472,0.999209,0.999732,0.999668,0.654147,0.569431,0.594292,0.543425,0.512678,0.619452,0.578886,0.541518,0.548238,0.586202,0.518062,0.593684,0.573601,0.516451,0.642789,0.538217,0.567588,0.569592,0.558031,0.522966
1547,2,din,0,0.001721,0.004592,0.004467,0.001019,0.000642,0.001553,0.013749,0.003866,0.00416,0.010421,0.000655,5.5e-05,0.007155,0.004717,0.001986,0.000215,0.000241,0.000585,0.000288,5.1e-05,9.5e-05,0.000112,5e-06,6.4e-05,0.000543,0.006107,0.000519,2e-06,6.1e-05,0.000126,0.000404,0.003568,8e-06,0.00027,0.000224,0.000206,0.000202,0.000166,0.000114,0.000333
1548,1,jan,0,0.012363,0.043501,0.003886,0.07137,0.117754,0.023754,0.136912,0.025598,0.037403,0.036514,0.040323,0.003837,0.044113,0.004285,0.012052,0.000245,0.000334,0.028569,0.003246,0.058666,0.654147,0.569431,0.594292,0.543425,0.512678,0.619452,0.578886,0.541518,0.548238,0.586202,0.518062,0.593684,0.573601,0.516451,0.642789,0.538217,0.567588,0.569592,0.558031,0.522966
1549,2,ani,1,0.993979,0.991605,0.9996,0.99987,0.999016,0.999811,0.999685,0.99933,0.998704,0.999763,0.999276,0.999172,0.998074,0.99947,0.999265,0.999874,0.999939,0.999863,0.999862,0.999952,0.999935,0.998807,0.999757,0.999585,0.998972,0.998722,0.98988,0.997294,0.998988,0.992725,0.999376,0.986567,0.982834,0.999234,0.996012,0.999194,0.999381,0.999422,0.999762,0.999552
1550,2,owo,0,0.000709,0.0106,0.029841,0.007536,0.001135,0.011661,0.017553,0.008906,0.006099,0.004143,0.00301,0.009438,0.009903,0.009276,0.012356,0.012161,0.002914,0.008369,0.001662,0.002293,0.084901,0.013474,0.032427,0.012603,0.000456,0.045713,0.013413,0.012424,0.001527,0.004056,0.024423,0.011035,0.040871,0.001099,0.018096,0.000376,0.000348,0.000212,0.000296,0.000631
1551,1,tun,1,0.993903,0.990511,0.985005,0.991307,0.872668,0.705456,0.724467,0.945242,0.85338,0.862094,0.962797,0.959494,0.841318,0.991353,0.98774,0.982906,0.991671,0.985832,0.986118,0.99122,0.654147,0.569431,0.594292,0.543425,0.512678,0.619452,0.578886,0.541518,0.548238,0.586202,0.518062,0.593684,0.573601,0.516451,0.642789,0.538217,0.567588,0.569592,0.558031,0.522966
1552,2,ani,1,0.998414,0.999629,0.999285,0.997204,0.962164,0.994933,0.991476,0.993634,0.995089,0.986558,0.998105,0.999715,0.99438,0.999201,0.999043,0.999738,0.999733,0.998831,0.999037,0.999353,0.999387,0.999397,0.99967,0.997953,0.99554,0.979886,0.996378,0.998927,0.989622,0.997417,0.992474,0.971977,0.98596,0.995252,0.999092,0.998976,0.99946,0.999665,0.999125,0.999294
1553,2,ono,0,1.8e-05,8e-06,0.00012,5.2e-05,0.000469,0.000442,0.000124,0.000519,0.000469,0.000408,0.001336,8.5e-05,0.000351,7.7e-05,0.000329,5.4e-05,0.000106,0.000141,5.8e-05,3.5e-05,0.000194,2.9e-05,1.2e-05,8.1e-05,0.000126,0.00025,0.000848,3e-05,0.000297,0.000126,1.3e-05,0.000323,0.00023,4.1e-05,4.4e-05,0.00017,0.00017,0.000152,0.000136,0.000303
1554,1,ono,0,0.000479,0.000542,0.000154,0.000226,0.000596,0.001854,0.001982,0.000713,0.001307,0.000984,0.000708,0.000262,0.003568,0.001193,0.000378,5.2e-05,6.2e-05,4e-05,0.000165,5.6e-05,0.000297,0.090031,9e-06,0.021773,0.117851,0.014961,0.045551,0.004366,0.045536,0.264906,0.004956,0.077972,0.008522,0.043368,0.101532,0.000919,0.000254,0.000286,0.000307,0.001222
1555,1,ati,1,0.999954,0.999895,0.999921,0.99998,0.999926,0.998207,0.999322,0.997875,0.998851,0.99822,0.99854,0.999844,0.9987,0.99659,0.992671,0.999481,0.999095,0.999143,0.999445,0.999494,0.654147,0.569431,0.594292,0.543425,0.512678,0.619452,0.578886,0.541518,0.548238,0.586202,0.518062,0.593684,0.573601,0.516451,0.642789,0.538217,0.567588,0.569592,0.558031,0.522966
1556,2,ama,0,5.5e-05,0.000178,0.000106,0.001258,2.9e-05,0.000349,0.00039,0.00033,0.000729,0.000138,0.000388,0.000773,0.000872,0.001637,0.000277,3.3e-05,4.3e-05,8.1e-05,3.5e-05,4.1e-05,0.000619,0.002314,0.000886,0.001811,0.000782,0.003627,0.000766,5.1e-05,9.7e-05,0.000978,0.000162,0.002204,0.001195,8.1e-05,0.00015,0.000518,0.000369,0.000326,0.000207,0.001741
1557,2,rgi,0,0.001076,0.00164,0.028088,0.00216,0.017809,0.006214,0.010282,0.003273,0.010249,0.011242,0.001351,0.261883,0.002669,0.001346,0.001148,0.001096,0.00017,0.001639,0.00091,0.000455,0.003237,0.758262,0.011204,0.766356,0.004698,0.095627,0.385855,0.188605,0.044721,0.013759,0.010037,0.541694,0.026745,0.116989,0.057095,0.002664,0.000653,0.000368,0.000469,0.053664
1558,2,man,0,0.00035,1.1e-05,0.000156,0.000196,0.000416,0.003202,0.000196,0.000534,0.001466,0.001012,0.000517,0.000442,0.001531,0.000249,0.000153,3.3e-05,7.2e-05,0.000121,0.000106,0.000238,0.00012,0.005182,8e-06,0.000971,0.000153,0.004157,0.005391,9.2e-05,0.000621,8.3e-05,0.002653,0.017837,3.8e-05,0.000851,7.1e-05,0.000224,0.000149,0.000175,0.000118,0.000256
1559,2,din,0,2.3e-05,3.9e-05,1.9e-05,0.000122,2e-05,1.9e-05,1e-05,0.000308,0.000117,8.8e-05,3.9e-05,6e-06,7.9e-05,7.2e-05,2.5e-05,1.5e-05,3e-05,3.1e-05,4.1e-05,1.5e-05,9e-06,4e-06,1e-06,2e-05,2.1e-05,4e-06,1e-06,1e-06,0.0,5e-06,0.0,2e-06,6e-06,0.0,1e-06,0.000147,0.000194,0.00016,0.000105,0.00024
1560,2,yir,0,0.000122,4.1e-05,5.2e-05,4.9e-05,0.000602,0.000254,0.000301,0.000108,0.000374,0.000259,0.000336,9.8e-05,0.00063,0.000267,0.000343,7.7e-05,3.4e-05,7.7e-05,0.000106,2.4e-05,0.000166,5.3e-05,4e-06,0.00026,3.2e-05,0.000173,1.7e-05,0.0,3e-06,5.9e-05,1.2e-05,1.2e-05,1e-06,7e-06,1e-06,0.000146,0.000141,0.000158,0.000113,0.000274
1561,2,ati,1,0.999878,0.999871,0.99991,0.999791,0.999787,0.999858,0.99991,0.99959,0.999748,0.999503,0.999634,0.999908,0.999815,0.999425,0.999681,0.999939,0.999955,0.99993,0.999965,0.999972,0.999893,0.999982,0.999959,0.999983,0.999984,0.999952,0.999963,0.999939,0.999976,0.999623,0.999911,0.999861,0.999743,0.999975,0.999903,0.999714,0.999702,0.999579,0.999755,0.999641
1562,3,san,0,5.5e-05,0.000634,0.000843,8.9e-05,0.000621,0.000245,0.000621,0.000232,0.000118,0.000162,0.000248,0.000249,0.000573,0.000204,0.000143,0.000339,9e-05,0.000149,0.00016,0.000154,1.9e-05,3.7e-05,6.3e-05,2.3e-05,0.000521,0.000126,3.4e-05,2.5e-05,4e-06,2e-06,1.6e-05,3e-06,0.000101,1e-06,0.0,0.000193,0.00017,0.000145,0.000111,0.000802
1563,1,man,0,0.002375,0.006439,0.00229,0.001348,0.064836,0.021251,0.041704,0.010419,0.01936,0.032277,0.00454,0.005238,0.008379,0.005876,0.007462,0.000331,0.001848,0.015722,0.000199,0.002849,0.061975,0.003641,0.001257,0.003105,0.005275,0.009746,0.002146,0.012289,0.001266,0.000349,0.006341,0.004753,0.010898,0.004072,0.00179,0.000265,0.000161,0.000169,0.000129,0.000262
1564,1,tik,1,0.997963,0.99956,0.996927,0.999633,0.999717,0.990031,0.998193,0.995555,0.94391,0.971426,0.993092,0.998607,0.992384,0.998717,0.988625,0.964366,0.989472,0.996719,0.995386,0.984951,0.654147,0.569431,0.594292,0.543425,0.512678,0.619452,0.578886,0.541518,0.548238,0.586202,0.518062,0.593684,0.573601,0.516451,0.642789,0.538217,0.567588,0.569592,0.558031,0.522966
1565,2,ama,0,1.2e-05,9e-05,4e-06,0.00016,0.000844,0.001028,0.000691,0.000417,0.001962,0.000579,0.001017,5e-06,0.001098,0.00073,0.003023,0.000123,3.5e-05,1.7e-05,3.7e-05,1.5e-05,1e-06,2.7e-05,0.0,1.6e-05,5e-06,2e-06,2e-06,0.0,0.0,2e-06,0.0,2e-06,0.0,0.0,1e-06,0.000178,0.000163,0.000156,0.000153,0.00025
1566,2,ogi,0,0.008345,0.050834,0.072661,0.013902,0.023749,0.037903,0.132244,0.012341,0.031731,0.023221,0.114146,0.561698,0.142608,0.016819,0.061813,0.017886,0.070767,0.127982,0.001286,0.029592,0.022338,0.132636,0.020869,0.096483,0.079103,0.091534,0.050552,0.165719,0.094432,0.164798,0.096347,0.043247,0.179086,0.117771,0.126734,0.001019,0.00042,0.001286,0.000466,0.005042
1567,2,ana,0,0.00114,0.001228,0.000202,0.005373,0.000279,0.000794,0.000362,0.000316,0.002673,0.000958,0.000521,0.000209,0.001968,0.001753,0.000906,0.000129,0.000117,0.000178,0.000139,3.8e-05,6e-06,2e-05,6e-06,5e-05,1.9e-05,7e-06,2e-06,3e-06,7e-06,9e-06,1e-06,6e-06,8e-06,4e-06,1e-06,0.000157,0.000141,0.000137,0.000102,0.000218
1568,1,kir,0,0.004279,0.012023,0.001435,0.039835,0.011371,0.003423,0.016849,0.010623,0.017745,0.012266,0.008391,0.005304,0.056009,0.016107,0.005115,0.002275,0.006088,0.001637,0.00757,0.008077,0.654147,0.569431,0.594292,0.543425,0.512678,0.619452,0.578886,0.541518,0.548238,0.586202,0.518062,0.593684,0.573601,0.516451,0.642789,0.538217,0.567588,0.569592,0.558031,0.522966
1569,1,yem,1,0.288684,0.875503,0.183072,0.951568,0.190977,0.121963,0.142175,0.099891,0.231037,0.29138,0.168099,0.885519,0.577427,0.87828,0.513584,0.170615,0.060244,0.015459,0.597191,0.273091,0.654147,0.569431,0.594292,0.543425,0.512678,0.619452,0.578886,0.541518,0.548238,0.586202,0.518062,0.593684,0.573601,0.516451,0.642789,0.538217,0.567588,0.569592,0.558031,0.522966
1570,3,nto,0,8.8e-05,0.000122,0.000189,0.000853,0.000137,7e-05,2.3e-05,2.2e-05,1.4e-05,8.5e-05,0.00018,9.1e-05,0.0004,0.000461,3.7e-05,4.1e-05,0.000114,5.3e-05,5e-05,4.3e-05,2.1e-05,3e-06,0.0,3e-05,2e-06,4.2e-05,1e-06,0.0,0.0,0.0,0.0,0.0,0.0,0.0,0.0,0.000154,0.000171,0.000169,0.000104,0.000318
1571,3,uni,1,0.993043,0.999729,0.998934,0.998896,0.999537,0.999501,0.998349,0.996049,0.999059,0.998931,0.998669,0.99939,0.998546,0.99746,0.999566,0.99988,0.999915,0.999836,0.999607,0.999953,0.999673,0.999945,0.999999,0.999691,0.999987,0.999995,0.999995,0.999993,0.999989,0.999999,0.999995,0.999986,0.99999,0.999983,0.999992,0.999731,0.999673,0.999731,0.999773,0.999659
1572,1,hid,0,0.000188,0.001018,0.000438,0.000792,0.000398,0.001442,0.00188,0.000155,0.002552,0.001733,0.000999,0.000177,0.000846,0.000262,8.1e-05,7.9e-05,6.7e-05,7.8e-05,0.000361,3.2e-05,0.030325,0.003079,0.119185,0.105169,0.014767,0.013374,0.267495,0.176103,0.017131,0.221643,0.050146,0.205598,0.177112,0.007161,0.020317,0.003352,0.011335,0.000133,0.00086,0.000599
1573,1,yah,1,0.99936,0.996478,0.999737,0.999908,0.997454,0.978433,0.997445,0.995658,0.991558,0.98914,0.988093,0.998911,0.992731,0.994774,0.992119,0.999634,0.9992,0.998052,0.999443,0.999348,0.654147,0.569431,0.594292,0.543425,0.512678,0.619452,0.578886,0.541518,0.548238,0.586202,0.518062,0.593684,0.573601,0.516451,0.642789,0.538217,0.567588,0.569592,0.558031,0.522966
1574,2,ana,0,0.000253,0.001133,0.00065,0.00055,0.000257,0.00051,0.001892,0.000837,0.00386,0.001049,0.00045,0.000267,0.001276,0.000276,0.000285,4.3e-05,0.000123,6e-05,4.6e-05,2.2e-05,1.1e-05,2.6e-05,1e-06,1.6e-05,1.9e-05,6.5e-05,1.9e-05,6e-06,6e-06,3.1e-05,2.6e-05,3.8e-05,3.9e-05,1.1e-05,6e-06,0.000206,0.000142,0.000146,0.000111,0.000452
1575,4,inu,0,7.1e-05,0.000279,2.7e-05,2.7e-05,0.000641,0.000567,0.000197,0.000183,0.000137,0.000119,4.9e-05,9e-06,0.000303,0.000219,6.1e-05,2.2e-05,1.5e-05,1.8e-05,2.9e-05,1.6e-05,3e-06,3e-06,0.0,1.1e-05,2.7e-05,0.0,0.0,0.0,0.0,0.0,0.0,0.0,0.0,0.0,0.0,0.00022,0.000193,0.000185,0.000113,0.000297
1576,1,sni,0,0.999282,0.995163,0.999558,0.999861,0.990354,0.837729,0.97817,0.921923,0.925216,0.874805,0.922892,0.987874,0.963343,0.81034,0.945313,0.986439,0.952026,0.899881,0.945901,0.965341,0.654147,0.569431,0.594292,0.543425,0.512678,0.619452,0.578886,0.541518,0.548238,0.586202,0.518062,0.593684,0.573601,0.516451,0.642789,0.538217,0.567588,0.569592,0.558031,0.522966
1577,1,ani,1,0.983641,0.993849,0.999764,0.999753,0.862193,0.895292,0.953811,0.722547,0.82533,0.864166,0.988386,0.998585,0.980326,0.958281,0.963158,0.994909,0.990357,0.954264,0.875791,0.996421,0.654147,0.569431,0.594292,0.543425,0.512678,0.619452,0.578886,0.541518,0.548238,0.586202,0.518062,0.593684,0.573601,0.516451,0.642789,0.538217,0.567588,0.569592,0.558031,0.522966
1578,3,nto,0,6.7e-05,0.000189,0.000123,0.000127,0.000247,4.7e-05,5.1e-05,6.3e-05,8.5e-05,0.00013,0.000494,5.2e-05,0.000829,0.000123,0.000158,1.5e-05,4e-05,2.2e-05,2.2e-05,1.4e-05,6.4e-05,9e-06,0.0,1e-05,6e-06,2.5e-05,0.0,0.0,0.0,6e-06,0.0,2e-06,1e-06,1e-06,0.0,0.000164,0.000173,0.000157,0.000115,0.000552
1579,2,tra,0,3e-05,1.8e-05,2.6e-05,4.1e-05,3.3e-05,0.000179,8e-05,2.8e-05,0.001393,3.1e-05,0.000131,4.7e-05,0.001127,0.0001,0.000191,1.5e-05,3.5e-05,2.3e-05,2.7e-05,4.9e-05,3e-06,0.000325,0.0,5e-06,6e-06,8e-06,2e-06,0.0,0.0,0.0,5e-06,3e-06,1e-05,5e-06,0.0,0.000183,0.000161,0.000136,0.000113,0.000257
1580,3,ani,1,0.970102,0.99986,0.99979,0.97332,0.998763,0.991939,0.989677,0.997183,0.991552,0.988389,0.997363,0.999727,0.99063,0.989917,0.999225,0.999708,0.999692,0.996775,0.999518,0.999784,0.999404,0.993214,0.999989,0.999251,0.999613,0.999235,0.999911,0.99951,0.999924,0.99929,0.999993,0.999819,0.999988,0.999374,0.999624,0.99967,0.999682,0.999581,0.999723,0.998904
1581,1,lip,0,0.001359,0.004889,0.005418,0.003638,0.010372,0.084307,0.142534,0.068795,0.125085,0.064226,0.103334,0.01033,0.031245,0.008614,0.043683,0.000123,0.001465,0.00535,0.052561,0.021548,0.654147,0.569431,0.594292,0.543425,0.512678,0.619452,0.578886,0.541518,0.548238,0.586202,0.518062,0.593684,0.573601,0.516451,0.642789,0.538217,0.567588,0.569592,0.558031,0.522966
1582,1,yah,1,0.999392,0.999666,0.999766,0.999963,0.999954,0.99833,0.996889,0.998006,0.996082,0.998568,0.995948,0.999052,0.991632,0.998977,0.998669,0.998049,0.998475,0.99532,0.99736,0.998539,0.654147,0.569431,0.594292,0.543425,0.512678,0.619452,0.578886,0.541518,0.548238,0.586202,0.518062,0.593684,0.573601,0.516451,0.642789,0.538217,0.567588,0.569592,0.558031,0.522966
1583,2,ati,1,0.999862,0.99999,0.999946,0.999907,0.999873,0.998675,0.999674,0.999298,0.998759,0.997779,0.999326,0.999907,0.999657,0.998975,0.998761,0.999869,0.999812,0.99982,0.99982,0.999887,0.999986,0.999997,1.0,0.999979,0.999991,0.999998,1.0,1.0,1.0,0.999999,1.0,1.0,1.0,1.0,0.999999,0.999729,0.999729,0.999742,0.999767,0.999598
1584,1,rto,0,0.000571,0.000481,0.001071,0.000175,0.001429,0.003688,0.007109,0.001852,0.002433,0.00165,0.001937,0.000386,0.005815,0.004657,0.002549,0.000968,9e-05,0.00051,5.1e-05,0.000265,0.015415,0.006732,0.000381,0.003418,0.000286,0.112948,0.099774,0.006342,0.018851,0.01935,0.045756,0.067945,0.037537,0.012486,0.010879,0.000286,0.000137,0.000151,0.00018,0.001742
1585,1,adi,0,5.5e-05,0.000644,3.4e-05,6.9e-05,5.9e-05,0.000425,0.002465,0.002464,0.005039,0.00033,0.000497,5e-06,0.006488,0.00043,0.001737,0.00015,0.000115,0.00012,7.7e-05,7.8e-05,0.654147,0.569431,0.594292,0.543425,0.512678,0.619452,0.578886,0.541518,0.548238,0.586202,0.518062,0.593684,0.573601,0.516451,0.642789,0.538217,0.567588,0.569592,0.558031,0.522966
1586,2,ani,1,0.999242,0.999597,0.999302,0.997645,0.999126,0.998685,0.998648,0.998665,0.996816,0.99758,0.999174,0.999644,0.997405,0.99903,0.998786,0.99991,0.999913,0.99957,0.99987,0.999904,0.999984,0.99981,0.99996,0.999507,0.999095,0.999942,0.999769,0.999806,0.999547,0.99967,0.999994,0.996823,0.998865,0.999286,0.999574,0.999638,0.999668,0.999768,0.999717,0.999384
1587,1,uni,1,0.999232,0.998262,0.999163,0.998866,0.993757,0.95893,0.954666,0.976421,0.914657,0.975992,0.947696,0.999146,0.982916,0.905484,0.932844,0.971271,0.994838,0.93604,0.858922,0.972673,0.999965,0.999909,0.999506,0.997302,0.999844,0.997422,0.995555,0.998756,0.996657,0.986973,0.995139,0.99709,0.994728,0.995881,0.997122,0.999555,0.999371,0.999613,0.999711,0.999645
1588,2,tri,1,0.9957,0.999418,0.999488,0.99897,0.99902,0.9992,0.996392,0.998769,0.98007,0.999241,0.997134,0.999635,0.996265,0.99318,0.996765,0.999815,0.999823,0.999711,0.999817,0.999855,0.99958,0.999918,0.999998,0.99953,0.999994,0.999974,0.999946,0.999999,0.999993,0.999908,0.999985,0.999975,0.99999,0.999972,0.999971,0.999621,0.999748,0.999783,0.999796,0.99953
1589,1,ani,1,0.992674,0.896368,0.996299,0.996193,0.837514,0.833341,0.665649,0.836992,0.725127,0.613283,0.869639,0.836977,0.725244,0.679059,0.842413,0.95503,0.897966,0.930279,0.851295,0.96573,0.654147,0.569431,0.594292,0.543425,0.512678,0.619452,0.578886,0.541518,0.548238,0.586202,0.518062,0.593684,0.573601,0.516451,0.642789,0.538217,0.567588,0.569592,0.558031,0.522966
1590,1,man,0,0.000623,0.002081,0.00783,0.014602,0.090038,0.026944,0.117639,0.014188,0.044864,0.048602,0.017369,0.017703,0.030493,0.006916,0.01542,0.002634,0.002264,0.004121,0.00408,0.047424,0.654147,0.569431,0.594292,0.543425,0.512678,0.619452,0.578886,0.541518,0.548238,0.586202,0.518062,0.593684,0.573601,0.516451,0.642789,0.538217,0.567588,0.569592,0.558031,0.522966
1591,1,sri,1,0.289168,0.517704,0.375514,0.776844,0.556078,0.527763,0.459406,0.316397,0.27281,0.473891,0.915978,0.767708,0.754048,0.202462,0.150538,0.52878,0.121825,0.289603,0.234344,0.108533,0.654147,0.569431,0.594292,0.543425,0.512678,0.619452,0.578886,0.541518,0.548238,0.586202,0.518062,0.593684,0.573601,0.516451,0.642789,0.538217,0.567588,0.569592,0.558031,0.522966
1592,3,nto,0,0.000597,0.001872,0.000859,0.001878,0.0035,0.000293,0.000828,0.000178,5.1e-05,8.9e-05,0.002668,0.000103,0.000602,0.000396,6.3e-05,5.4e-05,6.5e-05,6.5e-05,8.6e-05,6.4e-05,0.00012,1e-05,2e-06,3.5e-05,1.8e-05,0.000119,2.2e-05,0.0,0.0,2e-06,2.5e-05,3e-06,4e-06,3e-06,0.0,0.000173,0.000162,0.00017,0.000111,0.000256
1593,1,lan,0,0.321819,0.287731,0.28383,0.261301,0.047138,0.28754,0.479275,0.587857,0.481664,0.222337,0.306513,0.400279,0.262007,0.092419,0.147932,0.012979,0.007232,0.006881,0.014224,0.060665,0.654147,0.569431,0.594292,0.543425,0.512678,0.619452,0.578886,0.541518,0.548238,0.586202,0.518062,0.593684,0.573601,0.516451,0.642789,0.538217,0.567588,0.569592,0.558031,0.522966
1594,1,ina,1,0.999735,0.999784,0.999682,0.99986,0.99983,0.995209,0.999156,0.998311,0.99939,0.997968,0.997358,0.99993,0.997624,0.999618,0.999049,0.998942,0.995656,0.998335,0.997159,0.997694,0.993026,0.977758,0.997863,0.85017,0.71472,0.860262,0.965991,0.963628,0.938178,0.559554,0.942986,0.977826,0.944038,0.864981,0.58777,0.993759,0.999638,0.999273,0.999801,0.999436
1595,2,ika,1,0.962979,0.997959,0.998459,0.999532,0.999924,0.983079,0.982352,0.981668,0.965685,0.990873,0.997801,0.99949,0.99861,0.993225,0.997274,0.999355,0.994983,0.996578,0.997871,0.998039,0.999031,0.99951,0.99799,0.999921,0.999965,0.998162,0.999633,0.99857,0.999865,0.999891,0.999769,0.999708,0.998245,0.999822,0.999974,0.999707,0.999681,0.999717,0.99975,0.999567
1596,2,omo,0,0.007241,0.009174,0.009594,0.091356,0.037533,0.010127,0.001286,0.001726,0.001801,0.000194,0.012382,0.008679,0.025074,0.009155,0.000356,0.001341,0.002611,0.000437,0.002729,0.000647,0.000904,0.000343,0.005614,0.00201,0.000457,0.002377,0.001593,0.000424,6.2e-05,0.000116,0.001098,0.001324,0.000307,3e-05,0.000134,0.000183,0.000159,0.000236,0.000115,0.000302
1597,1,eng,0,0.013282,0.060668,0.147978,0.870809,0.205714,0.138545,0.09812,0.186627,0.395712,0.500931,0.108694,0.081993,0.262042,0.294318,0.417396,0.103061,0.030142,0.079827,0.397821,0.784043,0.654147,0.569431,0.594292,0.543425,0.512678,0.619452,0.578886,0.541518,0.548238,0.586202,0.518062,0.593684,0.573601,0.516451,0.642789,0.538217,0.567588,0.569592,0.558031,0.522966
1598,1,ini,1,0.999477,0.87806,0.855236,0.998904,0.901791,0.982069,0.959069,0.953074,0.959858,0.950678,0.998189,0.968361,0.996286,0.972939,0.938059,0.978222,0.989599,0.959108,0.931594,0.907687,0.654147,0.569431,0.594292,0.543425,0.512678,0.619452,0.578886,0.541518,0.548238,0.586202,0.518062,0.593684,0.573601,0.516451,0.642789,0.538217,0.567588,0.569592,0.558031,0.522966
1599,1,min,0,0.335533,0.42716,0.167344,0.016786,0.123738,0.149509,0.396972,0.107125,0.204149,0.175301,0.139494,0.056113,0.216581,0.049895,0.042421,0.022142,0.105631,0.339802,0.277037,0.279462,0.654147,0.569431,0.594292,0.543425,0.512678,0.619452,0.578886,0.541518,0.548238,0.586202,0.518062,0.593684,0.573601,0.516451,0.642789,0.538217,0.567588,0.569592,0.558031,0.522966
1600,1,rni,1,0.972386,0.997924,0.980372,0.998797,0.955579,0.977868,0.87618,0.826817,0.873466,0.965942,0.991559,0.999682,0.986552,0.979672,0.966082,0.959689,0.78153,0.961732,0.942618,0.961784,0.998938,0.997943,0.999539,0.986775,0.989807,0.897481,0.995084,0.997338,0.913089,0.964318,0.919802,0.988874,0.987925,0.960548,0.976713,0.99927,0.998662,0.999633,0.999807,0.999514
1601,3,nda,1,0.992372,0.98463,0.958619,0.974669,0.992539,0.990248,0.99301,0.988065,0.997122,0.997415,0.985688,0.999236,0.979286,0.967856,0.999277,0.998845,0.999042,0.999072,0.999238,0.999125,0.999826,0.999866,0.999997,0.999652,0.999929,0.99997,0.999998,0.999995,0.999972,0.999971,0.999995,0.999972,0.999986,0.999975,0.999993,0.999435,0.999546,0.999486,0.999594,0.998863
1602,2,wan,0,5.3e-05,0.001072,0.000333,0.001024,0.003795,0.000117,0.000374,0.000686,0.00018,8.1e-05,0.00265,4.9e-05,0.000711,0.000338,0.000862,1.4e-05,4.3e-05,9.3e-05,5.1e-05,1.1e-05,4.5e-05,5.4e-05,5.4e-05,3.2e-05,1.8e-05,9.3e-05,1.2e-05,1.2e-05,1.9e-05,1.1e-05,0.000132,2e-05,9e-06,1.9e-05,3e-06,0.000158,0.000157,0.000133,0.000113,0.000394
1603,2,ham,0,9e-06,3e-06,7e-06,4e-05,6.3e-05,3e-05,7.5e-05,1.8e-05,8.8e-05,4.5e-05,1.5e-05,2e-06,5.3e-05,1.1e-05,1e-05,1.3e-05,1e-05,1.4e-05,1.5e-05,1e-05,2e-06,2e-06,0.0,8e-06,1e-06,0.0,0.0,0.0,0.0,0.0,0.0,0.0,0.0,0.0,0.0,0.000143,0.000149,0.000131,9.5e-05,0.000222
1604,1,nah,1,0.999954,0.999844,0.999993,0.999984,0.999729,0.999118,0.998969,0.999514,0.999013,0.999255,0.999048,0.999923,0.999392,0.999922,0.999914,0.999289,0.999714,0.999329,0.998228,0.999634,0.654147,0.569431,0.594292,0.543425,0.512678,0.619452,0.578886,0.541518,0.548238,0.586202,0.518062,0.593684,0.573601,0.516451,0.642789,0.538217,0.567588,0.569592,0.558031,0.522966
1605,2,yah,1,0.998988,0.992528,0.992994,0.988442,0.992654,0.996782,0.998879,0.98711,0.981187,0.994917,0.990148,0.999608,0.993949,0.998665,0.989293,0.999407,0.999843,0.99945,0.996345,0.999686,0.923518,0.996042,0.84074,0.562595,0.99475,0.962782,0.911224,0.958709,0.751924,0.996048,0.912463,0.969885,0.59637,0.284235,0.99968,0.996784,0.996356,0.997953,0.985946,0.998398
1606,2,nto,0,0.00067,0.000441,0.004315,0.000225,0.005251,0.000303,0.001195,0.003037,0.000979,0.001705,0.000663,0.00045,0.001199,0.002147,0.000945,6.2e-05,0.000102,0.000244,5.6e-05,4.5e-05,0.000686,0.001969,0.000179,5.8e-05,0.000779,0.002625,0.001302,2.3e-05,0.000125,0.001504,5.4e-05,0.000394,0.000838,0.001279,0.000225,0.000238,0.000155,0.000165,0.000127,0.000668
1607,1,tun,1,0.936734,0.991603,0.993885,0.988967,0.973402,0.982789,0.984545,0.98482,0.902811,0.980811,0.992018,0.98645,0.978597,0.984622,0.991296,0.972195,0.954874,0.983448,0.938721,0.997414,0.654147,0.569431,0.594292,0.543425,0.512678,0.619452,0.578886,0.541518,0.548238,0.586202,0.518062,0.593684,0.573601,0.516451,0.642789,0.538217,0.567588,0.569592,0.558031,0.522966
1608,3,iny,1,0.998891,0.999154,0.998487,0.999493,0.99849,0.999584,0.999788,0.999951,0.999759,0.999624,0.999736,0.999609,0.998828,0.999872,0.999917,0.999861,0.999816,0.999749,0.999608,0.999801,0.923096,0.376435,0.887043,0.999321,0.993681,0.948329,0.997227,0.995931,0.99667,0.989371,0.88248,0.995709,0.98547,0.957171,0.998125,0.994586,0.992076,0.999226,0.994204,0.955396
1609,2,rta,0,0.031075,0.017231,0.066937,0.19215,0.02623,0.006843,0.003046,0.007052,0.045655,0.001965,0.177813,0.004674,0.039248,0.003025,0.014144,0.002738,0.357836,0.020263,0.011933,0.008934,0.008005,0.064373,0.002095,0.000274,0.001722,0.050749,0.179822,0.005985,0.0539,0.010453,0.007191,0.06928,0.011869,0.009227,0.011881,0.000279,0.000308,0.000202,0.000135,0.00727
1610,2,rjo,0,0.000606,0.001326,0.001786,0.01971,0.012719,0.002877,0.003281,0.004644,0.007797,0.003077,0.011774,0.000446,0.00146,0.003545,0.00034,0.002051,0.00111,0.00057,0.000302,0.00018,0.000141,1.2e-05,1e-06,3.7e-05,0.000141,9.6e-05,1.9e-05,0.0,5e-06,4.6e-05,1.1e-05,1e-05,1e-06,2e-06,0.000162,0.000171,0.000158,0.000145,0.000125,0.000364
1611,1,ini,1,0.999762,0.999565,0.999976,0.999935,0.991531,0.998216,0.998342,0.998857,0.997148,0.999722,0.997528,0.996337,0.998802,0.998394,0.998114,0.998011,0.997298,0.998518,0.996097,0.993251,0.999946,0.99966,0.991338,0.992828,0.999548,0.993328,0.998459,0.982206,0.986475,0.968992,0.999552,0.995467,0.972808,0.996338,0.999354,0.999703,0.99903,0.999517,0.999761,0.999593
1612,2,aya,0,0.000387,0.00281,0.0004,0.001746,0.002097,0.001246,0.002323,0.001469,0.001505,0.000584,0.005096,0.000132,0.000692,0.001531,0.00063,0.000176,0.000147,0.00026,0.000165,0.000107,2.1e-05,0.000116,9e-06,9.2e-05,6.3e-05,0.000833,0.000881,4e-05,1e-05,8.2e-05,0.00013,0.000838,0.000317,0.000126,2e-05,0.000176,0.000171,0.00016,0.000102,0.00058
1613,1,idi,0,0.00219,0.000765,0.003528,0.007545,0.000554,0.00872,0.03553,0.006146,0.024636,0.001473,0.049596,0.001174,0.00985,0.000706,0.000996,0.000301,4.9e-05,0.000868,0.002211,0.000165,0.013198,0.001476,0.005374,0.005232,0.004147,0.023857,0.00647,0.003647,0.001717,0.006157,0.007443,0.004602,0.041601,0.011655,0.01987,0.000146,0.000219,0.000125,0.000144,0.000542
1614,1,sih,1,0.971821,0.991801,0.998257,0.997483,0.996464,0.987146,0.980757,0.982348,0.989491,0.948,0.99691,0.998237,0.954428,0.986478,0.985152,0.984094,0.991908,0.956446,0.969567,0.984767,0.654147,0.569431,0.594292,0.543425,0.512678,0.619452,0.578886,0.541518,0.548238,0.586202,0.518062,0.593684,0.573601,0.516451,0.642789,0.538217,0.567588,0.569592,0.558031,0.522966
1615,2,lah,1,0.998149,0.997779,0.997567,0.999566,0.999601,0.999141,0.999778,0.998472,0.999529,0.998542,0.999384,0.997033,0.998531,0.999009,0.997605,0.998919,0.999737,0.999829,0.999266,0.999701,0.999977,0.999997,0.999999,0.999947,0.999958,0.999396,0.999982,0.999999,0.999974,0.99984,0.999996,0.999994,0.999993,0.999972,0.999896,0.999715,0.999693,0.999706,0.999794,0.999608
1616,1,nto,0,0.000546,0.000907,0.000463,0.002278,0.001188,0.00226,0.001962,0.001316,0.000534,0.001434,0.001283,0.000234,0.001589,0.001566,0.001217,5e-05,3.1e-05,9.6e-05,9.2e-05,3.5e-05,8e-06,9e-06,4e-06,0.001102,5.4e-05,0.002078,0.000104,6e-06,0.000522,0.000339,0.000539,0.000536,0.000161,0.000951,0.000523,0.00019,0.00017,0.000157,0.00014,0.000325
1617,1,mah,1,0.999966,0.998402,0.999839,0.99992,0.996733,0.952101,0.998699,0.994804,0.996038,0.980848,0.97519,0.999732,0.97926,0.9869,0.996401,0.999568,0.998634,0.997018,0.99824,0.997634,0.998731,0.999128,0.999422,0.997667,0.999673,0.989504,0.997868,0.998654,0.979885,0.978576,0.993715,0.994209,0.994567,0.97904,0.998392,0.999034,0.999546,0.999634,0.998679,0.999572
1618,2,bar,0,5.5e-05,5.8e-05,0.000107,0.000438,0.000208,0.000209,0.000113,0.000172,0.0003,0.000866,0.000221,1.6e-05,0.000509,0.000435,7.3e-05,3.8e-05,5.4e-05,5.9e-05,9.7e-05,7.6e-05,0.000176,2.6e-05,7e-06,0.000176,0.000132,0.00131,0.000134,9.4e-05,4.6e-05,7.2e-05,0.000146,0.000283,0.000185,0.000178,3.9e-05,0.000169,0.000156,0.00013,0.000113,0.000299
1619,1,nah,1,0.999937,0.999819,0.999971,0.999894,0.999914,0.99949,0.999694,0.999576,0.999662,0.999271,0.99976,0.99995,0.999318,0.999859,0.99897,0.999532,0.999496,0.999407,0.999761,0.999498,0.654147,0.569431,0.594292,0.543425,0.512678,0.619452,0.578886,0.541518,0.548238,0.586202,0.518062,0.593684,0.573601,0.516451,0.642789,0.538217,0.567588,0.569592,0.558031,0.522966
1620,3,nik,0,0.000955,0.000612,0.000817,0.00069,0.001189,0.000677,0.000587,0.000761,0.005054,0.000701,0.001006,4.3e-05,0.001116,0.000495,0.000104,0.000202,0.000122,0.00015,8.5e-05,0.000113,9e-06,0.000261,1.7e-05,0.00237,0.000607,3e-05,1e-05,1.5e-05,1.3e-05,0.000128,9e-06,8.4e-05,1.1e-05,2e-06,1e-06,0.000196,0.000161,0.000212,0.000133,0.000425
1621,1,ati,1,0.99988,0.999918,0.999891,0.999941,0.999919,0.997627,0.999671,0.999104,0.998672,0.989078,0.999125,0.998964,0.998652,0.990054,0.993757,0.999469,0.99799,0.998374,0.999259,0.999413,0.967961,0.910774,0.9968,0.999632,0.995152,0.960189,0.900385,0.992805,0.998134,0.986278,0.954277,0.9774,0.982499,0.997485,0.998235,0.99863,0.999614,0.999665,0.999791,0.999628
1622,3,nik,0,1.9e-05,0.000125,1.7e-05,3.4e-05,0.000111,2.5e-05,2e-06,3.1e-05,1.2e-05,4e-06,1.2e-05,1e-06,6.9e-05,2.8e-05,5e-06,1.3e-05,1.5e-05,2e-05,1.6e-05,9e-06,2e-06,2e-06,1e-06,0.00139,1e-05,1e-06,0.0,0.0,0.0,1e-06,0.0,0.0,0.0,0.0,0.0,0.000159,0.000178,0.000155,0.000106,0.00023
1623,1,mar,0,0.002137,0.008264,0.003095,0.008088,0.027656,0.012938,0.011843,0.063458,0.030061,0.057968,0.015733,0.01202,0.032576,0.011344,0.018304,0.001177,0.002796,0.006785,0.001533,0.000286,0.654147,0.569431,0.594292,0.543425,0.512678,0.619452,0.578886,0.541518,0.548238,0.586202,0.518062,0.593684,0.573601,0.516451,0.642789,0.538217,0.567588,0.569592,0.558031,0.522966
1624,1,iah,1,0.997893,0.997958,0.999402,0.997694,0.995153,0.990511,0.998427,0.997053,0.998007,0.997973,0.997646,0.999935,0.999626,0.999098,0.99899,0.998735,0.998978,0.999166,0.999623,0.99958,0.654147,0.569431,0.594292,0.543425,0.512678,0.619452,0.578886,0.541518,0.548238,0.586202,0.518062,0.593684,0.573601,0.516451,0.642789,0.538217,0.567588,0.569592,0.558031,0.522966
1625,1,wan,0,0.0019,0.00044,0.000339,0.000606,0.008126,0.001637,0.004846,0.002491,0.003558,0.007092,0.001271,0.000526,0.001587,0.002702,0.009168,6.7e-05,3.8e-05,0.000316,0.000101,4e-05,0.002534,0.000581,1.4e-05,0.000822,0.000539,0.003636,9.4e-05,0.000153,0.000642,0.000457,0.001442,0.000295,0.002263,0.001756,0.000783,0.000165,0.000166,0.00014,0.000115,0.000887
1626,2,iah,1,0.999989,0.999991,0.999976,0.999986,0.999967,0.999912,0.999951,0.999955,0.99999,0.999873,0.999973,0.999995,0.999945,0.99997,0.999957,0.999894,0.99994,0.999849,0.999936,0.999934,0.999847,0.9997,0.99996,0.999792,0.999711,0.999602,0.999767,0.999982,0.999679,0.999757,0.999834,0.999468,0.999942,0.999714,0.999967,0.999438,0.999477,0.999521,0.999708,0.999191
1627,1,man,0,3.8e-05,1.9e-05,9.6e-05,0.001029,0.000733,0.00015,0.000551,0.000301,0.002425,0.000613,0.000233,0.000124,0.001174,0.000291,6.4e-05,0.000787,0.000117,0.000158,0.000155,4.1e-05,0.654147,0.569431,0.594292,0.543425,0.512678,0.619452,0.578886,0.541518,0.548238,0.586202,0.518062,0.593684,0.573601,0.516451,0.642789,0.538217,0.567588,0.569592,0.558031,0.522966
1628,2,nti,1,0.999926,0.999955,0.999966,0.999979,0.999751,0.999559,0.999786,0.999226,0.998823,0.998523,0.999176,0.999939,0.998707,0.997404,0.998013,0.999593,0.999662,0.999577,0.999446,0.999722,0.956813,0.999962,0.999797,0.999433,0.999983,0.999536,0.999992,0.999942,0.999961,0.999674,0.997736,0.999963,0.999809,0.999898,0.999963,0.999675,0.999646,0.99968,0.999728,0.999624
1629,2,ona,1,0.99849,0.99964,0.999705,0.996075,0.99782,0.993073,0.997354,0.98657,0.984775,0.991615,0.976695,0.999849,0.9893,0.99562,0.997545,0.997131,0.99953,0.999574,0.99551,0.999494,0.999816,0.999933,0.999983,0.999996,0.999858,0.999818,0.999993,1.0,0.999894,0.996924,0.999942,0.999997,0.999989,0.999994,0.999951,0.999664,0.999731,0.999559,0.999793,0.999666
1630,2,ika,1,0.981534,0.952819,0.99445,0.985409,0.998954,0.990679,0.997503,0.990666,0.993948,0.98912,0.996855,0.998793,0.987771,0.997199,0.994315,0.997229,0.997643,0.996256,0.99535,0.99871,0.999811,0.999924,0.999986,0.999881,0.99992,0.999482,0.99996,0.999899,0.999434,0.999132,0.999778,0.99985,0.999792,0.998159,0.999626,0.999643,0.999624,0.999524,0.999695,0.999497
1631,3,sih,1,0.999183,0.997701,0.999401,0.99625,0.99839,0.996367,0.997977,0.998847,0.994579,0.998725,0.998905,0.999623,0.992022,0.99663,0.999533,0.997358,0.99945,0.999081,0.999841,0.999338,0.999331,0.995169,0.999857,0.999834,0.999339,0.999822,0.999998,0.999902,0.99996,0.999543,0.999835,0.999986,0.999338,0.99993,0.99989,0.99962,0.999701,0.999736,0.999609,0.999469
1632,3,lah,0,1e-05,3e-05,4e-05,2e-05,3e-05,0.000271,0.000281,7.3e-05,0.000631,0.000108,8.1e-05,4e-06,0.000128,4.5e-05,4.5e-05,1.9e-05,2e-05,1.7e-05,3.6e-05,1.2e-05,2e-06,3e-06,0.0,2.5e-05,2e-06,0.0,0.0,0.0,0.0,0.0,0.0,0.0,0.0,0.0,0.0,0.000147,0.000165,0.000135,9.8e-05,0.000206
1633,1,udi,0,0.000972,0.009196,0.005937,0.000974,0.000645,0.002042,0.011863,0.000692,0.004642,0.001031,0.002122,0.006623,0.004185,0.001485,0.001315,4.7e-05,3.4e-05,5.3e-05,0.000208,7.1e-05,0.010856,0.008191,0.038838,0.005125,0.015997,0.037546,0.01672,0.010776,0.015273,0.020857,0.015598,0.006557,0.026332,0.01438,0.020217,0.001569,0.000258,0.000142,0.00017,0.002092
1634,2,jah,1,0.999905,0.99997,0.999997,1.0,0.999969,0.999872,0.999993,0.999696,0.999893,0.999808,0.999831,0.999989,0.999923,0.999973,0.999907,0.999961,0.999908,0.999928,0.999934,0.999954,0.999981,0.999997,0.999999,0.999698,0.999992,0.999994,1.0,1.0,0.99999,0.999976,0.999994,0.999999,0.999987,0.999992,0.999986,0.999711,0.999721,0.999735,0.999799,0.999647
1635,2,ila,1,0.998204,0.968494,0.99802,0.978097,0.999716,0.998981,0.998803,0.999229,0.998793,0.997954,0.997259,0.99983,0.993088,0.999486,0.997768,0.999788,0.999824,0.999934,0.999834,0.999754,0.985997,0.969238,0.999126,0.996578,0.998224,0.951359,0.932825,0.982303,0.991215,0.964284,0.985963,0.976654,0.971178,0.98736,0.992914,0.997663,0.982216,0.999018,0.99595,0.994818
1636,3,ati,1,0.996646,0.999945,0.999534,0.998036,0.999049,0.999196,0.999906,0.998976,0.999741,0.99946,0.998853,0.997516,0.998482,0.998606,0.999249,0.999883,0.999787,0.999716,0.999898,0.999936,0.998845,0.997323,0.999371,0.998799,0.999859,0.998028,0.999972,0.999916,0.997152,0.999907,0.999956,0.999935,0.999302,0.998829,0.999797,0.996644,0.999032,0.999447,0.999552,0.998668
1637,4,wan,0,0.000119,0.000223,0.00096,0.00053,0.002788,4.3e-05,7.6e-05,0.00074,0.000337,4.9e-05,0.001837,4.1e-05,0.000418,0.000213,0.00027,0.002084,0.00024,0.001589,0.00044,3.7e-05,1e-06,1.1e-05,9e-06,2.3e-05,8e-06,2e-06,0.0,0.0,0.0,0.0,0.0,0.0,0.0,0.0,0.0,0.00025,0.000208,0.000194,0.000131,0.000386
1638,2,adi,0,0.000994,0.000718,0.00068,0.003772,0.001782,0.006746,0.005621,0.004356,0.006842,0.002907,0.01125,0.000105,0.00278,0.000497,0.000218,4.1e-05,0.000355,0.00048,0.000118,6.5e-05,6.5e-05,2.2e-05,0.000338,0.000929,4.8e-05,0.001957,0.000165,0.000293,0.00193,0.000392,0.000169,0.0002,0.000282,0.001565,6.1e-05,0.000168,0.000153,0.000163,0.0001,0.000237
1639,1,rmi,1,0.125406,0.706919,0.676658,0.532645,0.057721,0.220679,0.178984,0.24022,0.455691,0.264353,0.321413,0.92555,0.683062,0.311194,0.186469,0.562894,0.794847,0.880873,0.835761,0.857433,0.980549,0.878892,0.893631,0.971304,0.983043,0.922214,0.825622,0.528156,0.951013,0.546482,0.919045,0.834006,0.711994,0.924377,0.662833,0.999096,0.999413,0.999588,0.999777,0.998632
1640,2,mah,1,0.999988,0.999824,0.999998,0.999999,0.999998,0.999313,0.999979,0.999918,0.999872,0.999546,0.999956,0.999998,0.999873,0.999955,0.999972,0.99987,0.999869,0.999784,0.999774,0.999885,0.999969,0.999201,0.999681,0.999919,0.999977,0.999959,0.99997,0.999971,0.999988,0.999837,0.999962,0.999917,0.999599,0.999976,0.999916,0.999723,0.99972,0.99976,0.999769,0.999495
1641,2,nda,0,0.04571,0.057298,0.440454,0.323351,0.117792,0.083744,0.145366,0.061412,0.068581,0.467759,0.060925,0.059797,0.12077,0.06408,0.253659,0.109665,0.04481,0.086338,0.016134,0.048355,0.206962,0.401326,0.232724,0.314507,0.205624,0.173155,0.224676,0.223187,0.188226,0.233459,0.317657,0.196772,0.248183,0.196192,0.19681,0.276333,0.343831,0.34373,0.317373,0.152867
1642,1,ndi,0,0.002824,0.010782,0.000495,0.005214,0.005815,0.0124,0.022462,0.009153,0.018739,0.005092,0.007889,0.0003,0.006871,0.010657,0.005182,0.000822,0.000232,0.001694,0.00148,0.001416,0.008979,0.112736,0.001368,0.022174,0.002339,0.116383,0.108815,0.010981,0.030654,0.008309,0.055097,0.141833,0.025529,0.102409,0.009779,0.001133,0.000197,0.000137,0.000179,0.004293
1643,2,ati,1,0.999783,0.999986,0.999988,0.999911,0.999716,0.999741,0.999945,0.999851,0.999771,0.999802,0.999821,0.999706,0.999529,0.999234,0.999904,0.999917,0.999895,0.999866,0.999849,0.999918,0.999998,0.999988,0.999994,0.999673,0.999926,0.999945,0.999943,0.999981,0.999783,0.999985,0.999838,0.999983,0.999924,0.999534,0.999929,0.999687,0.999707,0.999731,0.99975,0.999652
1644,1,man,0,0.000847,0.000859,0.000574,0.000499,0.004348,0.00575,0.002883,0.001737,0.000493,0.001199,0.003691,0.000165,0.000127,0.000126,0.000141,8.5e-05,9.1e-05,0.000367,4e-05,1.8e-05,0.654147,0.569431,0.594292,0.543425,0.512678,0.619452,0.578886,0.541518,0.548238,0.586202,0.518062,0.593684,0.573601,0.516451,0.642789,0.538217,0.567588,0.569592,0.558031,0.522966
1645,2,iyo,0,3.1e-05,0.001014,0.000321,9.1e-05,0.000188,0.000557,0.001353,0.003381,0.002657,0.001161,0.001467,0.000156,0.000443,0.000302,0.00043,0.00011,5.7e-05,0.000152,4.6e-05,6.4e-05,0.000183,3.7e-05,2.2e-05,0.000152,0.000347,0.000422,1.7e-05,3e-06,0.000225,0.000668,0.000188,1.8e-05,4.2e-05,0.000176,0.000352,0.000225,0.000179,0.000167,0.000113,0.000419
1646,3,wan,0,0.000185,1.3e-05,6.8e-05,8.8e-05,0.000121,2.3e-05,9.1e-05,0.000134,8.4e-05,0.000341,0.000524,5.9e-05,0.000235,7.7e-05,8.9e-05,2.2e-05,2.3e-05,4.6e-05,3e-05,3.2e-05,7e-05,3.5e-05,4.6e-05,2.9e-05,9e-06,0.000415,2e-06,1e-06,1.3e-05,2.3e-05,2.1e-05,0.0,3e-06,2e-06,2e-06,0.000165,0.000214,0.00027,9.6e-05,0.000244
1647,1,nto,0,0.000293,0.001253,0.000125,0.000804,0.002413,0.000519,0.000443,0.000323,0.00033,0.000556,0.002528,0.001162,0.000943,0.001149,0.000281,6.6e-05,7.2e-05,8.6e-05,7.5e-05,4.7e-05,0.042312,0.01034,0.0305,0.009,0.000312,0.635315,0.042452,0.002192,0.069819,0.013321,0.31808,0.041936,0.020798,0.028222,0.003778,0.000266,0.00017,0.000149,0.000105,0.001632
1648,1,rmi,1,0.228145,0.900161,0.65959,0.92115,0.088995,0.166352,0.641863,0.593524,0.662843,0.582815,0.220673,0.712686,0.682764,0.715539,0.553514,0.815198,0.397821,0.647512,0.373546,0.513117,0.654147,0.569431,0.594292,0.543425,0.512678,0.619452,0.578886,0.541518,0.548238,0.586202,0.518062,0.593684,0.573601,0.516451,0.642789,0.538217,0.567588,0.569592,0.558031,0.522966
1649,2,nto,0,0.000629,0.002336,0.001584,0.000771,0.002038,0.002584,0.000452,0.003686,0.002477,0.003019,0.003135,0.000409,0.001022,0.009239,0.001334,7.8e-05,8.6e-05,0.000231,6.5e-05,3.3e-05,0.175252,0.048841,0.087443,0.009261,0.098139,0.158707,0.043295,0.035122,0.017223,0.011004,0.039106,0.011798,0.047956,0.065882,0.040934,0.002009,0.000693,0.00074,0.000354,0.027142
1650,1,rno,0,0.000246,0.00011,0.002916,0.002176,0.002172,0.014361,0.020974,0.015651,0.016381,0.005137,0.01266,0.004666,0.012101,0.004814,0.008533,0.033761,0.000618,0.002313,0.016729,8.9e-05,0.654147,0.569431,0.594292,0.543425,0.512678,0.619452,0.578886,0.541518,0.548238,0.586202,0.518062,0.593684,0.573601,0.516451,0.642789,0.538217,0.567588,0.569592,0.558031,0.522966
1651,1,iji,1,0.00367,0.019649,0.798033,0.615192,0.592523,0.079797,0.199171,0.101911,0.094598,0.073618,0.288061,0.00314,0.263756,0.079294,0.13692,0.048549,0.031015,0.129598,0.007423,0.245118,0.654147,0.569431,0.594292,0.543425,0.512678,0.619452,0.578886,0.541518,0.548238,0.586202,0.518062,0.593684,0.573601,0.516451,0.642789,0.538217,0.567588,0.569592,0.558031,0.522966
1652,4,ini,1,0.999667,0.999917,0.999517,0.999562,0.999197,0.999795,0.999746,0.988823,0.982095,0.999436,0.999837,0.999857,0.998947,0.999867,0.999321,0.999959,0.999938,0.999871,0.999743,0.999959,0.999732,0.999865,0.99982,0.999943,0.999988,1.0,1.0,1.0,1.0,1.0,1.0,1.0,1.0,0.999998,1.0,0.999704,0.999632,0.999717,0.99971,0.999523
1653,2,tyo,0,1.9e-05,0.000192,0.000184,0.00051,9e-05,0.000365,0.000256,0.000199,0.000239,4.3e-05,0.000271,0.000117,0.000345,0.000156,0.000108,6.8e-05,8.7e-05,4.3e-05,7.4e-05,1.9e-05,1.8e-05,4.7e-05,1e-06,1.6e-05,2.3e-05,0.000163,1e-06,0.0,4e-06,4.8e-05,2.4e-05,4e-06,2e-06,1.2e-05,0.0,0.000152,0.000148,0.000138,9.6e-05,0.000234
1654,2,ora,0,0.068998,0.039996,0.085707,0.325612,0.239062,0.168526,0.072669,0.147212,0.641465,0.026171,0.132721,0.021584,0.038613,0.121533,0.581021,0.337905,0.036345,0.253703,0.024119,0.683998,0.002283,0.035773,0.005947,0.008425,0.012596,0.027493,0.044718,0.003151,0.005806,0.277881,0.038082,0.035449,0.00511,0.006931,0.139726,0.000286,0.013728,0.000807,0.00077,0.649067
1655,2,ari,1,0.993783,0.999847,0.999344,0.998893,0.999757,0.995702,0.996895,0.998263,0.992756,0.998324,0.996056,0.999742,0.981412,0.996411,0.998659,0.999594,0.999655,0.999376,0.99966,0.999544,0.999039,0.998069,0.999218,0.99742,0.997712,0.994364,0.994173,0.997092,0.986638,0.996562,0.997186,0.993795,0.998505,0.989623,0.998901,0.998165,0.998398,0.995344,0.995508,0.998683
1656,3,ora,0,0.228619,0.125364,0.070195,0.201125,0.291681,0.365529,0.071945,0.176298,0.028698,0.047179,0.120711,0.170064,0.132228,0.11176,0.01583,0.835883,0.789378,0.938182,0.843477,0.96101,0.788114,0.056745,0.072012,0.134001,0.436339,0.187007,0.039893,0.006208,0.110391,0.304742,0.063471,0.983827,0.001521,0.085651,0.078821,0.13649,0.992601,0.313799,0.944268,0.981356
1657,3,ora,0,0.465811,0.963866,0.502509,0.661512,0.588615,0.050405,0.364863,0.310648,0.376305,0.156476,0.338053,0.233523,0.601798,0.041061,0.285593,0.744136,0.949333,0.94996,0.890777,0.931602,0.78427,0.006943,0.054855,0.000386,0.929214,0.593975,0.002623,0.18468,0.006632,0.828189,0.882834,0.12048,0.889951,0.011925,0.048696,0.006724,0.001476,0.000756,0.656353,0.077982
1658,3,ora,0,0.000476,0.003224,0.000674,0.002403,0.010454,0.000292,0.000255,0.003644,0.001179,0.000536,0.000233,0.001392,0.000316,0.001794,0.000292,3.9e-05,4.1e-05,0.000118,8.1e-05,2.1e-05,0.401261,0.288842,0.005283,0.261161,0.24955,0.172958,0.068376,0.245524,0.20021,0.185312,0.507243,0.097766,0.208872,0.230744,0.558087,0.014986,0.066196,0.00875,0.037545,0.192355
1659,2,adi,0,3.3e-05,0.000165,0.001005,5.2e-05,4.3e-05,0.000546,0.002761,0.000984,0.000381,0.000304,0.000323,1.9e-05,0.000438,0.000246,1.9e-05,4.2e-05,4.3e-05,8.9e-05,6e-05,6.6e-05,2e-05,0.000188,3e-06,0.000152,2.8e-05,1e-05,8.5e-05,1e-06,2.7e-05,7e-05,4e-06,3.1e-05,5e-05,5e-06,8e-06,0.000149,0.000166,0.00014,0.000104,0.00029
1660,2,sah,0,0.000642,0.000483,3.5e-05,0.001165,0.000197,4.1e-05,0.000103,4.7e-05,0.000567,2.2e-05,4e-05,1.7e-05,0.000231,0.00141,4.3e-05,6.1e-05,5.1e-05,9.4e-05,3.9e-05,1.7e-05,3.2e-05,1e-05,6e-06,1.4e-05,3e-06,0.000139,3e-06,0.0,4e-06,0.0,1.1e-05,7e-06,3e-06,1e-05,0.0,0.000157,0.000152,0.000144,0.000108,0.000229
1661,2,sah,0,0.007996,0.049521,0.077399,0.444263,0.051546,0.068708,0.211142,0.001969,0.007042,0.004437,0.010789,0.000362,0.040636,0.002579,0.067882,0.000449,0.000107,0.001045,9.8e-05,4.9e-05,0.580008,0.55234,0.626053,0.582574,0.519549,0.606422,0.577788,0.540547,0.53322,0.610678,0.570624,0.587211,0.612958,0.504852,0.623406,0.539257,0.562371,0.571446,0.55591,0.536121
1662,4,hri,1,0.918868,0.945318,0.985024,0.41199,0.980625,0.975045,0.866671,0.980024,0.877887,0.690004,0.90933,0.969815,0.957318,0.987432,0.995579,0.877585,0.837958,0.770938,0.923725,0.987698,0.99891,0.999867,0.999559,0.997632,0.998785,0.998835,0.999984,0.999999,0.999714,0.99202,0.999999,1.0,0.999992,0.999903,0.992209,0.999206,0.999655,0.999636,0.999522,0.999436
1663,1,rno,0,2.2e-05,0.0001,0.000373,0.000107,0.00105,0.003068,0.001466,0.004626,0.007376,0.002208,0.000707,0.001062,0.002698,0.002535,0.0029,0.018676,0.002129,0.001245,0.107652,0.000195,0.002331,0.003149,0.001074,0.000768,0.000176,0.281258,0.00402,0.001329,0.041172,0.024567,0.02415,0.010621,0.004629,0.001407,0.007879,0.000285,0.000278,0.000209,0.000446,0.005684
1664,1,ina,1,0.999998,0.999766,0.999319,0.999252,0.999966,0.995599,0.998842,0.996649,0.992148,0.996634,0.998629,0.998926,0.998121,0.999642,0.999712,0.995252,0.984519,0.993756,0.99407,0.998253,0.654147,0.569431,0.594292,0.543425,0.512678,0.619452,0.578886,0.541518,0.548238,0.586202,0.518062,0.593684,0.573601,0.516451,0.642789,0.538217,0.567588,0.569592,0.558031,0.522966
1665,2,nto,0,0.003092,0.000932,0.002224,0.005312,0.007551,0.017872,0.022673,0.001969,0.019344,0.004836,0.013904,0.003203,0.011674,0.01011,0.002356,0.000542,0.000135,0.005137,0.000728,0.000303,0.202539,0.053838,0.156009,0.006517,0.02321,0.148176,0.042632,0.288171,0.041348,0.55851,0.409183,0.114491,0.761728,0.014746,0.152482,0.071214,0.00286,0.002094,0.14387,0.019168
1666,2,nto,0,0.022755,0.36859,0.046934,0.034501,0.124468,0.250366,0.502518,0.148339,0.100287,0.149636,0.288219,0.043064,0.09849,0.067137,0.233105,0.839236,0.95427,0.677489,0.127402,0.108827,0.993071,0.962862,0.914292,0.989915,0.996942,0.983681,0.99854,0.96616,0.999717,0.956918,0.974886,0.999945,0.939307,0.999888,0.986489,0.999144,0.99954,0.99961,0.999758,0.996075
1667,1,bar,0,0.00403,0.02187,0.01108,0.05324,0.087016,0.010067,0.056079,0.038884,0.044703,0.069813,0.033732,0.048542,0.110873,0.017228,0.020672,0.454018,0.696281,0.130091,0.26067,0.79418,0.480788,0.277022,0.172799,0.364027,0.079364,0.376571,0.29914,0.421985,0.098464,0.135864,0.159507,0.20742,0.295994,0.20761,0.092092,0.318495,0.000316,0.030998,0.400077,0.078945
1668,2,ika,1,0.994968,0.99969,0.99072,0.997912,0.999745,0.992541,0.998169,0.995345,0.997142,0.997119,0.997647,0.998564,0.997665,0.999043,0.998196,0.999557,0.999329,0.99969,0.999464,0.999698,0.999997,0.999988,0.999999,0.999994,0.999993,0.999986,0.999996,0.999996,0.999993,0.999996,0.99999,0.999999,0.999993,0.999994,0.999997,0.999722,0.99974,0.999755,0.99976,0.999651
1669,3,. s,0,0.002517,0.000857,0.007819,0.000732,0.000407,0.013149,0.000458,0.002894,0.007422,0.008157,0.000476,0.001876,0.000391,0.011773,0.004651,0.000482,0.000318,0.079324,0.004114,0.001665,0.283089,0.867505,0.755989,0.825508,0.878941,0.797086,0.860195,0.798276,0.696231,0.777413,0.983735,0.840402,0.826241,0.673018,0.531773,0.960515,0.872286,0.857247,0.545312,0.710638
1670,3,ang,1,0.004371,0.015498,0.005293,0.017337,0.002042,0.039076,0.016383,0.01064,0.059288,0.094498,0.007331,0.006548,0.009678,0.002823,0.007965,0.000149,0.001286,0.001597,0.000234,0.00017,0.000342,2.8e-05,0.000114,6e-06,9e-06,0.000143,2.9e-05,4e-06,6e-06,0.0,1.3e-05,2.1e-05,1.3e-05,0.0,0.0,0.000175,0.000208,0.000304,9.9e-05,0.000486
1671,2,. s,1,0.997966,0.992001,0.893532,0.98371,0.986112,0.99848,0.9966,0.924617,0.988674,0.831951,0.993626,0.999576,0.982585,0.986356,0.990439,0.997043,0.98353,0.981495,0.975546,0.977992,0.795309,0.662295,0.79074,0.733135,0.738192,0.688105,0.779067,0.623179,0.761799,0.576111,0.861041,0.867347,0.715948,0.711828,0.85784,0.645272,0.655206,0.665856,0.599911,0.722495
1672,3,. s,0,0.14546,0.041564,0.089362,0.015358,0.029753,0.101027,0.024488,0.13798,0.106866,0.093301,0.121641,0.017237,0.262737,0.05648,0.237498,0.018487,0.002142,0.117673,0.037793,0.00786,0.830025,0.788233,0.545898,0.750369,0.641013,0.653843,0.621574,0.630028,0.701008,0.508299,0.664721,0.683268,0.665319,0.660797,0.779306,0.678307,0.646204,0.65435,0.62154,0.65919
1673,4,. s,0,0.001241,0.000612,0.000673,0.000335,0.000383,0.00059,0.00042,9.6e-05,0.003729,0.003117,0.001212,0.000101,0.001324,9e-05,0.000727,0.000125,5.3e-05,0.000224,5.6e-05,5.1e-05,0.000106,0.001003,0.00037,0.004178,0.000542,0.003629,0.000151,4e-06,1.6e-05,0.001918,1.9e-05,0.000172,1.9e-05,5e-06,0.00044,0.00039,0.000526,0.000535,0.00044,0.001731
1674,3,aga,0,2.8e-05,0.000864,0.000107,7e-05,9.1e-05,0.004485,0.001437,0.008087,0.005902,0.001347,0.000908,0.00013,0.003886,0.00254,0.009174,0.000143,0.000467,0.001656,0.00069,0.002243,6e-06,0.000369,3e-06,8.4e-05,4e-05,0.000297,7e-06,1e-06,3e-06,7e-06,9e-06,5e-06,8e-06,4e-06,0.000297,0.000205,0.000186,0.000152,0.000123,0.000271
1675,1,man,0,0.000176,8.7e-05,0.001312,0.001332,0.004696,0.012498,0.007354,0.001992,0.006199,0.011088,0.00191,0.003436,0.002585,0.002358,0.000949,0.001183,0.000617,0.000184,0.001,0.001676,0.654147,0.569431,0.594292,0.543425,0.512678,0.619452,0.578886,0.541518,0.548238,0.586202,0.518062,0.593684,0.573601,0.516451,0.642789,0.538217,0.567588,0.569592,0.558031,0.522966
1676,1,ini,1,0.99997,0.998522,0.999941,0.99985,0.999662,0.996888,0.995733,0.989508,0.996275,0.992058,0.998122,0.997875,0.999438,0.994367,0.995231,0.996895,0.998966,0.999081,0.998989,0.999324,0.654147,0.569431,0.594292,0.543425,0.512678,0.619452,0.578886,0.541518,0.548238,0.586202,0.518062,0.593684,0.573601,0.516451,0.642789,0.538217,0.567588,0.569592,0.558031,0.522966
1677,1,udi,0,0.000972,0.009196,0.005937,0.000974,0.000645,0.002042,0.011863,0.000692,0.004642,0.001031,0.002122,0.006623,0.004185,0.001485,0.001315,4.7e-05,3.4e-05,5.3e-05,0.000208,7.1e-05,0.010856,0.008191,0.038838,0.005125,0.015997,0.037546,0.01672,0.010776,0.015273,0.020857,0.015598,0.006557,0.026332,0.01438,0.020217,0.001569,0.000258,0.000142,0.00017,0.002092
1678,1,rno,0,0.000333,0.001608,0.000299,0.002843,0.000635,0.005967,0.007608,0.003251,0.005782,0.003771,0.002736,0.000807,0.008356,0.007218,0.007852,0.00079,0.000126,0.000608,0.000534,0.000276,0.356443,0.040607,0.004624,0.002862,0.004046,0.08835,0.032053,0.146687,0.050911,0.0254,0.065937,0.049561,0.063923,0.199444,0.034066,0.009477,0.000159,0.000205,0.000129,0.005197
1679,2,dah,1,0.364147,0.962502,0.818551,0.165013,0.886841,0.967502,0.964053,0.840781,0.86693,0.962845,0.986473,0.989168,0.790039,0.957768,0.815567,0.996591,0.997684,0.988847,0.458815,0.998935,0.580008,0.55234,0.626053,0.582574,0.519549,0.606422,0.577788,0.540547,0.53322,0.610678,0.570624,0.587211,0.612958,0.504852,0.623406,0.539257,0.562371,0.571446,0.55591,0.536121
1680,1,din,0,0.002051,0.001873,0.003509,0.000927,0.003965,0.012001,0.006255,0.004178,0.011141,0.002925,0.002387,0.00088,0.005074,0.004955,0.004746,0.000298,0.000587,0.000249,0.003547,0.000513,0.654147,0.569431,0.594292,0.543425,0.512678,0.619452,0.578886,0.541518,0.548238,0.586202,0.518062,0.593684,0.573601,0.516451,0.642789,0.538217,0.567588,0.569592,0.558031,0.522966
1681,1,man,0,0.000536,0.000378,0.000785,0.000164,0.005285,0.005104,0.012911,0.011468,0.0051,0.006389,0.002966,0.002356,0.003659,0.004687,0.004958,7.4e-05,0.000133,0.000255,5.7e-05,3.4e-05,0.053765,0.050463,0.013136,0.093244,0.011384,0.068004,0.00717,0.020636,0.045911,0.016739,0.050255,0.030705,0.120081,0.060044,0.024027,0.000288,0.000186,0.001291,0.000149,0.000401
1682,3,sih,1,0.999861,0.999152,0.999697,0.999747,0.999444,0.999633,0.999611,0.999702,0.999462,0.999258,0.999934,0.999717,0.997506,0.999462,0.999852,0.999706,0.999833,0.999804,0.999835,0.99965,0.999978,0.999983,0.999996,0.999976,0.999999,0.999958,1.0,1.0,0.999991,0.999998,1.0,0.999999,0.999998,0.999972,0.999998,0.999612,0.999642,0.999651,0.999686,0.999312
1683,2,nto,0,0.000114,0.000377,0.000399,0.000587,0.000285,0.000768,0.001519,0.001715,0.001993,0.000387,0.000897,0.000269,0.001185,0.001368,0.000668,0.00015,6.4e-05,0.000147,4.6e-05,0.000139,7.3e-05,0.000198,1.7e-05,0.000114,8.9e-05,0.000168,7.8e-05,9e-06,3.1e-05,6.4e-05,8.1e-05,1.4e-05,7e-05,3.6e-05,9e-06,0.000174,0.000147,0.000152,0.000129,0.000379
1684,2,ari,1,0.999756,0.99991,0.999978,0.99987,0.99993,0.998993,0.999154,0.997441,0.993524,0.998918,0.997553,0.999834,0.997732,0.998118,0.999494,0.999862,0.999485,0.999649,0.999128,0.999679,0.999763,0.999912,0.999382,0.999515,0.999874,0.999796,0.99953,0.999909,0.999839,0.999959,0.999594,0.999043,0.999723,0.999711,0.999914,0.999711,0.999646,0.999738,0.999737,0.999562
1685,2,wan,0,0.000322,0.001744,0.001366,0.00205,0.003579,0.000299,0.001525,0.004177,0.000734,0.001775,0.004063,0.000144,0.008993,0.001571,0.008116,0.001453,7.3e-05,0.000122,0.000515,0.000169,0.000285,0.09093,2.1e-05,0.002196,0.008932,0.001117,0.002687,0.000112,0.000282,0.006041,0.000752,0.015331,0.000109,0.002207,0.009699,0.000255,0.000209,0.000224,0.000128,0.00224
1686,2,sah,1,0.989474,0.9888,0.993771,0.980994,0.977731,0.979619,0.987729,0.956025,0.995492,0.946719,0.984782,0.99479,0.986264,0.883191,0.990796,0.993138,0.992972,0.996953,0.999241,0.996853,0.999631,0.998848,0.999508,0.998269,0.99968,0.998409,0.999884,0.999697,0.999159,0.998588,0.999708,0.999417,0.999658,0.999514,0.99989,0.999328,0.999421,0.999601,0.999601,0.998846
1687,1,ani,1,0.999029,0.996794,0.999944,0.99963,0.99793,0.99846,0.998295,0.997919,0.997334,0.998904,0.998103,0.999362,0.996909,0.992533,0.996523,0.999508,0.999766,0.9991,0.999353,0.999628,0.998933,0.999358,0.999748,0.99957,0.99617,0.995817,0.998218,0.999733,0.998924,0.999363,0.997437,0.99914,0.997378,0.998375,0.999342,0.999741,0.999732,0.999692,0.999699,0.999572
1688,2,rni,1,0.999964,0.999962,0.999968,0.999966,0.999797,0.999651,0.99879,0.999186,0.999308,0.999746,0.99942,0.99991,0.999611,0.999925,0.999722,0.999926,0.999955,0.999887,0.999917,0.999916,0.999958,0.999995,0.999999,0.999987,0.999992,0.999908,0.999996,0.999998,0.999993,0.999918,0.999943,0.999988,0.999997,0.999987,0.999988,0.99973,0.99973,0.999701,0.999782,0.999636
1689,2,ndi,0,0.004797,0.044991,0.000463,0.045706,0.038134,0.007121,0.012826,0.009988,0.044018,0.009932,0.006439,0.000524,0.243809,0.004318,0.002866,0.006975,0.009446,0.019094,0.000652,0.000947,0.140943,0.024867,0.003763,0.042528,0.007083,0.139842,0.014032,0.060097,0.027087,0.131306,0.065157,0.008181,0.151375,0.051705,0.010969,0.007915,0.280661,0.000568,0.00318,0.028992
1690,2,yah,0,0.001881,0.001115,0.013178,0.026199,0.000183,0.002648,0.002356,0.003245,0.002056,0.00065,0.000835,1.4e-05,0.001922,0.000251,0.000459,0.000118,0.000147,0.000523,7.8e-05,2.2e-05,3e-05,0.000121,4e-06,0.000418,0.000216,0.000187,0.0003,2.6e-05,2.4e-05,2.6e-05,0.000186,0.000138,0.000731,4.8e-05,1.9e-05,0.000163,0.000175,0.000159,0.000106,0.000338
1691,1,nto,0,0.000285,0.000372,0.000889,0.000392,0.000122,0.000726,0.000375,0.000109,0.000234,0.000251,0.000846,0.000116,0.001008,0.000542,7.5e-05,2.4e-05,4e-05,5.8e-05,4.6e-05,9e-05,1.3e-05,0.006286,0.019761,0.007467,0.009993,0.006084,0.135514,0.133812,0.013489,0.006693,0.000738,0.045185,0.39979,0.03662,0.043015,0.013153,0.000558,0.000499,0.000279,0.012982
1692,1,tun,1,0.988517,0.990877,0.994756,0.984777,0.937356,0.882203,0.66063,0.86148,0.988543,0.96359,0.980493,0.996951,0.977662,0.98758,0.986255,0.964741,0.985818,0.982496,0.983756,0.996786,0.654147,0.569431,0.594292,0.543425,0.512678,0.619452,0.578886,0.541518,0.548238,0.586202,0.518062,0.593684,0.573601,0.516451,0.642789,0.538217,0.567588,0.569592,0.558031,0.522966
1693,3,ari,1,0.99982,0.999946,0.999901,0.999954,0.999812,0.999803,0.999905,0.999534,0.999888,0.999947,0.99985,0.999945,0.999205,0.999887,0.999981,0.999704,0.999823,0.999878,0.99954,0.999899,0.997769,0.999827,0.998592,0.999389,0.999463,0.999439,0.999953,0.999984,0.999398,0.999312,0.999758,0.999308,0.999945,0.999044,0.999529,0.999264,0.999222,0.999523,0.99926,0.999076
1694,2,diq,0,3.9e-05,0.000155,0.002066,9.7e-05,0.00066,0.002073,0.00471,0.004453,0.005004,0.0032,0.00271,4.7e-05,0.009424,0.001383,0.004911,3.1e-05,6.3e-05,0.000229,7.8e-05,5e-05,1.6e-05,0.000273,4e-06,0.00057,0.000172,0.000511,0.00022,1.2e-05,7.2e-05,0.000202,3e-05,0.000223,6.5e-05,1.1e-05,2.5e-05,0.000449,0.000256,0.000253,0.000249,0.000439
1695,1,ini,1,0.994379,0.995999,0.973964,0.961926,0.86159,0.847329,0.895224,0.923349,0.876935,0.889482,0.941098,0.985996,0.974155,0.955561,0.946494,0.9802,0.982533,0.97422,0.868848,0.96207,0.654147,0.569431,0.594292,0.543425,0.512678,0.619452,0.578886,0.541518,0.548238,0.586202,0.518062,0.593684,0.573601,0.516451,0.642789,0.538217,0.567588,0.569592,0.558031,0.522966
1696,2,ono,0,0.00253,0.00036,0.00057,0.001638,0.001658,0.004543,0.006229,0.001421,0.008573,0.001969,0.000272,0.000755,0.000634,0.007198,0.002016,9.5e-05,5.3e-05,0.000663,0.000133,0.000176,0.597509,0.611734,0.856082,0.678016,0.583282,0.722976,0.653177,0.585487,0.476029,0.764387,0.747225,0.668113,0.692836,0.606919,0.286612,0.901328,0.610183,0.730622,0.519713,0.429359
1697,2,sih,1,0.997263,0.993563,0.998974,0.998476,0.992102,0.992363,0.995059,0.985876,0.98736,0.979142,0.997461,0.999956,0.994383,0.992569,0.995242,0.998299,0.997911,0.997609,0.997254,0.996522,0.999947,0.999901,0.999872,0.999618,0.999959,0.999033,0.999944,0.999946,0.999601,0.99947,0.999559,0.999774,0.999138,0.999883,0.999778,0.999606,0.999599,0.999782,0.999794,0.999599
1698,3,ono,0,0.002971,0.012641,0.004147,0.000703,0.006736,0.002881,0.001062,0.016195,0.000822,0.005897,0.013985,0.011671,0.023402,0.003093,0.015826,0.000532,8.4e-05,0.000364,0.000306,0.001141,0.001768,0.002002,0.000618,0.113415,0.001013,0.005485,0.000798,0.014313,0.000799,0.014883,0.001226,0.037117,0.017335,0.001215,0.000299,0.006041,0.003371,0.003041,0.000532,0.09786
1699,3,oho,0,0.011338,0.02292,0.000285,0.002796,0.007738,0.007176,0.000718,0.004643,0.004952,0.003916,0.000861,0.002003,0.001245,0.006925,0.001221,0.000231,0.000672,0.000239,0.0002,0.001053,0.000302,0.00032,2.9e-05,0.004702,0.000107,0.000225,0.000193,4.1e-05,0.000655,0.000112,7.5e-05,4.3e-05,6.3e-05,0.000256,0.001022,0.000176,0.000187,0.000154,0.000106,0.00088
1700,1,sun,0,0.541021,0.122922,0.906218,0.756225,0.139609,0.142947,0.074826,0.243051,0.208607,0.225189,0.108599,0.056563,0.394254,0.087229,0.430424,0.248995,0.015396,0.257858,0.826555,0.665878,0.654147,0.569431,0.594292,0.543425,0.512678,0.619452,0.578886,0.541518,0.548238,0.586202,0.518062,0.593684,0.573601,0.516451,0.642789,0.538217,0.567588,0.569592,0.558031,0.522966
1701,2,ini,1,0.673701,0.972599,0.329037,0.880515,0.279675,0.868823,0.888677,0.959065,0.760321,0.497445,0.477039,0.146723,0.953646,0.823389,0.520001,0.921271,0.791599,0.756263,0.973003,0.996675,0.578301,0.014971,0.013539,0.02954,0.010558,0.107674,0.009072,0.005127,0.121369,0.01337,0.721002,0.005447,0.007093,0.012974,0.020839,0.009924,0.00017,0.032425,0.000206,0.075793
1702,4,ana,0,0.000111,0.003737,0.000554,0.000196,0.000381,1.2e-05,9e-06,4.9e-05,3.5e-05,8.9e-05,0.000288,4e-06,0.000326,8.1e-05,8.7e-05,5e-05,2.8e-05,0.000106,5.2e-05,3.2e-05,9e-06,2e-06,0.0,2e-05,9.1e-05,0.0,0.0,0.0,0.0,0.0,0.0,0.0,0.0,0.0,0.0,0.000172,0.000214,0.000167,0.00011,0.000239
1703,4,uma,0,8.6e-05,0.000186,0.000192,0.000144,0.000238,0.000182,5.5e-05,0.000174,0.000105,4.5e-05,8.8e-05,1.4e-05,0.000489,0.000182,7.7e-05,2e-05,2.2e-05,2.4e-05,3e-05,1.2e-05,7.3e-05,8e-06,6e-05,0.000818,0.000181,1e-06,2e-06,0.0,1.5e-05,0.0,0.0,2e-06,0.0,4e-06,0.0,0.000188,0.000266,0.000165,0.000123,0.000282
1704,2,iza,1,0.980469,0.98623,0.993695,0.735205,0.959237,0.957123,0.975208,0.994232,0.992236,0.907755,0.984747,0.979542,0.96746,0.962112,0.986599,0.989837,0.939715,0.992692,0.995324,0.988661,0.994106,0.954447,0.99971,0.994645,0.928799,0.964264,0.992916,0.998999,0.996961,0.988415,0.997586,0.962008,0.998268,0.990152,0.997539,0.992553,0.9981,0.999393,0.998199,0.976961
1705,1,'is,0,0.002341,0.02575,0.08207,0.014239,0.002165,0.239006,0.310929,0.142236,0.225121,0.600582,0.149164,0.016846,0.065839,0.016653,0.228797,0.181027,0.014924,0.003112,0.06775,0.001301,0.654147,0.569431,0.594292,0.543425,0.512678,0.619452,0.578886,0.541518,0.548238,0.586202,0.518062,0.593684,0.573601,0.516451,0.642789,0.538217,0.567588,0.569592,0.558031,0.522966
1706,2,tun,1,0.999934,0.999951,0.999965,0.999952,0.999851,0.99988,0.999951,0.999182,0.999917,0.999899,0.999877,0.999971,0.999815,0.99951,0.999642,0.999968,0.999933,0.999948,0.999912,0.999935,0.999881,0.99993,0.999997,0.999659,0.99996,0.999974,0.999999,0.999998,0.999979,0.999966,0.999989,0.99997,0.99997,0.999962,0.999982,0.999566,0.99961,0.999617,0.999709,0.999305
1707,2,tin,1,0.999888,0.999973,0.999894,0.999945,0.999898,0.998433,0.99818,0.996964,0.995077,0.99786,0.999823,0.999646,0.999075,0.998607,0.99781,0.999651,0.999387,0.999609,0.999701,0.999279,0.998313,0.999063,0.99994,0.999577,0.999875,0.993989,0.999936,0.999983,0.998458,0.999899,0.998336,0.999873,0.999927,0.998919,0.999996,0.999614,0.999619,0.999701,0.999768,0.999583
1708,1,din,0,7.8e-05,0.010946,0.000216,0.000302,0.000204,0.000179,0.000349,0.00039,0.000875,0.001385,0.000276,3.2e-05,0.000906,0.000274,0.002479,3.9e-05,0.00012,4.7e-05,0.000698,0.000176,0.004821,4.5e-05,0.000451,0.006893,0.000744,0.007021,0.000485,0.001645,0.002444,0.005152,0.019407,0.001386,0.017535,0.029293,0.0092,0.000193,0.000155,0.000199,0.000102,0.000834
1709,2,yah,1,0.999971,0.999384,0.999978,0.999926,0.999683,0.999195,0.99989,0.998858,0.999731,0.999316,0.999457,0.999886,0.999787,0.998306,0.999486,0.999938,0.999892,0.999921,0.999925,0.999924,0.999994,0.999997,1.0,0.999986,0.999997,0.999998,1.0,1.0,0.999999,0.999998,1.0,0.999996,0.999999,0.999997,0.999994,0.999716,0.999757,0.999743,0.9998,0.999641
1710,2,isa,1,0.999857,0.999943,0.999935,0.99998,0.99983,0.998723,0.996315,0.998568,0.99388,0.997962,0.999739,0.999907,0.998469,0.999799,0.999696,0.998125,0.997505,0.99907,0.99918,0.999351,0.999991,0.999959,0.999947,0.999971,0.999998,0.999904,0.999878,0.999919,0.999975,0.999962,0.999997,0.999248,0.999786,0.9994,0.999994,0.999722,0.999717,0.99976,0.99977,0.999502
1711,1,wan,0,0.001039,8.7e-05,0.000233,0.000851,0.002888,0.002756,0.002625,0.000902,0.002485,0.003585,0.000755,0.000815,0.002231,0.004064,0.003833,0.00026,0.000177,0.0039,0.00011,0.000628,0.002964,0.018444,0.000263,0.005912,0.013258,0.013707,0.054885,0.011393,0.002686,0.001159,0.017513,0.013426,0.008041,0.00333,0.001405,0.000183,0.00019,0.000139,0.000151,0.000761
1712,3,run,0,0.001358,0.004145,0.00568,0.000434,0.003309,0.006337,0.000804,0.001916,0.002955,0.006317,0.001812,0.002651,0.003426,0.000777,0.002772,0.000138,0.000697,0.000463,0.000604,0.000119,0.0004,1e-06,3e-06,0.000353,2.1e-05,0.0,0.0,1e-06,0.0,0.000162,6e-06,0.0,0.0,0.0,3.8e-05,0.000175,0.000163,0.000223,9.8e-05,0.00036
1713,1,ana,1,0.445611,0.922802,0.950057,0.945906,0.904626,0.771129,0.851025,0.623176,0.973776,0.947661,0.70211,0.99721,0.701832,0.878567,0.843938,0.930629,0.837091,0.371643,0.831665,0.979702,0.654147,0.569431,0.594292,0.543425,0.512678,0.619452,0.578886,0.541518,0.548238,0.586202,0.518062,0.593684,0.573601,0.516451,0.642789,0.538217,0.567588,0.569592,0.558031,0.522966
1714,1,nah,1,0.999899,0.999898,0.999981,0.999923,0.999954,0.999597,0.999742,0.999782,0.999706,0.999589,0.999721,0.999988,0.999401,0.999799,0.999846,0.999819,0.99958,0.999671,0.99982,0.999851,0.989608,0.978539,0.999818,0.999105,0.999594,0.979587,0.9803,0.997934,0.945861,0.997716,0.842304,0.973858,0.998555,0.966295,0.999453,0.999738,0.999699,0.999608,0.999658,0.999544
1715,2,ain,1,0.902596,0.947082,0.226942,0.99711,0.988602,0.792221,0.834446,0.76008,0.819464,0.728438,0.796568,0.88942,0.94842,0.911216,0.879932,0.855044,0.990083,0.973483,0.758241,0.877135,0.99535,0.998874,0.999166,0.997915,0.999621,0.996624,0.998967,0.99919,0.995986,0.995106,0.994119,0.995276,0.991224,0.991963,0.967843,0.999566,0.999689,0.999727,0.999692,0.999488
1716,2,ina,1,0.992593,0.999644,0.983053,0.989857,0.999061,0.996999,0.99739,0.993353,0.998996,0.995023,0.998161,0.999573,0.994566,0.998824,0.998172,0.999478,0.995084,0.99911,0.998531,0.997031,0.999234,0.999108,0.99981,0.998838,0.999798,0.996988,0.99933,0.999947,0.999342,0.997676,0.999719,0.998277,0.999667,0.999308,0.999303,0.999534,0.999455,0.999374,0.999694,0.999234
1717,1,uri,0,0.508242,0.20587,0.285937,0.743654,0.855905,0.500524,0.448795,0.506817,0.422458,0.348276,0.314292,0.860046,0.857714,0.651072,0.364686,0.230874,0.052644,0.072594,0.021958,0.323889,0.654147,0.569431,0.594292,0.543425,0.512678,0.619452,0.578886,0.541518,0.548238,0.586202,0.518062,0.593684,0.573601,0.516451,0.642789,0.538217,0.567588,0.569592,0.558031,0.522966
1718,1,ati,1,0.998143,0.997126,0.999502,0.999865,0.996789,0.996428,0.999473,0.99623,0.998151,0.995833,0.998976,0.989764,0.996946,0.997965,0.997036,0.998946,0.998902,0.998586,0.999607,0.998498,0.654147,0.569431,0.594292,0.543425,0.512678,0.619452,0.578886,0.541518,0.548238,0.586202,0.518062,0.593684,0.573601,0.516451,0.642789,0.538217,0.567588,0.569592,0.558031,0.522966
1719,2,ama,0,0.001633,0.004228,0.001897,0.001029,0.000591,0.01044,0.0012,0.004133,0.006248,0.004713,0.004358,0.001316,0.004996,0.005334,0.00345,0.00019,0.000162,0.000433,5e-05,4.3e-05,0.000532,0.000186,0.000345,0.000488,9.3e-05,0.00073,1.3e-05,0.000644,0.0002,0.000143,0.000118,4.8e-05,0.00031,0.000117,5.4e-05,0.000156,0.00016,0.000144,0.000124,0.00033
1720,1,nto,0,0.000862,0.001314,0.00154,0.000776,0.002318,0.002731,0.002923,0.002107,0.000781,0.002031,0.000943,0.001267,0.001768,0.001303,0.001479,3e-05,3.7e-05,0.000128,3.3e-05,3e-05,0.001783,0.001184,0.01048,0.004134,0.000283,0.132846,0.012826,0.031595,0.004957,0.00815,0.026401,0.041284,0.126347,0.003115,0.006125,0.000245,0.00015,0.000196,0.001417,0.000293
1721,2,sih,1,0.930692,0.931257,0.964288,0.952005,0.927438,0.912961,0.91602,0.905544,0.907462,0.754058,0.962382,0.964212,0.938645,0.911814,0.974667,0.978827,0.909671,0.96878,0.944445,0.946922,0.999852,0.999564,0.999704,0.993725,0.998962,0.995743,0.999692,0.999728,0.997682,0.996143,0.998966,0.998625,0.997754,0.99845,0.998915,0.999499,0.99946,0.999694,0.999743,0.999255
1722,3,iya,0,0.000381,0.000617,0.00946,0.0005,0.000499,0.001598,0.005167,0.000842,0.004805,0.000719,0.000725,4e-05,0.000939,0.002197,0.001596,3.8e-05,5.1e-05,0.000176,5.4e-05,9.1e-05,9.3e-05,0.178395,0.005725,0.062519,0.000556,0.006159,0.022486,0.016734,0.00198,0.051469,0.016917,0.019324,0.008911,0.018427,0.072391,0.00119,0.001027,0.000709,0.000247,0.018275
1723,2,rjo,0,0.000143,0.000318,1.1e-05,0.00019,1.2e-05,0.001322,0.000683,0.000699,0.002106,0.001282,0.000343,0.048847,0.000945,0.011176,0.000255,9.5e-05,8.8e-05,0.000205,0.000127,6.9e-05,0.019153,0.085504,0.003622,0.065143,0.040423,0.032746,0.024437,0.00501,0.010764,0.572032,0.008111,0.03865,0.030089,0.011991,0.11756,0.001463,0.000549,0.001391,0.006835,0.044256
1724,1,nem,1,0.309333,0.132059,0.259337,0.580347,0.169315,0.125479,0.240824,0.266315,0.196559,0.289882,0.188013,0.389133,0.020371,0.330698,0.214769,0.100614,0.32497,0.250743,0.017961,0.006468,0.654147,0.569431,0.594292,0.543425,0.512678,0.619452,0.578886,0.541518,0.548238,0.586202,0.518062,0.593684,0.573601,0.516451,0.642789,0.538217,0.567588,0.569592,0.558031,0.522966
1725,1,ono,0,5.1e-05,0.000193,0.000253,4.1e-05,0.000975,0.001093,0.000694,0.000397,0.002356,0.000593,0.000483,0.000122,0.002035,0.000509,0.000484,9.7e-05,0.000138,4.9e-05,0.001332,4.7e-05,0.000267,0.001069,0.018686,0.003185,0.021504,0.023969,0.004165,0.161567,0.000881,0.066957,0.004919,0.002893,0.369584,0.01112,0.048804,0.008593,0.000399,0.00025,0.00012,0.003475
1726,1,pti,1,0.97587,0.999463,0.97069,0.999759,0.99108,0.927843,0.985009,0.889694,0.735766,0.96316,0.936382,0.997032,0.975598,0.961102,0.969242,0.999189,0.985106,0.970456,0.998505,0.996503,0.999368,0.705687,0.999771,0.999808,0.99994,0.99576,0.995412,0.999489,0.998579,0.998239,0.990055,0.997238,0.991039,0.993091,0.999891,0.998741,0.999505,0.999746,0.999826,0.999496
1727,2,wan,0,0.00011,1.8e-05,2.2e-05,7.2e-05,0.000422,0.000368,0.000465,0.00565,0.000389,0.0003,0.000434,0.000147,0.001001,0.000312,0.000362,2.1e-05,2.9e-05,5.6e-05,9.5e-05,0.000115,0.00622,0.005549,0.010029,0.009075,0.005386,0.018019,0.003412,0.005475,0.008771,0.014099,0.00907,0.003406,0.02212,0.005373,0.004207,0.00132,0.001128,0.002293,0.002483,0.015814
1728,3,wan,0,0.00203,0.050956,0.019398,0.001416,0.009757,0.004251,0.075071,0.01812,0.008024,0.011529,0.037154,0.000149,0.000842,0.017622,0.023655,0.000139,0.013954,0.010935,0.000317,0.002926,0.000413,0.017883,0.003607,0.189079,0.004843,0.00052,0.000344,9.5e-05,0.001276,0.002587,0.001127,9e-06,0.023468,0.015419,0.002598,0.003021,0.000259,0.000176,0.000156,0.002695
1729,3,tyo,0,0.000221,0.001578,0.002103,0.001021,0.000627,0.006168,0.000774,0.011008,0.001438,0.003531,0.004822,0.002638,0.000916,0.006263,0.016785,0.000136,0.000479,0.000362,0.000704,2.9e-05,0.020465,4e-05,0.00175,0.000218,4.9e-05,0.044109,1e-06,6.5e-05,0.000725,2.4e-05,0.003745,4e-06,0.000161,4.9e-05,0.0,0.000373,0.00022,0.000188,0.000122,0.006036
1730,1,tar,0,0.074902,0.011584,0.001945,0.141499,0.078787,0.021842,0.060306,0.093467,0.032903,0.185119,0.032831,0.002766,0.018157,0.083846,0.047381,0.000112,0.000105,0.003189,5.8e-05,0.000199,0.654147,0.569431,0.594292,0.543425,0.512678,0.619452,0.578886,0.541518,0.548238,0.586202,0.518062,0.593684,0.573601,0.516451,0.642789,0.538217,0.567588,0.569592,0.558031,0.522966
1731,1,tin,1,0.964444,0.190215,0.913507,0.986626,0.896793,0.394002,0.709541,0.475024,0.655888,0.736278,0.809214,0.436274,0.844705,0.63117,0.671185,0.121051,0.942596,0.967522,0.461864,0.979187,0.000161,0.130491,0.000554,0.29796,0.011054,0.033023,0.259853,0.200058,0.268435,0.032968,0.001793,0.571846,0.044046,0.295976,0.189273,0.000188,0.000167,0.000153,0.000179,0.000695
1732,3,tri,1,0.999873,0.999994,0.999967,0.999852,0.999982,0.999963,0.99991,0.999903,0.99986,0.999974,0.999953,0.999932,0.999896,0.999987,0.999938,0.999951,0.99995,0.99994,0.999948,0.999962,0.999999,0.999995,1.0,0.999922,1.0,1.0,1.0,1.0,1.0,1.0,1.0,1.0,1.0,1.0,1.0,0.999749,0.99976,0.999698,0.999746,0.999636
1733,3,tri,1,0.984008,0.998411,0.995927,0.998997,0.982587,0.997074,0.999801,0.999533,0.998306,0.999866,0.98463,0.996636,0.936414,0.997893,0.999763,0.999719,0.999687,0.999293,0.999374,0.9997,0.999649,0.999994,0.99999,0.999951,0.999945,0.999876,0.999992,0.999999,0.99992,0.999886,0.999967,0.999998,0.999978,0.999712,0.999828,0.999644,0.999614,0.999739,0.999786,0.999031
1734,3,ari,1,0.999733,0.999858,0.999784,0.99975,0.999889,0.999957,0.999967,0.99999,0.999991,0.999976,0.999947,0.999431,0.999651,0.99992,0.999994,0.999933,0.999876,0.999908,0.999935,0.999936,0.999994,0.999991,1.0,0.999988,0.99999,0.999993,1.0,1.0,1.0,1.0,1.0,1.0,1.0,0.999989,1.0,0.999725,0.999705,0.999676,0.999726,0.999555
1735,1,man,0,5.8e-05,0.000202,0.000812,0.00015,0.000444,0.000925,0.007541,0.006051,0.004562,0.002951,0.001258,0.000749,0.003084,0.003697,0.003354,0.000768,0.000374,0.001075,0.00014,0.000535,0.002617,0.004357,0.009452,0.022164,0.018467,0.143778,0.034045,0.002189,0.027939,0.068858,0.045729,0.043753,0.030146,0.052841,0.054432,0.000496,0.00017,0.000807,0.000107,0.000432
1736,2,ati,1,0.610048,0.985182,0.981253,0.999163,0.979726,0.99454,0.992146,0.881641,0.991429,0.964937,0.989693,0.716846,0.985364,0.984106,0.988942,0.999388,0.998161,0.992107,0.996685,0.997524,0.002354,0.00561,0.004134,0.009857,0.005457,0.016207,0.002477,0.003864,0.008483,0.014614,0.0045,0.005104,0.005958,0.002609,0.008706,0.001198,0.000432,0.000464,0.000665,0.009589
1737,2,ayu,1,0.998308,0.997989,0.99857,0.999805,0.996739,0.989584,0.995414,0.933728,0.996753,0.994319,0.996626,0.998137,0.994939,0.995358,0.997008,0.998878,0.99952,0.999096,0.999251,0.999379,0.998913,0.999163,0.999993,0.999684,0.999258,0.998926,0.998042,0.999981,0.99279,0.993728,0.999603,0.999505,0.999419,0.996621,0.998502,0.999597,0.999663,0.999699,0.999805,0.999652
1738,3,han,0,0.005218,0.010137,0.018781,0.002991,0.003367,0.002905,0.001562,0.006458,0.002444,0.003602,0.022031,0.000351,0.006358,0.008901,0.00183,0.001841,0.000378,0.001222,0.001516,0.002677,0.000202,0.000541,1.1e-05,2.9e-05,5e-05,0.000683,0.00012,3.1e-05,5.4e-05,0.0009,0.000316,0.000116,0.000188,4.3e-05,0.00012,0.000423,0.000254,0.000253,0.000261,0.001019
1739,3,lmi,0,0.086303,0.033291,0.039524,0.377867,0.282155,0.00553,0.019017,0.012903,0.016106,0.082835,0.025289,0.015796,0.011111,0.000583,0.00362,0.00034,0.001648,0.003482,0.00388,0.002739,0.215141,0.045912,0.015168,0.015062,0.05617,0.633702,0.158422,0.03891,0.000534,0.918893,0.70451,0.004587,0.917615,0.00158,0.975949,0.000507,0.179013,0.002004,0.030948,0.223118
1740,1,zal,0,0.002252,0.003542,0.002016,0.003119,0.005837,0.013739,0.013553,0.002671,0.011643,0.006767,0.007413,0.000505,0.002696,0.003644,0.002891,0.000317,0.000363,0.000464,0.000415,0.00015,0.654147,0.569431,0.594292,0.543425,0.512678,0.619452,0.578886,0.541518,0.548238,0.586202,0.518062,0.593684,0.573601,0.516451,0.642789,0.538217,0.567588,0.569592,0.558031,0.522966
1741,2,uti,1,0.9993,0.999504,0.999938,0.999899,0.999771,0.997941,0.998546,0.996036,0.99631,0.999469,0.997,0.999782,0.998423,0.996535,0.999311,0.999742,0.999717,0.999779,0.999583,0.999756,0.999304,0.999862,0.999884,0.99905,0.999976,0.99943,0.99979,0.999953,0.999912,0.999943,0.998231,0.999865,0.999843,0.999501,0.999957,0.999541,0.999675,0.999481,0.999755,0.999446
1742,3,yat,0,5.3e-05,0.000114,3.6e-05,2.2e-05,2.2e-05,8e-05,0.000225,0.000134,0.000297,4e-05,0.000376,8e-06,0.00011,9.3e-05,4.9e-05,2.1e-05,2.3e-05,9.8e-05,2.2e-05,1.3e-05,1.3e-05,2.4e-05,0.00021,7e-06,4e-06,1.1e-05,1.2e-05,2e-06,1e-06,0.0,8e-06,7e-06,2e-06,0.0,0.0,0.000158,0.000199,0.000199,0.000105,0.000357
1743,2,ari,1,0.999807,0.995382,0.960977,0.996462,0.998835,0.998546,0.995845,0.99788,0.998362,0.999533,0.998162,0.984252,0.951603,0.965312,0.998635,0.999315,0.999697,0.998732,0.99967,0.99991,0.977559,0.998251,0.998009,0.999302,0.987418,0.958524,0.999347,0.999595,0.997102,0.971833,0.964295,0.998945,0.995679,0.998296,0.996395,0.997112,0.997482,0.999311,0.999387,0.997613
1744,1,sid,0,0.010676,0.009149,0.00496,0.217858,0.001492,0.185689,0.16185,0.052954,0.05619,0.060385,0.096475,0.049227,0.03907,0.029572,0.042406,0.000573,0.00513,0.002981,0.001941,0.00081,0.470987,0.065504,0.893219,0.279505,0.52007,0.915674,0.459978,0.881301,0.633936,0.754686,0.911073,0.632094,0.695677,0.40898,0.575042,0.458526,0.989264,0.03112,0.851655,0.683466
1745,2,eha,1,0.999897,0.999821,0.999898,0.999943,0.999424,0.997694,0.999532,0.997149,0.998379,0.999327,0.998809,0.99997,0.999615,0.99809,0.998672,0.999945,0.999885,0.999938,0.999876,0.999928,0.999989,0.99999,1.0,0.999917,0.999995,0.999998,1.0,1.0,1.0,0.999999,1.0,1.0,0.999999,0.999997,0.999998,0.999716,0.999748,0.999719,0.999808,0.999612
1746,3,ezi,0,0.000179,0.000142,2.6e-05,0.000422,9.6e-05,0.000164,4.1e-05,8.1e-05,0.000178,8.2e-05,0.000259,4e-06,0.000141,2.4e-05,4.9e-05,3e-05,2.9e-05,9.3e-05,4.1e-05,2.5e-05,7e-06,3e-06,0.0,1.5e-05,9e-06,1e-06,0.0,0.0,0.0,0.0,0.0,0.0,0.0,0.0,0.0,0.000148,0.000215,0.000135,0.000105,0.000225
1747,2,din,0,2.7e-05,8.1e-05,3.4e-05,9.1e-05,6.1e-05,3.2e-05,7.2e-05,0.000292,3.7e-05,4.5e-05,0.000112,1.7e-05,0.000533,8.6e-05,6.2e-05,1.6e-05,3.1e-05,3.4e-05,5.4e-05,2.3e-05,3e-06,5e-06,2e-06,6.4e-05,3.6e-05,9e-06,8e-06,0.0,1e-06,1e-06,1e-06,6e-06,3.9e-05,1e-06,1e-06,0.000159,0.000194,0.000151,0.000115,0.000367
1748,1,ati,1,0.99992,0.997135,0.999841,0.999977,0.999745,0.996483,0.999379,0.998506,0.99572,0.993713,0.998716,0.99982,0.99933,0.993128,0.995123,0.99961,0.999683,0.998706,0.999594,0.999438,0.997775,0.952056,0.976795,0.99646,0.985889,0.877448,0.924791,0.967827,0.995591,0.904754,0.927883,0.907973,0.937034,0.997577,0.99044,0.963937,0.999365,0.999439,0.999789,0.999386
1749,3,nah,1,0.999813,0.9992,0.999984,0.99908,0.999398,0.995482,0.99949,0.99734,0.999699,0.997445,0.999383,0.999865,0.997647,0.999769,0.998933,0.999851,0.999882,0.999746,0.999842,0.999881,0.998684,0.999765,0.999468,0.99962,0.999746,0.994685,0.999988,0.999595,0.998781,0.999278,0.999957,0.999991,0.995596,0.999757,0.999957,0.999586,0.999333,0.999556,0.99967,0.998865
1750,2,man,0,4.6e-05,6e-06,7.6e-05,4.9e-05,0.000223,0.000134,0.000291,0.000104,0.000493,0.000171,0.000493,0.000204,0.000107,0.000152,3.8e-05,3.1e-05,2.8e-05,7.6e-05,7.2e-05,8.8e-05,2e-05,2.6e-05,5.6e-05,7.3e-05,4e-05,1.1e-05,2.6e-05,0.0,3e-06,1.3e-05,1e-06,1.6e-05,1e-06,2e-06,3e-06,0.00015,0.000146,0.000143,0.000113,0.000258
1751,2,him,0,0.000215,1.7e-05,7.7e-05,3.6e-05,0.000813,0.000352,0.000846,0.00031,0.000505,0.000309,0.000651,0.000245,0.000283,0.000979,0.00027,3.4e-05,3.4e-05,0.000104,6.7e-05,8.4e-05,4e-06,1.4e-05,2e-05,3.1e-05,5e-06,6e-06,2.7e-05,0.0,2e-06,5e-06,1e-06,2.2e-05,5e-06,1e-06,0.0,0.000153,0.000138,0.000138,0.000111,0.000272
1752,1,din,0,0.002014,0.00092,0.00197,0.008571,0.004803,0.007317,0.005476,0.004359,0.012731,0.011196,0.003375,0.000459,0.015366,0.017836,0.011969,0.000524,0.000821,0.001105,0.000526,0.000432,0.654147,0.569431,0.594292,0.543425,0.512678,0.619452,0.578886,0.541518,0.548238,0.586202,0.518062,0.593684,0.573601,0.516451,0.642789,0.538217,0.567588,0.569592,0.558031,0.522966
1753,1,ini,1,0.893928,0.93118,0.997636,0.994068,0.748622,0.749515,0.820815,0.549799,0.724859,0.811104,0.731236,0.081276,0.898011,0.978546,0.813,0.92112,0.979303,0.92746,0.810267,0.941928,0.654147,0.569431,0.594292,0.543425,0.512678,0.619452,0.578886,0.541518,0.548238,0.586202,0.518062,0.593684,0.573601,0.516451,0.642789,0.538217,0.567588,0.569592,0.558031,0.522966
1754,3,yah,0,0.000433,7.9e-05,0.000221,0.000397,6.5e-05,6.6e-05,2e-05,0.000268,8.2e-05,0.000184,0.000104,5e-06,0.000637,0.000183,1e-05,2.5e-05,2.9e-05,9.6e-05,5.1e-05,3.2e-05,9.3e-05,0.000163,8e-06,5.4e-05,6e-05,0.000207,4e-06,2e-06,1e-06,1.8e-05,2.6e-05,2.5e-05,3.9e-05,0.0,0.0,0.000653,0.000206,0.000228,0.000145,0.000441
1755,2,oah,1,0.999652,0.98343,0.996524,0.993356,0.985758,0.99578,0.999272,0.942001,0.994965,0.997838,0.986786,0.998331,0.993741,0.986427,0.998677,0.999822,0.999408,0.998836,0.999535,0.999779,0.580008,0.55234,0.626053,0.582574,0.519549,0.606422,0.577788,0.540547,0.53322,0.610678,0.570624,0.587211,0.612958,0.504852,0.623406,0.539257,0.562371,0.571446,0.55591,0.536121
1756,3,ruf,0,0.018237,0.001467,0.002583,0.022508,0.00425,0.024717,0.037035,0.008254,0.008847,0.029054,0.019972,0.00662,0.007454,0.0383,0.003246,0.000161,8.1e-05,0.000304,0.000138,0.000294,6.1e-05,2e-05,0.000475,2e-05,0.001111,8.1e-05,4e-06,7e-06,4e-06,0.00057,4.5e-05,4e-06,0.005242,3e-06,1.3e-05,0.000275,0.000162,0.000206,0.000146,0.000458
1757,2,mah,0,0.982676,0.94739,0.580672,0.977356,0.907731,0.922193,0.970291,0.966467,0.9951,0.947398,0.970832,0.950823,0.799974,0.993189,0.98686,0.980322,0.943425,0.990516,0.995698,0.982082,0.267776,0.099485,0.004022,0.568394,0.007739,0.116071,0.044834,0.1145,0.599889,0.006273,0.092882,0.115456,0.005422,0.298418,0.032392,0.000524,0.00163,0.839668,0.000115,0.127554
1758,2,lah,0,0.001115,0.000112,0.001804,9.2e-05,0.001891,0.000542,0.00171,0.001605,0.00054,0.001301,0.008968,0.000147,0.009299,0.000721,0.003803,0.000102,0.000134,0.000157,0.0001,0.000132,5e-06,4e-06,3e-06,2.9e-05,1.6e-05,2.1e-05,0.0,1e-06,2e-06,4e-06,4e-06,1e-06,3e-06,1.2e-05,1e-06,0.000146,0.000156,0.000186,0.000106,0.000244
1759,1,tin,1,0.919189,0.994581,0.886189,0.980126,0.995678,0.818661,0.941407,0.682377,0.84911,0.903675,0.966776,0.976328,0.895631,0.398809,0.924921,0.033853,0.034138,0.353431,0.076329,0.158204,0.654147,0.569431,0.594292,0.543425,0.512678,0.619452,0.578886,0.541518,0.548238,0.586202,0.518062,0.593684,0.573601,0.516451,0.642789,0.538217,0.567588,0.569592,0.558031,0.522966
1760,2,lah,0,0.301584,0.061068,0.334082,0.008548,0.862283,0.093395,0.118112,0.066436,0.08667,0.024499,0.1758,0.072876,0.035705,0.114894,0.276167,0.32137,0.02863,0.161352,0.02769,0.520712,0.019229,0.043681,0.017588,0.036422,0.00949,0.063588,0.014133,0.004996,0.056421,0.024437,0.009328,0.034455,0.048398,0.056559,0.005745,0.017219,0.001348,0.014886,0.005753,0.108833
1761,1,ono,0,0.001554,0.006287,0.004545,0.020243,0.021578,0.02388,0.030732,0.005264,0.011614,0.005815,0.017088,0.001991,0.013573,0.010745,0.009232,0.000174,3.2e-05,0.000865,0.000181,0.000245,0.000343,0.002873,0.000172,0.031128,0.001754,0.026694,0.001356,0.002794,0.006806,0.009025,0.034054,0.0067,0.002896,0.03558,0.002956,0.000317,0.000246,0.000137,0.000196,0.001004
1762,2,iah,1,0.597078,0.978235,0.999601,0.999649,0.994516,0.872301,0.9943,0.992331,0.997187,0.994235,0.981716,0.999736,0.999294,0.999344,0.99749,0.999213,0.99894,0.99935,0.998338,0.998948,0.999809,0.955043,0.96077,0.989712,0.995468,0.852771,0.823299,0.99835,0.97613,0.984712,0.998721,0.829886,0.996319,0.964739,0.980642,0.996978,0.999648,0.990554,0.956725,0.998176
1763,3,tia,1,0.982939,0.9231,0.982794,0.982734,0.985859,0.99016,0.999565,0.92733,0.984842,0.97648,0.995365,0.996851,0.987793,0.990635,0.927102,0.999441,0.999718,0.999254,0.999547,0.999634,0.998701,0.996439,0.99973,0.999635,0.996367,0.978447,0.970401,0.999949,0.908445,0.96363,0.999214,0.988821,0.999668,0.850337,0.978976,0.962552,0.999515,0.999639,0.9996,0.999027
1764,1,wan,0,0.001954,0.001253,0.000232,0.001189,0.001097,0.007824,0.014338,0.002955,0.007702,0.005593,0.001987,0.000791,0.002555,0.003388,0.002074,7.2e-05,8.8e-05,0.000862,0.000132,9.5e-05,0.000655,0.000287,0.093287,0.003199,0.000361,0.006914,0.004734,0.000801,0.002025,0.013553,0.009214,0.005623,0.013323,0.002159,0.001181,0.000147,0.000171,0.000149,0.000105,0.000266
1765,1,smi,1,0.379193,0.99193,0.835463,0.93736,0.800082,0.756757,0.852554,0.895716,0.915114,0.896882,0.955131,0.938336,0.933279,0.771118,0.849801,0.905441,0.905385,0.97428,0.9379,0.968751,0.654147,0.569431,0.594292,0.543425,0.512678,0.619452,0.578886,0.541518,0.548238,0.586202,0.518062,0.593684,0.573601,0.516451,0.642789,0.538217,0.567588,0.569592,0.558031,0.522966
1766,2,ama,0,0.002701,0.00039,0.000672,0.001142,0.001157,0.000832,0.000789,0.000386,0.001943,0.000795,0.000936,0.001006,0.002619,0.001579,0.000466,0.000215,0.000119,0.000137,6.3e-05,6.7e-05,0.000212,0.000809,0.00049,0.000854,0.000476,0.00027,0.000156,0.000598,0.00025,0.000334,2.2e-05,0.000188,0.001126,0.000732,0.000597,0.000234,0.000244,0.000169,0.000143,0.000397
1767,1,man,0,0.004703,0.019116,0.009886,0.011983,0.011121,0.025053,0.07367,0.000849,0.006289,0.003595,0.009401,0.003454,0.011666,0.004961,0.003103,0.007075,0.010134,0.001407,0.021577,0.012281,0.3586,0.078394,0.000128,0.034869,0.001378,0.852598,0.466181,0.57271,0.111217,0.003588,0.927842,0.215233,0.335775,0.116802,0.005648,0.348284,0.000152,0.242218,0.999757,0.992579
1768,1,ria,1,0.99339,0.960386,0.996675,0.989055,0.997518,0.984208,0.993261,0.95036,0.86434,0.936349,0.666988,0.999721,0.971236,0.984184,0.949808,0.381307,0.978672,0.940112,0.986568,0.908425,0.654147,0.569431,0.594292,0.543425,0.512678,0.619452,0.578886,0.541518,0.548238,0.586202,0.518062,0.593684,0.573601,0.516451,0.642789,0.538217,0.567588,0.569592,0.558031,0.522966
1769,3,zal,0,0.007822,0.003103,0.017285,0.0387,0.02,0.008829,0.005437,0.007282,0.009473,0.015085,0.069678,0.002835,0.020957,0.00898,0.008929,0.00191,0.720619,0.002001,0.004987,0.000235,0.000499,0.000617,0.664452,0.005334,0.786761,0.001053,0.000183,0.291618,0.772231,0.013132,0.002367,3e-06,0.697013,0.50894,7.9e-05,0.000189,0.000181,0.00022,0.000125,0.003896
1770,1,lim,0,0.003854,0.001005,0.000267,0.024188,0.003073,0.005293,0.012513,0.014432,0.006725,0.013717,0.001692,0.000373,0.001604,0.000766,0.018583,0.000175,0.000408,0.000671,0.005186,0.000392,0.002006,0.000689,0.000434,0.002187,0.001758,0.027891,0.014673,0.000361,0.00154,0.01971,0.00294,0.008933,0.003337,0.002918,0.004729,0.000238,0.00019,0.000133,0.000109,0.000331
1771,1,ani,1,0.999906,0.999794,0.999941,0.992594,0.998097,0.990206,0.997142,0.989479,0.991517,0.969699,0.996042,0.999531,0.997117,0.980658,0.993148,0.961102,0.993802,0.983186,0.948078,0.990205,0.654147,0.569431,0.594292,0.543425,0.512678,0.619452,0.578886,0.541518,0.548238,0.586202,0.518062,0.593684,0.573601,0.516451,0.642789,0.538217,0.567588,0.569592,0.558031,0.522966
1772,2,wan,0,0.000851,0.000552,0.000145,0.000324,0.000179,4.4e-05,8.3e-05,0.000868,0.000121,3.6e-05,0.000166,6.6e-05,0.000283,0.000307,8e-05,2.5e-05,4.3e-05,3.6e-05,3.3e-05,1.3e-05,8e-06,1.6e-05,3e-06,2e-05,1.2e-05,4.2e-05,8e-06,4e-06,1e-06,1e-06,5e-06,3.5e-05,1.5e-05,1e-06,0.0,0.000148,0.000165,0.000137,9.6e-05,0.00034
1773,2,nto,0,0.001285,0.004894,0.007736,0.002301,0.012034,0.001287,0.004058,0.003676,0.00533,0.000983,0.00108,0.00214,0.001574,0.001516,0.000925,0.00015,0.000438,0.000179,0.000159,0.000212,4.8e-05,4.2e-05,6e-06,0.000107,9.1e-05,0.000203,5.7e-05,1.1e-05,1.3e-05,2e-06,2.9e-05,7e-05,7.4e-05,0.000101,2.4e-05,0.000173,0.00016,0.000145,0.000114,0.000336
1774,2,yat,0,0.000251,0.001259,0.0001,0.000268,0.000522,0.000784,0.001932,0.000377,0.001021,0.000511,0.001148,3.6e-05,0.001139,0.001204,0.000444,2.4e-05,3.7e-05,6.3e-05,0.000131,1.6e-05,4e-05,0.000116,2.6e-05,0.000206,4e-05,0.000173,3.5e-05,3.3e-05,2.3e-05,4.2e-05,2.4e-05,0.000258,3.7e-05,5e-06,2.5e-05,0.000224,0.00018,0.000142,0.000124,0.000279
1775,1,min,0,0.043205,0.859588,0.021764,0.749344,0.051903,0.08845,0.385107,0.33841,0.241484,0.235667,0.130516,0.027295,0.378596,0.148294,0.16958,0.024967,0.24368,0.422755,0.107858,0.345094,0.654147,0.569431,0.594292,0.543425,0.512678,0.619452,0.578886,0.541518,0.548238,0.586202,0.518062,0.593684,0.573601,0.516451,0.642789,0.538217,0.567588,0.569592,0.558031,0.522966
1776,2,sih,1,0.999496,0.998087,0.998763,0.999338,0.99991,0.999755,0.999846,0.999972,0.999948,0.99973,0.999787,0.991321,0.998018,0.99859,0.999904,0.999881,0.99987,0.999835,0.99985,0.999864,0.999993,0.99996,0.999997,0.999907,0.999987,0.999988,0.999997,0.999994,0.999997,0.999986,0.999983,0.999997,0.999963,0.999992,0.999998,0.999716,0.999725,0.999698,0.999799,0.999626
1777,3,tin,1,0.998173,0.99927,0.989023,0.99894,0.994466,0.992561,0.998162,0.998856,0.99718,0.99942,0.998904,0.998397,0.981717,0.99897,0.996326,0.998511,0.99936,0.998682,0.998924,0.999402,0.99619,0.840933,0.864733,0.973348,0.95181,0.988755,0.999335,0.950366,0.99708,0.924157,0.998807,0.997427,0.995526,0.996147,0.989077,0.988456,0.998078,0.997701,0.996699,0.989056
1778,1,yah,1,0.97688,0.99687,0.998897,0.932879,0.992024,0.957357,0.963384,0.958793,0.981976,0.979445,0.981546,0.977137,0.972887,0.987838,0.984088,0.997741,0.998603,0.99784,0.988245,0.997009,0.654147,0.569431,0.594292,0.543425,0.512678,0.619452,0.578886,0.541518,0.548238,0.586202,0.518062,0.593684,0.573601,0.516451,0.642789,0.538217,0.567588,0.569592,0.558031,0.522966
1779,2,nco,0,0.007069,0.000605,0.000154,0.000858,0.00274,0.000657,0.00016,0.000321,0.001135,0.000136,0.000211,0.000104,0.004075,0.000464,0.000252,6.7e-05,0.000186,0.000443,9.7e-05,0.000132,0.000455,0.000248,3e-06,0.000347,0.000546,0.0053,0.001761,0.000149,0.001208,0.009502,0.000488,0.001215,0.000202,0.001159,0.002155,0.000398,0.00032,0.000325,0.000219,0.002521
1780,1,jan,0,0.011931,0.07239,0.002478,0.024526,0.034529,0.041623,0.068944,0.00475,0.023078,0.003801,0.073349,0.000522,0.027451,0.008992,0.001573,0.040502,0.014112,0.028913,0.037001,0.084538,0.654147,0.569431,0.594292,0.543425,0.512678,0.619452,0.578886,0.541518,0.548238,0.586202,0.518062,0.593684,0.573601,0.516451,0.642789,0.538217,0.567588,0.569592,0.558031,0.522966
1781,1,yah,1,0.999968,0.999755,0.999965,0.999999,0.999987,0.999543,0.999803,0.999295,0.999718,0.999216,0.999943,0.999999,0.999624,0.999676,0.9987,0.999849,0.999684,0.999459,0.999733,0.999595,0.905966,0.997066,0.989906,0.867456,0.984186,0.336553,0.943724,0.970303,0.94141,0.802308,0.317189,0.975907,0.992038,0.947215,0.918823,0.999034,0.998549,0.994474,0.999793,0.997905
1782,3,yah,0,0.000335,0.00045,9.8e-05,0.000423,8.2e-05,7.5e-05,2e-05,2.4e-05,2.5e-05,3.5e-05,2.4e-05,1.2e-05,0.000213,3.8e-05,5e-05,5.7e-05,6.9e-05,0.000169,0.00014,6.2e-05,2e-06,6.8e-05,4.9e-05,3.9e-05,3e-06,5e-06,2e-06,4e-06,1e-06,0.0,1e-06,0.0,7e-05,1e-06,0.0,0.000168,0.000156,0.000152,0.000132,0.00038
1783,3,rda,1,0.999751,0.999749,0.99978,0.998715,0.999368,0.999014,0.99602,0.996574,0.997316,0.99568,0.998107,0.999828,0.993181,0.999315,0.998288,0.999827,0.99992,0.999879,0.999887,0.999895,0.997334,0.999952,0.999674,0.999991,0.99986,0.92733,0.99999,0.999998,0.999211,0.998177,0.999492,0.999883,0.999744,0.999236,0.999532,0.997185,0.999646,0.999604,0.99973,0.999481
1784,1,man,0,0.000536,0.000378,0.000785,0.000164,0.005285,0.005104,0.012911,0.011468,0.0051,0.006389,0.002966,0.002356,0.003659,0.004687,0.004958,7.4e-05,0.000133,0.000255,5.7e-05,3.4e-05,0.053765,0.050463,0.013136,0.093244,0.011384,0.068004,0.00717,0.020636,0.045911,0.016739,0.050255,0.030705,0.120081,0.060044,0.024027,0.000288,0.000186,0.001291,0.000149,0.000401
1785,1,ati,1,0.999856,0.999643,0.999503,0.999598,0.999598,0.998084,0.999142,0.996418,0.997996,0.943338,0.998384,0.99567,0.996277,0.981031,0.991985,0.999587,0.999578,0.99934,0.999796,0.999821,0.99118,0.999054,0.999399,0.938726,0.999864,0.976793,0.906569,0.961005,0.963571,0.956091,0.929086,0.936372,0.985841,0.959156,0.971694,0.999551,0.998302,0.997203,0.999698,0.999176
1786,4,ama,0,1.2e-05,2.5e-05,3.8e-05,9.7e-05,5.1e-05,1.1e-05,7e-06,5.7e-05,2.6e-05,2.8e-05,2.3e-05,1.6e-05,0.000102,4.8e-05,3e-05,1.3e-05,1.3e-05,1.3e-05,1.5e-05,7e-06,3e-06,5e-06,1e-06,1.9e-05,3e-06,3e-06,0.0,0.0,0.0,0.0,0.0,0.0,1e-06,0.0,0.0,0.000154,0.000177,0.000153,9.9e-05,0.000222
1787,2,hwa,1,0.99628,0.998961,0.991893,0.667749,0.991984,0.921747,0.978609,0.977872,0.956895,0.970892,0.942445,0.998298,0.961271,0.969875,0.975444,0.990223,0.998925,0.999224,0.978726,0.99757,0.580008,0.55234,0.626053,0.582574,0.519549,0.606422,0.577788,0.540547,0.53322,0.610678,0.570624,0.587211,0.612958,0.504852,0.623406,0.539257,0.562371,0.571446,0.55591,0.536121
1788,2,tis,0,0.994066,0.184991,0.008671,0.424096,0.981995,0.093023,0.739968,0.02561,0.047866,0.109789,0.420382,0.000187,0.528555,0.056754,0.146711,0.002156,0.000808,0.002499,0.00062,0.007564,0.580008,0.55234,0.626053,0.582574,0.519549,0.606422,0.577788,0.540547,0.53322,0.610678,0.570624,0.587211,0.612958,0.504852,0.623406,0.539257,0.562371,0.571446,0.55591,0.536121
1789,1,man,0,0.000214,0.00032,0.000757,0.000204,0.013606,0.001977,0.014231,0.000939,0.006965,0.003696,0.001615,0.001205,0.001431,0.002999,0.005046,0.00052,0.001509,0.004331,0.006471,0.001781,0.654147,0.569431,0.594292,0.543425,0.512678,0.619452,0.578886,0.541518,0.548238,0.586202,0.518062,0.593684,0.573601,0.516451,0.642789,0.538217,0.567588,0.569592,0.558031,0.522966
1790,1,man,0,0.000648,0.000124,0.001857,9.2e-05,0.002721,0.001813,0.006703,0.007228,0.009521,0.011032,0.002964,0.001104,0.003053,0.003349,0.003059,6.7e-05,0.000185,0.000825,0.001875,5.1e-05,0.002062,0.013754,0.000108,0.003,0.001696,0.015147,0.004404,0.002174,0.002675,0.00192,0.004343,0.060602,0.003373,0.007072,0.000614,0.000162,0.000157,0.000141,0.000136,0.000429
1791,2,roh,1,0.992359,0.99432,0.999772,0.999759,0.999851,0.999609,0.999238,0.999862,0.999572,0.99842,0.999195,0.99998,0.9978,0.99983,0.999174,0.99964,0.999817,0.999671,0.99988,0.999755,0.999835,0.996601,0.997644,0.987857,0.997775,0.986691,0.99633,0.987161,0.990315,0.979024,0.996087,0.998816,0.97776,0.987523,0.9992,0.995911,0.996435,0.998084,0.99884,0.991922
1792,3,man,1,0.98546,0.99615,0.996313,0.996455,0.984635,0.993157,0.989019,0.993059,0.996104,0.987544,0.98159,0.998761,0.978729,0.980889,0.996053,0.999701,0.999853,0.999359,0.999284,0.999719,0.902417,0.937484,0.964337,0.991231,0.985108,0.951723,0.998978,0.982414,0.87933,0.920635,0.982299,0.985135,0.988124,0.95667,0.947037,0.983711,0.998086,0.991294,0.999483,0.994796
1793,1,ono,0,0.00417,0.006056,0.008474,0.013682,0.008829,0.065606,0.081459,0.019464,0.022475,0.007675,0.006696,0.006148,0.011181,0.006976,0.008818,5.3e-05,8.2e-05,6e-05,5.8e-05,9.9e-05,0.654147,0.569431,0.594292,0.543425,0.512678,0.619452,0.578886,0.541518,0.548238,0.586202,0.518062,0.593684,0.573601,0.516451,0.642789,0.538217,0.567588,0.569592,0.558031,0.522966
1794,1,sih,1,0.990784,0.983047,0.995116,0.999054,0.99745,0.996736,0.997622,0.987363,0.993603,0.99885,0.997036,0.99987,0.996432,0.996449,0.999265,0.964812,0.981942,0.992064,0.980497,0.989325,0.999982,0.998093,0.985912,0.982288,0.999798,0.984616,0.98272,0.928067,0.963552,0.931178,0.993215,0.996931,0.953067,0.989386,0.990091,0.996386,0.999215,0.999617,0.941173,0.363777
1795,3,ena,0,9.1e-05,0.000154,0.000338,0.00025,0.000498,0.000213,0.000117,0.00037,0.000477,0.000126,0.000351,1.6e-05,0.000684,0.00011,0.000232,1.3e-05,1.6e-05,2.7e-05,2.3e-05,1.2e-05,1.5e-05,1.5e-05,9e-06,3.8e-05,2.1e-05,2.1e-05,1e-06,1e-06,6e-06,2e-06,3e-06,2e-06,1e-06,6e-06,0.0,0.000257,0.000217,0.000216,0.000141,0.000379
1796,4,iar,0,3.1e-05,2.8e-05,8.1e-05,0.000107,0.000292,0.000103,7.5e-05,0.000605,0.000621,0.000153,0.000297,4e-06,0.000233,8.2e-05,5.9e-05,2e-05,7.7e-05,4.3e-05,5.1e-05,1.4e-05,3e-06,4e-06,1e-06,1.7e-05,6e-06,0.0,0.0,0.0,1e-06,0.0,0.0,0.0,0.0,0.0,0.0,0.000178,0.00019,0.000148,0.000108,0.000221
1797,1,ran,0,0.087,0.011502,0.070829,0.000914,0.27988,0.006237,0.0462,0.016835,0.028425,0.028485,0.050487,0.000577,0.011719,0.040803,0.017198,0.031908,0.049107,0.150809,0.059847,0.004592,0.654147,0.569431,0.594292,0.543425,0.512678,0.619452,0.578886,0.541518,0.548238,0.586202,0.518062,0.593684,0.573601,0.516451,0.642789,0.538217,0.567588,0.569592,0.558031,0.522966
1798,1,mah,1,0.997824,0.994238,0.999643,0.996823,0.997872,0.978977,0.989522,0.991282,0.987974,0.996414,0.967404,0.99955,0.945444,0.950367,0.991263,0.999199,0.998137,0.998948,0.997721,0.998024,0.935904,0.639075,0.99979,0.39343,0.006733,0.843214,0.464392,0.999858,0.827386,0.327038,0.583944,0.40066,0.997794,0.859029,0.088673,0.997631,0.980928,0.000595,0.760717,0.999388
1799,2,wan,0,4e-05,8.9e-05,0.000465,0.00013,0.0005,1.1e-05,9.4e-05,9e-05,3.1e-05,5.2e-05,0.000295,5e-05,0.000422,8.1e-05,0.000439,4e-05,4.6e-05,7e-05,9e-05,2.2e-05,4.8e-05,0.000102,3.5e-05,3.3e-05,0.000638,0.001002,5.4e-05,0.000125,4e-05,1.2e-05,0.000446,0.000146,0.000107,0.000321,3e-06,0.000173,0.000156,0.000135,0.00011,0.000452
1800,2,aid,0,0.001708,0.001704,0.003867,0.022981,0.000889,0.00467,0.006278,0.00263,0.019959,0.003918,0.005853,0.002356,0.025482,0.020855,0.004641,0.000873,0.000242,0.001278,0.000743,0.000583,0.000116,0.004382,3e-06,0.000145,2.1e-05,0.000497,0.000561,5.2e-05,2.6e-05,0.000153,0.000334,0.005638,0.000235,6e-06,1.4e-05,0.000163,0.000151,0.00013,0.000138,0.000366
1801,1,ani,1,0.998733,0.997182,0.999781,0.999159,0.997272,0.995601,0.99455,0.993694,0.981337,0.977763,0.99849,0.995052,0.992842,0.991839,0.992655,0.992223,0.998234,0.997512,0.996714,0.999499,0.999813,0.993293,0.99806,0.999426,0.999215,0.969316,0.993574,0.993918,0.997023,0.995602,0.97332,0.995772,0.984084,0.996084,0.998139,0.999218,0.999452,0.999647,0.99978,0.999416
1802,3,lah,0,3.2e-05,3.8e-05,1e-05,2.9e-05,0.000155,1e-05,2.3e-05,0.000246,2.5e-05,3.3e-05,0.000102,2e-06,0.000139,2.7e-05,0.000126,1.2e-05,1.8e-05,1.4e-05,2.1e-05,1e-05,7e-06,1.7e-05,2e-06,2.5e-05,5e-06,1e-05,0.0,0.0,1e-06,0.0,1e-06,0.0,0.0,1e-06,0.0,0.000245,0.000231,0.000199,0.000125,0.000349
1803,3,lah,0,8.3e-05,1.7e-05,3.1e-05,6e-05,8.6e-05,1e-05,1.5e-05,6.6e-05,1.7e-05,2.2e-05,7.2e-05,5e-06,0.000279,4.2e-05,6.7e-05,1.4e-05,1.8e-05,2.4e-05,2.1e-05,7.1e-05,3e-06,1e-05,0.0,1.5e-05,5e-06,4e-06,0.0,0.0,0.0,0.0,2e-06,0.0,1e-06,0.0,0.0,0.000148,0.000217,0.000149,0.000101,0.000251
1804,2,omo,0,6e-06,0.000201,2.4e-05,7e-06,2.3e-05,0.001536,0.000984,0.000499,0.000258,0.000819,0.00063,0.000934,0.00025,0.000317,0.000154,0.000175,0.000117,0.000191,0.000237,0.00017,0.014302,0.004515,0.006021,0.00737,0.008804,0.023979,0.019407,0.003675,0.012276,0.012707,0.00407,0.015502,0.024831,0.035056,0.013364,0.003682,0.02449,0.016668,0.062291,0.254199
1805,1,rmi,1,0.286775,0.954084,0.43367,0.9053,0.075229,0.953808,0.839481,0.995761,0.939827,0.969583,0.51176,0.990551,0.76491,0.964234,0.884939,0.916714,0.479012,0.677196,0.667553,0.445532,0.654147,0.569431,0.594292,0.543425,0.512678,0.619452,0.578886,0.541518,0.548238,0.586202,0.518062,0.593684,0.573601,0.516451,0.642789,0.538217,0.567588,0.569592,0.558031,0.522966
1806,2,ita,1,0.999968,0.999987,0.999999,0.999983,0.999996,0.999766,0.999828,0.999486,0.99934,0.997582,0.999932,0.999999,0.999661,0.999656,0.998473,0.999827,0.999856,0.999703,0.999416,0.999783,0.919669,0.914697,0.915913,0.914605,0.945973,0.89804,0.891004,0.915204,0.977915,0.826566,0.90673,0.855587,0.945922,0.981386,0.942104,0.840766,0.89159,0.919538,0.894349,0.911515
1807,3,iwi,1,0.999954,0.999798,0.998977,0.999963,0.999661,0.999947,0.999744,0.999894,0.999847,0.999854,0.999838,0.999963,0.997181,0.999908,0.99981,0.999896,0.999824,0.999855,0.99977,0.999892,0.999971,0.999057,0.999764,0.999539,0.999819,0.999816,0.999412,0.999982,0.999886,0.999991,0.999975,0.999777,0.999974,0.999814,0.999988,0.999365,0.999511,0.999569,0.999487,0.999011
1808,2,ada,0,0.000913,0.000716,0.010501,0.006423,0.014083,0.007704,0.007243,0.001821,0.0152,0.00436,0.004237,0.007719,0.007264,0.003055,0.004614,0.000257,0.000715,0.002332,0.000297,0.000119,1.2e-05,9.5e-05,1e-06,2.5e-05,9.3e-05,2e-05,1e-05,0.0,1.2e-05,3.1e-05,1e-06,2.1e-05,0.0,5e-06,1e-06,0.00017,0.000151,0.000164,0.000107,0.000255
1809,1,rah,1,0.99826,0.996855,0.967688,0.998905,0.999898,0.997077,0.997361,0.95733,0.995271,0.995954,0.998631,0.999601,0.990787,0.967506,0.992421,0.999544,0.998983,0.998001,0.999566,0.999556,0.654147,0.569431,0.594292,0.543425,0.512678,0.619452,0.578886,0.541518,0.548238,0.586202,0.518062,0.593684,0.573601,0.516451,0.642789,0.538217,0.567588,0.569592,0.558031,0.522966
1810,2,kah,1,0.971586,0.995208,0.996108,0.996448,0.997054,0.809622,0.974602,0.980566,0.997802,0.992738,0.965962,0.998927,0.994422,0.997157,0.998528,0.999738,0.999554,0.994924,0.998898,0.993245,0.999232,0.828744,0.999856,0.99982,0.999957,0.999031,0.998873,0.981743,0.999989,0.99995,0.997619,0.955567,0.971432,0.999969,0.999631,0.999517,0.999593,0.999707,0.99977,0.99955
1811,3,kur,0,0.000421,0.000815,0.00178,0.000606,0.006606,0.001106,0.002066,0.001143,0.000334,0.002225,0.000984,0.000542,0.003977,0.000925,0.000872,0.000227,0.000141,0.000252,0.000233,0.000142,4e-06,9e-06,0.0,9e-06,5e-06,6e-06,4.1e-05,0.0,0.0,1e-06,3e-06,1.1e-05,0.0,0.0,0.0,0.000161,0.000182,0.000164,0.000122,0.000229
1812,2,hir,0,6.9e-05,3.1e-05,6.6e-05,6.4e-05,0.000117,6.9e-05,5.5e-05,0.000252,0.000189,0.000124,0.000209,7.9e-05,0.000265,5.2e-05,7.6e-05,3.1e-05,2.7e-05,3.5e-05,3.7e-05,2.1e-05,1.7e-05,5e-06,1e-06,0.00021,5.1e-05,1.8e-05,1e-06,1.1e-05,7e-06,1e-06,2e-06,1e-06,8e-06,2e-06,0.0,0.00016,0.000224,0.000181,0.000109,0.000269
1813,1,yud,0,0.028907,0.019746,0.209605,0.472149,0.000791,0.028308,0.045312,0.025163,0.017094,0.048601,0.010616,0.006056,0.013503,0.010794,0.023187,0.000714,0.044114,0.002054,0.011748,0.000409,0.654147,0.569431,0.594292,0.543425,0.512678,0.619452,0.578886,0.541518,0.548238,0.586202,0.518062,0.593684,0.573601,0.516451,0.642789,0.538217,0.567588,0.569592,0.558031,0.522966
1814,1,ini,1,0.999863,0.998946,0.999876,0.999711,0.99892,0.970384,0.985504,0.810245,0.984683,0.975393,0.995489,0.998832,0.998386,0.962978,0.979411,0.994703,0.979812,0.996798,0.983566,0.987375,0.654147,0.569431,0.594292,0.543425,0.512678,0.619452,0.578886,0.541518,0.548238,0.586202,0.518062,0.593684,0.573601,0.516451,0.642789,0.538217,0.567588,0.569592,0.558031,0.522966
1815,2,mah,1,0.999986,0.999895,0.999998,0.999928,0.999992,0.999894,0.999995,0.999737,0.999963,0.999886,0.999696,0.999994,0.999979,0.999932,0.999966,0.99996,0.999932,0.99994,0.999949,0.999959,0.999881,0.99993,0.999997,0.999659,0.99996,0.999974,0.999999,0.999998,0.999979,0.999966,0.999989,0.99997,0.99997,0.999962,0.999982,0.999566,0.99961,0.999617,0.999709,0.999305
1816,2,tep,0,1.4e-05,6.2e-05,8e-06,2.5e-05,2.9e-05,5.3e-05,0.000124,4.1e-05,0.000165,0.000104,0.000138,2.5e-05,5.3e-05,6.9e-05,0.000139,1.1e-05,1.5e-05,1.8e-05,2.9e-05,9e-06,5.4e-05,2.3e-05,5.3e-05,0.000117,0.000287,0.000275,5.6e-05,0.000134,8e-05,9.2e-05,2.7e-05,3e-05,5.5e-05,4.1e-05,0.000625,0.000439,0.000279,0.000275,0.000194,0.000514
1817,2,iah,1,0.599303,0.280445,0.035436,0.729334,0.905358,0.975758,0.768148,0.938481,0.885752,0.947662,0.950896,0.795342,0.512467,0.866877,0.942888,0.782344,0.980423,0.978532,0.975278,0.927635,0.989001,0.862092,0.999848,0.993989,0.976394,0.504466,0.975885,0.99991,0.918862,0.881252,0.972706,0.954494,0.999221,0.973821,0.95799,0.995182,0.997335,0.997612,0.997091,0.990161
1818,1,kim,0,0.000261,0.000576,8.8e-05,0.0053,0.00196,0.002256,0.007721,0.00088,0.003619,0.00505,0.001329,0.001484,0.008036,0.000269,0.005239,0.000249,0.002953,0.002068,0.00263,0.000279,0.010342,0.006815,6.7e-05,0.011976,0.022446,0.014508,0.095214,0.002079,0.00048,0.219929,0.001871,0.018324,0.006013,0.004862,0.044647,0.000203,0.000136,0.000299,0.000154,0.00041
1819,3,sih,1,0.99656,0.997764,0.99666,0.999375,0.998993,0.998841,0.999673,0.999918,0.999852,0.99936,0.999682,0.99852,0.998392,0.999694,0.99996,0.999413,0.999833,0.999678,0.999551,0.999777,0.999844,0.999711,0.999963,0.998436,0.999483,0.999602,0.999998,0.999868,0.999935,0.999469,0.99999,0.999994,0.999751,0.999951,0.999972,0.999577,0.999452,0.999588,0.999738,0.999426
1820,2,ila,1,0.999767,0.999889,0.999985,0.999997,0.99983,0.998861,0.999224,0.997925,0.998462,0.998955,0.986372,0.999843,0.998926,0.999379,0.999154,0.999834,0.999751,0.999445,0.999762,0.999824,0.999978,0.999943,0.999906,0.999865,0.999935,0.999853,0.999902,0.999975,0.999934,0.99973,0.99999,0.999952,0.999981,0.99982,0.999806,0.99972,0.999744,0.999703,0.999803,0.999507
1821,1,adi,0,4.3e-05,5.4e-05,0.000112,1.5e-05,1e-05,0.001481,0.003232,0.000902,0.002335,0.001415,0.000441,1.4e-05,0.000236,0.00012,0.00015,2.6e-05,2.3e-05,3.6e-05,3.5e-05,1.1e-05,0.654147,0.569431,0.594292,0.543425,0.512678,0.619452,0.578886,0.541518,0.548238,0.586202,0.518062,0.593684,0.573601,0.516451,0.642789,0.538217,0.567588,0.569592,0.558031,0.522966
1822,1,hni,1,0.043241,0.118105,0.195416,0.955947,0.235214,0.157771,0.222137,0.09473,0.214156,0.149536,0.493858,0.082005,0.206291,0.026183,0.531589,0.007743,0.170281,0.093605,0.000523,0.031338,0.003148,0.04356,0.043607,0.002909,0.010494,0.071268,0.009124,0.118872,0.004499,0.045344,0.003963,0.00858,0.303201,0.011195,0.07104,0.022803,0.000239,0.000268,0.002702,0.034023
1823,1,iso,0,0.017106,0.004879,0.003313,0.000785,0.038357,0.032485,0.219677,0.107812,0.083443,0.102967,0.004952,0.103878,0.065558,0.026185,0.122299,0.000989,0.007081,0.007822,0.014101,0.034494,0.654147,0.569431,0.594292,0.543425,0.512678,0.619452,0.578886,0.541518,0.548238,0.586202,0.518062,0.593684,0.573601,0.516451,0.642789,0.538217,0.567588,0.569592,0.558031,0.522966
1824,2,uni,1,0.998153,0.999564,0.999855,0.999691,0.999429,0.999376,0.998483,0.99837,0.998757,0.999173,0.997683,0.999456,0.995357,0.99648,0.99882,0.999803,0.999778,0.999175,0.999394,0.999899,0.999951,0.999926,0.99987,0.999673,0.999973,0.999806,0.999824,0.999867,0.999735,0.999786,0.999905,0.999834,0.999363,0.999864,0.99979,0.999688,0.999527,0.999747,0.999767,0.99966
1825,2,ono,0,3.7e-05,0.000237,4.9e-05,6.9e-05,0.000139,0.000293,0.001192,0.001649,0.001002,0.000379,0.00044,0.000203,0.001899,0.000523,0.000871,0.000126,5.5e-05,0.000114,0.000129,0.00018,0.000241,0.004364,0.000585,0.000558,0.001275,0.006463,0.001561,0.000376,0.001752,0.001544,0.000365,0.001184,0.000638,0.000585,0.004987,0.000259,0.000156,0.000188,0.000176,0.00041
1826,3,rno,0,0.000378,0.004216,0.001172,0.00034,0.000337,0.003465,0.002619,0.001602,0.003208,0.000625,0.0004,0.000424,0.002522,0.001581,0.000188,5.2e-05,4.6e-05,7.1e-05,0.000136,0.000126,2.5e-05,0.000201,4e-06,0.000107,5e-05,0.000109,2e-06,1e-06,0.0,9e-06,3e-06,3e-06,1e-06,0.0,0.0,0.000213,0.000172,0.000149,0.000142,0.000244
1827,3,tri,1,0.999905,0.999948,0.99997,0.999928,0.99987,0.999858,0.999744,0.999839,0.999838,0.999885,0.999931,0.999911,0.999563,0.999928,0.999938,0.999913,0.999938,0.999865,0.999946,0.999951,0.999997,0.999993,0.999974,0.999933,0.999997,1.0,0.999999,1.0,1.0,1.0,1.0,1.0,1.0,0.999999,1.0,0.999702,0.99973,0.999704,0.999746,0.999658
1828,1,opo,0,0.0006,0.000311,8e-06,0.000446,0.000184,0.001516,0.002364,0.001349,0.000843,0.000972,0.00038,8.6e-05,0.001078,0.002009,0.00147,0.000506,8.5e-05,7.7e-05,4.4e-05,7.7e-05,0.151276,0.038163,0.000117,0.000575,0.004585,0.020838,0.040079,0.007846,0.064234,0.020567,0.021373,0.011546,0.02872,0.067721,0.193064,0.006973,0.00397,0.000187,0.000114,0.000658
1829,1,mah,1,0.997665,0.986631,0.999357,0.997771,0.977344,0.981052,0.992354,0.98761,0.98997,0.981866,0.992103,0.998013,0.941964,0.970607,0.986799,0.998866,0.991764,0.998846,0.996493,0.998634,0.654147,0.569431,0.594292,0.543425,0.512678,0.619452,0.578886,0.541518,0.548238,0.586202,0.518062,0.593684,0.573601,0.516451,0.642789,0.538217,0.567588,0.569592,0.558031,0.522966
1830,2,oho,0,0.000671,0.001731,0.00026,0.000374,0.0024,0.010274,0.003229,0.002904,0.000551,0.002098,0.002462,0.000629,0.002609,0.003113,0.001169,0.000254,0.000187,9.7e-05,0.000265,0.000246,0.000103,7e-06,9e-06,8.5e-05,2e-05,4.2e-05,1.4e-05,4e-06,3.6e-05,0.000123,1.2e-05,4.4e-05,4e-05,1.2e-05,5.2e-05,0.000152,0.000154,0.000135,0.000101,0.000397
1831,2,yah,1,0.999984,0.99983,0.999989,0.999992,0.999991,0.999956,0.999986,0.999829,0.999972,0.999951,0.999952,0.999992,0.99997,0.999989,0.999968,0.999958,0.999939,0.99994,0.999967,0.999964,0.999998,0.999991,1.0,0.999958,0.999996,0.999997,1.0,1.0,0.999999,1.0,1.0,0.999999,0.999998,0.999999,1.0,0.999696,0.999739,0.99977,0.999793,0.999682
1832,1,lan,0,0.020334,0.017574,0.008835,0.055955,0.112681,0.036525,0.041397,0.078486,0.096751,0.065063,0.039375,0.00963,0.067169,0.030921,0.099686,0.003093,0.077271,0.005414,0.02309,0.222623,0.654147,0.569431,0.594292,0.543425,0.512678,0.619452,0.578886,0.541518,0.548238,0.586202,0.518062,0.593684,0.573601,0.516451,0.642789,0.538217,0.567588,0.569592,0.558031,0.522966
1833,2,nti,1,0.999587,0.999989,0.999994,0.999936,0.999985,0.999867,0.999762,0.999887,0.999646,0.999928,0.999671,0.999997,0.999739,0.999396,0.999586,0.999961,0.999931,0.999858,0.999945,0.999949,0.580008,0.55234,0.626053,0.582574,0.519549,0.606422,0.577788,0.540547,0.53322,0.610678,0.570624,0.587211,0.612958,0.504852,0.623406,0.539257,0.562371,0.571446,0.55591,0.536121
1834,2,sum,0,0.000102,0.000259,6.4e-05,0.000186,0.000361,8.5e-05,0.000231,0.000236,0.000614,0.00066,0.000107,0.001171,0.000502,7.1e-05,0.000181,1.5e-05,1.5e-05,2e-05,3.3e-05,2.4e-05,1.3e-05,1.2e-05,2e-06,5.1e-05,2.2e-05,4e-05,2e-06,1e-06,6e-06,9e-06,7e-06,2e-06,2e-06,1.8e-05,9e-06,0.000278,0.000226,0.000208,0.000152,0.000348
1835,2,fah,1,0.998289,0.999565,0.999943,1.0,0.999978,0.999037,0.998255,0.998783,0.999356,0.999186,0.999417,0.999614,0.998731,0.999699,0.998885,0.999817,0.999815,0.999646,0.999635,0.999862,0.999895,0.999319,0.998372,0.999112,0.998562,0.998375,0.999409,0.99917,0.999119,0.997643,0.999694,0.998476,0.998287,0.995365,0.99831,0.999381,0.999657,0.999695,0.999773,0.999221
1836,2,ani,1,0.999762,0.999767,0.999933,0.999742,0.999937,0.998904,0.999087,0.999683,0.99877,0.999159,0.999357,0.999416,0.998434,0.999898,0.998684,0.999945,0.999905,0.999744,0.999946,0.999946,0.999975,0.999956,1.0,0.999986,0.999893,0.999732,0.999988,0.99997,0.999999,0.999845,0.999971,0.99963,0.999963,0.999995,0.999861,0.999742,0.999725,0.99966,0.999752,0.999627
1837,1,dra,0,0.048057,0.006037,0.034932,0.010648,0.041548,0.132722,0.07532,0.297805,0.128068,0.045368,0.119396,0.0127,0.051462,0.060707,0.068308,0.030214,0.003394,0.012911,0.01667,0.096948,0.983959,0.27369,0.574047,0.505599,0.194648,0.329828,0.37108,0.117583,0.260653,0.269658,0.441869,0.181428,0.182622,0.405816,0.1667,0.674245,0.631482,0.554095,0.401463,0.091978
1838,2,ari,1,0.99264,0.998154,0.998073,0.996803,0.997814,0.984727,0.963139,0.992467,0.982993,0.948112,0.939194,0.993014,0.893982,0.989903,0.970775,0.999275,0.99709,0.990866,0.999181,0.998265,0.996897,0.983216,0.995683,0.994774,0.991624,0.994946,0.984052,0.994846,0.988322,0.998008,0.992754,0.956484,0.992652,0.987511,0.990304,0.996966,0.999313,0.998902,0.995283,0.999376
1839,3,tri,1,0.999904,0.999879,0.999989,0.99996,0.99984,0.998968,0.999978,0.99991,0.999596,0.999143,0.99592,0.999989,0.999634,0.999942,0.99996,0.999801,0.999917,0.999803,0.999909,0.999877,0.999996,0.999991,0.999997,0.999987,0.999989,0.999994,1.0,1.0,0.999997,0.999999,0.999997,1.0,0.999997,0.999972,0.999996,0.999633,0.999677,0.999653,0.999719,0.999437
1840,3,tri,1,0.999851,0.999821,0.999994,0.999918,0.999813,0.9999,0.999829,0.999942,0.999895,0.999962,0.998109,0.999978,0.999695,0.999946,0.999955,0.999939,0.999888,0.999916,0.999858,0.999905,0.999997,0.999997,0.999999,0.999991,0.999997,0.999999,1.0,1.0,0.999999,1.0,1.0,1.0,1.0,0.999995,0.999999,0.999635,0.999676,0.999679,0.999723,0.999469
1841,1,rin,0,0.00445,0.230343,0.03525,0.236445,0.467957,0.056197,0.067971,0.035469,0.084739,0.061773,0.133734,0.005956,0.173047,0.183127,0.084353,0.420058,0.127134,0.214374,0.082923,0.243524,0.654147,0.569431,0.594292,0.543425,0.512678,0.619452,0.578886,0.541518,0.548238,0.586202,0.518062,0.593684,0.573601,0.516451,0.642789,0.538217,0.567588,0.569592,0.558031,0.522966
1842,1,adi,0,0.003668,0.009157,0.018583,0.0038,0.002586,0.002946,0.013343,0.00169,0.013336,0.003289,0.006567,0.002406,0.01501,0.002626,0.003314,0.000306,0.001092,0.001178,0.000241,0.003915,0.654147,0.569431,0.594292,0.543425,0.512678,0.619452,0.578886,0.541518,0.548238,0.586202,0.518062,0.593684,0.573601,0.516451,0.642789,0.538217,0.567588,0.569592,0.558031,0.522966
1843,1,rti,1,0.997926,0.998418,0.99626,0.997089,0.997171,0.995454,0.994724,0.995302,0.954593,0.991253,0.987392,0.999403,0.988594,0.994918,0.990774,0.995724,0.995587,0.997898,0.998762,0.998455,0.999962,0.949946,0.021129,0.864112,0.998689,0.933524,0.851604,0.88863,0.983204,0.873487,0.996737,0.777721,0.422914,0.964234,0.847506,0.999522,0.9986,0.999222,0.999783,0.996882
1844,2,tra,0,3.3e-05,4.1e-05,6.2e-05,1.7e-05,1.6e-05,5.7e-05,3.7e-05,9e-06,7.7e-05,1.9e-05,1.5e-05,1.8e-05,0.000943,1.6e-05,0.000113,2.1e-05,1.7e-05,5.6e-05,2.1e-05,1e-05,0.000108,9.8e-05,7.9e-05,0.000608,4.3e-05,2.4e-05,2e-05,7e-06,2.3e-05,1.3e-05,6e-06,7e-06,0.000114,3.4e-05,1.7e-05,0.000171,0.000163,0.000145,9.8e-05,0.000398
1845,2,ean,0,4e-05,4.9e-05,2.6e-05,0.000129,0.000213,4.3e-05,0.000136,0.000218,0.000325,0.000203,0.003298,5.4e-05,0.000292,9.7e-05,0.000126,5.8e-05,3.8e-05,9.1e-05,9.7e-05,3.1e-05,9.2e-05,7e-06,1e-06,1.8e-05,4e-06,0.000232,1e-06,0.0,2.5e-05,7e-06,1.3e-05,1e-06,7e-06,3.6e-05,0.0,0.000149,0.00015,0.000137,0.000113,0.000234
1846,2,ani,1,0.999915,0.999671,0.999963,0.999954,0.999484,0.998157,0.998927,0.999038,0.999058,0.998085,0.998376,0.999537,0.997317,0.9968,0.994208,0.999361,0.999353,0.999559,0.999332,0.999594,0.943483,0.999967,0.999953,0.999724,0.999223,0.916108,0.998863,0.999995,0.99991,0.999394,0.984981,0.99989,0.999839,0.999967,0.99977,0.999684,0.999639,0.999689,0.999754,0.999596
1847,1,tno,0,0.003592,0.002084,0.000597,0.001034,0.057002,0.005373,0.02515,0.001343,0.009155,0.008016,0.005727,0.002994,0.031358,0.010941,0.004716,0.00026,0.000216,0.00026,0.000114,9.1e-05,0.010814,0.009041,0.06636,0.005533,0.001393,0.025243,0.029733,0.017071,0.005734,0.02086,0.136935,0.043246,0.026096,0.006093,0.029919,0.000161,0.000149,0.000188,0.000147,0.000268
1848,2,ani,1,0.996215,0.993847,0.999105,0.998979,0.995661,0.979718,0.991789,0.976733,0.972926,0.992916,0.986449,0.999302,0.985421,0.990066,0.993486,0.999572,0.99946,0.998929,0.996265,0.999314,0.995076,0.998529,0.999685,0.998275,0.994816,0.995618,0.998632,0.999074,0.998518,0.997029,0.997331,0.996948,0.999456,0.99958,0.998557,0.999366,0.999323,0.999701,0.999785,0.9994
1849,2,tra,0,3.3e-05,2e-05,4.8e-05,6.5e-05,1e-06,0.000313,0.00033,1.5e-05,0.000584,1e-05,6.7e-05,2.3e-05,0.000775,2.5e-05,6e-05,3.2e-05,2.9e-05,3.1e-05,3.8e-05,3.6e-05,1e-06,5.6e-05,0.0,5e-06,3e-06,0.0,1e-06,0.0,0.0,0.0,0.0,0.0,0.0,0.0,0.0,0.000156,0.000155,0.000132,0.000101,0.000253
1850,2,ita,1,0.976469,0.996862,0.999308,0.999852,0.999196,0.998121,0.999659,0.998589,0.999022,0.997623,0.998849,0.999935,0.99967,0.999533,0.99927,0.999355,0.999766,0.999052,0.999289,0.997244,0.999996,0.999989,0.999999,0.999989,0.999982,0.999948,0.999965,0.999998,0.999914,0.999983,0.999993,0.999805,0.999984,0.99997,0.999999,0.999719,0.999747,0.999738,0.999778,0.999607
1851,2,yat,0,0.000251,0.001259,0.0001,0.000268,0.000522,0.000784,0.001932,0.000377,0.001021,0.000511,0.001148,3.6e-05,0.001139,0.001204,0.000444,2.4e-05,3.7e-05,6.3e-05,0.000131,1.6e-05,4e-05,0.000116,2.6e-05,0.000206,4e-05,0.000173,3.5e-05,3.3e-05,2.3e-05,4.2e-05,2.4e-05,0.000258,3.7e-05,5e-06,2.5e-05,0.000224,0.00018,0.000142,0.000124,0.000279
1852,2,ati,1,0.999925,0.999992,0.999985,0.999977,0.999829,0.9985,0.999809,0.998797,0.997813,0.998943,0.99985,0.99998,0.999831,0.999055,0.999795,0.999833,0.999817,0.999807,0.999906,0.999833,0.999917,0.999974,0.999999,0.999899,0.999978,0.999972,0.999996,0.999998,0.999999,0.999967,0.999991,0.999996,0.999782,0.999999,0.999984,0.999729,0.999685,0.999668,0.999788,0.999616
1853,1,sin,0,0.001428,0.000233,0.030945,0.028932,0.00051,0.014665,0.086285,0.05521,0.05926,0.044033,0.01388,0.014572,0.028097,0.008158,0.077512,0.000155,0.000405,0.000654,0.000359,2.9e-05,0.000178,0.010323,0.000298,0.005299,0.00656,0.021883,0.007255,0.004097,0.013217,0.016539,0.002261,0.001133,0.058925,0.021639,0.001643,0.000299,0.000175,0.000204,0.000157,0.029466
1854,1,mah,1,0.999906,0.999469,0.999998,0.999986,0.999962,0.996428,0.998397,0.989841,0.995525,0.997646,0.998079,0.999861,0.998599,0.993251,0.999398,0.999618,0.999486,0.999513,0.999526,0.999178,0.999972,0.994322,0.999857,0.973805,0.999873,0.997009,0.990839,0.997723,0.994783,0.996806,0.997848,0.985976,0.982463,0.984339,0.99942,0.999722,0.999641,0.9996,0.999814,0.99958
1855,2,din,0,4.7e-05,0.0002,0.000309,0.000145,0.001326,0.00054,2.5e-05,0.000227,8e-05,0.000281,0.000255,1.1e-05,0.000971,0.000277,0.000148,5.7e-05,4.4e-05,8.2e-05,3.6e-05,2.3e-05,1.9e-05,0.000145,3.7e-05,0.000112,7.1e-05,0.000145,1.8e-05,7e-06,6e-06,0.000443,7e-06,0.000239,0.000859,3e-06,1.1e-05,0.000196,0.000168,0.00016,0.000119,0.000596
1856,2,uni,1,0.99822,0.999924,0.999341,0.999612,0.999411,0.99442,0.993054,0.995661,0.995495,0.99544,0.992423,0.999579,0.994986,0.988609,0.996761,0.999428,0.999782,0.997963,0.999412,0.999874,0.999995,0.999034,0.999484,0.99954,0.99985,0.999682,0.999952,0.999845,0.999554,0.999875,0.999613,0.999801,0.999478,0.99982,0.999776,0.999604,0.999616,0.999751,0.999739,0.99947
1857,3,nif,0,6.7e-05,0.00034,0.000986,6.6e-05,0.000256,0.000112,0.000318,0.000297,0.000223,0.000232,0.001095,0.000327,0.001167,4.7e-05,9.6e-05,0.000114,4.6e-05,4.2e-05,9.7e-05,4.6e-05,3.7e-05,1.5e-05,5.2e-05,3.9e-05,3e-06,8e-06,1e-06,0.0,1e-06,1e-06,1e-06,1e-06,1e-06,0.0,0.0,0.000153,0.000185,0.000159,9.5e-05,0.000292
1858,4,yah,1,0.999965,0.999983,0.999991,0.999992,0.999996,0.999958,0.999987,0.999952,0.999981,0.999961,0.999978,0.999999,0.999928,0.999981,0.999979,0.999979,0.999953,0.999958,0.999967,0.999948,0.999999,0.999992,1.0,0.999998,0.999998,1.0,1.0,1.0,1.0,1.0,1.0,1.0,1.0,1.0,1.0,0.999712,0.999734,0.999713,0.999793,0.999667
1859,3,iki,0,5.7e-05,0.000448,0.001533,0.000914,0.00089,0.002727,0.003583,0.000666,0.000527,0.000251,0.000257,2.7e-05,0.000832,0.002541,0.000537,0.000113,5.5e-05,0.000256,0.000184,0.000125,0.121888,0.810134,0.000632,0.000526,9.5e-05,0.001626,0.004097,1.3e-05,3.9e-05,7.4e-05,0.000759,0.002087,2.2e-05,2.6e-05,4.4e-05,0.000247,0.000271,0.000186,0.000133,0.00279
1860,2,sah,1,0.993492,0.989206,0.607928,0.997577,0.97625,0.952265,0.996357,0.91544,0.966875,0.920754,0.913727,0.96531,0.962972,0.895337,0.987587,0.998801,0.999402,0.999607,0.998979,0.999782,7.4e-05,0.178423,0.007237,0.397418,0.010984,0.013645,0.069674,0.069895,0.037854,0.108631,0.003078,0.052571,0.110281,0.118893,0.100881,0.052249,0.285103,0.8331,0.050317,0.057315
1861,2,lik,0,1.3e-05,4.9e-05,1.2e-05,5.1e-05,0.00018,0.000108,9.2e-05,6.1e-05,0.000157,7.2e-05,2.3e-05,4e-06,0.000215,2.1e-05,5.2e-05,1.2e-05,1.4e-05,2e-05,2.9e-05,1.4e-05,3e-06,1.3e-05,0.0,2.3e-05,7e-06,3e-06,2e-06,0.0,1e-06,0.0,2e-06,7e-06,0.0,2e-06,0.0,0.000149,0.000154,0.000132,9.6e-05,0.000206
1862,2,ida,1,0.999883,0.999997,0.999103,0.999826,0.999977,0.999058,0.998841,0.992634,0.99064,0.992574,0.999404,0.999886,0.998063,0.999624,0.992916,0.999717,0.999608,0.999344,0.999379,0.999601,0.998648,0.99981,0.999447,0.998864,0.999604,0.983159,0.993606,0.999115,0.995872,0.998163,0.991116,0.997919,0.989214,0.994816,0.998599,0.997092,0.999145,0.999179,0.999235,0.997934
1863,3,rif,0,7e-06,3.2e-05,1.9e-05,5.3e-05,4e-05,1.2e-05,9e-06,3.9e-05,4.3e-05,1.5e-05,3.5e-05,1.2e-05,0.000151,1.6e-05,4.2e-05,9e-06,1.3e-05,1.5e-05,2e-05,1.1e-05,4e-06,3e-06,0.0,2.6e-05,8.2e-05,4e-06,0.0,0.0,0.0,2e-06,2e-06,0.0,0.0,0.0,0.0,0.000158,0.000198,0.00015,0.000105,0.000228
1864,2,zah,1,0.999103,0.996862,0.999445,0.999304,0.999354,0.999547,0.999867,0.999658,0.999883,0.999575,0.99956,0.999972,0.999497,0.999709,0.9998,0.999794,0.999907,0.999665,0.999902,0.999901,0.998132,0.997782,0.999021,0.996272,0.998892,0.991586,0.998798,0.999709,0.988548,0.990264,0.998478,0.998911,0.996922,0.956161,0.997982,0.999041,0.999363,0.999485,0.999649,0.998959
1865,2,adi,0,2e-05,8e-05,0.000134,0.000149,0.000192,5.5e-05,0.000529,0.000195,0.000217,9.9e-05,0.000202,6.5e-05,0.000523,5.2e-05,3.6e-05,2.4e-05,3.1e-05,8e-05,1.9e-05,3.4e-05,0.000137,0.000799,9e-06,0.001105,0.001459,0.000339,9.7e-05,1.5e-05,0.00073,0.000139,9.5e-05,0.000309,3.2e-05,6.7e-05,0.000163,0.000557,0.000251,0.000265,0.000212,0.000777
1866,3,eli,1,0.998787,0.999919,0.994956,0.99823,0.998743,0.994572,0.991304,0.994603,0.994702,0.995122,0.996829,0.996272,0.996218,0.981584,0.994619,0.999741,0.998681,0.999529,0.998262,0.999378,0.976715,0.633661,0.979734,0.76662,0.99625,0.998374,0.952793,0.993834,0.473439,0.996489,0.972172,0.964943,0.987868,0.309551,0.986956,0.998692,0.996726,0.997526,0.998312,0.992492
1867,1,rno,0,0.000276,0.000876,0.000227,0.000265,0.000168,0.002711,0.004642,0.002024,0.002575,0.001478,0.000707,0.000287,0.003542,0.001661,0.004144,0.000516,0.000153,0.000389,0.000217,0.000648,3.4e-05,0.026263,0.015683,0.236336,0.001001,0.008684,0.022897,0.049841,0.236705,0.008252,0.001568,0.035345,0.338515,0.216186,0.012593,0.000402,0.000237,0.000188,0.00015,0.00328
1868,3,wan,0,0.000438,0.000559,0.000566,3.4e-05,0.000522,2.4e-05,1.8e-05,0.000483,0.000575,0.000378,0.000237,4.4e-05,0.000301,0.000431,0.00012,5.1e-05,6.1e-05,4.3e-05,0.000369,7.4e-05,0.000732,6.2e-05,1.8e-05,2.9e-05,2.3e-05,5e-05,8e-06,4e-06,1.5e-05,5e-06,0.000472,2.4e-05,3e-06,1e-06,0.0,0.000213,0.000164,0.000204,0.000134,0.000654
1869,1,met,0,0.072717,0.261831,0.040299,0.021105,0.261895,0.375769,0.659055,0.14766,0.646531,0.147924,0.277161,0.109936,0.104556,0.277615,0.515731,0.000241,0.003684,0.003749,0.001987,0.00083,0.00126,0.019454,0.006543,0.032376,0.000401,0.001953,0.018111,0.0026,0.065509,0.017432,0.001146,0.010206,0.011947,0.060402,0.006037,0.000229,0.00014,0.000263,9.6e-05,0.000341
1870,2,tri,1,0.999743,0.99992,0.999679,0.999955,0.999482,0.999934,0.999851,0.999946,0.999792,0.999945,0.999976,0.999495,0.999556,0.999647,0.999942,0.99988,0.9999,0.999788,0.999747,0.9999,0.999984,0.999995,0.999998,0.999917,0.999984,0.999835,0.999998,0.999995,0.99982,0.999888,0.999982,0.999995,0.999978,0.999413,0.999986,0.999701,0.9997,0.999757,0.999758,0.999555
1871,3,oso,0,0.001185,0.0012,0.000117,0.002599,0.000347,0.001892,0.001588,0.001874,0.000526,0.000988,0.00175,2.3e-05,0.003259,0.007727,0.000617,0.000228,0.000146,0.000101,0.000408,0.000153,0.010023,0.058251,0.000458,0.010215,0.034956,0.010053,0.00365,0.241291,0.002169,0.000326,0.016495,0.093839,0.046463,0.017225,0.000699,0.000873,0.000236,0.000229,0.00215,0.006425
1872,2,byo,0,0.003988,0.007269,0.002144,0.000572,0.003711,0.073132,0.040826,0.007867,0.016244,0.02895,0.003715,0.002341,0.011839,0.005054,0.011676,0.000117,0.000202,0.00051,0.000159,0.000154,0.238246,0.219763,0.750744,0.215864,0.303987,0.501787,0.525975,0.641793,0.179311,0.339504,0.500283,0.441593,0.530932,0.368829,0.800631,0.048302,0.537637,0.012125,0.001945,0.093051
1873,3,ogo,0,8.4e-05,1.4e-05,6e-06,2.2e-05,2.3e-05,0.000124,7.7e-05,0.000195,0.000158,0.000465,0.000449,8.4e-05,0.000223,0.000106,6.2e-05,7.2e-05,0.000119,0.000356,0.000157,3.6e-05,5.4e-05,4.6e-05,9e-06,8e-06,6e-06,1.8e-05,0.0,1e-06,2e-06,0.0,2e-06,3e-06,3e-06,0.0,0.0,0.000175,0.000172,0.00021,0.000108,0.000319
1874,1,man,0,9.2e-05,0.000271,0.000349,9.2e-05,0.000983,0.001647,0.001248,0.002591,0.002404,0.001458,0.001374,0.000239,0.002599,0.002263,0.00018,0.00016,0.000493,0.002077,0.000107,0.001516,0.654147,0.569431,0.594292,0.543425,0.512678,0.619452,0.578886,0.541518,0.548238,0.586202,0.518062,0.593684,0.573601,0.516451,0.642789,0.538217,0.567588,0.569592,0.558031,0.522966
1875,2,ani,1,0.999412,0.99938,0.997157,0.999839,0.999865,0.999631,0.99976,0.999588,0.998821,0.998411,0.999155,0.999913,0.999286,0.999499,0.999783,0.999694,0.999794,0.99967,0.999219,0.999615,0.999823,0.999066,0.999958,0.998598,0.999863,0.999154,0.99972,0.99864,0.999566,0.998296,0.99958,0.999367,0.999454,0.999723,0.999844,0.999499,0.999477,0.999531,0.999671,0.999214
1876,3,sar,0,1.5e-05,1.2e-05,4.2e-05,5.1e-05,2.7e-05,1.7e-05,7e-05,0.000229,0.000356,0.000219,7.9e-05,3.9e-05,0.000195,6.6e-05,3.5e-05,3.1e-05,3e-05,7e-05,4.4e-05,2.1e-05,3e-06,3e-06,1e-06,2e-06,1e-06,0.0,0.0,0.0,0.0,0.0,0.0,0.0,0.0,0.0,0.0,0.000153,0.00017,0.000175,0.000109,0.000228
1877,1,ono,0,0.001035,0.00061,0.001152,0.002202,0.001735,0.007846,0.008216,0.002042,0.0032,0.002333,0.002598,0.000395,0.009951,0.015675,0.006153,2.7e-05,0.000118,5e-05,0.000111,2.9e-05,0.004324,0.023845,0.012387,0.002634,0.004822,0.158435,0.093742,0.04375,0.055402,0.695785,0.030944,0.136072,0.079241,0.024606,0.128177,0.024525,0.00246,0.000184,0.000189,0.001076
1878,1,ini,1,0.99965,0.9995,0.999986,0.999965,0.998923,0.995845,0.994527,0.990257,0.992954,0.994291,0.997307,0.997486,0.998535,0.992566,0.995152,0.996082,0.998768,0.997502,0.997707,0.993144,0.654147,0.569431,0.594292,0.543425,0.512678,0.619452,0.578886,0.541518,0.548238,0.586202,0.518062,0.593684,0.573601,0.516451,0.642789,0.538217,0.567588,0.569592,0.558031,0.522966
1879,2,ati,1,0.99993,0.999969,0.999979,0.999953,0.999754,0.999598,0.999524,0.998092,0.999766,0.999086,0.999404,0.999551,0.999472,0.999748,0.999933,0.999863,0.999927,0.999829,0.999849,0.999718,0.988732,0.999774,0.99996,0.986587,0.997361,0.953091,0.999127,0.999503,0.980309,0.990086,0.996161,0.999411,0.997881,0.994418,0.999266,0.997088,0.986677,0.998866,0.998733,0.99866
1880,2,ito,0,0.002671,0.101036,0.001044,0.003309,0.076331,0.004341,0.001116,0.001714,0.000326,0.003124,0.00806,0.005406,0.018609,0.003299,0.005053,6.1e-05,8.5e-05,0.000168,0.000138,0.000584,0.580008,0.55234,0.626053,0.582574,0.519549,0.606422,0.577788,0.540547,0.53322,0.610678,0.570624,0.587211,0.612958,0.504852,0.623406,0.539257,0.562371,0.571446,0.55591,0.536121
1881,3,. j,1,0.999517,0.999688,0.998124,0.999533,0.999714,0.999581,0.999916,0.9997,0.999443,0.99955,0.999026,0.998223,0.996708,0.999972,0.999868,0.999782,0.999903,0.999728,0.99949,0.999926,0.99549,0.99322,0.996131,0.9553,0.910681,0.830069,0.960996,0.917805,0.978426,0.716005,0.974265,0.967304,0.927283,0.979266,0.96871,0.970588,0.981199,0.987744,0.965357,0.998769
1882,1,nto,0,0.000546,0.000907,0.000463,0.002278,0.001188,0.00226,0.001962,0.001316,0.000534,0.001434,0.001283,0.000234,0.001589,0.001566,0.001217,5e-05,3.1e-05,9.6e-05,9.2e-05,3.5e-05,8e-06,9e-06,4e-06,0.001102,5.4e-05,0.002078,0.000104,6e-06,0.000522,0.000339,0.000539,0.000536,0.000161,0.000951,0.000523,0.00019,0.00017,0.000157,0.00014,0.000325
1883,1,nah,1,0.999978,0.998311,1.0,0.999972,0.999841,0.999782,0.999767,0.999732,0.99911,0.999788,0.999938,0.999993,0.999911,0.999953,0.999624,0.999166,0.997598,0.998871,0.999038,0.999608,0.99592,0.990578,0.982745,0.966246,0.998194,0.998862,0.980875,0.92006,0.958109,0.930196,0.994121,0.992696,0.654121,0.872397,0.978123,0.999424,0.999511,0.998322,0.999212,0.998635
1884,2,diq,0,0.000797,0.001855,0.000851,0.000511,0.000584,0.001615,0.005631,0.002946,0.002978,0.000824,0.002982,0.000486,0.008841,0.000294,0.001335,0.000294,0.000106,0.001954,0.000315,7.7e-05,0.000524,0.000105,0.000172,0.001133,0.043887,0.000702,7.4e-05,0.000192,0.0011,0.030299,0.000381,0.001592,0.000552,0.001322,0.002544,0.000196,0.000261,0.000184,0.00013,0.000292
1885,2,ani,1,0.998834,0.999643,0.999978,0.999718,0.999716,0.999896,0.999574,0.999893,0.999654,0.999782,0.999816,0.999806,0.996917,0.999438,0.999396,0.999918,0.999899,0.999883,0.999872,0.999944,0.999992,0.999971,0.999994,0.999939,0.999958,0.999976,0.999995,1.0,0.999992,0.999989,0.999998,0.99998,0.999996,0.999993,0.999996,0.999694,0.999701,0.99976,0.999797,0.999586
1886,1,ana,0,0.116217,0.318532,0.073499,0.104876,0.549326,0.101438,0.49883,0.463636,0.721597,0.137707,0.236735,0.060437,0.169393,0.649041,0.412789,0.529552,0.194317,0.205663,0.12707,0.077019,0.189789,0.144891,0.78554,0.03651,0.056641,0.224673,0.281142,0.055635,0.070507,0.046913,0.143438,0.251872,0.098543,0.068038,0.06819,0.002534,0.028071,0.04211,0.056,0.006341
1887,1,ati,1,0.99988,0.999904,0.999557,0.999928,0.999606,0.998265,0.999778,0.998134,0.997609,0.993011,0.996665,0.999577,0.998482,0.967472,0.996248,0.999851,0.998906,0.995999,0.999687,0.999541,0.999264,0.999826,0.999993,0.999948,0.999954,0.995155,0.998755,0.999934,0.999357,0.999244,0.997954,0.998903,0.999351,0.998201,0.999842,0.999701,0.999727,0.999733,0.999785,0.999639
1888,2,mah,1,0.999576,0.998677,0.999819,0.998788,0.996726,0.985359,0.995416,0.973498,0.963985,0.994141,0.989654,0.998335,0.939859,0.984984,0.998291,0.999556,0.999729,0.999058,0.999264,0.997474,0.999988,0.987896,0.99996,0.994726,0.999909,0.995978,0.99926,0.999618,0.995792,0.996221,0.998803,0.999667,0.99465,0.998613,0.999703,0.99941,0.999603,0.999651,0.999768,0.999568
1889,1,rno,0,0.000276,0.000876,0.000227,0.000265,0.000168,0.002711,0.004642,0.002024,0.002575,0.001478,0.000707,0.000287,0.003542,0.001661,0.004144,0.000516,0.000153,0.000389,0.000217,0.000648,3.4e-05,0.026263,0.015683,0.236336,0.001001,0.008684,0.022897,0.049841,0.236705,0.008252,0.001568,0.035345,0.338515,0.216186,0.012593,0.000402,0.000237,0.000188,0.00015,0.00328
1890,3,wan,0,0.000438,0.000559,0.000566,3.4e-05,0.000522,2.4e-05,1.8e-05,0.000483,0.000575,0.000378,0.000237,4.4e-05,0.000301,0.000431,0.00012,5.1e-05,6.1e-05,4.3e-05,0.000369,7.4e-05,0.000732,6.2e-05,1.8e-05,2.9e-05,2.3e-05,5e-05,8e-06,4e-06,1.5e-05,5e-06,0.000472,2.4e-05,3e-06,1e-06,0.0,0.000213,0.000164,0.000204,0.000134,0.000654
1891,1,smo,0,7.2e-05,0.000131,0.001529,2.8e-05,0.000507,0.011664,0.004608,0.011425,0.007009,0.004922,0.003093,0.004759,0.007825,0.006398,0.003375,0.101629,0.290206,0.037293,0.006958,0.001041,0.654147,0.569431,0.594292,0.543425,0.512678,0.619452,0.578886,0.541518,0.548238,0.586202,0.518062,0.593684,0.573601,0.516451,0.642789,0.538217,0.567588,0.569592,0.558031,0.522966
1892,2,yah,1,0.999802,0.998973,0.999984,0.999967,0.999728,0.999892,0.999989,0.999848,0.999929,0.999895,0.999817,0.999964,0.999918,0.999967,0.999901,0.999974,0.999884,0.999926,0.999949,0.999922,0.999881,0.99993,0.999997,0.999659,0.99996,0.999974,0.999999,0.999998,0.999979,0.999966,0.999989,0.99997,0.99997,0.999962,0.999982,0.999566,0.99961,0.999617,0.999709,0.999305
1893,4,wan,0,4.3e-05,7.2e-05,2.5e-05,6.3e-05,9e-05,1e-05,2e-05,3.9e-05,2.7e-05,9e-06,4.1e-05,8e-06,6.4e-05,5e-05,4.4e-05,2.1e-05,2.7e-05,4.3e-05,2.7e-05,1.3e-05,2e-06,2e-06,0.0,1e-05,4e-06,0.0,0.0,0.0,0.0,0.0,0.0,0.0,0.0,0.0,0.0,0.000151,0.000166,0.000146,0.000103,0.000224
1894,1,ono,0,0.015457,0.000555,0.001303,0.002529,0.001862,0.003832,0.004378,0.001779,0.002444,0.002873,0.003579,0.000458,0.003209,0.009131,0.010492,0.000707,0.001464,0.000973,0.000467,0.000367,0.115836,0.005269,0.683462,0.02962,0.490445,0.345973,0.068052,0.203187,0.023191,0.457994,0.311007,0.01971,0.221959,0.052443,0.466422,0.000521,0.000195,0.046978,0.000277,0.079598
1895,1,ati,1,0.999958,0.999254,0.999961,0.999797,0.998569,0.997526,0.998953,0.997702,0.992927,0.995487,0.999074,0.999835,0.999411,0.997017,0.995222,0.99854,0.998048,0.997836,0.999222,0.998232,0.985004,0.994521,0.992514,0.990044,0.961741,0.915956,0.985954,0.989235,0.941776,0.99527,0.991233,0.993233,0.971042,0.97611,0.989828,0.999414,0.999651,0.999699,0.999763,0.999374
1896,2,tri,1,0.999818,0.999984,0.999876,0.999985,0.999831,0.996765,0.99896,0.998644,0.992232,0.998602,0.998565,0.999398,0.996652,0.997346,0.998575,0.999722,0.999733,0.999845,0.999754,0.999799,0.999995,0.999967,0.999998,0.999918,0.999934,0.999747,0.999134,0.999996,0.999762,0.999851,0.999798,0.999568,0.99995,0.999618,0.999861,0.999583,0.999654,0.999694,0.999428,0.99956
1897,3,tra,0,5e-05,5.5e-05,4.2e-05,2.9e-05,2.1e-05,6e-06,1.5e-05,8e-06,3.8e-05,2e-06,1.2e-05,7e-06,0.001381,1e-06,2.2e-05,2.3e-05,4.6e-05,5.7e-05,2.3e-05,1.4e-05,0.0,4e-06,0.0,2e-06,3e-06,0.0,0.0,0.0,0.0,0.0,0.0,0.0,0.0,0.0,0.0,0.000156,0.000168,0.000161,9.9e-05,0.000224
1898,4,aty,1,0.968152,0.980913,0.99927,0.986275,0.996388,0.994827,0.998126,0.993793,0.99908,0.893066,0.984989,0.997524,0.606756,0.998621,0.983196,0.998886,0.972034,0.998947,0.996772,0.999024,0.999624,0.999303,0.999998,0.997659,0.997944,0.999515,0.999998,0.999999,0.999965,0.999837,0.999999,0.999998,0.999989,0.999498,0.999999,0.999594,0.999248,0.999633,0.999662,0.998712
1899,1,run,0,0.046021,0.064654,0.004225,0.095561,0.248687,0.10961,0.107053,0.20894,0.317361,0.170864,0.216293,0.195177,0.185798,0.443984,0.290285,0.033137,0.007927,0.011044,0.008663,0.01612,0.654147,0.569431,0.594292,0.543425,0.512678,0.619452,0.578886,0.541518,0.548238,0.586202,0.518062,0.593684,0.573601,0.516451,0.642789,0.538217,0.567588,0.569592,0.558031,0.522966
1900,1,tin,1,0.992606,0.927325,0.995967,0.783062,0.976196,0.985801,0.976484,0.730611,0.920793,0.892936,0.984839,0.929334,0.966338,0.903936,0.87995,0.872656,0.88761,0.986537,0.98522,0.902873,0.999771,0.950879,0.977308,0.999887,0.943004,0.97937,0.978878,0.981969,0.995111,0.787517,0.988607,0.976913,0.932857,0.995916,0.996307,0.709498,0.998456,0.999372,0.999444,0.998864
1901,3,kas,1,0.120037,0.219892,0.039203,0.040804,0.025937,0.161825,0.107941,0.055404,0.088083,0.461561,0.574802,0.009177,0.046827,0.078754,0.017236,0.003532,0.047335,0.005009,0.003006,0.128625,0.012458,0.003337,0.005939,0.023282,0.003856,0.006012,0.017667,0.006824,0.035608,0.030313,0.008754,0.001498,0.004187,0.002735,0.003927,0.000937,0.00019,0.000187,0.000187,0.001713
1902,2,nti,1,0.998307,0.999857,0.999432,0.999913,0.99977,0.999709,0.999755,0.999846,0.999823,0.999685,0.999604,0.999924,0.999505,0.999265,0.999671,0.999948,0.999927,0.999886,0.999922,0.999964,0.999706,0.999614,0.999998,0.999897,0.999984,0.999847,0.999948,0.999999,0.999947,0.999914,0.999985,0.999958,0.999998,0.999941,0.999846,0.999638,0.999661,0.999716,0.999764,0.999647
1903,1,rin,0,0.088323,0.066297,0.018382,0.078066,0.259793,0.041641,0.134722,0.057791,0.091567,0.077219,0.05732,0.001484,0.431315,0.144799,0.091583,0.352705,0.006933,0.060533,0.029311,0.060927,0.654147,0.569431,0.594292,0.543425,0.512678,0.619452,0.578886,0.541518,0.548238,0.586202,0.518062,0.593684,0.573601,0.516451,0.642789,0.538217,0.567588,0.569592,0.558031,0.522966
1904,1,jem,1,0.252422,0.202948,0.035668,0.491561,0.179184,0.119941,0.122955,0.044691,0.179911,0.062069,0.064721,0.104075,0.172104,0.821165,0.211053,0.1576,0.00851,0.019222,0.084255,0.053634,0.654147,0.569431,0.594292,0.543425,0.512678,0.619452,0.578886,0.541518,0.548238,0.586202,0.518062,0.593684,0.573601,0.516451,0.642789,0.538217,0.567588,0.569592,0.558031,0.522966
1905,3,bri,0,1e-05,1.5e-05,1e-05,3.4e-05,3.2e-05,3.3e-05,2.9e-05,7.8e-05,6.4e-05,7.1e-05,2.5e-05,7e-06,0.000125,2.3e-05,6.6e-05,1.3e-05,1.2e-05,1.6e-05,2.2e-05,9e-06,3.5e-05,6e-06,1e-06,3.5e-05,5e-06,1e-06,0.0,1e-06,2e-06,0.0,0.0,0.0,0.0,0.0,0.0,0.000169,0.000176,0.000157,0.000103,0.00024
1906,1,min,0,0.472715,0.049672,0.108892,0.070491,0.012223,0.048285,0.188191,0.342161,0.15056,0.322434,0.18783,0.163672,0.50362,0.332408,0.155903,0.010083,0.024976,0.006797,0.001361,0.142329,0.654147,0.569431,0.594292,0.543425,0.512678,0.619452,0.578886,0.541518,0.548238,0.586202,0.518062,0.593684,0.573601,0.516451,0.642789,0.538217,0.567588,0.569592,0.558031,0.522966
1907,2,ari,1,0.984585,0.998273,0.999865,0.997199,0.999173,0.948193,0.96805,0.99455,0.987533,0.99662,0.982047,0.998654,0.989773,0.996506,0.995762,0.999123,0.997798,0.997484,0.994733,0.995038,0.999875,0.999182,0.999918,0.99949,0.999883,0.999701,0.99134,0.999826,0.998702,0.999668,0.999577,0.988467,0.999601,0.999507,0.999928,0.999497,0.999695,0.999625,0.999747,0.999434
1908,2,ira,0,0.001449,0.008461,0.004448,0.005884,0.001567,0.016649,0.034163,0.004672,0.019474,0.013051,0.067707,0.000248,0.003809,0.023787,0.003901,8.8e-05,0.002444,0.007936,0.002648,0.000329,9.1e-05,3e-06,0.000177,0.000107,3e-05,0.0016,0.000104,2.2e-05,1.1e-05,2e-06,0.000204,0.000192,0.002778,3.8e-05,0.0,0.000174,0.00017,0.000168,0.00011,0.000302
1909,2,ati,1,0.999702,0.999879,0.999778,0.999852,0.999763,0.999517,0.999792,0.999936,0.999173,0.9998,0.999702,0.999801,0.999105,0.998332,0.999925,0.999934,0.999919,0.999916,0.999956,0.999959,0.999992,0.999998,0.999997,0.999975,0.999998,0.999997,1.0,1.0,0.999998,0.999998,0.999998,0.999998,0.999998,0.999998,1.0,0.999744,0.999741,0.999776,0.999752,0.999608
1910,4,idz,0,0.000447,0.000604,0.002598,0.005215,0.000811,0.000814,0.000864,0.001895,0.000387,0.000169,0.000943,0.000114,0.001131,0.002488,0.00026,0.009604,0.001254,0.001767,0.000565,0.001592,0.00081,2.6e-05,3e-06,9.7e-05,1e-05,0.001181,3e-06,0.0,2.4e-05,9e-06,2e-06,1e-06,0.0,4e-06,1e-06,0.000387,0.000304,0.000287,0.000164,0.001465
1911,1,sib,0,0.089702,0.028471,0.025189,0.004703,0.026356,0.314155,0.53768,0.250225,0.439321,0.294182,0.572047,0.420031,0.350762,0.174091,0.481057,0.421095,0.011537,0.311108,0.139563,0.156838,0.000347,0.009578,0.063173,0.445134,0.00322,0.010121,0.05242,0.011826,0.031924,0.321009,0.025214,0.037631,0.095823,0.130244,0.080284,0.000206,0.00095,0.000145,0.000253,0.00297
1912,1,ini,1,0.999371,0.999777,0.999942,0.999988,0.999896,0.997256,0.998021,0.995124,0.997256,0.996068,0.998536,0.998149,0.998742,0.994468,0.998361,0.997414,0.999363,0.997564,0.998745,0.995734,0.654147,0.569431,0.594292,0.543425,0.512678,0.619452,0.578886,0.541518,0.548238,0.586202,0.518062,0.593684,0.573601,0.516451,0.642789,0.538217,0.567588,0.569592,0.558031,0.522966
1913,2,nto,0,6.5e-05,0.00041,0.000355,2.4e-05,9.3e-05,0.000881,0.000721,0.000186,0.000613,0.000225,0.000397,8.9e-05,0.000591,0.000481,5.2e-05,4.1e-05,2.5e-05,5e-05,5.2e-05,2.7e-05,9e-06,0.000134,0.0,2.9e-05,3e-06,7e-06,1e-06,0.0,3.9e-05,0.0,1e-06,1.1e-05,2.2e-05,1.2e-05,0.0,0.000198,0.000161,0.000131,0.000102,0.000272
1914,1,pah,1,0.999864,0.995302,0.999971,0.999968,0.999948,0.99808,0.999581,0.998175,0.99875,0.998141,0.999507,0.999222,0.996851,0.999415,0.999475,0.99842,0.998646,0.998862,0.999359,0.999677,0.654147,0.569431,0.594292,0.543425,0.512678,0.619452,0.578886,0.541518,0.548238,0.586202,0.518062,0.593684,0.573601,0.516451,0.642789,0.538217,0.567588,0.569592,0.558031,0.522966
1915,1,mah,1,0.999989,0.999725,0.999998,0.999992,0.999985,0.999043,0.999815,0.999507,0.999397,0.998663,0.999829,0.999973,0.999068,0.999733,0.999802,0.999928,0.999799,0.999246,0.999731,0.999717,0.997775,0.995949,0.994428,0.969274,0.989406,0.867007,0.639532,0.513814,0.938657,0.877887,0.879664,0.774535,0.636822,0.876521,0.990973,0.999456,0.992759,0.999681,0.997497,0.997751
1916,2,nto,0,0.001045,0.003892,0.00874,0.001729,0.001709,0.000831,0.000354,0.000676,0.00016,0.001308,0.002602,3.5e-05,0.00296,0.001157,0.000147,7e-05,0.00017,0.00026,8.4e-05,9.4e-05,1e-05,0.006528,0.000368,0.006473,0.007646,0.004774,0.004666,0.001219,0.00787,0.010112,0.000167,0.013311,0.000644,0.005663,0.013506,0.004057,0.000256,0.00017,0.000563,0.000293
1917,1,roh,1,0.996827,0.999311,0.988151,0.997933,0.994641,0.9669,0.990095,0.937543,0.951126,0.830112,0.96771,0.994994,0.95799,0.96696,0.933451,0.99461,0.996535,0.995348,0.996442,0.993922,0.654147,0.569431,0.594292,0.543425,0.512678,0.619452,0.578886,0.541518,0.548238,0.586202,0.518062,0.593684,0.573601,0.516451,0.642789,0.538217,0.567588,0.569592,0.558031,0.522966
1918,2,nto,0,3.9e-05,0.000767,0.000279,0.000286,0.000473,0.000592,0.001266,0.000653,0.000977,0.000737,0.001171,0.000165,0.001061,0.000949,0.000746,0.000146,5.7e-05,0.000103,7.3e-05,6.2e-05,0.002697,0.002835,0.0024,0.002627,0.005232,0.032399,0.004598,0.00256,0.003808,0.008857,0.007745,0.002356,0.006814,0.002952,0.004817,0.004408,0.000829,0.001552,0.002578,0.008842
1919,2,ana,1,0.99964,0.999586,0.999686,0.99992,0.999899,0.997759,0.999626,0.999268,0.996775,0.999388,0.998543,0.999695,0.998009,0.999179,0.999705,0.999856,0.999797,0.9999,0.999724,0.999785,0.999988,0.999996,0.999988,0.999956,0.999985,0.999984,0.999994,0.999999,0.999998,0.999976,0.999995,0.999898,0.999982,0.99999,0.999993,0.999735,0.999732,0.99973,0.999774,0.999603
1920,3,ayu,1,0.999986,0.999591,0.999963,0.999979,0.999874,0.999902,0.998891,0.999617,0.999837,0.99828,0.999774,0.999966,0.998083,0.999673,0.999346,0.999813,0.999833,0.999439,0.999875,0.99983,0.999719,0.99999,0.999992,0.999683,0.999498,0.999874,0.999998,1.0,0.999754,0.999965,0.999955,0.999982,0.999987,0.999815,0.999597,0.999443,0.999701,0.999635,0.999704,0.999359
1921,1,wan,0,0.00617,0.000642,0.011928,0.007858,0.015619,0.00812,0.013712,0.018432,0.027578,0.035646,0.003889,0.028017,0.012639,0.010428,0.023146,0.000179,0.006,0.004743,0.001283,0.062822,0.0917,0.026504,0.047773,0.008211,0.017827,0.102185,0.313486,0.042649,0.05759,0.035305,0.095186,0.25547,0.199404,0.046544,0.028518,0.000445,0.033564,0.002984,0.00345,0.007355
1922,1,rti,1,0.997926,0.998418,0.99626,0.997089,0.997171,0.995454,0.994724,0.995302,0.954593,0.991253,0.987392,0.999403,0.988594,0.994918,0.990774,0.995724,0.995587,0.997898,0.998762,0.998455,0.999962,0.949946,0.021129,0.864112,0.998689,0.933524,0.851604,0.88863,0.983204,0.873487,0.996737,0.777721,0.422914,0.964234,0.847506,0.999522,0.9986,0.999222,0.999783,0.996882
1923,2,uti,1,0.999572,0.99981,0.999967,0.999987,0.99994,0.999762,0.999866,0.999779,0.998862,0.99981,0.999946,0.999854,0.999865,0.999297,0.999466,0.999924,0.999924,0.999885,0.999877,0.999913,1.0,0.999998,1.0,0.99999,0.999995,0.999992,1.0,1.0,0.999999,0.999998,0.999998,1.0,1.0,0.999999,1.0,0.99975,0.999724,0.999766,0.999767,0.999652
1924,2,wan,0,0.000169,0.000118,6.3e-05,0.00052,0.00025,0.000445,0.000265,0.000213,0.000192,0.001533,0.000105,8.3e-05,0.000323,0.000319,0.000305,5.8e-05,5.2e-05,0.000129,0.000106,5.1e-05,0.000684,0.0009,0.000697,0.004118,0.005001,0.001796,4.2e-05,0.001909,0.000515,0.007503,0.001347,0.000703,0.045706,8.4e-05,0.029734,0.000231,0.000421,0.000221,0.000219,0.002993
1925,2,nto,0,5.5e-05,0.00016,2.7e-05,4.1e-05,0.000144,0.00109,0.000261,0.000524,0.000284,0.000729,0.000397,0.000126,0.001597,0.000315,0.000752,0.000117,6.6e-05,0.000104,6.8e-05,2.7e-05,1.9e-05,3e-06,2e-06,3.4e-05,7e-06,0.00033,1e-06,2e-06,4e-05,3e-06,3e-06,2e-06,1.8e-05,1.5e-05,1e-06,0.000151,0.000163,0.000148,0.000107,0.000266
1926,3,ati,1,0.999845,0.999882,0.998511,0.999795,0.999389,0.99372,0.994293,0.969483,0.993691,0.995642,0.983518,0.9996,0.999037,0.999358,0.997606,0.999812,0.999877,0.999875,0.999738,0.999932,0.999993,0.999997,0.999999,0.999969,0.99999,0.999999,1.0,1.0,1.0,0.999993,0.999998,1.0,1.0,1.0,0.999997,0.99968,0.999667,0.999737,0.999733,0.999507
1927,3,ati,1,0.992858,0.99986,0.998519,0.99929,0.999384,0.999354,0.999581,0.996974,0.999547,0.998331,0.998215,0.999455,0.998634,0.99612,0.999316,0.999925,0.999796,0.999889,0.999872,0.999653,0.999981,0.999938,0.999998,0.982704,0.999867,0.999853,0.999993,0.999994,0.999983,0.999966,0.999956,0.999998,0.999986,0.999953,0.999991,0.999422,0.999337,0.999612,0.999617,0.998886
1928,2,tyo,0,5.8e-05,0.000371,6.2e-05,0.000165,0.000716,5.4e-05,0.000146,0.000713,0.000309,2.9e-05,0.000214,4.5e-05,0.000344,0.00022,0.000393,5.9e-05,9.3e-05,0.000109,4.6e-05,3.5e-05,0.009261,0.005409,0.006598,0.013725,0.004084,0.04604,0.008002,0.021261,0.028368,0.016835,0.032333,0.007411,0.012603,0.010593,0.013447,0.01522,0.006891,0.021371,0.001772,0.01061
1929,1,ran,0,0.00564,0.014592,0.089342,0.006296,0.171565,0.065719,0.279871,0.104214,0.093962,0.10399,0.138588,0.00351,0.11838,0.134357,0.028946,0.106979,0.006817,0.02396,0.007087,0.013565,0.654147,0.569431,0.594292,0.543425,0.512678,0.619452,0.578886,0.541518,0.548238,0.586202,0.518062,0.593684,0.573601,0.516451,0.642789,0.538217,0.567588,0.569592,0.558031,0.522966
1930,1,yah,1,0.998171,0.997038,0.988973,0.999612,0.999927,0.996345,0.989117,0.990706,0.993789,0.99618,0.994101,0.998859,0.993422,0.991512,0.995062,0.999164,0.998813,0.998076,0.998433,0.998937,0.654147,0.569431,0.594292,0.543425,0.512678,0.619452,0.578886,0.541518,0.548238,0.586202,0.518062,0.593684,0.573601,0.516451,0.642789,0.538217,0.567588,0.569592,0.558031,0.522966
1931,1,ono,0,0.000204,0.001505,1.6e-05,8.7e-05,0.003555,0.001364,0.000776,0.000775,0.000537,0.00043,0.000495,0.001959,0.003134,0.000848,0.000737,0.000269,0.000187,0.000176,9.9e-05,0.0003,0.033938,0.001841,0.001003,0.02169,0.00085,0.260935,0.056826,0.001758,0.030502,0.000549,0.063859,0.005073,0.019742,0.085016,0.001592,0.00036,0.000169,0.000128,0.000103,0.000468
1932,3,nti,1,0.807345,0.998696,0.983765,0.9982,0.984231,0.916421,0.951891,0.930375,0.895995,0.759326,0.930737,0.99755,0.743829,0.993666,0.981565,0.998725,0.946637,0.963068,0.965048,0.991174,0.11448,0.437489,0.999243,0.073068,0.949961,0.234532,0.998305,0.314529,0.450223,0.914492,0.153927,0.998612,0.806237,0.994963,0.980028,0.701534,0.237569,0.582537,0.998015,0.962301
1933,2,tri,0,0.000971,0.02836,0.019002,0.00133,0.014194,0.045916,0.210045,0.046058,0.045108,0.054091,0.085947,0.014159,0.06545,0.076379,0.006585,0.002071,0.00445,0.047733,0.010483,0.02791,0.000168,0.000813,0.000403,0.000364,0.002042,0.000334,0.001431,0.000118,0.00082,0.002018,0.000106,0.003031,0.00028,0.000201,0.000489,0.000207,0.000233,0.000147,0.000115,0.001988
1934,2,uti,1,0.999016,0.999942,0.999924,0.998812,0.998295,0.99837,0.997496,0.985184,0.964835,0.999234,0.999269,0.999846,0.996346,0.991442,0.999518,0.99917,0.999572,0.999698,0.999593,0.997804,0.999125,0.999408,0.999716,0.999076,0.999938,0.997373,0.999792,0.9997,0.998503,0.999359,0.994885,0.999737,0.999494,0.995856,0.999784,0.998906,0.99924,0.999338,0.999556,0.99861
1935,2,ama,0,0.346581,0.099959,0.054892,0.190908,0.074294,0.502011,0.027157,0.107347,0.021423,0.008024,0.095903,0.235893,0.426811,0.121149,0.027271,0.110603,0.00791,0.081904,0.068641,0.003936,0.894079,0.593019,0.836119,0.953977,0.940807,0.918321,0.83547,0.566685,0.959076,0.916422,0.869258,0.915439,0.487671,0.967147,0.865032,0.863126,0.965067,0.981812,0.999442,0.997197
1936,2,wan,0,0.000517,0.000432,0.003801,0.002504,0.003789,0.000225,0.005536,0.002269,0.001381,0.003205,0.002062,0.000245,0.00294,0.004301,0.000209,0.000182,0.000438,0.003746,0.000318,7e-05,0.001915,0.000897,0.00791,0.001886,0.00277,0.003685,0.000467,0.00093,0.003392,0.096874,0.004105,0.005904,0.012632,0.0025,0.001302,0.000226,0.000189,0.000181,0.000147,0.000373
1937,1,ini,1,0.989323,0.999356,0.999504,0.997904,0.993316,0.999125,0.991659,0.997031,0.994647,0.997479,0.990358,0.998452,0.996538,0.994181,0.989922,0.994176,0.996821,0.997918,0.992926,0.988582,0.654147,0.569431,0.594292,0.543425,0.512678,0.619452,0.578886,0.541518,0.548238,0.586202,0.518062,0.593684,0.573601,0.516451,0.642789,0.538217,0.567588,0.569592,0.558031,0.522966
1938,2,ani,1,0.997436,0.999492,0.999139,0.998668,0.999833,0.999869,0.999336,0.999895,0.999734,0.999428,0.999621,0.999263,0.996137,0.999335,0.999347,0.999889,0.999892,0.999871,0.999775,0.999936,0.999799,0.999964,0.999944,0.999928,0.99998,0.998541,0.999918,0.998478,0.998924,0.998843,0.999904,0.999957,0.996502,0.99917,0.999932,0.999619,0.999635,0.999718,0.999773,0.99937
1939,2,ono,0,0.000417,0.00202,0.000542,0.000334,0.003827,0.000431,0.000309,0.001158,0.000617,0.00208,0.00351,0.000128,0.000382,0.001014,0.001102,2.3e-05,8.9e-05,0.00012,7e-05,2.7e-05,6e-05,7e-05,2.4e-05,0.000164,6.9e-05,0.000958,9.6e-05,7e-06,4.1e-05,1.5e-05,5e-06,0.000157,0.000152,1.1e-05,1e-05,0.000177,0.000161,0.00014,0.000114,0.000465
1940,2,adi,0,0.00553,9.7e-05,9.8e-05,0.022077,0.000435,0.007041,0.005525,0.002139,0.017513,0.005783,0.008073,2e-06,0.000125,0.000371,0.006136,0.000565,0.000677,0.00052,0.000122,0.000185,1.7e-05,1.3e-05,1e-06,2.7e-05,7e-06,9.2e-05,8e-06,0.0,1e-06,5e-06,6e-06,2e-06,1e-06,1e-06,3e-06,0.000196,0.000163,0.000151,0.000118,0.000324
1941,2,wan,0,0.001023,6.2e-05,8.5e-05,0.000107,0.000397,0.000683,2.9e-05,0.000175,0.000156,0.000341,0.000266,0.001097,0.000456,0.001019,4.2e-05,0.000307,0.00023,0.0004,0.00021,0.000147,3.6e-05,0.000117,3e-06,1.9e-05,9e-06,0.000137,2.8e-05,0.0,3e-06,1e-06,8.1e-05,1.6e-05,0.000129,1.5e-05,0.0,0.000154,0.000149,0.000148,0.000107,0.000406
1942,2,sih,1,0.914189,0.877499,0.941757,0.998747,0.949216,0.996331,0.997142,0.978439,0.99342,0.995118,0.993986,0.994665,0.969905,0.99797,0.999333,0.987465,0.998213,0.998033,0.998943,0.918803,0.92336,0.979034,0.989366,0.864597,0.933759,0.922852,0.9443,0.980972,0.976483,0.934584,0.883584,0.906629,0.989374,0.958502,0.988937,0.998743,0.982084,0.971449,0.998681,0.881995
1943,3,. h,0,0.535248,0.148218,0.028117,0.013673,0.006852,0.005492,0.064904,0.017902,0.01017,0.273658,0.026721,0.003802,0.269818,0.134443,0.052849,0.003419,0.004812,0.028616,0.00668,0.001684,8.6e-05,0.000151,9e-06,0.000697,0.000104,0.002592,1.1e-05,5e-06,2.7e-05,0.000173,0.000333,5.3e-05,3.3e-05,9e-06,1.2e-05,0.000366,0.000252,0.000292,0.000223,0.000877
1944,1,ijo,0,0.000229,0.002493,0.000526,0.004083,0.000684,0.009712,0.027198,0.003473,0.021142,0.005313,0.005676,0.001477,0.005624,0.009674,0.003299,0.000186,0.000112,0.000102,0.00036,0.010116,0.654147,0.569431,0.594292,0.543425,0.512678,0.619452,0.578886,0.541518,0.548238,0.586202,0.518062,0.593684,0.573601,0.516451,0.642789,0.538217,0.567588,0.569592,0.558031,0.522966
1945,1,rni,1,0.999906,0.999769,0.999972,0.999834,0.995261,0.996278,0.973253,0.978632,0.984806,0.988762,0.99562,0.999607,0.999196,0.993629,0.988011,0.983377,0.99401,0.993913,0.990593,0.995745,0.999898,0.999156,0.999997,0.99931,0.999874,0.989594,0.998516,0.999769,0.99781,0.996193,0.998662,0.998226,0.999132,0.976012,0.998133,0.999637,0.999674,0.999551,0.999818,0.999543
1946,3,ani,1,0.881675,0.992473,0.59157,0.986981,0.654281,0.935247,0.962565,0.931322,0.877755,0.990103,0.923545,0.996491,0.916818,0.983871,0.99494,0.984875,0.998708,0.988373,0.996586,0.997675,0.999885,0.999878,0.997955,0.963384,0.998264,0.999341,0.999961,0.999982,0.998872,0.999689,0.99998,0.99997,0.999923,0.9996,0.999951,0.999536,0.999563,0.999443,0.999554,0.99913
1947,3,ian,0,0.003194,0.014803,0.018719,0.081748,0.042088,0.021877,0.00772,0.005186,0.046766,0.013142,0.001083,0.001169,0.031975,0.06755,0.031641,0.001384,0.001001,0.000398,0.004711,0.00127,0.000531,0.000401,0.000349,0.063598,0.000203,0.007474,0.000243,0.00034,2e-06,0.0,0.001953,0.000286,0.005432,1e-06,0.0,0.000245,0.000214,0.000156,0.000158,0.003525
1948,1,pto,0,0.00537,0.006299,0.000789,0.00733,0.018225,0.018927,0.039371,0.005566,0.009967,0.022222,0.008808,0.005021,0.02383,0.020128,0.009777,0.000145,0.000165,0.000142,7.8e-05,0.000188,0.003704,0.014142,0.000418,0.009828,0.04333,0.053227,0.037953,0.001018,0.016496,0.025855,0.005163,0.037239,0.006459,0.055259,0.012307,0.000934,0.000374,0.000156,0.000121,0.000721
1949,2,aan,1,0.935432,0.99772,0.971182,0.934413,0.956203,0.965564,0.971782,0.92099,0.975098,0.673356,0.934728,0.75421,0.843956,0.911473,0.942686,0.930176,0.97451,0.992937,0.99377,0.986276,0.999326,0.98295,0.984679,0.998989,0.983672,0.999142,0.99949,0.991811,0.99759,0.992467,0.999374,0.999565,0.991933,0.998335,0.999568,0.999329,0.999669,0.999736,0.999691,0.999276
1950,3,tri,1,0.999981,0.999982,0.999991,0.999992,0.999988,0.999992,0.999997,0.999999,0.999992,1.0,0.999992,0.999986,0.999947,0.999992,0.999992,0.999968,0.999948,0.999957,0.999955,0.999967,0.999998,0.999998,0.999999,0.999996,0.999995,1.0,1.0,1.0,1.0,1.0,1.0,1.0,1.0,1.0,1.0,0.999724,0.999744,0.999738,0.999779,0.999607
1951,1,msi,0,0.254797,0.415068,0.529706,0.087906,0.222992,0.414325,0.743446,0.348294,0.335652,0.392039,0.569653,0.18589,0.718545,0.20342,0.192603,0.011599,0.002604,0.8081,0.018784,0.19194,0.095759,0.012734,0.008245,0.00912,0.007257,0.603841,0.02952,0.008042,0.310329,0.021703,0.242213,0.047047,0.016359,0.281321,0.016178,0.000165,0.000406,0.000182,0.000125,0.027877
1952,1,ini,1,0.999456,0.996102,0.99995,0.998462,0.999086,0.968962,0.980881,0.957861,0.96359,0.928536,0.998771,0.99802,0.99217,0.989595,0.99162,0.892802,0.920628,0.958424,0.779415,0.891149,0.654147,0.569431,0.594292,0.543425,0.512678,0.619452,0.578886,0.541518,0.548238,0.586202,0.518062,0.593684,0.573601,0.516451,0.642789,0.538217,0.567588,0.569592,0.558031,0.522966
1953,2,kin,0,0.000795,0.000214,0.019629,0.025706,0.006318,0.003575,0.003016,0.006329,0.009182,0.002903,0.002966,0.002414,0.004359,0.001252,0.00184,6.6e-05,0.000495,0.000415,0.000157,8.8e-05,0.000171,0.000324,5e-06,0.000146,0.000387,0.000548,0.000106,4e-06,5.6e-05,8.7e-05,2.2e-05,0.000255,1.6e-05,5.3e-05,2.8e-05,0.000435,0.000254,0.000225,0.000174,0.00057
1954,2,yat,0,0.029069,0.255067,0.114444,0.453018,0.221601,0.30103,0.241878,0.251948,0.279944,0.111922,0.274236,0.166838,0.292924,0.330498,0.074134,0.055359,0.253113,0.243055,0.306726,0.040293,0.135768,0.30085,0.379939,0.342122,0.06731,0.572221,0.121299,0.214225,0.038857,0.326124,0.389773,0.30154,0.255379,0.118614,0.285702,0.205797,0.006536,0.001442,0.002331,0.007598
1955,2,omo,0,0.000341,0.004101,0.001352,0.003463,0.000922,0.000823,0.000833,0.00075,0.001026,5.5e-05,0.001015,0.002062,0.002953,0.001498,0.000911,9.7e-05,0.000202,0.000137,0.000151,0.000267,0.000614,0.000174,5.2e-05,0.000371,5.7e-05,0.000384,0.00055,2.2e-05,0.000117,3.5e-05,0.000107,0.000224,1.9e-05,9.7e-05,1.7e-05,0.000146,0.000167,0.000154,0.000108,0.000295
1956,1,mah,1,0.994279,0.994006,0.997747,0.988176,0.963202,0.989852,0.992058,0.987485,0.992519,0.964254,0.945588,0.998834,0.933306,0.946225,0.990633,0.993306,0.996664,0.991484,0.939871,0.998985,0.654147,0.569431,0.594292,0.543425,0.512678,0.619452,0.578886,0.541518,0.548238,0.586202,0.518062,0.593684,0.573601,0.516451,0.642789,0.538217,0.567588,0.569592,0.558031,0.522966
1957,3,ati,1,0.999151,0.999925,0.999846,0.99995,0.999772,0.999374,0.999861,0.999024,0.999692,0.999074,0.999759,0.999975,0.999684,0.999837,0.999864,0.999911,0.999911,0.999877,0.99993,0.999898,0.999978,0.999993,0.999999,0.999984,0.999997,1.0,1.0,1.0,1.0,1.0,1.0,1.0,1.0,1.0,1.0,0.99973,0.999712,0.999738,0.99977,0.999606
1958,3,. m,0,0.003879,0.09279,0.010553,0.012189,0.014612,0.007874,0.003708,0.01227,0.003825,0.007836,0.002195,3.3e-05,0.00099,0.007126,0.020558,4e-05,0.000814,0.000197,9.4e-05,3.8e-05,7.8e-05,2.7e-05,5.2e-05,0.000181,0.000399,0.000211,0.0001,1.9e-05,7.3e-05,3.8e-05,3.6e-05,6.4e-05,2e-05,3.9e-05,0.000206,0.00037,0.000352,0.000302,0.000188,0.000533
1959,1,ndi,0,0.079996,0.048441,0.006706,0.088769,0.108763,0.028219,0.045646,0.01651,0.022027,0.016744,0.042687,0.156518,0.020538,0.013572,0.013068,0.00124,0.000274,0.004753,0.000371,0.000488,0.061582,0.473027,0.005104,0.071451,0.687233,0.401961,0.409778,0.066587,0.135945,0.414488,0.439784,0.628109,0.169894,0.204864,0.447659,0.027375,0.004922,0.610611,0.885379,0.557216
1960,1,eem,1,0.006141,0.555291,0.335871,0.772264,0.09828,0.052797,0.214045,0.144126,0.220567,0.425887,0.093722,0.159519,0.013063,0.143145,0.101287,0.850332,0.853052,0.95023,0.959852,0.119434,0.654147,0.569431,0.594292,0.543425,0.512678,0.619452,0.578886,0.541518,0.548238,0.586202,0.518062,0.593684,0.573601,0.516451,0.642789,0.538217,0.567588,0.569592,0.558031,0.522966
